# Blender 5.0.1
# www.blender.org
mtllib player.mtl
v 0.000000 2.122579 -0.038434
v 0.000000 2.398478 -0.566460
v 0.000000 2.547794 -1.256359
v 0.000000 2.567009 -1.629730
v 0.000000 2.547794 -2.003100
v 0.000000 2.398479 -2.693000
v 0.000000 1.567009 -3.543565
v 0.038060 1.758350 0.247332
v 0.074658 1.942339 0.138424
v 0.108386 2.111904 -0.038434
v 0.137950 2.260529 -0.276444
v 0.162212 2.382502 -0.566460
v 0.180240 2.473136 -0.897336
v 0.191342 2.528948 -1.256359
v 0.195090 2.547794 -1.629730
v 0.191342 2.528948 -2.003100
v 0.180240 2.473136 -2.362123
v 0.162212 2.382502 -2.693000
v 0.137950 2.260529 -2.983016
v 0.108386 2.111904 -3.221026
v 0.074658 1.942339 -3.397883
v 0.038060 1.758350 -3.506791
v 0.074658 1.747249 0.247332
v 0.146447 1.920562 0.138424
v 0.212608 2.080289 -0.038434
v 0.270598 2.220290 -0.276444
v 0.318190 2.335186 -0.566460
v 0.353553 2.420562 -0.897336
v 0.375330 2.473136 -1.256359
v 0.382683 2.490888 -1.629730
v 0.375330 2.473136 -2.003100
v 0.353553 2.420562 -2.362123
v 0.318190 2.335186 -2.693000
v 0.270598 2.220290 -2.983016
v 0.212608 2.080289 -3.221026
v 0.146447 1.920562 -3.397883
v 0.074658 1.747249 -3.506791
v 0.108386 1.729220 0.247332
v 0.212608 1.885198 0.138424
v 0.308658 2.028948 -0.038434
v 0.392847 2.154946 -0.276444
v 0.461940 2.258350 -0.566460
v 0.513280 2.335186 -0.897336
v 0.544895 2.382502 -1.256359
v 0.555570 2.398478 -1.629730
v 0.544895 2.382502 -2.003100
v 0.513280 2.335186 -2.362123
v 0.461940 2.258350 -2.693000
v 0.392847 2.154947 -2.983016
v 0.308658 2.028949 -3.221026
v 0.212608 1.885198 -3.397883
v 0.108386 1.729221 -3.506791
v 0.137950 1.704958 0.247332
v 0.270598 1.837607 0.138424
v 0.392847 1.959856 -0.038434
v 0.500000 2.067009 -0.276444
v 0.587938 2.154946 -0.566460
v 0.653281 2.220290 -0.897337
v 0.693520 2.260529 -1.256359
v 0.707107 2.274115 -1.629730
v 0.693520 2.260529 -2.003100
v 0.653281 2.220290 -2.362123
v 0.587938 2.154946 -2.693000
v 0.500000 2.067009 -2.983016
v 0.392847 1.959856 -3.221026
v 0.270598 1.837607 -3.397883
v 0.137950 1.704958 -3.506791
v 0.162212 1.675395 0.247332
v 0.318190 1.779616 0.138424
v 0.461940 1.875667 -0.038434
v 0.587938 1.959856 -0.276444
v 0.691342 2.028948 -0.566460
v 0.768178 2.080289 -0.897337
v 0.815493 2.111904 -1.256359
v 0.831470 2.122579 -1.629730
v 0.815493 2.111904 -2.003100
v 0.768178 2.080289 -2.362123
v 0.691342 2.028948 -2.693000
v 0.587938 1.959856 -2.983016
v 0.461940 1.875667 -3.221026
v 0.318190 1.779616 -3.397883
v 0.162212 1.675395 -3.506791
v 0.180240 1.641666 0.247332
v 0.353553 1.713455 0.138424
v 0.513280 1.779616 -0.038434
v 0.653281 1.837607 -0.276444
v 0.768178 1.885198 -0.566460
v 0.853553 1.920562 -0.897337
v 0.906127 1.942339 -1.256359
v 0.923879 1.949692 -1.629730
v 0.906127 1.942339 -2.003100
v 0.853553 1.920562 -2.362123
v 0.768178 1.885198 -2.693000
v 0.653281 1.837607 -2.983016
v 0.513280 1.779616 -3.221026
v 0.353553 1.713455 -3.397883
v 0.180240 1.641667 -3.506791
v 0.191342 1.605069 0.247332
v 0.375330 1.641666 0.138424
v 0.544895 1.675395 -0.038434
v 0.693520 1.704958 -0.276444
v 0.815493 1.729220 -0.566460
v 0.906127 1.747249 -0.897337
v 0.961940 1.758350 -1.256359
v 0.980785 1.762099 -1.629730
v 0.961940 1.758350 -2.003101
v 0.906127 1.747249 -2.362123
v 0.815493 1.729220 -2.693000
v 0.693520 1.704958 -2.983016
v 0.544895 1.675395 -3.221026
v 0.375330 1.641667 -3.397883
v 0.191342 1.605069 -3.506791
v 0.195090 1.567009 0.247332
v 0.382683 1.567009 0.138424
v 0.555570 1.567009 -0.038434
v 0.707107 1.567009 -0.276444
v 0.831469 1.567009 -0.566460
v 0.923879 1.567009 -0.897337
v 0.980785 1.567009 -1.256359
v 1.000000 1.567009 -1.629730
v 0.980785 1.567009 -2.003101
v 0.923879 1.567009 -2.362123
v 0.831469 1.567009 -2.693000
v 0.707107 1.567009 -2.983016
v 0.555570 1.567009 -3.221026
v 0.382683 1.567009 -3.397883
v 0.195090 1.567009 -3.506791
v 0.191342 1.528948 0.247332
v 0.375330 1.492351 0.138424
v 0.544895 1.458622 -0.038434
v 0.693520 1.429059 -0.276444
v 0.815493 1.404797 -0.566460
v 0.906127 1.386769 -0.897337
v 0.961940 1.375667 -1.256359
v 0.980785 1.371918 -1.629730
v 0.961940 1.375667 -2.003101
v 0.906127 1.386769 -2.362123
v 0.815493 1.404797 -2.693000
v 0.693520 1.429059 -2.983016
v 0.544895 1.458622 -3.221026
v 0.375330 1.492351 -3.397883
v 0.191342 1.528949 -3.506791
v 0.180240 1.492351 0.247332
v 0.353553 1.420562 0.138424
v 0.513280 1.354401 -0.038434
v 0.653281 1.296411 -0.276444
v 0.768178 1.248819 -0.566460
v 0.853553 1.213455 -0.897337
v 0.906127 1.191678 -1.256359
v 0.923879 1.184325 -1.629730
v 0.906127 1.191679 -2.003101
v 0.853553 1.213455 -2.362123
v 0.768178 1.248819 -2.693000
v 0.653281 1.296411 -2.983016
v 0.513280 1.354401 -3.221026
v 0.353553 1.420562 -3.397883
v 0.180240 1.492351 -3.506791
v 0.162212 1.458622 0.247332
v 0.318190 1.354401 0.138424
v 0.461940 1.258350 -0.038434
v 0.587938 1.174161 -0.276444
v 0.691341 1.105069 -0.566460
v 0.768178 1.053729 -0.897337
v 0.815493 1.022114 -1.256359
v 0.831469 1.011439 -1.629730
v 0.815493 1.022114 -2.003101
v 0.768178 1.053729 -2.362123
v 0.691341 1.105069 -2.693000
v 0.587938 1.174161 -2.983016
v 0.461940 1.258351 -3.221026
v 0.318190 1.354401 -3.397883
v 0.162212 1.458622 -3.506791
v 0.137950 1.429059 0.247332
v 0.270598 1.296411 0.138424
v 0.392847 1.174161 -0.038434
v 0.500000 1.067009 -0.276444
v 0.587938 0.979071 -0.566460
v 0.653281 0.913727 -0.897337
v 0.693520 0.873489 -1.256359
v 0.707106 0.859902 -1.629730
v 0.693520 0.873489 -2.003101
v 0.653281 0.913727 -2.362123
v 0.587938 0.979071 -2.693000
v 0.500000 1.067009 -2.983016
v 0.392847 1.174161 -3.221026
v 0.270598 1.296411 -3.397883
v 0.137950 1.429059 -3.506791
v 0.108386 1.404797 0.247332
v 0.212607 1.248819 0.138424
v 0.308658 1.105069 -0.038434
v 0.392847 0.979071 -0.276444
v 0.461940 0.875667 -0.566460
v 0.513280 0.798831 -0.897337
v 0.544895 0.751516 -1.256359
v 0.555570 0.735539 -1.629730
v 0.544895 0.751516 -2.003101
v 0.513280 0.798831 -2.362123
v 0.461940 0.875667 -2.693000
v 0.392847 0.979071 -2.983016
v 0.308658 1.105069 -3.221026
v 0.212607 1.248819 -3.397883
v 0.108386 1.404797 -3.506791
v 0.074658 1.386769 0.247332
v 0.146447 1.213455 0.138424
v 0.212607 1.053729 -0.038434
v 0.270598 0.913727 -0.276444
v 0.318189 0.798831 -0.566460
v 0.353553 0.713455 -0.897337
v 0.375330 0.660882 -1.256359
v 0.382683 0.643130 -1.629730
v 0.375330 0.660882 -2.003101
v 0.353553 0.713456 -2.362123
v 0.318189 0.798831 -2.693000
v 0.270598 0.913727 -2.983016
v 0.212607 1.053729 -3.221026
v 0.146447 1.213455 -3.397883
v 0.074658 1.386769 -3.506791
v 0.038060 1.375667 0.247332
v 0.074658 1.191679 0.138424
v 0.108386 1.022114 -0.038434
v 0.137950 0.873489 -0.276444
v 0.162212 0.751516 -0.566460
v 0.180240 0.660881 -0.897337
v 0.191342 0.605069 -1.256359
v 0.195090 0.586224 -1.629730
v 0.191342 0.605069 -2.003101
v 0.180240 0.660882 -2.362123
v 0.162212 0.751516 -2.693000
v 0.137950 0.873489 -2.983016
v 0.108386 1.022114 -3.221026
v 0.074658 1.191679 -3.397883
v 0.038060 1.375667 -3.506791
v -0.000000 1.371918 0.247332
v -0.000000 1.184325 0.138424
v -0.000000 1.011439 -0.038434
v -0.000000 0.859902 -0.276444
v -0.000000 0.735539 -0.566460
v 0.000000 0.643129 -0.897337
v -0.000000 0.586224 -1.256359
v -0.000000 0.567009 -1.629730
v -0.000000 0.586224 -2.003101
v 0.000000 0.643130 -2.362123
v -0.000000 0.735539 -2.693000
v -0.000000 0.859902 -2.983016
v -0.000000 1.011439 -3.221026
v -0.000000 1.184325 -3.397883
v -0.000000 1.371919 -3.506791
v -0.038060 1.375667 0.247332
v -0.074658 1.191679 0.138424
v -0.108386 1.022114 -0.038434
v -0.137950 0.873489 -0.276444
v -0.162212 0.751516 -0.566460
v -0.180240 0.660882 -0.897337
v -0.191342 0.605069 -1.256359
v -0.195091 0.586224 -1.629730
v -0.191342 0.605069 -2.003101
v -0.180240 0.660882 -2.362123
v -0.162212 0.751516 -2.693000
v -0.137950 0.873489 -2.983016
v -0.108386 1.022114 -3.221026
v -0.074658 1.191679 -3.397883
v -0.038060 1.375667 -3.506791
v -0.074658 1.386769 0.247332
v -0.146447 1.213455 0.138424
v -0.212608 1.053729 -0.038434
v -0.270598 0.913727 -0.276444
v -0.318190 0.798831 -0.566460
v -0.353553 0.713456 -0.897337
v -0.375330 0.660882 -1.256359
v -0.382683 0.643130 -1.629730
v -0.375330 0.660882 -2.003101
v -0.353553 0.713456 -2.362123
v -0.318190 0.798831 -2.693000
v -0.270598 0.913727 -2.983016
v -0.212608 1.053729 -3.221026
v -0.146447 1.213456 -3.397883
v -0.074658 1.386769 -3.506791
v -0.108386 1.404797 0.247332
v -0.212608 1.248819 0.138424
v -0.308658 1.105069 -0.038434
v -0.392847 0.979071 -0.276444
v -0.461940 0.875667 -0.566460
v -0.513280 0.798831 -0.897337
v -0.544895 0.751516 -1.256359
v -0.555570 0.735540 -1.629730
v -0.544895 0.751516 -2.003101
v -0.513280 0.798831 -2.362123
v -0.461940 0.875667 -2.693000
v -0.392847 0.979071 -2.983016
v -0.308658 1.105069 -3.221026
v -0.212608 1.248819 -3.397883
v -0.108386 1.404797 -3.506791
v -0.137950 1.429059 0.247332
v -0.270598 1.296411 0.138424
v -0.392847 1.174162 -0.038434
v -0.500000 1.067009 -0.276444
v -0.587938 0.979071 -0.566460
v -0.653281 0.913727 -0.897337
v -0.693520 0.873489 -1.256359
v -0.707106 0.859903 -1.629730
v -0.693520 0.873489 -2.003101
v -0.653281 0.913728 -2.362123
v -0.587938 0.979071 -2.693000
v -0.500000 1.067009 -2.983016
v -0.392847 1.174162 -3.221026
v -0.270598 1.296411 -3.397883
v -0.137950 1.429059 -3.506791
v -0.162212 1.458622 0.247332
v -0.318190 1.354401 0.138424
v -0.461940 1.258351 -0.038434
v -0.587938 1.174161 -0.276444
v -0.691341 1.105069 -0.566460
v -0.768177 1.053729 -0.897337
v -0.815493 1.022114 -1.256359
v -0.831469 1.011439 -1.629730
v -0.815493 1.022114 -2.003101
v -0.768177 1.053729 -2.362123
v -0.691341 1.105069 -2.693000
v -0.587938 1.174161 -2.983016
v -0.461940 1.258351 -3.221026
v -0.318190 1.354401 -3.397883
v -0.162212 1.458623 -3.506791
v -0.180240 1.492351 0.247332
v -0.353553 1.420562 0.138424
v -0.513280 1.354401 -0.038434
v -0.653281 1.296411 -0.276444
v -0.768177 1.248819 -0.566460
v -0.853553 1.213455 -0.897337
v -0.906127 1.191679 -1.256359
v -0.923879 1.184326 -1.629730
v -0.906127 1.191679 -2.003101
v -0.853553 1.213455 -2.362123
v -0.768177 1.248819 -2.693000
v -0.653281 1.296411 -2.983016
v -0.513280 1.354402 -3.221026
v -0.353553 1.420562 -3.397883
v -0.180240 1.492351 -3.506791
v -0.191342 1.528948 0.247332
v -0.375330 1.492351 0.138424
v -0.544895 1.458622 -0.038434
v -0.693520 1.429059 -0.276444
v -0.815493 1.404797 -0.566460
v -0.906127 1.386769 -0.897337
v -0.961939 1.375667 -1.256359
v -0.980784 1.371919 -1.629730
v -0.961939 1.375667 -2.003101
v -0.906127 1.386769 -2.362123
v -0.815493 1.404797 -2.693000
v -0.693520 1.429059 -2.983016
v -0.544895 1.458623 -3.221026
v -0.375330 1.492351 -3.397883
v -0.191342 1.528949 -3.506791
v -0.195090 1.567009 0.247332
v -0.382683 1.567009 0.138424
v -0.555570 1.567009 -0.038434
v -0.707107 1.567009 -0.276444
v -0.831469 1.567009 -0.566460
v -0.923879 1.567009 -0.897337
v -0.980785 1.567009 -1.256359
v -0.999999 1.567009 -1.629730
v -0.980785 1.567009 -2.003101
v -0.923879 1.567009 -2.362123
v -0.831469 1.567009 -2.693000
v -0.707107 1.567009 -2.983016
v -0.555570 1.567009 -3.221026
v -0.382683 1.567009 -3.397883
v -0.195090 1.567009 -3.506791
v -0.191342 1.605069 0.247332
v -0.375330 1.641667 0.138424
v -0.544895 1.675395 -0.038434
v -0.693520 1.704958 -0.276444
v -0.815493 1.729220 -0.566460
v -0.906127 1.747249 -0.897337
v -0.961939 1.758351 -1.256359
v -0.980784 1.762099 -1.629730
v -0.961939 1.758351 -2.003101
v -0.906127 1.747249 -2.362123
v -0.815493 1.729221 -2.693000
v -0.693520 1.704958 -2.983016
v -0.544895 1.675395 -3.221026
v -0.375330 1.641667 -3.397883
v -0.191342 1.605069 -3.506791
v -0.180240 1.641666 0.247332
v -0.353553 1.713455 0.138424
v -0.513279 1.779616 -0.038434
v -0.653281 1.837607 -0.276444
v -0.768177 1.885198 -0.566460
v -0.853553 1.920562 -0.897337
v -0.906127 1.942339 -1.256359
v -0.923878 1.949692 -1.629730
v -0.906127 1.942339 -2.003100
v -0.853553 1.920562 -2.362123
v -0.768177 1.885198 -2.693000
v -0.653281 1.837607 -2.983016
v -0.513279 1.779616 -3.221026
v -0.353553 1.713455 -3.397883
v -0.180240 1.641667 -3.506791
v -0.162212 1.675395 0.247332
v -0.318189 1.779616 0.138424
v -0.461939 1.875667 -0.038434
v -0.587938 1.959856 -0.276444
v -0.691341 2.028948 -0.566460
v -0.768177 2.080288 -0.897337
v -0.815493 2.111904 -1.256359
v -0.831468 2.122579 -1.629730
v -0.815493 2.111904 -2.003100
v -0.768177 2.080288 -2.362123
v -0.691341 2.028948 -2.693000
v -0.587938 1.959856 -2.983016
v -0.461939 1.875667 -3.221026
v -0.318189 1.779616 -3.397883
v -0.162212 1.675395 -3.506791
v -0.137950 1.704958 0.247332
v -0.270598 1.837607 0.138424
v -0.392847 1.959856 -0.038434
v -0.500000 2.067008 -0.276444
v -0.587937 2.154946 -0.566460
v -0.653281 2.220290 -0.897337
v -0.693519 2.260529 -1.256359
v -0.707106 2.274115 -1.629730
v -0.693519 2.260529 -2.003100
v -0.653281 2.220290 -2.362123
v -0.587937 2.154946 -2.693000
v -0.500000 2.067009 -2.983016
v -0.392847 1.959856 -3.221026
v -0.270598 1.837607 -3.397883
v -0.137950 1.704958 -3.506791
v -0.108386 1.729220 0.247332
v -0.212607 1.885198 0.138424
v -0.308658 2.028948 -0.038434
v -0.392847 2.154946 -0.276444
v -0.461939 2.258350 -0.566460
v -0.513280 2.335186 -0.897336
v -0.544895 2.382502 -1.256359
v -0.555569 2.398478 -1.629730
v -0.544895 2.382502 -2.003100
v -0.513280 2.335186 -2.362123
v -0.461939 2.258350 -2.693000
v -0.392847 2.154946 -2.983016
v -0.308658 2.028948 -3.221026
v -0.212607 1.885198 -3.397883
v -0.108386 1.729220 -3.506791
v -0.074658 1.747248 0.247332
v -0.146446 1.920562 0.138424
v -0.212607 2.080288 -0.038434
v -0.270598 2.220290 -0.276444
v -0.318189 2.335186 -0.566460
v -0.353553 2.420562 -0.897336
v -0.375330 2.473136 -1.256359
v -0.382683 2.490887 -1.629730
v -0.375330 2.473136 -2.003100
v -0.353553 2.420562 -2.362123
v -0.318189 2.335186 -2.693000
v -0.270598 2.220290 -2.983016
v -0.212607 2.080288 -3.221026
v -0.146446 1.920562 -3.397883
v -0.074658 1.747249 -3.506791
v -0.038060 1.758350 0.247332
v -0.074658 1.942339 0.138424
v -0.108386 2.111903 -0.038434
v -0.137950 2.260529 -0.276444
v -0.162211 2.382501 -0.566460
v -0.180240 2.473136 -0.897336
v -0.191341 2.528948 -1.256359
v -0.195090 2.547793 -1.629730
v -0.191341 2.528948 -2.003100
v -0.180240 2.473136 -2.362123
v -0.162211 2.382501 -2.693000
v -0.137950 2.260529 -2.983016
v -0.108386 2.111903 -3.221026
v -0.074658 1.942339 -3.397883
v -0.038060 1.758350 -3.506791
v 0.000000 1.762099 0.247332
v 0.000000 1.949692 0.138424
v 0.000000 2.274115 -0.276444
v 0.000000 2.490888 -0.897336
v 0.000000 2.490888 -2.362123
v 0.000000 2.274115 -2.983016
v 0.000000 2.122578 -3.221026
v 0.000000 1.949692 -3.397883
v 0.000000 1.762099 -3.506791
v -0.472700 2.879692 -0.060647
v -0.419123 2.902415 -0.054915
v -0.367605 2.924265 -0.037940
v -0.320126 2.944402 -0.010373
v -0.278511 2.962052 0.026724
v -0.244358 2.976537 0.071928
v -0.218979 2.987300 0.123501
v -0.203352 2.993928 0.179461
v -0.198075 2.996166 0.237657
v -0.203352 2.993928 0.295853
v -0.218979 2.987300 0.351813
v -0.244358 2.976537 0.403386
v -0.278511 2.962052 0.448590
v -0.320126 2.944402 0.485688
v -0.367605 2.924265 0.513254
v -0.419123 2.902415 0.530229
v -0.472700 2.879692 0.535961
v -0.526277 2.856969 0.530229
v -0.577794 2.835119 0.513254
v -0.625273 2.814982 0.485688
v -0.666889 2.797332 0.448590
v -0.701042 2.782847 0.403386
v -0.726420 2.772084 0.351813
v -0.742048 2.765456 0.295853
v -0.747325 2.763218 0.237657
v -0.742048 2.765456 0.179461
v -0.726420 2.772084 0.123501
v -0.701042 2.782847 0.071928
v -0.666889 2.797332 0.026724
v -0.625273 2.814982 -0.010373
v -0.577794 2.835119 -0.037940
v -0.526277 2.856969 -0.054915
v -0.705648 3.428942 0.237657
v 0.525922 2.808598 0.535961
v 0.575683 2.778419 0.530229
v 0.623530 2.749401 0.513254
v 0.667627 2.722658 0.485688
v 0.706279 2.699217 0.448590
v 0.737999 2.679979 0.403386
v 0.761569 2.665684 0.351813
v 0.776084 2.656882 0.295853
v 0.780985 2.653910 0.237657
v 0.776084 2.656882 0.179461
v 0.761569 2.665684 0.123501
v 0.737999 2.679979 0.071928
v 0.706279 2.699217 0.026724
v 0.667627 2.722658 -0.010373
v 0.623530 2.749401 -0.037940
v 0.575683 2.778419 -0.054915
v 0.525922 2.808598 -0.060647
v 0.476162 2.838776 -0.054915
v 0.428314 2.867794 -0.037940
v 0.384217 2.894538 -0.010373
v 0.345566 2.917979 0.026724
v 0.313846 2.937216 0.071928
v 0.290276 2.951511 0.123501
v 0.275761 2.960314 0.179461
v 0.270860 2.963286 0.237657
v 0.275761 2.960314 0.295853
v 0.290276 2.951511 0.351813
v 0.313846 2.937216 0.403386
v 0.345566 2.917979 0.448590
v 0.384217 2.894538 0.485688
v 0.428314 2.867794 0.513254
v 0.476162 2.838776 0.530229
v 0.835299 3.318722 0.237657
v -0.354304 -0.043256 -0.620140
v -0.354304 1.087534 -0.620140
v -0.323322 -0.043256 -0.616634
v -0.323322 1.087534 -0.616634
v -0.293532 -0.043256 -0.606254
v -0.293532 1.087534 -0.606254
v -0.266077 -0.043256 -0.589396
v -0.266077 1.087534 -0.589396
v -0.242012 -0.043256 -0.566710
v -0.242012 1.087534 -0.566710
v -0.222263 -0.043256 -0.539067
v -0.222263 1.087534 -0.539067
v -0.207588 -0.043256 -0.507529
v -0.207588 1.087534 -0.507529
v -0.198551 -0.043256 -0.473309
v -0.198551 1.087534 -0.473309
v -0.195499 -0.043256 -0.437720
v -0.195499 1.087534 -0.437720
v -0.198551 -0.043256 -0.402132
v -0.198551 1.087534 -0.402132
v -0.207588 -0.043256 -0.367911
v -0.207588 1.087534 -0.367911
v -0.222263 -0.043256 -0.336374
v -0.222263 1.087534 -0.336374
v -0.242012 -0.043256 -0.308730
v -0.242012 1.087534 -0.308730
v -0.266077 -0.043256 -0.286044
v -0.266077 1.087534 -0.286044
v -0.293532 -0.043256 -0.269187
v -0.293532 1.087534 -0.269187
v -0.323322 -0.043256 -0.258806
v -0.323322 1.087534 -0.258806
v -0.354304 -0.043256 -0.255301
v -0.354304 1.087534 -0.255301
v -0.385285 -0.043256 -0.258806
v -0.385285 1.087534 -0.258806
v -0.415075 -0.043256 -0.269187
v -0.415075 1.087534 -0.269187
v -0.442531 -0.043256 -0.286044
v -0.442531 1.087534 -0.286044
v -0.466595 -0.043256 -0.308730
v -0.466595 1.087534 -0.308730
v -0.486344 -0.043256 -0.336374
v -0.486344 1.087534 -0.336374
v -0.501020 -0.043256 -0.367911
v -0.501020 1.087534 -0.367911
v -0.510056 -0.043256 -0.402132
v -0.510056 1.087534 -0.402132
v -0.513108 -0.043256 -0.437720
v -0.513108 1.087534 -0.437720
v -0.510056 -0.043256 -0.473309
v -0.510056 1.087534 -0.473309
v -0.501020 -0.043256 -0.507529
v -0.501020 1.087534 -0.507529
v -0.486344 -0.043256 -0.539067
v -0.486344 1.087534 -0.539067
v -0.466595 -0.043256 -0.566710
v -0.466595 1.087534 -0.566710
v -0.442531 -0.043256 -0.589396
v -0.442531 1.087534 -0.589396
v -0.415075 -0.043256 -0.606254
v -0.415075 1.087534 -0.606254
v -0.385285 -0.043256 -0.616634
v -0.385285 1.087534 -0.616634
v 0.367864 -0.070978 -0.660160
v 0.367864 1.059813 -0.660160
v 0.398846 -0.070978 -0.656655
v 0.398846 1.059813 -0.656655
v 0.428636 -0.070978 -0.646274
v 0.428636 1.059813 -0.646274
v 0.456091 -0.070978 -0.629417
v 0.456091 1.059813 -0.629417
v 0.480156 -0.070978 -0.606731
v 0.480156 1.059813 -0.606731
v 0.499905 -0.070978 -0.579087
v 0.499905 1.059813 -0.579087
v 0.514580 -0.070978 -0.547550
v 0.514580 1.059813 -0.547550
v 0.523617 -0.070978 -0.513329
v 0.523617 1.059813 -0.513329
v 0.526669 -0.070978 -0.477741
v 0.526669 1.059813 -0.477741
v 0.523617 -0.070978 -0.442153
v 0.523617 1.059813 -0.442153
v 0.514580 -0.070978 -0.407932
v 0.514580 1.059813 -0.407932
v 0.499905 -0.070978 -0.376394
v 0.499905 1.059813 -0.376394
v 0.480156 -0.070978 -0.348751
v 0.480156 1.059813 -0.348751
v 0.456091 -0.070978 -0.326065
v 0.456091 1.059813 -0.326065
v 0.428636 -0.070978 -0.309207
v 0.428636 1.059813 -0.309207
v 0.398846 -0.070978 -0.298827
v 0.398846 1.059813 -0.298827
v 0.367864 -0.070978 -0.295322
v 0.367864 1.059813 -0.295322
v 0.336883 -0.070978 -0.298827
v 0.336883 1.059813 -0.298827
v 0.307093 -0.070978 -0.309207
v 0.307093 1.059813 -0.309207
v 0.279637 -0.070978 -0.326065
v 0.279637 1.059813 -0.326065
v 0.255573 -0.070978 -0.348751
v 0.255573 1.059813 -0.348751
v 0.235823 -0.070978 -0.376394
v 0.235823 1.059813 -0.376394
v 0.221148 -0.070978 -0.407932
v 0.221148 1.059813 -0.407932
v 0.212112 -0.070978 -0.442153
v 0.212112 1.059813 -0.442153
v 0.209060 -0.070978 -0.477741
v 0.209060 1.059813 -0.477741
v 0.212112 -0.070978 -0.513329
v 0.212112 1.059813 -0.513329
v 0.221148 -0.070978 -0.547550
v 0.221148 1.059813 -0.547550
v 0.235823 -0.070978 -0.579087
v 0.235823 1.059813 -0.579087
v 0.255573 -0.070978 -0.606731
v 0.255573 1.059813 -0.606731
v 0.279637 -0.070978 -0.629417
v 0.279637 1.059813 -0.629417
v 0.307093 -0.070978 -0.646274
v 0.307093 1.059813 -0.646274
v 0.336883 -0.070978 -0.656655
v 0.336883 1.059813 -0.656655
v 0.406592 -0.041504 -2.848121
v 0.406592 1.089286 -2.848121
v 0.442180 -0.041504 -2.844616
v 0.442180 1.089286 -2.844616
v 0.476401 -0.041504 -2.834235
v 0.476401 1.089286 -2.834235
v 0.507939 -0.041504 -2.817378
v 0.507939 1.089286 -2.817378
v 0.535582 -0.041504 -2.794692
v 0.535582 1.089286 -2.794692
v 0.558268 -0.041504 -2.767049
v 0.558268 1.089286 -2.767049
v 0.575125 -0.041504 -2.735511
v 0.575125 1.089286 -2.735511
v 0.585506 -0.041504 -2.701290
v 0.585506 1.089286 -2.701290
v 0.589011 -0.041504 -2.665702
v 0.589011 1.089286 -2.665702
v 0.585506 -0.041504 -2.630114
v 0.585506 1.089286 -2.630114
v 0.575125 -0.041504 -2.595893
v 0.575125 1.089286 -2.595893
v 0.558268 -0.041504 -2.564355
v 0.558268 1.089286 -2.564355
v 0.535582 -0.041504 -2.536712
v 0.535582 1.089286 -2.536712
v 0.507939 -0.041504 -2.514026
v 0.507939 1.089286 -2.514026
v 0.476401 -0.041504 -2.497169
v 0.476401 1.089286 -2.497169
v 0.442180 -0.041504 -2.486788
v 0.442180 1.089286 -2.486788
v 0.406592 -0.041504 -2.483283
v 0.406592 1.089286 -2.483283
v 0.371004 -0.041504 -2.486788
v 0.371004 1.089286 -2.486788
v 0.336783 -0.041504 -2.497169
v 0.336783 1.089286 -2.497169
v 0.305245 -0.041504 -2.514026
v 0.305245 1.089286 -2.514026
v 0.277602 -0.041504 -2.536712
v 0.277602 1.089286 -2.536712
v 0.254916 -0.041504 -2.564355
v 0.254916 1.089286 -2.564355
v 0.238058 -0.041504 -2.595893
v 0.238058 1.089286 -2.595893
v 0.227678 -0.041504 -2.630114
v 0.227678 1.089286 -2.630114
v 0.224173 -0.041504 -2.665702
v 0.224173 1.089286 -2.665702
v 0.227678 -0.041504 -2.701290
v 0.227678 1.089286 -2.701290
v 0.238058 -0.041504 -2.735511
v 0.238058 1.089286 -2.735511
v 0.254916 -0.041504 -2.767049
v 0.254916 1.089286 -2.767049
v 0.277602 -0.041504 -2.794692
v 0.277602 1.089286 -2.794692
v 0.305245 -0.041504 -2.817378
v 0.305245 1.089286 -2.817378
v 0.336783 -0.041504 -2.834235
v 0.336783 1.089286 -2.834235
v 0.371004 -0.041504 -2.844616
v 0.371004 1.089286 -2.844616
v -0.377544 -0.027927 -2.871421
v -0.377544 1.102864 -2.871421
v -0.341956 -0.027927 -2.867916
v -0.341956 1.102864 -2.867916
v -0.307736 -0.027927 -2.857535
v -0.307736 1.102864 -2.857535
v -0.276198 -0.027927 -2.840678
v -0.276198 1.102864 -2.840678
v -0.248554 -0.027927 -2.817992
v -0.248554 1.102864 -2.817992
v -0.225868 -0.027927 -2.790349
v -0.225868 1.102864 -2.790349
v -0.209011 -0.027927 -2.758811
v -0.209011 1.102864 -2.758811
v -0.198630 -0.027927 -2.724590
v -0.198630 1.102864 -2.724590
v -0.195125 -0.027927 -2.689002
v -0.195125 1.102864 -2.689002
v -0.198630 -0.027927 -2.653414
v -0.198630 1.102864 -2.653414
v -0.209011 -0.027927 -2.619193
v -0.209011 1.102864 -2.619193
v -0.225868 -0.027927 -2.587655
v -0.225868 1.102864 -2.587655
v -0.248554 -0.027927 -2.560012
v -0.248554 1.102864 -2.560012
v -0.276198 -0.027927 -2.537326
v -0.276198 1.102864 -2.537326
v -0.307736 -0.027927 -2.520469
v -0.307736 1.102864 -2.520469
v -0.341956 -0.027927 -2.510088
v -0.341956 1.102864 -2.510088
v -0.377544 -0.027927 -2.506583
v -0.377544 1.102864 -2.506583
v -0.413133 -0.027927 -2.510088
v -0.413133 1.102864 -2.510088
v -0.447353 -0.027927 -2.520469
v -0.447353 1.102864 -2.520469
v -0.478891 -0.027927 -2.537326
v -0.478891 1.102864 -2.537326
v -0.506534 -0.027927 -2.560012
v -0.506534 1.102864 -2.560012
v -0.529220 -0.027927 -2.587655
v -0.529220 1.102864 -2.587655
v -0.546078 -0.027927 -2.619193
v -0.546078 1.102864 -2.619193
v -0.556458 -0.027927 -2.653414
v -0.556458 1.102864 -2.653414
v -0.559964 -0.027927 -2.689002
v -0.559964 1.102864 -2.689002
v -0.556458 -0.027927 -2.724590
v -0.556458 1.102864 -2.724590
v -0.546078 -0.027927 -2.758811
v -0.546078 1.102864 -2.758811
v -0.529220 -0.027927 -2.790349
v -0.529220 1.102864 -2.790349
v -0.506534 -0.027927 -2.817992
v -0.506534 1.102864 -2.817992
v -0.478891 -0.027927 -2.840678
v -0.478891 1.102864 -2.840678
v -0.447353 -0.027927 -2.857535
v -0.447353 1.102864 -2.857535
v -0.413133 -0.027927 -2.867916
v -0.413133 1.102864 -2.867916
v 0.000000 1.535832 -3.510753
v 0.000000 2.055877 -3.510753
v 0.092687 1.535832 -3.457240
v 0.092687 2.055877 -3.457240
v 0.092687 1.535832 -3.350214
v 0.092687 2.055877 -3.350214
v 0.000000 1.535832 -3.296701
v 0.000000 2.055877 -3.296701
v -0.092687 1.535832 -3.350214
v -0.092687 2.055877 -3.350214
v -0.092687 1.535832 -3.457240
v -0.092687 2.055877 -3.457240
v 0.115125 2.533432 -3.514009
v 0.091443 2.005723 -3.460496
v 0.205553 2.513094 -3.460496
v 0.091443 2.005723 -3.353470
v 0.205553 2.513094 -3.353470
v 0.001015 2.026061 -3.299957
v 0.115125 2.533432 -3.299957
v -0.089414 2.046398 -3.353470
v 0.024697 2.553769 -3.353470
v -0.089414 2.046398 -3.460496
v 0.024697 2.553769 -3.460496
v 0.099866 3.023541 -3.526083
v 0.202403 2.505348 -3.472570
v 0.192537 3.025299 -3.472570
v 0.202403 2.505348 -3.365544
v 0.192537 3.025299 -3.365544
v 0.109732 2.503590 -3.312031
v 0.099866 3.023541 -3.312031
v 0.017062 2.501831 -3.365544
v 0.007196 3.021783 -3.365544
v 0.017062 2.501831 -3.472570
v 0.007196 3.021783 -3.472570
v 0.101012 3.473617 -3.532331
v 0.203548 2.955424 -3.478818
v 0.193682 3.475375 -3.478818
v 0.203548 2.955424 -3.371792
v 0.193682 3.475375 -3.371792
v 0.110877 2.953665 -3.318279
v 0.101012 3.473617 -3.318279
v 0.018207 2.951907 -3.371792
v 0.008341 3.471858 -3.371792
v 0.018207 2.951907 -3.478818
v 0.008341 3.471858 -3.478818
v 0.130583 3.310092 -3.466221
v 0.078314 3.332612 -3.504394
v 0.172305 3.348800 -3.504394
v 0.042316 3.822581 -3.466221
v 0.094584 3.800061 -3.504394
v 0.000593 3.783873 -3.504394
v 0.162580 3.315603 -3.446371
v 0.164578 3.347469 -3.509188
v 0.211573 3.355563 -3.421728
v 0.074313 3.828092 -3.446371
v 0.133852 3.806824 -3.421728
v 0.086856 3.798730 -3.509188
v 0.162580 3.315603 -3.406672
v 0.211573 3.355563 -3.431315
v 0.164578 3.347469 -3.343855
v 0.074313 3.828092 -3.406672
v 0.086856 3.798730 -3.343855
v 0.133852 3.806824 -3.431315
v 0.130583 3.310092 -3.386822
v 0.172305 3.348800 -3.348649
v 0.078314 3.332612 -3.348649
v 0.042316 3.822581 -3.386822
v 0.000593 3.783873 -3.348649
v 0.094584 3.800061 -3.348649
v 0.098585 3.304581 -3.406672
v 0.086042 3.333943 -3.343855
v 0.039047 3.325849 -3.431315
v 0.010318 3.817070 -3.406672
v -0.038675 3.777110 -3.431315
v 0.008321 3.785204 -3.343855
v 0.098585 3.304581 -3.446371
v 0.039047 3.325849 -3.421728
v 0.086042 3.333943 -3.509188
v 0.010318 3.817070 -3.446371
v 0.008321 3.785204 -3.509188
v -0.038675 3.777110 -3.421728
v -0.575433 2.784824 -1.044446
v -0.575433 2.367629 -1.044446
v -0.575433 2.784824 -2.195311
v -0.575433 2.367629 -2.195311
v 0.575433 2.784824 -1.044446
v 0.575433 2.367629 -1.044446
v 0.575433 2.784824 -2.195311
v 0.575433 2.367629 -2.195311
v -0.500000 2.882699 0.858885
v -0.500000 1.882699 -0.141115
v -0.500000 2.882699 -0.141115
v 0.500000 1.882699 0.858885
v 0.500000 2.882699 0.858885
v 0.500000 1.882699 -0.141115
v 0.500000 2.882699 -0.141115
v -0.572933 1.809766 0.062235
v -0.609568 1.773131 0.358885
v -0.572933 1.809766 0.655535
v -0.572933 2.086049 0.931818
v -0.609568 2.382699 0.968453
v -0.572933 2.679348 0.931818
v -0.572933 2.955631 0.655535
v -0.609568 2.992266 0.358885
v -0.572933 2.955631 0.062235
v -0.572933 2.679348 -0.214048
v -0.609568 2.382699 -0.250683
v -0.572933 2.086049 -0.214048
v 0.296650 1.809766 -0.214048
v 0.000000 1.773131 -0.250683
v -0.296650 1.809766 -0.214048
v -0.296650 2.955631 -0.214048
v -0.000000 2.992266 -0.250683
v 0.296650 2.955631 -0.214048
v 0.572933 2.679348 -0.214048
v 0.609568 2.382699 -0.250683
v 0.572933 2.086049 -0.214048
v 0.572933 1.809766 0.655535
v 0.609568 1.773131 0.358885
v 0.572933 1.809766 0.062235
v 0.572933 2.955631 0.062235
v 0.609568 2.992266 0.358885
v 0.572933 2.955631 0.655535
v 0.572933 2.679348 0.931818
v 0.609568 2.382699 0.968453
v 0.572933 2.086049 0.931818
v -0.296650 1.809766 0.931818
v -0.000000 1.773131 0.968453
v 0.296650 1.809766 0.931818
v 0.296650 2.955631 0.931818
v -0.000000 2.992266 0.968453
v -0.296650 2.955631 0.931818
v -0.728990 2.066541 0.675042
v -0.781829 2.382699 0.692026
v -0.728990 2.698856 0.675042
v -0.781829 2.049558 0.358885
v -0.839506 2.382699 0.358885
v -0.781829 2.715839 0.358885
v -0.728990 2.066541 0.042728
v -0.781829 2.382699 0.025745
v -0.728990 2.698856 0.042728
v -0.316157 2.066541 -0.370105
v -0.333140 2.382699 -0.422944
v -0.316157 2.698856 -0.370105
v 0.000000 2.049558 -0.422944
v 0.000000 2.382699 -0.480621
v -0.000000 2.715839 -0.422944
v 0.316157 2.066541 -0.370105
v 0.333140 2.382699 -0.422944
v 0.316157 2.698856 -0.370105
v 0.728990 2.066541 0.042728
v 0.781829 2.382699 0.025745
v 0.728990 2.698856 0.042728
v 0.781829 2.049558 0.358885
v 0.839506 2.382699 0.358885
v 0.781829 2.715839 0.358885
v 0.728990 2.066541 0.675042
v 0.781829 2.382699 0.692026
v 0.728990 2.698856 0.675042
v 0.316157 2.066541 1.087875
v 0.333140 2.382699 1.140714
v 0.316157 2.698856 1.087875
v -0.000000 2.049558 1.140714
v -0.000000 2.382699 1.198391
v 0.000000 2.715839 1.140714
v -0.316157 2.066541 1.087875
v -0.333140 2.382699 1.140714
v -0.316157 2.698856 1.087875
v -0.316157 1.653709 0.042728
v -0.000000 1.600870 0.025745
v 0.316157 1.653709 0.042728
v -0.333140 1.600870 0.358885
v 0.000000 1.543192 0.358885
v 0.333140 1.600870 0.358885
v -0.316157 1.653709 0.675042
v 0.000000 1.600870 0.692026
v 0.316157 1.653709 0.675042
v 0.316157 3.111688 0.042728
v 0.000000 3.164527 0.025745
v -0.316157 3.111689 0.042728
v 0.333140 3.164527 0.358885
v -0.000000 3.222205 0.358885
v -0.333140 3.164527 0.358885
v 0.316157 3.111689 0.675042
v -0.000000 3.164527 0.692026
v -0.316157 3.111688 0.675042
v -0.214694 2.575059 1.124363
v -0.214694 2.564642 1.090022
v -0.214694 2.547588 1.072968
v -0.214694 2.525306 1.063738
v -0.214694 2.513247 1.062551
v -0.214694 2.501188 1.063738
v -0.214694 2.478906 1.072968
v -0.214694 2.451434 1.124363
v -0.212341 2.573871 1.112536
v -0.210079 2.570354 1.101163
v -0.207994 2.564642 1.090682
v -0.206167 2.556955 1.081495
v -0.204667 2.547588 1.073955
v -0.203553 2.536901 1.068353
v -0.202866 2.525306 1.064903
v -0.202635 2.513247 1.063738
v -0.202866 2.501188 1.064903
v -0.203553 2.489592 1.068353
v -0.204667 2.478906 1.073955
v -0.206167 2.469539 1.081495
v -0.207994 2.461852 1.090682
v -0.210079 2.456140 1.101163
v -0.212341 2.452622 1.112536
v -0.210079 2.573871 1.113222
v -0.205641 2.570354 1.102509
v -0.201552 2.564642 1.092636
v -0.197967 2.556955 1.083982
v -0.195026 2.547588 1.076880
v -0.192840 2.536901 1.071603
v -0.191494 2.525306 1.068353
v -0.191039 2.513247 1.067256
v -0.191494 2.501188 1.068353
v -0.192840 2.489592 1.071603
v -0.195026 2.478906 1.076880
v -0.197967 2.469539 1.083982
v -0.201552 2.461852 1.092636
v -0.205641 2.456140 1.102509
v -0.210079 2.452622 1.113222
v -0.207994 2.573871 1.114336
v -0.201552 2.570354 1.104695
v -0.195615 2.564642 1.095809
v -0.190411 2.556955 1.088021
v -0.186140 2.547588 1.081630
v -0.182967 2.536901 1.076880
v -0.181012 2.525306 1.073955
v -0.180352 2.513247 1.072968
v -0.181012 2.501188 1.073955
v -0.182967 2.489592 1.076880
v -0.186140 2.478906 1.081630
v -0.190411 2.469539 1.088021
v -0.195615 2.461852 1.095809
v -0.201552 2.456140 1.104695
v -0.207994 2.452622 1.114336
v -0.206167 2.573871 1.115836
v -0.197967 2.570354 1.107637
v -0.190411 2.564642 1.100080
v -0.183787 2.556955 1.093457
v -0.178352 2.547588 1.088021
v -0.174313 2.536901 1.083982
v -0.171825 2.525306 1.081495
v -0.170986 2.513247 1.080655
v -0.171825 2.501188 1.081495
v -0.174313 2.489592 1.083982
v -0.178352 2.478906 1.088021
v -0.183787 2.469539 1.093457
v -0.190411 2.461852 1.100080
v -0.197967 2.456140 1.107637
v -0.206167 2.452622 1.115836
v -0.204667 2.573871 1.117663
v -0.195026 2.570354 1.111221
v -0.186140 2.564642 1.105284
v -0.178352 2.556955 1.100080
v -0.171960 2.547588 1.095809
v -0.167211 2.536901 1.092636
v -0.164286 2.525306 1.090682
v -0.163299 2.513247 1.090022
v -0.164286 2.501188 1.090682
v -0.167211 2.489592 1.092636
v -0.171960 2.478906 1.095809
v -0.178352 2.469539 1.100080
v -0.186140 2.461852 1.105284
v -0.195026 2.456140 1.111221
v -0.204667 2.452622 1.117663
v -0.203553 2.573871 1.119748
v -0.192840 2.570354 1.115311
v -0.182967 2.564642 1.111221
v -0.174313 2.556955 1.107637
v -0.167211 2.547588 1.104695
v -0.161933 2.536901 1.102509
v -0.158684 2.525306 1.101163
v -0.157586 2.513247 1.100708
v -0.158684 2.501188 1.101163
v -0.161933 2.489592 1.102509
v -0.167211 2.478906 1.104695
v -0.174313 2.469539 1.107637
v -0.182967 2.461852 1.111221
v -0.192840 2.456140 1.115311
v -0.203553 2.452622 1.119748
v -0.202866 2.573871 1.122010
v -0.191494 2.570354 1.119748
v -0.181012 2.564642 1.117663
v -0.171825 2.556955 1.115836
v -0.164286 2.547588 1.114336
v -0.158684 2.536901 1.113222
v -0.155234 2.525306 1.112536
v -0.154069 2.513247 1.112304
v -0.155234 2.501188 1.112536
v -0.158684 2.489592 1.113222
v -0.164286 2.478906 1.114336
v -0.171825 2.469539 1.115836
v -0.181012 2.461852 1.117663
v -0.191494 2.456140 1.119748
v -0.202866 2.452622 1.122010
v -0.202635 2.573871 1.124363
v -0.191039 2.570354 1.124363
v -0.180353 2.564642 1.124363
v -0.170986 2.556955 1.124363
v -0.163299 2.547588 1.124363
v -0.157586 2.536901 1.124363
v -0.154069 2.525306 1.124363
v -0.152881 2.513247 1.124363
v -0.154069 2.501188 1.124363
v -0.157586 2.489592 1.124363
v -0.163299 2.478906 1.124363
v -0.170986 2.469539 1.124363
v -0.180353 2.461852 1.124363
v -0.191039 2.456140 1.124363
v -0.202635 2.452622 1.124363
v -0.202866 2.573871 1.126716
v -0.191494 2.570354 1.128978
v -0.181012 2.564642 1.131063
v -0.171826 2.556955 1.132890
v -0.164286 2.547588 1.134390
v -0.158684 2.536901 1.135504
v -0.155234 2.525306 1.136190
v -0.154069 2.513247 1.136422
v -0.155234 2.501188 1.136190
v -0.158684 2.489592 1.135504
v -0.164286 2.478906 1.134390
v -0.171826 2.469539 1.132890
v -0.181012 2.461852 1.131063
v -0.191494 2.456140 1.128978
v -0.202866 2.452622 1.126716
v -0.203553 2.573871 1.128978
v -0.192840 2.570354 1.133415
v -0.182967 2.564642 1.137505
v -0.174313 2.556955 1.141089
v -0.167211 2.547588 1.144031
v -0.161933 2.536901 1.146217
v -0.158684 2.525306 1.147563
v -0.157586 2.513247 1.148018
v -0.158684 2.501188 1.147563
v -0.161933 2.489592 1.146217
v -0.167211 2.478906 1.144031
v -0.174313 2.469539 1.141089
v -0.182967 2.461852 1.137505
v -0.192840 2.456140 1.133415
v -0.203553 2.452622 1.128978
v -0.204667 2.573871 1.131063
v -0.195026 2.570354 1.137505
v -0.186140 2.564642 1.143442
v -0.178352 2.556955 1.148646
v -0.171960 2.547588 1.152917
v -0.167211 2.536901 1.156090
v -0.164286 2.525306 1.158044
v -0.163299 2.513247 1.158704
v -0.164286 2.501188 1.158044
v -0.167211 2.489592 1.156090
v -0.171960 2.478906 1.152917
v -0.178352 2.469539 1.148646
v -0.186140 2.461852 1.143442
v -0.195026 2.456140 1.137505
v -0.204667 2.452622 1.131063
v -0.206167 2.573871 1.132890
v -0.197967 2.570354 1.141089
v -0.190411 2.564642 1.148646
v -0.183787 2.556955 1.155269
v -0.178352 2.547588 1.160705
v -0.174313 2.536901 1.164744
v -0.171826 2.525306 1.167231
v -0.170986 2.513247 1.168071
v -0.171826 2.501188 1.167231
v -0.174313 2.489592 1.164744
v -0.178352 2.478906 1.160705
v -0.183787 2.469539 1.155269
v -0.190411 2.461852 1.148646
v -0.197967 2.456140 1.141089
v -0.206167 2.452622 1.132890
v -0.207994 2.573871 1.134390
v -0.201552 2.570354 1.144031
v -0.195615 2.564642 1.152917
v -0.190411 2.556955 1.160705
v -0.186140 2.547588 1.167096
v -0.182967 2.536901 1.171846
v -0.181012 2.525306 1.174770
v -0.180353 2.513247 1.175758
v -0.181012 2.501188 1.174770
v -0.182967 2.489592 1.171846
v -0.186140 2.478906 1.167096
v -0.190411 2.469539 1.160705
v -0.195615 2.461852 1.152917
v -0.201552 2.456140 1.144031
v -0.207994 2.452622 1.134390
v -0.210079 2.573871 1.135504
v -0.205641 2.570354 1.146217
v -0.201552 2.564642 1.156090
v -0.197967 2.556955 1.164744
v -0.195026 2.547588 1.171846
v -0.192840 2.536901 1.177123
v -0.191494 2.525306 1.180373
v -0.191039 2.513247 1.181470
v -0.191494 2.501188 1.180373
v -0.192840 2.489592 1.177123
v -0.195026 2.478906 1.171846
v -0.197967 2.469539 1.164744
v -0.201552 2.461852 1.156090
v -0.205641 2.456140 1.146217
v -0.210079 2.452622 1.135504
v -0.212341 2.573871 1.136190
v -0.210079 2.570354 1.147563
v -0.207994 2.564642 1.158044
v -0.206167 2.556955 1.167231
v -0.204667 2.547588 1.174770
v -0.203553 2.536901 1.180373
v -0.202866 2.525306 1.183823
v -0.202635 2.513247 1.184988
v -0.202866 2.501188 1.183823
v -0.203553 2.489592 1.180373
v -0.204667 2.478906 1.174770
v -0.206167 2.469539 1.167231
v -0.207994 2.461852 1.158044
v -0.210079 2.456140 1.147563
v -0.212341 2.452622 1.136190
v -0.214694 2.573871 1.136422
v -0.214694 2.570354 1.148018
v -0.214694 2.564642 1.158704
v -0.214694 2.556955 1.168071
v -0.214694 2.547588 1.175758
v -0.214694 2.536901 1.181470
v -0.214694 2.525306 1.184988
v -0.214694 2.513247 1.186175
v -0.214694 2.501188 1.184988
v -0.214694 2.489592 1.181470
v -0.214694 2.478906 1.175758
v -0.214694 2.469539 1.168071
v -0.214694 2.461852 1.158704
v -0.214694 2.456140 1.148018
v -0.214694 2.452622 1.136422
v -0.217046 2.573871 1.136190
v -0.219308 2.570354 1.147563
v -0.221393 2.564642 1.158044
v -0.223221 2.556955 1.167231
v -0.224720 2.547588 1.174770
v -0.225835 2.536901 1.180373
v -0.226521 2.525306 1.183823
v -0.226753 2.513247 1.184988
v -0.226521 2.501188 1.183823
v -0.225835 2.489592 1.180373
v -0.224720 2.478906 1.174770
v -0.223221 2.469539 1.167231
v -0.221393 2.461852 1.158044
v -0.219308 2.456140 1.147563
v -0.217046 2.452622 1.136190
v -0.219308 2.573871 1.135504
v -0.223746 2.570354 1.146217
v -0.227835 2.564642 1.156090
v -0.231420 2.556955 1.164744
v -0.234362 2.547588 1.171846
v -0.236548 2.536901 1.177123
v -0.237894 2.525306 1.180373
v -0.238348 2.513247 1.181470
v -0.237894 2.501188 1.180373
v -0.236548 2.489592 1.177123
v -0.234362 2.478906 1.171846
v -0.231420 2.469539 1.164744
v -0.227835 2.461852 1.156090
v -0.223746 2.456140 1.146217
v -0.219308 2.452622 1.135504
v -0.221393 2.573871 1.134390
v -0.227835 2.570354 1.144031
v -0.233772 2.564642 1.152916
v -0.238976 2.556955 1.160705
v -0.243247 2.547588 1.167096
v -0.246421 2.536901 1.171846
v -0.248375 2.525306 1.174770
v -0.249035 2.513247 1.175758
v -0.248375 2.501188 1.174770
v -0.246421 2.489592 1.171846
v -0.243247 2.478906 1.167096
v -0.238976 2.469539 1.160705
v -0.233772 2.461852 1.152916
v -0.227835 2.456140 1.144031
v -0.221393 2.452622 1.134390
v -0.223221 2.573871 1.132890
v -0.231420 2.570354 1.141089
v -0.238976 2.564642 1.148646
v -0.245600 2.556955 1.155269
v -0.251035 2.547588 1.160705
v -0.255074 2.536901 1.164744
v -0.257562 2.525306 1.167231
v -0.258401 2.513247 1.168071
v -0.257562 2.501188 1.167231
v -0.255074 2.489592 1.164744
v -0.251035 2.478906 1.160705
v -0.245600 2.469539 1.155269
v -0.238976 2.461852 1.148646
v -0.231420 2.456140 1.141089
v -0.223221 2.452622 1.132890
v -0.224720 2.573871 1.131063
v -0.234362 2.570354 1.137505
v -0.243247 2.564642 1.143442
v -0.251035 2.556955 1.148646
v -0.257427 2.547588 1.152916
v -0.262176 2.536901 1.156090
v -0.265101 2.525306 1.158044
v -0.266089 2.513247 1.158704
v -0.265101 2.501188 1.158044
v -0.262176 2.489592 1.156090
v -0.257427 2.478906 1.152916
v -0.251035 2.469539 1.148646
v -0.243247 2.461852 1.143442
v -0.234362 2.456140 1.137505
v -0.224720 2.452622 1.131063
v -0.225835 2.573871 1.128978
v -0.236548 2.570354 1.133415
v -0.246421 2.564642 1.137505
v -0.255074 2.556955 1.141089
v -0.262176 2.547588 1.144031
v -0.267454 2.536901 1.146217
v -0.270703 2.525306 1.147563
v -0.271801 2.513247 1.148017
v -0.270703 2.501188 1.147563
v -0.267454 2.489592 1.146217
v -0.262176 2.478906 1.144031
v -0.255074 2.469539 1.141089
v -0.246421 2.461852 1.137505
v -0.236548 2.456140 1.133415
v -0.225835 2.452622 1.128978
v -0.226521 2.573871 1.126716
v -0.237894 2.570354 1.128978
v -0.248375 2.564642 1.131063
v -0.257562 2.556955 1.132890
v -0.265101 2.547588 1.134390
v -0.270703 2.536901 1.135504
v -0.274153 2.525306 1.136190
v -0.275318 2.513247 1.136422
v -0.274153 2.501188 1.136190
v -0.270703 2.489592 1.135504
v -0.265101 2.478906 1.134390
v -0.257562 2.469539 1.132890
v -0.248375 2.461852 1.131063
v -0.237894 2.456140 1.128978
v -0.226521 2.452622 1.126716
v -0.226753 2.573871 1.124363
v -0.238348 2.570354 1.124363
v -0.249035 2.564642 1.124363
v -0.258401 2.556955 1.124363
v -0.266089 2.547588 1.124363
v -0.271801 2.536901 1.124363
v -0.275318 2.525306 1.124363
v -0.276506 2.513247 1.124363
v -0.275318 2.501188 1.124363
v -0.271801 2.489592 1.124363
v -0.266089 2.478906 1.124363
v -0.258401 2.469539 1.124363
v -0.249035 2.461852 1.124363
v -0.238348 2.456140 1.124363
v -0.226753 2.452622 1.124363
v -0.226521 2.573871 1.122010
v -0.237894 2.570354 1.119748
v -0.248375 2.564642 1.117663
v -0.257562 2.556955 1.115836
v -0.265101 2.547588 1.114336
v -0.270703 2.536901 1.113222
v -0.274153 2.525306 1.112536
v -0.275318 2.513247 1.112304
v -0.274153 2.501188 1.112536
v -0.270703 2.489592 1.113222
v -0.265101 2.478906 1.114336
v -0.257562 2.469539 1.115836
v -0.248375 2.461852 1.117663
v -0.237894 2.456140 1.119748
v -0.226521 2.452622 1.122010
v -0.225835 2.573871 1.119748
v -0.236548 2.570354 1.115311
v -0.246421 2.564642 1.111221
v -0.255074 2.556955 1.107637
v -0.262176 2.547588 1.104695
v -0.267454 2.536901 1.102509
v -0.270703 2.525306 1.101163
v -0.271801 2.513247 1.100708
v -0.270703 2.501188 1.101163
v -0.267454 2.489592 1.102509
v -0.262176 2.478906 1.104695
v -0.255074 2.469539 1.107637
v -0.246421 2.461852 1.111221
v -0.236548 2.456140 1.115311
v -0.225835 2.452622 1.119748
v -0.224720 2.573871 1.117663
v -0.234362 2.570354 1.111221
v -0.243247 2.564642 1.105284
v -0.251035 2.556955 1.100080
v -0.257427 2.547588 1.095809
v -0.262176 2.536901 1.092636
v -0.265101 2.525306 1.090682
v -0.266089 2.513247 1.090022
v -0.265101 2.501188 1.090682
v -0.262176 2.489592 1.092636
v -0.257427 2.478906 1.095809
v -0.251035 2.469539 1.100080
v -0.243247 2.461852 1.105284
v -0.234362 2.456140 1.111221
v -0.224720 2.452622 1.117663
v -0.223221 2.573871 1.115836
v -0.231420 2.570354 1.107637
v -0.238976 2.564642 1.100080
v -0.245600 2.556955 1.093457
v -0.251035 2.547588 1.088021
v -0.255074 2.536901 1.083982
v -0.257562 2.525306 1.081495
v -0.258401 2.513247 1.080655
v -0.257562 2.501188 1.081495
v -0.255074 2.489592 1.083982
v -0.251035 2.478906 1.088021
v -0.245600 2.469539 1.093457
v -0.238976 2.461852 1.100080
v -0.231420 2.456140 1.107637
v -0.223221 2.452622 1.115836
v -0.221393 2.573871 1.114336
v -0.227835 2.570354 1.104695
v -0.233772 2.564642 1.095809
v -0.238976 2.556955 1.088021
v -0.243247 2.547588 1.081630
v -0.246421 2.536901 1.076880
v -0.248375 2.525306 1.073955
v -0.249035 2.513247 1.072968
v -0.248375 2.501188 1.073955
v -0.246421 2.489592 1.076880
v -0.243247 2.478906 1.081630
v -0.238976 2.469539 1.088021
v -0.233772 2.461852 1.095809
v -0.227835 2.456140 1.104695
v -0.221393 2.452622 1.114336
v -0.219308 2.573871 1.113222
v -0.223746 2.570354 1.102509
v -0.227835 2.564642 1.092636
v -0.231420 2.556955 1.083982
v -0.234362 2.547588 1.076880
v -0.236548 2.536901 1.071603
v -0.237894 2.525306 1.068353
v -0.238348 2.513247 1.067256
v -0.237894 2.501188 1.068353
v -0.236548 2.489592 1.071603
v -0.234362 2.478906 1.076880
v -0.231420 2.469539 1.083982
v -0.227835 2.461852 1.092636
v -0.223746 2.456140 1.102509
v -0.219308 2.452622 1.113222
v -0.217046 2.573871 1.112536
v -0.219308 2.570354 1.101163
v -0.221393 2.564642 1.090682
v -0.223221 2.556955 1.081495
v -0.224720 2.547588 1.073955
v -0.225835 2.536901 1.068353
v -0.226521 2.525306 1.064903
v -0.226753 2.513247 1.063738
v -0.226521 2.501188 1.064903
v -0.225835 2.489592 1.068353
v -0.224720 2.478906 1.073955
v -0.223221 2.469539 1.081495
v -0.221393 2.461852 1.090682
v -0.219308 2.456140 1.101163
v -0.217046 2.452622 1.112536
v -0.214694 2.573871 1.112304
v -0.214694 2.570354 1.100708
v -0.214694 2.556955 1.080655
v -0.214694 2.536901 1.067256
v -0.214694 2.489592 1.067256
v -0.214694 2.469539 1.080655
v -0.214694 2.461852 1.090022
v -0.214694 2.456140 1.100708
v -0.214694 2.452622 1.112304
v 0.227577 2.572357 1.121961
v 0.227577 2.561940 1.087620
v 0.227577 2.544886 1.070566
v 0.227577 2.522604 1.061336
v 0.227577 2.510545 1.060149
v 0.227577 2.498486 1.061336
v 0.227577 2.476204 1.070566
v 0.227577 2.448733 1.121961
v 0.229930 2.571170 1.110134
v 0.232192 2.567652 1.098761
v 0.234277 2.561940 1.088280
v 0.236104 2.554253 1.079093
v 0.237604 2.544886 1.071553
v 0.238718 2.534199 1.065951
v 0.239404 2.522604 1.062501
v 0.239636 2.510545 1.061336
v 0.239404 2.498486 1.062501
v 0.238718 2.486891 1.065951
v 0.237604 2.476204 1.071553
v 0.236104 2.466837 1.079093
v 0.234277 2.459150 1.088280
v 0.232192 2.453438 1.098761
v 0.229930 2.449920 1.110134
v 0.232192 2.571170 1.110820
v 0.236629 2.567652 1.100107
v 0.240719 2.561940 1.090234
v 0.244303 2.554253 1.081580
v 0.247245 2.544886 1.074478
v 0.249431 2.534199 1.069201
v 0.250777 2.522604 1.065951
v 0.251232 2.510545 1.064854
v 0.250777 2.498486 1.065951
v 0.249431 2.486891 1.069201
v 0.247245 2.476204 1.074478
v 0.244303 2.466837 1.081580
v 0.240719 2.459150 1.090234
v 0.236629 2.453438 1.100107
v 0.232192 2.449920 1.110820
v 0.234277 2.571170 1.111934
v 0.240719 2.567652 1.102293
v 0.246656 2.561940 1.093407
v 0.251860 2.554253 1.085619
v 0.256131 2.544886 1.079227
v 0.259304 2.534199 1.074478
v 0.261258 2.522604 1.071553
v 0.261918 2.510545 1.070566
v 0.261258 2.498486 1.071553
v 0.259304 2.486891 1.074478
v 0.256131 2.476204 1.079227
v 0.251860 2.466837 1.085619
v 0.246656 2.459150 1.093407
v 0.240719 2.453438 1.102293
v 0.234277 2.449920 1.111934
v 0.236104 2.571170 1.113434
v 0.244303 2.567652 1.105235
v 0.251860 2.561940 1.097678
v 0.258483 2.554253 1.091055
v 0.263919 2.544886 1.085619
v 0.267958 2.534199 1.081580
v 0.270445 2.522604 1.079093
v 0.271285 2.510545 1.078253
v 0.270445 2.498486 1.079093
v 0.267958 2.486891 1.081580
v 0.263919 2.476204 1.085619
v 0.258483 2.466837 1.091055
v 0.251860 2.459150 1.097678
v 0.244303 2.453438 1.105235
v 0.236104 2.449920 1.113434
v 0.237604 2.571170 1.115261
v 0.247245 2.567652 1.108819
v 0.256131 2.561940 1.102882
v 0.263919 2.554253 1.097678
v 0.270310 2.544886 1.093407
v 0.275060 2.534199 1.090234
v 0.277985 2.522604 1.088280
v 0.278972 2.510545 1.087620
v 0.277985 2.498486 1.088280
v 0.275060 2.486891 1.090234
v 0.270310 2.476204 1.093407
v 0.263919 2.466837 1.097678
v 0.256131 2.459150 1.102882
v 0.247245 2.453438 1.108819
v 0.237604 2.449920 1.115261
v 0.238718 2.571170 1.117346
v 0.249431 2.567652 1.112909
v 0.259304 2.561940 1.108819
v 0.267958 2.554253 1.105235
v 0.275060 2.544886 1.102293
v 0.280337 2.534199 1.100107
v 0.283587 2.522604 1.098761
v 0.284684 2.510545 1.098306
v 0.283587 2.498486 1.098761
v 0.280337 2.486891 1.100107
v 0.275060 2.476204 1.102293
v 0.267958 2.466837 1.105235
v 0.259304 2.459150 1.108819
v 0.249431 2.453438 1.112909
v 0.238718 2.449920 1.117346
v 0.239404 2.571170 1.119608
v 0.250777 2.567652 1.117346
v 0.261258 2.561940 1.115261
v 0.270445 2.554253 1.113434
v 0.277985 2.544886 1.111934
v 0.283587 2.534199 1.110820
v 0.287037 2.522604 1.110134
v 0.288202 2.510545 1.109902
v 0.287037 2.498486 1.110134
v 0.283587 2.486891 1.110820
v 0.277985 2.476204 1.111934
v 0.270445 2.466837 1.113434
v 0.261258 2.459150 1.115261
v 0.250777 2.453438 1.117346
v 0.239404 2.449920 1.119608
v 0.239636 2.571170 1.121961
v 0.251232 2.567652 1.121961
v 0.261918 2.561940 1.121961
v 0.271285 2.554253 1.121961
v 0.278972 2.544886 1.121961
v 0.284684 2.534199 1.121961
v 0.288202 2.522604 1.121961
v 0.289389 2.510545 1.121961
v 0.288202 2.498486 1.121961
v 0.284684 2.486891 1.121961
v 0.278972 2.476204 1.121961
v 0.271285 2.466837 1.121961
v 0.261918 2.459150 1.121961
v 0.251232 2.453438 1.121961
v 0.239636 2.449920 1.121961
v 0.239404 2.571170 1.124313
v 0.250777 2.567652 1.126576
v 0.261258 2.561940 1.128660
v 0.270445 2.554253 1.130488
v 0.277985 2.544886 1.131988
v 0.283587 2.534199 1.133102
v 0.287037 2.522604 1.133788
v 0.288202 2.510545 1.134020
v 0.287037 2.498486 1.133788
v 0.283587 2.486891 1.133102
v 0.277985 2.476204 1.131988
v 0.270445 2.466837 1.130488
v 0.261258 2.459150 1.128660
v 0.250777 2.453438 1.126576
v 0.239404 2.449920 1.124313
v 0.238718 2.571170 1.126576
v 0.249431 2.567652 1.131013
v 0.259304 2.561940 1.135103
v 0.267958 2.554253 1.138687
v 0.275060 2.544886 1.141629
v 0.280337 2.534199 1.143815
v 0.283587 2.522604 1.145161
v 0.284684 2.510545 1.145615
v 0.283587 2.498486 1.145161
v 0.280337 2.486891 1.143815
v 0.275060 2.476204 1.141629
v 0.267958 2.466837 1.138687
v 0.259304 2.459150 1.135103
v 0.249431 2.453438 1.131013
v 0.238718 2.449920 1.126576
v 0.237604 2.571170 1.128660
v 0.247245 2.567652 1.135103
v 0.256131 2.561940 1.141040
v 0.263919 2.554253 1.146244
v 0.270310 2.544886 1.150514
v 0.275060 2.534199 1.153688
v 0.277985 2.522604 1.155642
v 0.278972 2.510545 1.156302
v 0.277985 2.498486 1.155642
v 0.275060 2.486891 1.153688
v 0.270310 2.476204 1.150514
v 0.263919 2.466837 1.146244
v 0.256131 2.459150 1.141040
v 0.247245 2.453438 1.135103
v 0.237604 2.449920 1.128660
v 0.236104 2.571170 1.130488
v 0.244303 2.567652 1.138687
v 0.251860 2.561940 1.146244
v 0.258483 2.554253 1.152867
v 0.263919 2.544886 1.158303
v 0.267958 2.534199 1.162342
v 0.270445 2.522604 1.164829
v 0.271285 2.510545 1.165669
v 0.270445 2.498486 1.164829
v 0.267958 2.486891 1.162342
v 0.263919 2.476204 1.158303
v 0.258483 2.466837 1.152867
v 0.251860 2.459150 1.146244
v 0.244303 2.453438 1.138687
v 0.236104 2.449920 1.130488
v 0.234277 2.571170 1.131988
v 0.240719 2.567652 1.141629
v 0.246656 2.561940 1.150514
v 0.251860 2.554253 1.158303
v 0.256131 2.544886 1.164694
v 0.259304 2.534199 1.169444
v 0.261258 2.522604 1.172368
v 0.261918 2.510545 1.173356
v 0.261258 2.498486 1.172368
v 0.259304 2.486891 1.169444
v 0.256131 2.476204 1.164694
v 0.251860 2.466837 1.158303
v 0.246656 2.459150 1.150514
v 0.240719 2.453438 1.141629
v 0.234277 2.449920 1.131988
v 0.232192 2.571170 1.133102
v 0.236629 2.567652 1.143815
v 0.240719 2.561940 1.153688
v 0.244303 2.554253 1.162342
v 0.247245 2.544886 1.169444
v 0.249431 2.534199 1.174721
v 0.250777 2.522604 1.177971
v 0.251232 2.510545 1.179068
v 0.250777 2.498486 1.177971
v 0.249431 2.486891 1.174721
v 0.247245 2.476204 1.169444
v 0.244303 2.466837 1.162342
v 0.240719 2.459150 1.153688
v 0.236629 2.453438 1.143815
v 0.232192 2.449920 1.133102
v 0.229930 2.571170 1.133788
v 0.232192 2.567652 1.145161
v 0.234277 2.561940 1.155642
v 0.236104 2.554253 1.164829
v 0.237604 2.544886 1.172368
v 0.238718 2.534199 1.177971
v 0.239404 2.522604 1.181421
v 0.239636 2.510545 1.182585
v 0.239404 2.498486 1.181421
v 0.238718 2.486891 1.177971
v 0.237604 2.476204 1.172368
v 0.236104 2.466837 1.164829
v 0.234277 2.459150 1.155642
v 0.232192 2.453438 1.145161
v 0.229930 2.449920 1.133788
v 0.227577 2.571170 1.134020
v 0.227577 2.567652 1.145615
v 0.227577 2.561940 1.156302
v 0.227577 2.554253 1.165669
v 0.227577 2.544886 1.173356
v 0.227577 2.534199 1.179068
v 0.227577 2.522604 1.182585
v 0.227577 2.510545 1.183773
v 0.227577 2.498486 1.182585
v 0.227577 2.486891 1.179068
v 0.227577 2.476204 1.173356
v 0.227577 2.466837 1.165669
v 0.227577 2.459150 1.156302
v 0.227577 2.453438 1.145615
v 0.227577 2.449920 1.134020
v 0.225224 2.571170 1.133788
v 0.222962 2.567652 1.145161
v 0.220877 2.561940 1.155642
v 0.219050 2.554253 1.164829
v 0.217550 2.544886 1.172368
v 0.216436 2.534199 1.177971
v 0.215750 2.522604 1.181421
v 0.215518 2.510545 1.182585
v 0.215750 2.498486 1.181421
v 0.216436 2.486891 1.177971
v 0.217550 2.476204 1.172368
v 0.219050 2.466837 1.164829
v 0.220877 2.459150 1.155642
v 0.222962 2.453438 1.145161
v 0.225224 2.449920 1.133788
v 0.222962 2.571170 1.133102
v 0.218525 2.567652 1.143815
v 0.214435 2.561940 1.153688
v 0.210851 2.554253 1.162342
v 0.207909 2.544886 1.169444
v 0.205723 2.534199 1.174721
v 0.204377 2.522604 1.177971
v 0.203923 2.510545 1.179068
v 0.204377 2.498486 1.177971
v 0.205723 2.486891 1.174721
v 0.207909 2.476204 1.169444
v 0.210851 2.466837 1.162342
v 0.214435 2.459150 1.153688
v 0.218525 2.453438 1.143815
v 0.222962 2.449920 1.133102
v 0.220877 2.571170 1.131988
v 0.214435 2.567652 1.141629
v 0.208498 2.561940 1.150514
v 0.203294 2.554253 1.158303
v 0.199024 2.544886 1.164694
v 0.195850 2.534199 1.169444
v 0.193896 2.522604 1.172368
v 0.193236 2.510545 1.173356
v 0.193896 2.498486 1.172368
v 0.195850 2.486891 1.169444
v 0.199024 2.476204 1.164694
v 0.203294 2.466837 1.158303
v 0.208498 2.459150 1.150514
v 0.214435 2.453438 1.141629
v 0.220877 2.449920 1.131988
v 0.219050 2.571170 1.130488
v 0.210851 2.567652 1.138687
v 0.203294 2.561940 1.146244
v 0.196671 2.554253 1.152867
v 0.191235 2.544886 1.158303
v 0.187196 2.534199 1.162342
v 0.184709 2.522604 1.164829
v 0.183869 2.510545 1.165669
v 0.184709 2.498486 1.164829
v 0.187196 2.486891 1.162342
v 0.191235 2.476204 1.158303
v 0.196671 2.466837 1.152867
v 0.203294 2.459150 1.146244
v 0.210851 2.453438 1.138687
v 0.219050 2.449920 1.130488
v 0.217550 2.571170 1.128660
v 0.207909 2.567652 1.135103
v 0.199024 2.561940 1.141040
v 0.191235 2.554253 1.146244
v 0.184844 2.544886 1.150514
v 0.180094 2.534199 1.153688
v 0.177170 2.522604 1.155642
v 0.176182 2.510545 1.156302
v 0.177170 2.498486 1.155642
v 0.180094 2.486891 1.153688
v 0.184844 2.476204 1.150514
v 0.191235 2.466837 1.146244
v 0.199024 2.459150 1.141040
v 0.207909 2.453438 1.135103
v 0.217550 2.449920 1.128660
v 0.216436 2.571170 1.126576
v 0.205723 2.567652 1.131013
v 0.195850 2.561940 1.135103
v 0.187196 2.554253 1.138687
v 0.180094 2.544886 1.141629
v 0.174817 2.534199 1.143815
v 0.171567 2.522604 1.145161
v 0.170470 2.510545 1.145615
v 0.171567 2.498486 1.145161
v 0.174817 2.486891 1.143815
v 0.180094 2.476204 1.141629
v 0.187196 2.466837 1.138687
v 0.195850 2.459150 1.135103
v 0.205723 2.453438 1.131013
v 0.216436 2.449920 1.126576
v 0.215750 2.571170 1.124313
v 0.204377 2.567652 1.126576
v 0.193896 2.561940 1.128660
v 0.184709 2.554253 1.130488
v 0.177170 2.544886 1.131988
v 0.171567 2.534199 1.133102
v 0.168117 2.522604 1.133788
v 0.166953 2.510545 1.134020
v 0.168117 2.498486 1.133788
v 0.171567 2.486891 1.133102
v 0.177170 2.476204 1.131988
v 0.184709 2.466837 1.130488
v 0.193896 2.459150 1.128660
v 0.204377 2.453438 1.126576
v 0.215750 2.449920 1.124313
v 0.215518 2.571170 1.121961
v 0.203923 2.567652 1.121961
v 0.193236 2.561940 1.121961
v 0.183869 2.554253 1.121961
v 0.176182 2.544886 1.121961
v 0.170470 2.534199 1.121961
v 0.166952 2.522604 1.121961
v 0.165765 2.510545 1.121961
v 0.166952 2.498486 1.121961
v 0.170470 2.486891 1.121961
v 0.176182 2.476204 1.121961
v 0.183869 2.466837 1.121961
v 0.193236 2.459150 1.121961
v 0.203923 2.453438 1.121961
v 0.215518 2.449920 1.121961
v 0.215750 2.571170 1.119608
v 0.204377 2.567652 1.117346
v 0.193896 2.561940 1.115261
v 0.184709 2.554253 1.113434
v 0.177170 2.544886 1.111934
v 0.171567 2.534199 1.110820
v 0.168117 2.522604 1.110134
v 0.166953 2.510545 1.109902
v 0.168117 2.498486 1.110134
v 0.171567 2.486891 1.110820
v 0.177170 2.476204 1.111934
v 0.184709 2.466837 1.113434
v 0.193896 2.459150 1.115261
v 0.204377 2.453438 1.117346
v 0.215750 2.449920 1.119608
v 0.216436 2.571170 1.117346
v 0.205723 2.567652 1.112909
v 0.195850 2.561940 1.108819
v 0.187196 2.554253 1.105235
v 0.180094 2.544886 1.102293
v 0.174817 2.534199 1.100107
v 0.171567 2.522604 1.098761
v 0.170470 2.510545 1.098306
v 0.171567 2.498486 1.098761
v 0.174817 2.486891 1.100107
v 0.180094 2.476204 1.102293
v 0.187196 2.466837 1.105235
v 0.195850 2.459150 1.108819
v 0.205723 2.453438 1.112909
v 0.216436 2.449920 1.117346
v 0.217550 2.571170 1.115261
v 0.207909 2.567652 1.108819
v 0.199024 2.561940 1.102882
v 0.191235 2.554253 1.097678
v 0.184844 2.544886 1.093407
v 0.180094 2.534199 1.090234
v 0.177170 2.522604 1.088280
v 0.176182 2.510545 1.087620
v 0.177170 2.498486 1.088280
v 0.180094 2.486891 1.090234
v 0.184844 2.476204 1.093407
v 0.191235 2.466837 1.097678
v 0.199024 2.459150 1.102882
v 0.207909 2.453438 1.108819
v 0.217550 2.449920 1.115261
v 0.219050 2.571170 1.113434
v 0.210851 2.567652 1.105235
v 0.203294 2.561940 1.097678
v 0.196671 2.554253 1.091055
v 0.191235 2.544886 1.085619
v 0.187196 2.534199 1.081580
v 0.184709 2.522604 1.079093
v 0.183869 2.510545 1.078253
v 0.184709 2.498486 1.079093
v 0.187196 2.486891 1.081580
v 0.191235 2.476204 1.085619
v 0.196671 2.466837 1.091055
v 0.203294 2.459150 1.097678
v 0.210851 2.453438 1.105235
v 0.219050 2.449920 1.113434
v 0.220877 2.571170 1.111934
v 0.214435 2.567652 1.102293
v 0.208498 2.561940 1.093407
v 0.203294 2.554253 1.085619
v 0.199024 2.544886 1.079227
v 0.195850 2.534199 1.074478
v 0.193896 2.522604 1.071553
v 0.193236 2.510545 1.070566
v 0.193896 2.498486 1.071553
v 0.195850 2.486891 1.074478
v 0.199024 2.476204 1.079227
v 0.203294 2.466837 1.085619
v 0.208498 2.459150 1.093407
v 0.214435 2.453438 1.102293
v 0.220877 2.449920 1.111934
v 0.222962 2.571170 1.110820
v 0.218525 2.567652 1.100107
v 0.214435 2.561940 1.090234
v 0.210851 2.554253 1.081580
v 0.207909 2.544886 1.074478
v 0.205723 2.534199 1.069201
v 0.204377 2.522604 1.065951
v 0.203923 2.510545 1.064854
v 0.204377 2.498486 1.065951
v 0.205723 2.486891 1.069201
v 0.207909 2.476204 1.074478
v 0.210851 2.466837 1.081580
v 0.214435 2.459150 1.090234
v 0.218525 2.453438 1.100107
v 0.222962 2.449920 1.110820
v 0.225224 2.571170 1.110134
v 0.222962 2.567652 1.098761
v 0.220877 2.561940 1.088280
v 0.219050 2.554253 1.079093
v 0.217550 2.544886 1.071553
v 0.216436 2.534199 1.065951
v 0.215750 2.522604 1.062501
v 0.215518 2.510545 1.061336
v 0.215750 2.498486 1.062501
v 0.216436 2.486891 1.065951
v 0.217550 2.476204 1.071553
v 0.219050 2.466837 1.079093
v 0.220877 2.459150 1.088280
v 0.222962 2.453438 1.098761
v 0.225224 2.449920 1.110134
v 0.227577 2.571170 1.109902
v 0.227577 2.567652 1.098306
v 0.227577 2.554253 1.078253
v 0.227577 2.534199 1.064854
v 0.227577 2.486891 1.064854
v 0.227577 2.466837 1.078253
v 0.227577 2.459150 1.087620
v 0.227577 2.453438 1.098306
v 0.227577 2.449920 1.109902
v -0.000000 2.390574 1.141747
v -0.008130 2.390574 1.142547
v -0.015947 2.390574 1.144919
v -0.023151 2.390574 1.148769
v -0.029465 2.390574 1.153952
v -0.034648 2.390574 1.160266
v -0.038498 2.390574 1.167470
v -0.040870 2.390574 1.175288
v -0.041670 2.390574 1.183417
v -0.040870 2.390574 1.191547
v -0.038498 2.390574 1.199364
v -0.034648 2.390574 1.206568
v -0.029465 2.390574 1.212883
v -0.023151 2.390574 1.218065
v -0.015947 2.390574 1.221915
v -0.008130 2.390574 1.224287
v -0.000000 2.390574 1.225088
v 0.008129 2.390574 1.224287
v 0.015947 2.390574 1.221915
v 0.023151 2.390574 1.218065
v 0.029465 2.390574 1.212883
v 0.034648 2.390574 1.206568
v 0.038498 2.390574 1.199364
v 0.040870 2.390574 1.191547
v 0.041670 2.390574 1.183417
v 0.040870 2.390574 1.175288
v 0.038498 2.390574 1.167470
v 0.034648 2.390574 1.160266
v 0.029465 2.390574 1.153952
v 0.023151 2.390574 1.148769
v 0.015947 2.390574 1.144919
v 0.008129 2.390574 1.142547
v 0.000000 2.307234 1.183417
v -0.414185 2.812464 -2.469342
v -0.414185 2.682464 -2.069342
v -0.197678 2.687464 -2.469342
v -0.310261 2.622464 -2.069342
v -0.197678 2.437464 -2.469342
v -0.310261 2.502464 -2.069342
v -0.414185 2.312464 -2.469342
v -0.414185 2.442464 -2.069342
v -0.630691 2.437464 -2.469342
v -0.518108 2.502464 -2.069342
v -0.630691 2.687464 -2.469342
v -0.518108 2.622464 -2.069342
v 0.397294 2.806324 -2.475833
v 0.397294 2.676324 -2.075833
v 0.613800 2.681324 -2.475833
v 0.501217 2.616324 -2.075833
v 0.613800 2.431324 -2.475833
v 0.501217 2.496324 -2.075833
v 0.397294 2.306324 -2.475833
v 0.397294 2.436324 -2.075833
v 0.180787 2.431324 -2.475833
v 0.293371 2.496324 -2.075833
v 0.180787 2.681324 -2.475833
v 0.293371 2.616324 -2.075833
v 0.367370 0.053665 -0.509488
v 0.367370 0.040051 -0.591225
v 0.367370 0.007037 -0.642493
v 0.367370 -0.015272 -0.654043
v 0.367370 -0.040351 -0.655488
v 0.367370 -0.094898 -0.628230
v 0.367370 -0.208828 -0.424395
v 0.375281 0.045537 -0.408741
v 0.382889 0.051892 -0.459016
v 0.389900 0.052896 -0.506681
v 0.396045 0.048508 -0.549904
v 0.401088 0.038899 -0.587024
v 0.404836 0.024437 -0.616614
v 0.407144 0.005678 -0.637538
v 0.407923 -0.016657 -0.648990
v 0.407144 -0.041710 -0.650532
v 0.404836 -0.068518 -0.642104
v 0.401088 -0.096050 -0.624029
v 0.396045 -0.123250 -0.597003
v 0.389900 -0.149070 -0.562063
v 0.382889 -0.172520 -0.520553
v 0.375281 -0.192698 -0.474068
v 0.382889 0.044736 -0.405822
v 0.397811 0.050322 -0.453290
v 0.411564 0.050616 -0.498368
v 0.423618 0.045607 -0.539323
v 0.433511 0.035487 -0.574582
v 0.440862 0.020646 -0.602790
v 0.445389 0.001653 -0.622862
v 0.446917 -0.020760 -0.634027
v 0.445389 -0.045734 -0.635856
v 0.440862 -0.072309 -0.628279
v 0.433511 -0.099462 -0.611587
v 0.423618 -0.126151 -0.586422
v 0.411564 -0.151350 -0.553750
v 0.397811 -0.174090 -0.514827
v 0.382889 -0.193498 -0.471149
v 0.389900 0.043436 -0.401081
v 0.411564 0.047772 -0.443991
v 0.431530 0.046914 -0.484868
v 0.449030 0.040895 -0.522141
v 0.463392 0.029947 -0.554378
v 0.474064 0.014490 -0.580340
v 0.480636 -0.004882 -0.599029
v 0.482855 -0.027424 -0.609728
v 0.480636 -0.052270 -0.612024
v 0.474064 -0.078465 -0.605830
v 0.463392 -0.105002 -0.591383
v 0.449030 -0.130863 -0.569240
v 0.431530 -0.155052 -0.540250
v 0.411564 -0.176640 -0.505528
v 0.389900 -0.194798 -0.466409
v 0.396045 0.041687 -0.394701
v 0.423618 0.044340 -0.431477
v 0.449030 0.041932 -0.466700
v 0.471304 0.034554 -0.499018
v 0.489583 0.022491 -0.527188
v 0.503166 0.006205 -0.550128
v 0.511530 -0.013677 -0.566956
v 0.514355 -0.036391 -0.577026
v 0.511530 -0.061065 -0.579951
v 0.503166 -0.086749 -0.575617
v 0.489583 -0.112458 -0.564193
v 0.471304 -0.137203 -0.546116
v 0.449030 -0.160034 -0.522082
v 0.423618 -0.180072 -0.493014
v 0.396045 -0.196548 -0.460029
v 0.401088 0.039555 -0.386927
v 0.433511 0.040159 -0.416228
v 0.463392 0.035862 -0.444562
v 0.489583 0.026828 -0.470842
v 0.511077 0.013406 -0.494056
v 0.527049 -0.003890 -0.513314
v 0.536885 -0.024393 -0.527875
v 0.540206 -0.047318 -0.537179
v 0.536885 -0.071781 -0.540869
v 0.527049 -0.096844 -0.538804
v 0.511077 -0.121543 -0.531061
v 0.489583 -0.144930 -0.517940
v 0.463392 -0.166104 -0.499944
v 0.433511 -0.184253 -0.477765
v 0.401088 -0.198679 -0.452255
v 0.404836 0.037123 -0.378058
v 0.440862 0.035388 -0.398831
v 0.474064 0.028936 -0.419305
v 0.503166 0.018013 -0.438696
v 0.527049 0.003041 -0.456257
v 0.544796 -0.015407 -0.471314
v 0.555724 -0.036620 -0.483288
v 0.559415 -0.059784 -0.491718
v 0.555724 -0.084008 -0.496282
v 0.544796 -0.108361 -0.496803
v 0.527049 -0.131909 -0.493262
v 0.503166 -0.153745 -0.485795
v 0.474064 -0.173030 -0.474688
v 0.440862 -0.189024 -0.460368
v 0.404836 -0.201111 -0.443386
v 0.407144 0.034484 -0.368435
v 0.445389 0.030212 -0.379954
v 0.480636 0.021421 -0.391900
v 0.511530 0.008448 -0.403816
v 0.536885 -0.008206 -0.415242
v 0.555724 -0.027904 -0.425741
v 0.567326 -0.049887 -0.434907
v 0.571243 -0.073310 -0.442390
v 0.567326 -0.097274 -0.447902
v 0.555724 -0.120858 -0.451230
v 0.536885 -0.143156 -0.452247
v 0.511530 -0.163309 -0.450914
v 0.480636 -0.180545 -0.447282
v 0.445389 -0.194200 -0.441491
v 0.407144 -0.203750 -0.433763
v 0.407923 0.031740 -0.358427
v 0.446917 0.024829 -0.360322
v 0.482855 0.013606 -0.363400
v 0.514354 -0.001498 -0.367542
v 0.540205 -0.019903 -0.372588
v 0.559415 -0.040900 -0.378346
v 0.571243 -0.063683 -0.384594
v 0.575238 -0.087377 -0.391091
v 0.571243 -0.111071 -0.397588
v 0.559415 -0.133855 -0.403836
v 0.540205 -0.154852 -0.409593
v 0.514354 -0.173256 -0.414640
v 0.482855 -0.188360 -0.418782
v 0.446917 -0.199583 -0.421860
v 0.407923 -0.206495 -0.423755
v 0.407144 0.028996 -0.348419
v 0.445389 0.019446 -0.340691
v 0.480636 0.005790 -0.334899
v 0.511530 -0.011445 -0.331267
v 0.536884 -0.031599 -0.329934
v 0.555724 -0.053896 -0.330952
v 0.567326 -0.077480 -0.334280
v 0.571243 -0.101444 -0.339791
v 0.567326 -0.124868 -0.347274
v 0.555724 -0.146851 -0.356441
v 0.536884 -0.166548 -0.366940
v 0.511530 -0.183203 -0.378366
v 0.480636 -0.196175 -0.390281
v 0.445389 -0.204967 -0.402228
v 0.407144 -0.209239 -0.413747
v 0.404836 0.026357 -0.338796
v 0.440862 0.014269 -0.321814
v 0.474064 -0.001725 -0.307494
v 0.503166 -0.021010 -0.296387
v 0.527049 -0.042846 -0.288920
v 0.544796 -0.066393 -0.285378
v 0.555724 -0.090747 -0.285900
v 0.559415 -0.114971 -0.290463
v 0.555724 -0.138135 -0.298894
v 0.544796 -0.159348 -0.310868
v 0.527049 -0.177795 -0.325925
v 0.503166 -0.192768 -0.343486
v 0.474064 -0.203690 -0.362876
v 0.440862 -0.210143 -0.383351
v 0.404836 -0.211878 -0.404123
v 0.401088 0.023925 -0.329927
v 0.433511 0.009499 -0.304417
v 0.463392 -0.008650 -0.282237
v 0.489583 -0.029825 -0.264241
v 0.511077 -0.053211 -0.251120
v 0.527049 -0.077910 -0.243378
v 0.536884 -0.102973 -0.241312
v 0.540205 -0.127437 -0.245002
v 0.536884 -0.150361 -0.254307
v 0.527049 -0.170865 -0.268868
v 0.511077 -0.188160 -0.288125
v 0.489583 -0.201583 -0.311340
v 0.463392 -0.210616 -0.337620
v 0.433511 -0.214914 -0.365954
v 0.401088 -0.214310 -0.395254
v 0.396045 0.021793 -0.322153
v 0.423618 0.005317 -0.289168
v 0.449030 -0.014721 -0.260100
v 0.471304 -0.037551 -0.236065
v 0.489583 -0.062296 -0.217989
v 0.503166 -0.088005 -0.206564
v 0.511530 -0.113690 -0.202231
v 0.514354 -0.138364 -0.205156
v 0.511530 -0.161078 -0.215226
v 0.503166 -0.180960 -0.232054
v 0.489583 -0.197245 -0.254994
v 0.471304 -0.209309 -0.283164
v 0.449030 -0.216687 -0.315482
v 0.423618 -0.219095 -0.350705
v 0.396045 -0.216442 -0.387481
v 0.389900 0.020044 -0.315773
v 0.411564 0.001886 -0.276654
v 0.431530 -0.019703 -0.241932
v 0.449030 -0.043892 -0.212942
v 0.463392 -0.069752 -0.190799
v 0.474064 -0.096290 -0.176352
v 0.480636 -0.122485 -0.170158
v 0.482855 -0.147331 -0.172454
v 0.480636 -0.169873 -0.183152
v 0.474064 -0.189244 -0.201842
v 0.463392 -0.204701 -0.227804
v 0.449030 -0.215650 -0.260041
v 0.431530 -0.221669 -0.297314
v 0.411564 -0.222527 -0.338191
v 0.389900 -0.218191 -0.381101
v 0.382889 0.018744 -0.311033
v 0.397811 -0.000664 -0.267355
v 0.411564 -0.023405 -0.228432
v 0.423618 -0.048604 -0.195760
v 0.433511 -0.075293 -0.170594
v 0.440862 -0.102446 -0.153902
v 0.445389 -0.129020 -0.146326
v 0.446917 -0.153994 -0.148155
v 0.445389 -0.176408 -0.159320
v 0.440862 -0.195401 -0.179392
v 0.433511 -0.210242 -0.207600
v 0.423618 -0.220361 -0.242858
v 0.411564 -0.225370 -0.283814
v 0.397811 -0.225077 -0.328892
v 0.382889 -0.219491 -0.376360
v 0.375281 0.017943 -0.308113
v 0.382889 -0.002235 -0.261628
v 0.389900 -0.025684 -0.220119
v 0.396045 -0.051505 -0.185179
v 0.401088 -0.078704 -0.158153
v 0.404836 -0.106237 -0.140078
v 0.407144 -0.133045 -0.131650
v 0.407923 -0.158097 -0.133191
v 0.407144 -0.180432 -0.144644
v 0.404836 -0.199191 -0.165568
v 0.401088 -0.213653 -0.195158
v 0.396045 -0.223263 -0.232278
v 0.389900 -0.227650 -0.275501
v 0.382889 -0.226647 -0.323166
v 0.375281 -0.220292 -0.373441
v 0.367370 0.017673 -0.307128
v 0.367370 -0.002765 -0.259695
v 0.367370 -0.026454 -0.217311
v 0.367370 -0.052485 -0.181606
v 0.367370 -0.079856 -0.153952
v 0.367370 -0.107517 -0.135410
v 0.367370 -0.134403 -0.126694
v 0.367370 -0.159483 -0.128139
v 0.367370 -0.181791 -0.139689
v 0.367370 -0.200471 -0.160900
v 0.367370 -0.214805 -0.190957
v 0.367370 -0.224242 -0.228705
v 0.367370 -0.228420 -0.272694
v 0.367370 -0.227177 -0.321232
v 0.367370 -0.220562 -0.372455
v 0.359458 0.017943 -0.308113
v 0.351851 -0.002235 -0.261628
v 0.344840 -0.025684 -0.220119
v 0.338695 -0.051505 -0.185179
v 0.333651 -0.078704 -0.158153
v 0.329904 -0.106237 -0.140078
v 0.327596 -0.133045 -0.131650
v 0.326817 -0.158097 -0.133191
v 0.327596 -0.180432 -0.144644
v 0.329904 -0.199191 -0.165568
v 0.333651 -0.213653 -0.195158
v 0.338695 -0.223263 -0.232278
v 0.344840 -0.227650 -0.275501
v 0.351851 -0.226647 -0.323166
v 0.359458 -0.220291 -0.373441
v 0.351851 0.018744 -0.311033
v 0.336928 -0.000664 -0.267355
v 0.323176 -0.023405 -0.228432
v 0.311121 -0.048604 -0.195760
v 0.301229 -0.075293 -0.170594
v 0.293878 -0.102446 -0.153902
v 0.289351 -0.129020 -0.146326
v 0.287822 -0.153994 -0.148155
v 0.289351 -0.176408 -0.159320
v 0.293878 -0.195401 -0.179392
v 0.301229 -0.210242 -0.207600
v 0.311121 -0.220361 -0.242858
v 0.323176 -0.225370 -0.283814
v 0.336928 -0.225077 -0.328892
v 0.351851 -0.219491 -0.376360
v 0.344840 0.020044 -0.315773
v 0.323176 0.001886 -0.276654
v 0.303210 -0.019703 -0.241932
v 0.285710 -0.043892 -0.212942
v 0.271348 -0.069752 -0.190799
v 0.260676 -0.096290 -0.176352
v 0.254104 -0.122485 -0.170158
v 0.251885 -0.147331 -0.172454
v 0.254104 -0.169873 -0.183153
v 0.260676 -0.189244 -0.201842
v 0.271348 -0.204701 -0.227804
v 0.285710 -0.215650 -0.260041
v 0.303210 -0.221669 -0.297314
v 0.323176 -0.222527 -0.338191
v 0.344840 -0.218191 -0.381101
v 0.338695 0.021793 -0.322153
v 0.311121 0.005317 -0.289168
v 0.285710 -0.014721 -0.260100
v 0.263436 -0.037551 -0.236066
v 0.245157 -0.062296 -0.217989
v 0.231574 -0.088005 -0.206564
v 0.223210 -0.113690 -0.202231
v 0.220385 -0.138364 -0.205156
v 0.223210 -0.161078 -0.215226
v 0.231574 -0.180960 -0.232054
v 0.245157 -0.197245 -0.254994
v 0.263436 -0.209309 -0.283164
v 0.285710 -0.216687 -0.315482
v 0.311121 -0.219095 -0.350705
v 0.338695 -0.216442 -0.387481
v 0.333651 0.023925 -0.329927
v 0.301229 0.009499 -0.304417
v 0.271348 -0.008650 -0.282238
v 0.245157 -0.029825 -0.264242
v 0.223662 -0.053211 -0.251120
v 0.207691 -0.077910 -0.243378
v 0.197855 -0.102973 -0.241312
v 0.194534 -0.127437 -0.245003
v 0.197855 -0.150361 -0.254307
v 0.207691 -0.170865 -0.268868
v 0.223662 -0.188160 -0.288125
v 0.245157 -0.201583 -0.311340
v 0.271348 -0.210616 -0.337620
v 0.301229 -0.214914 -0.365954
v 0.333651 -0.214310 -0.395254
v 0.329904 0.026357 -0.338796
v 0.293878 0.014269 -0.321814
v 0.260676 -0.001725 -0.307494
v 0.231574 -0.021010 -0.296387
v 0.207691 -0.042846 -0.288920
v 0.189944 -0.066393 -0.285378
v 0.179015 -0.090747 -0.285900
v 0.175325 -0.114971 -0.290464
v 0.179015 -0.138135 -0.298894
v 0.189944 -0.159348 -0.310868
v 0.207691 -0.177795 -0.325925
v 0.231574 -0.192768 -0.343486
v 0.260676 -0.203690 -0.362876
v 0.293878 -0.210143 -0.383351
v 0.329904 -0.211878 -0.404123
v 0.327596 0.028996 -0.348419
v 0.289351 0.019446 -0.340691
v 0.254104 0.005790 -0.334899
v 0.223210 -0.011445 -0.331267
v 0.197855 -0.031599 -0.329934
v 0.179015 -0.053896 -0.330952
v 0.167414 -0.077480 -0.334280
v 0.163496 -0.101444 -0.339792
v 0.167414 -0.124868 -0.347274
v 0.179015 -0.146851 -0.356441
v 0.197855 -0.166548 -0.366940
v 0.223210 -0.183203 -0.378366
v 0.254104 -0.196175 -0.390282
v 0.289351 -0.204967 -0.402228
v 0.327596 -0.209239 -0.413747
v 0.326817 0.031740 -0.358427
v 0.287822 0.024829 -0.360322
v 0.251885 0.013606 -0.363400
v 0.220385 -0.001498 -0.367542
v 0.194534 -0.019903 -0.372588
v 0.175325 -0.040900 -0.378346
v 0.163496 -0.063683 -0.384594
v 0.159502 -0.087377 -0.391091
v 0.163496 -0.111071 -0.397588
v 0.175325 -0.133855 -0.403836
v 0.194534 -0.154852 -0.409593
v 0.220385 -0.173256 -0.414640
v 0.251885 -0.188360 -0.418782
v 0.287822 -0.199583 -0.421860
v 0.326817 -0.206495 -0.423755
v 0.327596 0.034484 -0.368435
v 0.289351 0.030212 -0.379954
v 0.254104 0.021421 -0.391900
v 0.223210 0.008448 -0.403816
v 0.197855 -0.008206 -0.415242
v 0.179015 -0.027904 -0.425741
v 0.167414 -0.049887 -0.434907
v 0.163496 -0.073310 -0.442390
v 0.167414 -0.097274 -0.447902
v 0.179015 -0.120858 -0.451230
v 0.197855 -0.143156 -0.452247
v 0.223210 -0.163309 -0.450914
v 0.254104 -0.180545 -0.447282
v 0.289351 -0.194200 -0.441491
v 0.327596 -0.203750 -0.433763
v 0.329904 0.037123 -0.378058
v 0.293878 0.035388 -0.398831
v 0.260676 0.028936 -0.419305
v 0.231574 0.018013 -0.438696
v 0.207691 0.003041 -0.456257
v 0.189944 -0.015407 -0.471314
v 0.179015 -0.036620 -0.483288
v 0.175325 -0.059784 -0.491718
v 0.179015 -0.084008 -0.496282
v 0.189944 -0.108361 -0.496803
v 0.207691 -0.131909 -0.493262
v 0.231574 -0.153745 -0.485795
v 0.260676 -0.173030 -0.474688
v 0.293878 -0.189024 -0.460368
v 0.329904 -0.201111 -0.443386
v 0.333651 0.039555 -0.386927
v 0.301229 0.040159 -0.416228
v 0.271348 0.035862 -0.444562
v 0.245157 0.026828 -0.470842
v 0.223662 0.013406 -0.494056
v 0.207691 -0.003890 -0.513314
v 0.197855 -0.024393 -0.527875
v 0.194534 -0.047318 -0.537179
v 0.197855 -0.071781 -0.540869
v 0.207691 -0.096844 -0.538804
v 0.223662 -0.121543 -0.531061
v 0.245157 -0.144930 -0.517940
v 0.271348 -0.166104 -0.499944
v 0.301229 -0.184253 -0.477765
v 0.333651 -0.198679 -0.452255
v 0.338695 0.041687 -0.394701
v 0.311121 0.044340 -0.431477
v 0.285710 0.041932 -0.466700
v 0.263436 0.034554 -0.499018
v 0.245157 0.022491 -0.527188
v 0.231574 0.006205 -0.550128
v 0.223210 -0.013677 -0.566956
v 0.220385 -0.036391 -0.577026
v 0.223210 -0.061065 -0.579951
v 0.231574 -0.086749 -0.575617
v 0.245157 -0.112458 -0.564193
v 0.263436 -0.137203 -0.546116
v 0.285710 -0.160034 -0.522082
v 0.311121 -0.180072 -0.493014
v 0.338695 -0.196548 -0.460029
v 0.344840 0.043436 -0.401081
v 0.323176 0.047772 -0.443991
v 0.303210 0.046914 -0.484868
v 0.285710 0.040895 -0.522141
v 0.271348 0.029947 -0.554378
v 0.260676 0.014490 -0.580340
v 0.254104 -0.004882 -0.599029
v 0.251885 -0.027424 -0.609727
v 0.254104 -0.052270 -0.612024
v 0.260676 -0.078465 -0.605830
v 0.271348 -0.105002 -0.591383
v 0.285710 -0.130863 -0.569240
v 0.303210 -0.155052 -0.540250
v 0.323176 -0.176640 -0.505528
v 0.344840 -0.194798 -0.466409
v 0.351851 0.044736 -0.405821
v 0.336928 0.050322 -0.453290
v 0.323176 0.050616 -0.498368
v 0.311121 0.045607 -0.539323
v 0.301229 0.035487 -0.574582
v 0.293878 0.020646 -0.602790
v 0.289351 0.001653 -0.622862
v 0.287823 -0.020761 -0.634027
v 0.289351 -0.045734 -0.635856
v 0.293878 -0.072309 -0.628279
v 0.301229 -0.099462 -0.611587
v 0.311121 -0.126151 -0.586422
v 0.323176 -0.151350 -0.553750
v 0.336928 -0.174090 -0.514827
v 0.351851 -0.193498 -0.471149
v 0.359458 0.045537 -0.408741
v 0.351851 0.051892 -0.459016
v 0.344840 0.052895 -0.506681
v 0.338695 0.048508 -0.549904
v 0.333651 0.038899 -0.587024
v 0.329904 0.024437 -0.616614
v 0.327596 0.005678 -0.637538
v 0.326817 -0.016657 -0.648990
v 0.327596 -0.041710 -0.650532
v 0.329904 -0.068518 -0.642104
v 0.333651 -0.096050 -0.624029
v 0.338695 -0.123250 -0.597003
v 0.344840 -0.149070 -0.562063
v 0.351851 -0.172520 -0.520553
v 0.359458 -0.192698 -0.474068
v 0.367370 0.045807 -0.409726
v 0.367370 0.052422 -0.460950
v 0.367370 0.049488 -0.553477
v 0.367370 0.025717 -0.621282
v 0.367370 -0.067238 -0.646772
v 0.367370 -0.122270 -0.600575
v 0.367370 -0.148301 -0.564870
v 0.367370 -0.171990 -0.522487
v 0.367370 -0.192428 -0.475054
v -0.356833 0.022772 -0.317150
v -0.356833 0.042363 -0.468851
v -0.356833 0.028749 -0.550588
v -0.356833 -0.004265 -0.601856
v -0.356833 -0.026574 -0.613406
v -0.356833 -0.051653 -0.614850
v -0.356833 -0.106200 -0.587593
v -0.356833 -0.220130 -0.383757
v -0.348921 0.034235 -0.368104
v -0.341314 0.040590 -0.418379
v -0.334303 0.041594 -0.466044
v -0.328157 0.037206 -0.509267
v -0.323114 0.027597 -0.546387
v -0.319367 0.013135 -0.575977
v -0.317059 -0.005624 -0.596901
v -0.316280 -0.027959 -0.608353
v -0.317059 -0.053012 -0.609895
v -0.319367 -0.079820 -0.601467
v -0.323114 -0.107352 -0.583392
v -0.328157 -0.134551 -0.556365
v -0.334303 -0.160372 -0.521426
v -0.341314 -0.183822 -0.479916
v -0.348921 -0.204000 -0.433431
v -0.341314 0.033435 -0.365184
v -0.326391 0.039020 -0.412653
v -0.312638 0.039314 -0.457731
v -0.300584 0.034305 -0.498686
v -0.290691 0.024185 -0.533945
v -0.283340 0.009344 -0.562153
v -0.278814 -0.009648 -0.582225
v -0.277285 -0.032062 -0.593390
v -0.278814 -0.057036 -0.595219
v -0.283340 -0.083610 -0.587642
v -0.290691 -0.110764 -0.570950
v -0.300584 -0.137453 -0.545785
v -0.312638 -0.162652 -0.513113
v -0.326391 -0.185392 -0.474190
v -0.341314 -0.204800 -0.430512
v -0.334303 0.032135 -0.360444
v -0.312638 0.036470 -0.403354
v -0.292673 0.035612 -0.444231
v -0.275172 0.029593 -0.481504
v -0.260810 0.018645 -0.513741
v -0.250138 0.003188 -0.539703
v -0.243567 -0.016184 -0.558392
v -0.241348 -0.038725 -0.569090
v -0.243567 -0.063571 -0.571387
v -0.250138 -0.089766 -0.565192
v -0.260810 -0.116304 -0.550746
v -0.275172 -0.142164 -0.528602
v -0.292673 -0.166353 -0.499613
v -0.312638 -0.187942 -0.464891
v -0.334303 -0.206100 -0.425771
v -0.328157 0.030385 -0.354064
v -0.300584 0.033039 -0.390839
v -0.275172 0.030630 -0.426063
v -0.252899 0.023253 -0.458380
v -0.234619 0.011189 -0.486551
v -0.221037 -0.005097 -0.509491
v -0.212672 -0.024979 -0.526319
v -0.209848 -0.047693 -0.536389
v -0.212672 -0.072366 -0.539313
v -0.221037 -0.098051 -0.534980
v -0.234619 -0.123760 -0.523556
v -0.252899 -0.148505 -0.505479
v -0.275172 -0.171335 -0.481445
v -0.300584 -0.191374 -0.452377
v -0.328157 -0.207850 -0.419392
v -0.323114 0.028254 -0.346290
v -0.290691 0.028857 -0.375591
v -0.260810 0.024560 -0.403925
v -0.234619 0.015526 -0.430204
v -0.213125 0.002104 -0.453419
v -0.197153 -0.015191 -0.472677
v -0.187318 -0.035695 -0.487238
v -0.183997 -0.058619 -0.496542
v -0.187318 -0.083083 -0.500232
v -0.197153 -0.108146 -0.498167
v -0.213125 -0.132845 -0.490424
v -0.234619 -0.156231 -0.477303
v -0.260810 -0.177406 -0.459307
v -0.290691 -0.195555 -0.437128
v -0.323114 -0.209981 -0.411618
v -0.319367 0.025822 -0.337421
v -0.283340 0.024087 -0.358193
v -0.250138 0.017634 -0.378668
v -0.221037 0.006711 -0.398059
v -0.197153 -0.008261 -0.415620
v -0.179407 -0.026709 -0.430676
v -0.168478 -0.047922 -0.442650
v -0.164788 -0.071085 -0.451081
v -0.168478 -0.095310 -0.455645
v -0.179407 -0.119663 -0.456166
v -0.197153 -0.143210 -0.452625
v -0.221037 -0.165046 -0.445157
v -0.250138 -0.184332 -0.434050
v -0.283340 -0.200326 -0.419731
v -0.319367 -0.212413 -0.402749
v -0.317059 0.023183 -0.327798
v -0.278814 0.018910 -0.339316
v -0.243567 0.010119 -0.351263
v -0.212672 -0.002853 -0.363178
v -0.187318 -0.019508 -0.374605
v -0.168478 -0.039205 -0.385103
v -0.156877 -0.061188 -0.394270
v -0.152959 -0.084612 -0.401753
v -0.156877 -0.108576 -0.407265
v -0.168478 -0.132160 -0.410593
v -0.187318 -0.154457 -0.411610
v -0.212672 -0.174611 -0.410277
v -0.243567 -0.191847 -0.406645
v -0.278814 -0.205502 -0.400854
v -0.317059 -0.215052 -0.393126
v -0.316280 0.020438 -0.317790
v -0.277285 0.013527 -0.319685
v -0.241348 0.002304 -0.322763
v -0.209848 -0.012800 -0.326904
v -0.183997 -0.031204 -0.331951
v -0.164788 -0.052202 -0.337709
v -0.152959 -0.074985 -0.343956
v -0.148965 -0.098679 -0.350454
v -0.152959 -0.122373 -0.356951
v -0.164788 -0.145156 -0.363198
v -0.183997 -0.166154 -0.368956
v -0.209848 -0.184558 -0.374003
v -0.241348 -0.199662 -0.378145
v -0.277285 -0.210885 -0.381222
v -0.316280 -0.217796 -0.383117
v -0.317059 0.017694 -0.307782
v -0.278814 0.008144 -0.300054
v -0.243567 -0.005511 -0.294262
v -0.212672 -0.022747 -0.290630
v -0.187318 -0.042901 -0.289297
v -0.168478 -0.065198 -0.290314
v -0.156877 -0.088782 -0.293643
v -0.152959 -0.112746 -0.299154
v -0.156877 -0.136170 -0.306637
v -0.168478 -0.158153 -0.315804
v -0.187318 -0.177850 -0.326302
v -0.212672 -0.194505 -0.337729
v -0.243567 -0.207477 -0.349644
v -0.278814 -0.216268 -0.361591
v -0.317059 -0.220541 -0.373109
v -0.319367 0.015055 -0.298158
v -0.283340 0.002967 -0.281177
v -0.250138 -0.013026 -0.266857
v -0.221037 -0.032312 -0.255750
v -0.197153 -0.054148 -0.248282
v -0.179407 -0.077695 -0.244741
v -0.168478 -0.102049 -0.245263
v -0.164788 -0.126273 -0.249826
v -0.168478 -0.149436 -0.258257
v -0.179407 -0.170650 -0.270231
v -0.197153 -0.189097 -0.285288
v -0.221037 -0.204070 -0.302849
v -0.250138 -0.214992 -0.322239
v -0.283340 -0.221445 -0.342714
v -0.319367 -0.223180 -0.363486
v -0.323114 0.012623 -0.289289
v -0.290691 -0.001803 -0.263779
v -0.260810 -0.019952 -0.241600
v -0.234619 -0.041127 -0.223604
v -0.213125 -0.064513 -0.210483
v -0.197153 -0.089212 -0.202741
v -0.187318 -0.114275 -0.200675
v -0.183997 -0.138739 -0.204365
v -0.187318 -0.161663 -0.213670
v -0.197153 -0.182167 -0.228230
v -0.213125 -0.199462 -0.247488
v -0.234619 -0.212884 -0.270703
v -0.260810 -0.221918 -0.296982
v -0.290691 -0.226215 -0.325317
v -0.323114 -0.225612 -0.354617
v -0.328157 0.010491 -0.281516
v -0.300584 -0.005985 -0.248531
v -0.275172 -0.026023 -0.219463
v -0.252899 -0.048853 -0.195428
v -0.234619 -0.073598 -0.177352
v -0.221037 -0.099307 -0.165927
v -0.212672 -0.124992 -0.161594
v -0.209848 -0.149665 -0.164518
v -0.212672 -0.172380 -0.174588
v -0.221037 -0.192262 -0.191417
v -0.234619 -0.208547 -0.214357
v -0.252899 -0.220611 -0.242527
v -0.275172 -0.227988 -0.274845
v -0.300584 -0.230397 -0.310068
v -0.328157 -0.227743 -0.346843
v -0.334303 0.008742 -0.275136
v -0.312638 -0.009416 -0.236016
v -0.292673 -0.031005 -0.201295
v -0.275172 -0.055194 -0.172305
v -0.260810 -0.081054 -0.150161
v -0.250138 -0.107592 -0.135715
v -0.243567 -0.133787 -0.129521
v -0.241348 -0.158633 -0.131817
v -0.243567 -0.181175 -0.142515
v -0.250138 -0.200546 -0.161205
v -0.260810 -0.216003 -0.187166
v -0.275172 -0.226951 -0.219403
v -0.292673 -0.232970 -0.256677
v -0.312638 -0.233828 -0.297554
v -0.334303 -0.229493 -0.340464
v -0.341314 0.007442 -0.270395
v -0.326391 -0.011966 -0.226717
v -0.312638 -0.034707 -0.187795
v -0.300584 -0.059905 -0.155123
v -0.290691 -0.086594 -0.129957
v -0.283340 -0.113748 -0.113265
v -0.278814 -0.140322 -0.105688
v -0.277285 -0.165296 -0.107518
v -0.278814 -0.187710 -0.118683
v -0.283340 -0.206702 -0.138755
v -0.290691 -0.221544 -0.166962
v -0.300584 -0.231663 -0.202221
v -0.312638 -0.236672 -0.243177
v -0.326391 -0.236378 -0.288255
v -0.341314 -0.230793 -0.335723
v -0.348921 0.006642 -0.267476
v -0.341314 -0.013536 -0.220991
v -0.334303 -0.036986 -0.179481
v -0.328157 -0.062807 -0.144542
v -0.323114 -0.090006 -0.117515
v -0.319367 -0.117539 -0.099441
v -0.317059 -0.144346 -0.091012
v -0.316280 -0.169399 -0.092554
v -0.317059 -0.191734 -0.104007
v -0.319367 -0.210493 -0.124930
v -0.323114 -0.224955 -0.154521
v -0.328157 -0.234565 -0.191640
v -0.334303 -0.238952 -0.234863
v -0.341314 -0.237949 -0.282528
v -0.348921 -0.231593 -0.332804
v -0.356833 0.006371 -0.266490
v -0.356833 -0.014067 -0.219058
v -0.356833 -0.037756 -0.176674
v -0.356833 -0.063787 -0.140969
v -0.356833 -0.091158 -0.113314
v -0.356833 -0.118819 -0.094773
v -0.356833 -0.145705 -0.086057
v -0.356833 -0.170785 -0.087502
v -0.356833 -0.193093 -0.099051
v -0.356833 -0.211773 -0.120262
v -0.356833 -0.226107 -0.150320
v -0.356833 -0.235544 -0.188068
v -0.356833 -0.239722 -0.232056
v -0.356833 -0.238479 -0.280595
v -0.356833 -0.231864 -0.331818
v -0.364744 0.006642 -0.267476
v -0.372352 -0.013536 -0.220991
v -0.379363 -0.036986 -0.179481
v -0.385508 -0.062807 -0.144542
v -0.390551 -0.090006 -0.117515
v -0.394299 -0.117539 -0.099441
v -0.396606 -0.144346 -0.091012
v -0.397386 -0.169399 -0.092554
v -0.396606 -0.191734 -0.104007
v -0.394299 -0.210493 -0.124930
v -0.390551 -0.224955 -0.154521
v -0.385508 -0.234565 -0.191640
v -0.379363 -0.238952 -0.234863
v -0.372352 -0.237949 -0.282528
v -0.364744 -0.231593 -0.332804
v -0.372352 0.007442 -0.270395
v -0.387274 -0.011966 -0.226717
v -0.401027 -0.034707 -0.187795
v -0.413081 -0.059905 -0.155123
v -0.422974 -0.086594 -0.129957
v -0.430325 -0.113748 -0.113265
v -0.434852 -0.140322 -0.105688
v -0.436380 -0.165296 -0.107518
v -0.434852 -0.187710 -0.118683
v -0.430325 -0.206702 -0.138755
v -0.422974 -0.221544 -0.166962
v -0.413081 -0.231663 -0.202221
v -0.401027 -0.236672 -0.243177
v -0.387274 -0.236378 -0.288255
v -0.372352 -0.230793 -0.335723
v -0.379363 0.008742 -0.275136
v -0.401027 -0.009416 -0.236016
v -0.420993 -0.031005 -0.201295
v -0.438493 -0.055194 -0.172305
v -0.452855 -0.081054 -0.150161
v -0.463527 -0.107592 -0.135715
v -0.470099 -0.133787 -0.129521
v -0.472318 -0.158633 -0.131817
v -0.470099 -0.181175 -0.142515
v -0.463527 -0.200546 -0.161205
v -0.452855 -0.216003 -0.187167
v -0.438493 -0.226951 -0.219403
v -0.420993 -0.232970 -0.256677
v -0.401027 -0.233828 -0.297554
v -0.379363 -0.229493 -0.340464
v -0.385508 0.010491 -0.281516
v -0.413081 -0.005985 -0.248531
v -0.438493 -0.026023 -0.219463
v -0.460767 -0.048853 -0.195428
v -0.479046 -0.073598 -0.177352
v -0.492629 -0.099307 -0.165927
v -0.500993 -0.124992 -0.161594
v -0.503817 -0.149665 -0.164519
v -0.500993 -0.172380 -0.174588
v -0.492629 -0.192262 -0.191417
v -0.479046 -0.208547 -0.214357
v -0.460767 -0.220611 -0.242527
v -0.438493 -0.227988 -0.274845
v -0.413081 -0.230397 -0.310068
v -0.385508 -0.227743 -0.346843
v -0.390551 0.012623 -0.289289
v -0.422974 -0.001803 -0.263779
v -0.452855 -0.019952 -0.241600
v -0.479046 -0.041127 -0.223604
v -0.500540 -0.064513 -0.210483
v -0.516512 -0.089212 -0.202741
v -0.526347 -0.114275 -0.200675
v -0.529668 -0.138739 -0.204365
v -0.526347 -0.161663 -0.213670
v -0.516512 -0.182167 -0.228230
v -0.500540 -0.199462 -0.247488
v -0.479046 -0.212884 -0.270703
v -0.452855 -0.221918 -0.296982
v -0.422974 -0.226215 -0.325317
v -0.390551 -0.225612 -0.354617
v -0.394299 0.015055 -0.298158
v -0.430325 0.002967 -0.281177
v -0.463527 -0.013026 -0.266857
v -0.492629 -0.032312 -0.255750
v -0.516512 -0.054148 -0.248282
v -0.534259 -0.077695 -0.244741
v -0.545187 -0.102049 -0.245263
v -0.548877 -0.126273 -0.249826
v -0.545187 -0.149436 -0.258257
v -0.534259 -0.170650 -0.270231
v -0.516512 -0.189097 -0.285288
v -0.492629 -0.204070 -0.302849
v -0.463527 -0.214992 -0.322239
v -0.430325 -0.221445 -0.342714
v -0.394299 -0.223180 -0.363486
v -0.396606 0.017694 -0.307782
v -0.434852 0.008144 -0.300054
v -0.470099 -0.005511 -0.294262
v -0.500993 -0.022747 -0.290630
v -0.526347 -0.042901 -0.289297
v -0.545187 -0.065198 -0.290314
v -0.556789 -0.088782 -0.293643
v -0.560706 -0.112746 -0.299154
v -0.556789 -0.136170 -0.306637
v -0.545187 -0.158153 -0.315804
v -0.526347 -0.177850 -0.326302
v -0.500993 -0.194505 -0.337729
v -0.470099 -0.207477 -0.349644
v -0.434852 -0.216268 -0.361591
v -0.396606 -0.220541 -0.373109
v -0.397386 0.020438 -0.317790
v -0.436380 0.013527 -0.319685
v -0.472318 0.002304 -0.322763
v -0.503817 -0.012800 -0.326904
v -0.529668 -0.031204 -0.331951
v -0.548877 -0.052202 -0.337709
v -0.560706 -0.074985 -0.343956
v -0.564700 -0.098679 -0.350454
v -0.560706 -0.122373 -0.356951
v -0.548877 -0.145156 -0.363198
v -0.529668 -0.166154 -0.368956
v -0.503817 -0.184558 -0.374003
v -0.472318 -0.199662 -0.378145
v -0.436380 -0.210885 -0.381222
v -0.397386 -0.217796 -0.383117
v -0.396606 0.023183 -0.327798
v -0.434852 0.018910 -0.339316
v -0.470099 0.010119 -0.351263
v -0.500993 -0.002853 -0.363178
v -0.526347 -0.019508 -0.374605
v -0.545187 -0.039205 -0.385103
v -0.556789 -0.061188 -0.394270
v -0.560706 -0.084612 -0.401753
v -0.556789 -0.108576 -0.407265
v -0.545187 -0.132160 -0.410593
v -0.526347 -0.154457 -0.411610
v -0.500993 -0.174611 -0.410277
v -0.470099 -0.191847 -0.406645
v -0.434852 -0.205502 -0.400854
v -0.396606 -0.215052 -0.393126
v -0.394299 0.025822 -0.337421
v -0.430325 0.024087 -0.358193
v -0.463527 0.017634 -0.378668
v -0.492629 0.006711 -0.398059
v -0.516512 -0.008261 -0.415620
v -0.534259 -0.026709 -0.430676
v -0.545187 -0.047922 -0.442650
v -0.548877 -0.071085 -0.451081
v -0.545187 -0.095310 -0.455645
v -0.534259 -0.119663 -0.456166
v -0.516512 -0.143210 -0.452625
v -0.492629 -0.165046 -0.445157
v -0.463527 -0.184332 -0.434050
v -0.430325 -0.200326 -0.419731
v -0.394299 -0.212413 -0.402749
v -0.390551 0.028254 -0.346290
v -0.422974 0.028857 -0.375591
v -0.452855 0.024560 -0.403925
v -0.479046 0.015526 -0.430204
v -0.500540 0.002104 -0.453419
v -0.516512 -0.015191 -0.472677
v -0.526347 -0.035695 -0.487238
v -0.529668 -0.058619 -0.496542
v -0.526347 -0.083083 -0.500232
v -0.516512 -0.108146 -0.498166
v -0.500540 -0.132845 -0.490424
v -0.479046 -0.156231 -0.477303
v -0.452855 -0.177406 -0.459307
v -0.422974 -0.195555 -0.437128
v -0.390551 -0.209981 -0.411618
v -0.385508 0.030385 -0.354064
v -0.413081 0.033039 -0.390839
v -0.438493 0.030630 -0.426063
v -0.460766 0.023253 -0.458380
v -0.479046 0.011189 -0.486551
v -0.492629 -0.005097 -0.509491
v -0.500993 -0.024979 -0.526319
v -0.503817 -0.047693 -0.536389
v -0.500993 -0.072366 -0.539313
v -0.492629 -0.098051 -0.534980
v -0.479046 -0.123760 -0.523556
v -0.460766 -0.148505 -0.505479
v -0.438493 -0.171335 -0.481445
v -0.413081 -0.191374 -0.452377
v -0.385508 -0.207850 -0.419392
v -0.379363 0.032135 -0.360444
v -0.401027 0.036470 -0.403354
v -0.420993 0.035612 -0.444231
v -0.438493 0.029593 -0.481504
v -0.452855 0.018645 -0.513741
v -0.463527 0.003188 -0.539703
v -0.470099 -0.016184 -0.558392
v -0.472318 -0.038726 -0.569090
v -0.470099 -0.063571 -0.571386
v -0.463527 -0.089767 -0.565192
v -0.452855 -0.116304 -0.550746
v -0.438493 -0.142164 -0.528602
v -0.420993 -0.166354 -0.499613
v -0.401027 -0.187942 -0.464891
v -0.379363 -0.206100 -0.425771
v -0.372352 0.033435 -0.365184
v -0.387274 0.039020 -0.412653
v -0.401027 0.039314 -0.457731
v -0.413081 0.034305 -0.498686
v -0.422974 0.024185 -0.533945
v -0.430325 0.009344 -0.562152
v -0.434852 -0.009648 -0.582224
v -0.436380 -0.032062 -0.593390
v -0.434852 -0.057036 -0.595219
v -0.430325 -0.083610 -0.587642
v -0.422974 -0.110764 -0.570950
v -0.413081 -0.137453 -0.545785
v -0.401027 -0.162652 -0.513113
v -0.387274 -0.185392 -0.474190
v -0.372352 -0.204800 -0.430512
v -0.364744 0.034235 -0.368103
v -0.372352 0.040590 -0.418379
v -0.379363 0.041594 -0.466044
v -0.385508 0.037206 -0.509267
v -0.390551 0.027597 -0.546387
v -0.394299 0.013135 -0.575977
v -0.396606 -0.005624 -0.596900
v -0.397386 -0.027959 -0.608353
v -0.396606 -0.053012 -0.609895
v -0.394299 -0.079820 -0.601466
v -0.390551 -0.107352 -0.583392
v -0.385508 -0.134551 -0.556365
v -0.379363 -0.160372 -0.521426
v -0.372352 -0.183822 -0.479916
v -0.364744 -0.204000 -0.433431
v -0.356833 0.034505 -0.369089
v -0.356833 0.041121 -0.420312
v -0.356833 0.038186 -0.512840
v -0.356833 0.014415 -0.580645
v -0.356833 -0.078540 -0.606134
v -0.356833 -0.133572 -0.559938
v -0.356833 -0.159602 -0.524233
v -0.356833 -0.183292 -0.481850
v -0.356833 -0.203729 -0.434417
v 0.409249 0.038294 -2.540205
v 0.409249 0.059936 -2.707789
v 0.409249 0.044897 -2.798084
v 0.409249 0.008426 -2.854720
v 0.409249 -0.016218 -2.867479
v 0.409249 -0.043924 -2.869075
v 0.409249 -0.104182 -2.838964
v 0.409249 -0.230041 -2.613786
v 0.417989 0.050957 -2.596494
v 0.426392 0.057978 -2.652033
v 0.434138 0.059086 -2.704689
v 0.440926 0.054239 -2.752437
v 0.446498 0.043624 -2.793443
v 0.450637 0.027648 -2.826132
v 0.453187 0.006925 -2.849246
v 0.454048 -0.017749 -2.861898
v 0.453187 -0.045425 -2.863601
v 0.450637 -0.075039 -2.854290
v 0.446498 -0.105455 -2.834323
v 0.440926 -0.135502 -2.804467
v 0.434138 -0.164026 -2.765869
v 0.426392 -0.189931 -2.720013
v 0.417989 -0.212221 -2.668661
v 0.426392 0.050073 -2.593269
v 0.442877 0.056243 -2.645707
v 0.458070 0.056568 -2.695505
v 0.471387 0.051034 -2.740748
v 0.482315 0.039855 -2.779699
v 0.490436 0.023460 -2.810860
v 0.495436 0.002479 -2.833033
v 0.497125 -0.022282 -2.845368
v 0.495436 -0.049871 -2.847389
v 0.490436 -0.079227 -2.839018
v 0.482315 -0.109223 -2.820579
v 0.471387 -0.138707 -2.792778
v 0.458070 -0.166544 -2.756685
v 0.442877 -0.191665 -2.713687
v 0.426392 -0.213106 -2.665436
v 0.434138 0.048637 -2.588032
v 0.458070 0.053426 -2.635435
v 0.480126 0.052478 -2.680591
v 0.499459 0.045829 -2.721767
v 0.515325 0.033735 -2.757379
v 0.527114 0.016659 -2.786060
v 0.534374 -0.004741 -2.806706
v 0.536825 -0.029643 -2.818524
v 0.534374 -0.057090 -2.821061
v 0.527114 -0.086028 -2.814218
v 0.515325 -0.115344 -2.798259
v 0.499459 -0.143912 -2.773797
v 0.480126 -0.170634 -2.741772
v 0.458070 -0.194482 -2.703415
v 0.434138 -0.214542 -2.660199
v 0.440926 0.046704 -2.580984
v 0.471387 0.049635 -2.621610
v 0.499459 0.046975 -2.660521
v 0.524065 0.038825 -2.696223
v 0.544258 0.025498 -2.727342
v 0.559263 0.007507 -2.752684
v 0.568503 -0.014456 -2.771274
v 0.571623 -0.039549 -2.782399
v 0.568503 -0.066806 -2.785630
v 0.559263 -0.095180 -2.780843
v 0.544258 -0.123581 -2.768222
v 0.524065 -0.150916 -2.748253
v 0.499459 -0.176137 -2.721702
v 0.471387 -0.198273 -2.689590
v 0.440926 -0.216474 -2.653152
v 0.446498 0.044349 -2.572397
v 0.482315 0.045016 -2.604765
v 0.515325 0.040269 -2.636066
v 0.544258 0.030289 -2.665097
v 0.568003 0.015462 -2.690742
v 0.585647 -0.003645 -2.712016
v 0.596512 -0.026295 -2.728101
v 0.600180 -0.051620 -2.738380
v 0.596512 -0.078645 -2.742456
v 0.585647 -0.106332 -2.740174
v 0.568003 -0.133617 -2.731622
v 0.544258 -0.159452 -2.717127
v 0.515325 -0.182843 -2.697246
v 0.482315 -0.202892 -2.672745
v 0.446498 -0.218829 -2.644564
v 0.450637 0.041662 -2.562599
v 0.490436 0.039746 -2.585546
v 0.527114 0.032618 -2.608165
v 0.559263 0.020551 -2.629585
v 0.585647 0.004011 -2.648985
v 0.605252 -0.016368 -2.665618
v 0.617324 -0.039802 -2.678846
v 0.621401 -0.065391 -2.688159
v 0.617324 -0.092151 -2.693201
v 0.605252 -0.119055 -2.693776
v 0.585647 -0.145067 -2.689864
v 0.559263 -0.169189 -2.681615
v 0.527114 -0.190494 -2.669345
v 0.490436 -0.208163 -2.653526
v 0.450637 -0.221516 -2.634767
v 0.453187 0.038747 -2.551968
v 0.495436 0.034028 -2.564692
v 0.534374 0.024316 -2.577890
v 0.568503 0.009985 -2.591053
v 0.596512 -0.008413 -2.603676
v 0.617324 -0.030173 -2.615273
v 0.630140 -0.054457 -2.625400
v 0.634468 -0.080334 -2.633666
v 0.630140 -0.106807 -2.639755
v 0.617324 -0.132860 -2.643432
v 0.596512 -0.157492 -2.644556
v 0.568503 -0.179756 -2.643083
v 0.534374 -0.198796 -2.639071
v 0.495436 -0.213881 -2.632673
v 0.453187 -0.224431 -2.624135
v 0.454048 0.035716 -2.540912
v 0.497125 0.028081 -2.543006
v 0.536825 0.015682 -2.546406
v 0.571623 -0.001003 -2.550981
v 0.600180 -0.021334 -2.556556
v 0.621401 -0.044530 -2.562917
v 0.634468 -0.069699 -2.569818
v 0.638880 -0.095874 -2.576996
v 0.634468 -0.122048 -2.584173
v 0.621401 -0.147217 -2.591075
v 0.600180 -0.170413 -2.597436
v 0.571623 -0.190744 -2.603011
v 0.536825 -0.207429 -2.607586
v 0.497125 -0.219828 -2.610986
v 0.454048 -0.227463 -2.613080
v 0.453187 0.032684 -2.529856
v 0.495436 0.022134 -2.521319
v 0.534374 0.007049 -2.514921
v 0.568503 -0.011991 -2.510909
v 0.596512 -0.034255 -2.509436
v 0.617324 -0.058887 -2.510560
v 0.630140 -0.084940 -2.514237
v 0.634468 -0.111413 -2.520325
v 0.630140 -0.137290 -2.528592
v 0.617324 -0.161574 -2.538718
v 0.596512 -0.183334 -2.550316
v 0.568503 -0.201732 -2.562939
v 0.534374 -0.216063 -2.576102
v 0.495436 -0.225775 -2.589299
v 0.453187 -0.230494 -2.602024
v 0.450637 0.029769 -2.519225
v 0.490436 0.016416 -2.500465
v 0.527114 -0.001253 -2.484647
v 0.559263 -0.022558 -2.472377
v 0.585647 -0.046680 -2.464127
v 0.605252 -0.072692 -2.460215
v 0.617324 -0.099596 -2.460791
v 0.621401 -0.126356 -2.465833
v 0.617324 -0.151945 -2.475146
v 0.605252 -0.175379 -2.488374
v 0.585647 -0.195758 -2.505007
v 0.559263 -0.212298 -2.524406
v 0.527114 -0.224365 -2.545827
v 0.490436 -0.231493 -2.568446
v 0.450637 -0.233409 -2.591393
v 0.446498 0.027082 -2.509428
v 0.482315 0.011145 -2.481247
v 0.515325 -0.008904 -2.456745
v 0.544258 -0.032295 -2.436865
v 0.568003 -0.058130 -2.422370
v 0.585647 -0.085415 -2.413817
v 0.596512 -0.113102 -2.411535
v 0.600180 -0.140127 -2.415612
v 0.596512 -0.165452 -2.425890
v 0.585647 -0.188102 -2.441976
v 0.568003 -0.207209 -2.463250
v 0.544258 -0.222036 -2.488895
v 0.515325 -0.232016 -2.517926
v 0.482315 -0.236763 -2.549227
v 0.446498 -0.236096 -2.581595
v 0.440926 0.024727 -2.500840
v 0.471387 0.006526 -2.464401
v 0.499459 -0.015610 -2.432290
v 0.524064 -0.040831 -2.405739
v 0.544258 -0.068166 -2.385770
v 0.559263 -0.096567 -2.373149
v 0.568503 -0.124941 -2.368362
v 0.571623 -0.152198 -2.371593
v 0.568503 -0.177291 -2.382717
v 0.559263 -0.199254 -2.401308
v 0.544258 -0.217245 -2.426650
v 0.524064 -0.230571 -2.457769
v 0.499459 -0.238722 -2.493470
v 0.471387 -0.241382 -2.532382
v 0.440926 -0.238451 -2.573008
v 0.434138 0.022795 -2.493792
v 0.458070 0.002735 -2.450577
v 0.480126 -0.021113 -2.412220
v 0.499459 -0.047835 -2.380195
v 0.515325 -0.076403 -2.355733
v 0.527114 -0.105719 -2.339774
v 0.534374 -0.134657 -2.332931
v 0.536825 -0.162104 -2.335468
v 0.534374 -0.187006 -2.347286
v 0.527114 -0.208406 -2.367932
v 0.515325 -0.225482 -2.396612
v 0.499459 -0.237576 -2.432225
v 0.480126 -0.244225 -2.473400
v 0.458070 -0.245173 -2.518557
v 0.434138 -0.240384 -2.565960
v 0.426392 0.021359 -2.488555
v 0.442877 -0.000082 -2.440304
v 0.458070 -0.025203 -2.397306
v 0.471387 -0.053040 -2.361213
v 0.482315 -0.082523 -2.333413
v 0.490436 -0.112520 -2.314974
v 0.495436 -0.141876 -2.306603
v 0.497125 -0.169465 -2.308624
v 0.495436 -0.194226 -2.320958
v 0.490436 -0.215207 -2.343132
v 0.482315 -0.231602 -2.374293
v 0.471387 -0.242781 -2.413243
v 0.458070 -0.248315 -2.458487
v 0.442877 -0.247990 -2.508285
v 0.426392 -0.241820 -2.560723
v 0.417989 0.020474 -2.485331
v 0.426392 -0.001816 -2.433979
v 0.434138 -0.027721 -2.388123
v 0.440926 -0.056245 -2.349525
v 0.446498 -0.086292 -2.319669
v 0.450637 -0.116708 -2.299702
v 0.453187 -0.146322 -2.290391
v 0.454048 -0.173998 -2.292094
v 0.453187 -0.198672 -2.304746
v 0.450637 -0.219395 -2.327860
v 0.446498 -0.235371 -2.360548
v 0.440926 -0.245986 -2.401555
v 0.434138 -0.250833 -2.449303
v 0.426392 -0.249725 -2.501959
v 0.417989 -0.242704 -2.557498
v 0.409249 0.020176 -2.484241
v 0.409249 -0.002402 -2.431843
v 0.409249 -0.028572 -2.385022
v 0.409249 -0.057328 -2.345578
v 0.409249 -0.087565 -2.315028
v 0.409249 -0.118122 -2.294545
v 0.409249 -0.147823 -2.284916
v 0.409249 -0.175529 -2.286513
v 0.409249 -0.200173 -2.299272
v 0.409249 -0.220809 -2.322703
v 0.409249 -0.236643 -2.355907
v 0.409249 -0.247069 -2.397608
v 0.409249 -0.251683 -2.446202
v 0.409249 -0.250310 -2.499823
v 0.409249 -0.243003 -2.556409
v 0.400509 0.020474 -2.485331
v 0.392105 -0.001816 -2.433979
v 0.384360 -0.027721 -2.388123
v 0.377571 -0.056245 -2.349525
v 0.372000 -0.086292 -2.319669
v 0.367860 -0.116708 -2.299702
v 0.365311 -0.146322 -2.290391
v 0.364450 -0.173998 -2.292094
v 0.365311 -0.198672 -2.304746
v 0.367860 -0.219395 -2.327860
v 0.372000 -0.235371 -2.360548
v 0.377571 -0.245986 -2.401555
v 0.384360 -0.250833 -2.449303
v 0.392105 -0.249725 -2.501959
v 0.400509 -0.242704 -2.557498
v 0.392105 0.021359 -2.488555
v 0.375620 -0.000082 -2.440304
v 0.360427 -0.025203 -2.397306
v 0.347111 -0.053040 -2.361213
v 0.336182 -0.082523 -2.333413
v 0.328062 -0.112520 -2.314974
v 0.323061 -0.141876 -2.306603
v 0.321372 -0.169465 -2.308624
v 0.323061 -0.194226 -2.320958
v 0.328062 -0.215207 -2.343132
v 0.336182 -0.231602 -2.374293
v 0.347111 -0.242781 -2.413243
v 0.360427 -0.248315 -2.458487
v 0.375620 -0.247990 -2.508285
v 0.392105 -0.241820 -2.560723
v 0.384360 0.022795 -2.493792
v 0.360427 0.002735 -2.450577
v 0.338371 -0.021113 -2.412220
v 0.319038 -0.047835 -2.380195
v 0.303173 -0.076403 -2.355733
v 0.291383 -0.105719 -2.339774
v 0.284124 -0.134657 -2.332931
v 0.281672 -0.162104 -2.335468
v 0.284124 -0.187006 -2.347286
v 0.291383 -0.208406 -2.367932
v 0.303173 -0.225482 -2.396612
v 0.319038 -0.237576 -2.432225
v 0.338371 -0.244225 -2.473400
v 0.360427 -0.245173 -2.518557
v 0.384360 -0.240384 -2.565960
v 0.377571 0.024727 -2.500840
v 0.347111 0.006526 -2.464401
v 0.319039 -0.015610 -2.432290
v 0.294433 -0.040831 -2.405739
v 0.274240 -0.068166 -2.385770
v 0.259235 -0.096567 -2.373149
v 0.249995 -0.124941 -2.368362
v 0.246875 -0.152198 -2.371593
v 0.249995 -0.177291 -2.382717
v 0.259235 -0.199254 -2.401308
v 0.274240 -0.217245 -2.426650
v 0.294433 -0.230571 -2.457769
v 0.319039 -0.238722 -2.493471
v 0.347111 -0.241382 -2.532382
v 0.377571 -0.238451 -2.573008
v 0.372000 0.027082 -2.509428
v 0.336182 0.011145 -2.481247
v 0.303173 -0.008904 -2.456745
v 0.274240 -0.032295 -2.436865
v 0.250495 -0.058130 -2.422370
v 0.232851 -0.085415 -2.413817
v 0.221986 -0.113102 -2.411536
v 0.218317 -0.140127 -2.415612
v 0.221986 -0.165452 -2.425890
v 0.232851 -0.188102 -2.441976
v 0.250495 -0.207209 -2.463250
v 0.274240 -0.222036 -2.488895
v 0.303173 -0.232016 -2.517926
v 0.336182 -0.236763 -2.549227
v 0.372000 -0.236096 -2.581595
v 0.367860 0.029769 -2.519225
v 0.328062 0.016416 -2.500465
v 0.291383 -0.001253 -2.484647
v 0.259235 -0.022558 -2.472377
v 0.232851 -0.046680 -2.464127
v 0.213246 -0.072692 -2.460215
v 0.201173 -0.099596 -2.460791
v 0.197097 -0.126356 -2.465833
v 0.201173 -0.151945 -2.475146
v 0.213246 -0.175379 -2.488374
v 0.232851 -0.195758 -2.505007
v 0.259235 -0.212298 -2.524407
v 0.291383 -0.224365 -2.545827
v 0.328062 -0.231493 -2.568446
v 0.367860 -0.233409 -2.591393
v 0.365311 0.032684 -2.529856
v 0.323061 0.022134 -2.521319
v 0.284124 0.007049 -2.514921
v 0.249995 -0.011991 -2.510909
v 0.221986 -0.034255 -2.509436
v 0.201173 -0.058887 -2.510560
v 0.188357 -0.084940 -2.514237
v 0.184030 -0.111413 -2.520325
v 0.188357 -0.137290 -2.528592
v 0.201173 -0.161574 -2.538718
v 0.221986 -0.183334 -2.550316
v 0.249995 -0.201732 -2.562939
v 0.284124 -0.216063 -2.576102
v 0.323061 -0.225775 -2.589299
v 0.365311 -0.230494 -2.602024
v 0.364450 0.035716 -2.540912
v 0.321372 0.028081 -2.543006
v 0.281672 0.015682 -2.546406
v 0.246875 -0.001003 -2.550981
v 0.218317 -0.021334 -2.556556
v 0.197097 -0.044530 -2.562917
v 0.184029 -0.069699 -2.569818
v 0.179617 -0.095873 -2.576996
v 0.184029 -0.122048 -2.584173
v 0.197097 -0.147217 -2.591075
v 0.218317 -0.170413 -2.597436
v 0.246875 -0.190744 -2.603011
v 0.281672 -0.207429 -2.607586
v 0.321372 -0.219828 -2.610986
v 0.364450 -0.227463 -2.613080
v 0.365311 0.038747 -2.551968
v 0.323061 0.034028 -2.564692
v 0.284124 0.024316 -2.577890
v 0.249995 0.009985 -2.591053
v 0.221986 -0.008413 -2.603676
v 0.201173 -0.030173 -2.615273
v 0.188357 -0.054457 -2.625400
v 0.184030 -0.080334 -2.633667
v 0.188357 -0.106807 -2.639755
v 0.201173 -0.132860 -2.643432
v 0.221986 -0.157492 -2.644556
v 0.249995 -0.179756 -2.643083
v 0.284124 -0.198796 -2.639071
v 0.323061 -0.213881 -2.632673
v 0.365311 -0.224431 -2.624135
v 0.367860 0.041662 -2.562599
v 0.328062 0.039746 -2.585546
v 0.291383 0.032618 -2.608165
v 0.259235 0.020551 -2.629585
v 0.232851 0.004011 -2.648985
v 0.213246 -0.016368 -2.665618
v 0.201173 -0.039802 -2.678846
v 0.197097 -0.065391 -2.688159
v 0.201173 -0.092151 -2.693201
v 0.213246 -0.119055 -2.693776
v 0.232851 -0.145067 -2.689864
v 0.259235 -0.169189 -2.681615
v 0.291383 -0.190494 -2.669345
v 0.328062 -0.208163 -2.653526
v 0.367860 -0.221516 -2.634767
v 0.372000 0.044349 -2.572397
v 0.336182 0.045016 -2.604765
v 0.303173 0.040269 -2.636066
v 0.274240 0.030289 -2.665097
v 0.250495 0.015462 -2.690742
v 0.232851 -0.003645 -2.712016
v 0.221986 -0.026295 -2.728101
v 0.218317 -0.051620 -2.738380
v 0.221986 -0.078645 -2.742456
v 0.232851 -0.106332 -2.740174
v 0.250495 -0.133617 -2.731622
v 0.274240 -0.159452 -2.717126
v 0.303173 -0.182843 -2.697246
v 0.336182 -0.202892 -2.672745
v 0.372000 -0.218829 -2.644564
v 0.377571 0.046704 -2.580984
v 0.347111 0.049635 -2.621610
v 0.319039 0.046975 -2.660521
v 0.294433 0.038824 -2.696223
v 0.274240 0.025498 -2.727342
v 0.259235 0.007507 -2.752684
v 0.249995 -0.014456 -2.771274
v 0.246875 -0.039549 -2.782399
v 0.249995 -0.066806 -2.785629
v 0.259235 -0.095180 -2.780843
v 0.274240 -0.123581 -2.768222
v 0.294433 -0.150916 -2.748253
v 0.319039 -0.176137 -2.721702
v 0.347111 -0.198273 -2.689590
v 0.377571 -0.216474 -2.653152
v 0.384360 0.048637 -2.588032
v 0.360427 0.053426 -2.635434
v 0.338371 0.052478 -2.680591
v 0.319039 0.045829 -2.721767
v 0.303173 0.033735 -2.757379
v 0.291383 0.016659 -2.786060
v 0.284124 -0.004741 -2.806705
v 0.281672 -0.029643 -2.818524
v 0.284124 -0.057090 -2.821061
v 0.291383 -0.086028 -2.814218
v 0.303173 -0.115344 -2.798259
v 0.319039 -0.143912 -2.773797
v 0.338371 -0.170634 -2.741772
v 0.360427 -0.194482 -2.703415
v 0.384360 -0.214542 -2.660199
v 0.392105 0.050073 -2.593269
v 0.375620 0.056243 -2.645707
v 0.360427 0.056568 -2.695505
v 0.347111 0.051034 -2.740748
v 0.336182 0.039855 -2.779699
v 0.328062 0.023460 -2.810860
v 0.323061 0.002479 -2.833033
v 0.321373 -0.022282 -2.845367
v 0.323061 -0.049871 -2.847388
v 0.328062 -0.079227 -2.839018
v 0.336182 -0.109224 -2.820579
v 0.347111 -0.138707 -2.792778
v 0.360427 -0.166544 -2.756685
v 0.375620 -0.191665 -2.713687
v 0.392105 -0.213106 -2.665436
v 0.400509 0.050957 -2.596494
v 0.392105 0.057978 -2.652033
v 0.384360 0.059086 -2.704688
v 0.377571 0.054239 -2.752437
v 0.372000 0.043624 -2.793443
v 0.367860 0.027648 -2.826132
v 0.365311 0.006925 -2.849246
v 0.364450 -0.017749 -2.861897
v 0.365311 -0.045425 -2.863601
v 0.367860 -0.075039 -2.854290
v 0.372000 -0.105455 -2.834323
v 0.377571 -0.135502 -2.804467
v 0.384360 -0.164026 -2.765869
v 0.392105 -0.189931 -2.720013
v 0.400509 -0.212221 -2.668661
v 0.409249 0.051256 -2.597583
v 0.409249 0.058563 -2.654169
v 0.409249 0.055322 -2.756384
v 0.409249 0.029062 -2.831288
v 0.409249 -0.073625 -2.859447
v 0.409249 -0.134419 -2.808414
v 0.409249 -0.163175 -2.768970
v 0.409249 -0.189345 -2.722149
v 0.409249 -0.211923 -2.669750
v -0.382715 0.063870 -2.561588
v -0.382715 0.085513 -2.729172
v -0.382715 0.070473 -2.819467
v -0.382715 0.034002 -2.876103
v -0.382715 0.009358 -2.888862
v -0.382715 -0.018348 -2.890458
v -0.382715 -0.078606 -2.860347
v -0.382715 -0.204464 -2.635169
v -0.373975 0.076533 -2.617877
v -0.365571 0.083554 -2.673416
v -0.357826 0.084662 -2.726071
v -0.351037 0.079815 -2.773820
v -0.345466 0.069200 -2.814826
v -0.341326 0.053224 -2.847515
v -0.338776 0.032501 -2.870629
v -0.337916 0.007827 -2.883281
v -0.338776 -0.019849 -2.884984
v -0.341326 -0.049463 -2.875673
v -0.345466 -0.079878 -2.855706
v -0.351037 -0.109925 -2.825850
v -0.357826 -0.138450 -2.787252
v -0.365571 -0.164355 -2.741396
v -0.373975 -0.186645 -2.690044
v -0.365571 0.075649 -2.614652
v -0.349086 0.081819 -2.667090
v -0.333893 0.082144 -2.716888
v -0.320577 0.076610 -2.762131
v -0.309648 0.065431 -2.801082
v -0.301528 0.049036 -2.832243
v -0.296527 0.028055 -2.854416
v -0.294838 0.003294 -2.866750
v -0.296527 -0.024294 -2.868771
v -0.301528 -0.053651 -2.860401
v -0.309648 -0.083647 -2.841961
v -0.320577 -0.113131 -2.814161
v -0.333893 -0.140968 -2.778068
v -0.349086 -0.166089 -2.735070
v -0.365571 -0.187529 -2.686819
v -0.357826 0.074213 -2.609415
v -0.333893 0.079002 -2.656817
v -0.311837 0.078054 -2.701974
v -0.292504 0.071405 -2.743150
v -0.276639 0.059311 -2.778762
v -0.264849 0.042235 -2.807442
v -0.257589 0.020836 -2.828089
v -0.255138 -0.004067 -2.839907
v -0.257589 -0.031514 -2.842443
v -0.264849 -0.060452 -2.835601
v -0.276639 -0.089768 -2.819642
v -0.292504 -0.118336 -2.795180
v -0.311837 -0.145057 -2.763155
v -0.333893 -0.168906 -2.724798
v -0.357826 -0.188965 -2.681582
v -0.351037 0.072280 -2.602367
v -0.320577 0.075211 -2.642993
v -0.292504 0.072551 -2.681904
v -0.267899 0.064401 -2.717605
v -0.247705 0.051074 -2.748725
v -0.232700 0.033083 -2.774067
v -0.223460 0.011120 -2.792657
v -0.220340 -0.013973 -2.803782
v -0.223460 -0.041230 -2.807012
v -0.232700 -0.069604 -2.802225
v -0.247705 -0.098004 -2.789605
v -0.267899 -0.125340 -2.769635
v -0.292504 -0.150561 -2.743085
v -0.320577 -0.172697 -2.710973
v -0.351037 -0.190898 -2.674535
v -0.345466 0.069925 -2.593779
v -0.309648 0.070592 -2.626148
v -0.276639 0.065845 -2.657449
v -0.247705 0.055865 -2.686479
v -0.223961 0.041038 -2.712125
v -0.206317 0.021932 -2.733399
v -0.195451 -0.000719 -2.749484
v -0.191783 -0.026043 -2.759763
v -0.195451 -0.053068 -2.763839
v -0.206317 -0.080756 -2.761557
v -0.223961 -0.108041 -2.753004
v -0.247705 -0.133875 -2.738509
v -0.276639 -0.157267 -2.718629
v -0.309648 -0.177316 -2.694128
v -0.345466 -0.193253 -2.665947
v -0.341326 0.067239 -2.583982
v -0.301528 0.065322 -2.606929
v -0.264849 0.058194 -2.629547
v -0.232700 0.046128 -2.650968
v -0.206317 0.029587 -2.670368
v -0.186712 0.009209 -2.687001
v -0.174639 -0.014226 -2.700228
v -0.170563 -0.039815 -2.709542
v -0.174639 -0.066575 -2.714583
v -0.186712 -0.093479 -2.715159
v -0.206317 -0.119491 -2.711247
v -0.232700 -0.143613 -2.702998
v -0.264849 -0.164918 -2.690728
v -0.301528 -0.182586 -2.674909
v -0.341326 -0.195940 -2.656149
v -0.338776 0.064323 -2.573351
v -0.296527 0.059604 -2.586075
v -0.257589 0.049892 -2.599273
v -0.223460 0.035562 -2.612436
v -0.195452 0.017163 -2.625059
v -0.174639 -0.004597 -2.636656
v -0.161823 -0.028881 -2.646783
v -0.157495 -0.054757 -2.655049
v -0.161823 -0.081231 -2.661138
v -0.174639 -0.107284 -2.664814
v -0.195452 -0.131916 -2.665938
v -0.223460 -0.154179 -2.664466
v -0.257589 -0.173220 -2.660453
v -0.296527 -0.188305 -2.654056
v -0.338776 -0.198855 -2.645518
v -0.337916 0.061292 -2.562295
v -0.294838 0.053657 -2.564389
v -0.255138 0.041259 -2.567788
v -0.220340 0.024573 -2.572364
v -0.191783 0.004242 -2.577939
v -0.170563 -0.018954 -2.584300
v -0.157495 -0.044123 -2.591201
v -0.153083 -0.070297 -2.598379
v -0.157495 -0.096472 -2.605556
v -0.170563 -0.121641 -2.612458
v -0.191783 -0.144837 -2.618819
v -0.220340 -0.165168 -2.624394
v -0.255138 -0.181853 -2.628969
v -0.294838 -0.194252 -2.632369
v -0.337916 -0.201886 -2.634462
v -0.338776 0.058260 -2.551239
v -0.296527 0.047710 -2.542702
v -0.257589 0.032625 -2.536304
v -0.223460 0.013585 -2.532292
v -0.195452 -0.008679 -2.530819
v -0.174639 -0.033311 -2.531943
v -0.161823 -0.059364 -2.535619
v -0.157495 -0.085837 -2.541708
v -0.161823 -0.111713 -2.549974
v -0.174639 -0.135998 -2.560101
v -0.195452 -0.157758 -2.571699
v -0.223460 -0.176156 -2.584321
v -0.257589 -0.190487 -2.597485
v -0.296527 -0.200198 -2.610682
v -0.338776 -0.204918 -2.623407
v -0.341326 0.055345 -2.540608
v -0.301528 0.041992 -2.521848
v -0.264849 0.024323 -2.506029
v -0.232700 0.003019 -2.493759
v -0.206317 -0.021104 -2.485510
v -0.186712 -0.047116 -2.481598
v -0.174639 -0.074020 -2.482174
v -0.170563 -0.100780 -2.487216
v -0.174639 -0.126369 -2.496529
v -0.186712 -0.149803 -2.509757
v -0.206317 -0.170182 -2.526390
v -0.232700 -0.186722 -2.545789
v -0.264849 -0.198788 -2.567210
v -0.301528 -0.205917 -2.589828
v -0.341326 -0.207833 -2.612776
v -0.345466 0.052658 -2.530810
v -0.309648 0.036722 -2.502630
v -0.276639 0.016672 -2.478128
v -0.247705 -0.006719 -2.458248
v -0.223961 -0.032554 -2.443753
v -0.206317 -0.059839 -2.435200
v -0.195452 -0.087526 -2.432918
v -0.191783 -0.114551 -2.436995
v -0.195452 -0.139876 -2.447273
v -0.206317 -0.162526 -2.463358
v -0.223961 -0.181632 -2.484632
v -0.247705 -0.196460 -2.510278
v -0.276639 -0.206439 -2.539309
v -0.309648 -0.211187 -2.570610
v -0.345466 -0.210520 -2.602978
v -0.351037 0.050303 -2.522223
v -0.320577 0.032102 -2.485784
v -0.292504 0.009966 -2.453673
v -0.267899 -0.015254 -2.427122
v -0.247705 -0.042590 -2.407153
v -0.232700 -0.070991 -2.394532
v -0.223460 -0.099365 -2.389745
v -0.220341 -0.126622 -2.392976
v -0.223460 -0.151714 -2.404100
v -0.232700 -0.173678 -2.422690
v -0.247705 -0.191669 -2.448032
v -0.267899 -0.204995 -2.479152
v -0.292504 -0.213145 -2.514853
v -0.320577 -0.215806 -2.553765
v -0.351037 -0.212875 -2.594390
v -0.357826 0.048371 -2.515175
v -0.333893 0.028311 -2.471960
v -0.311837 0.004463 -2.433603
v -0.292504 -0.022259 -2.401577
v -0.276639 -0.050827 -2.377115
v -0.264849 -0.080143 -2.361156
v -0.257589 -0.109081 -2.354314
v -0.255138 -0.136528 -2.356851
v -0.257589 -0.161430 -2.368669
v -0.264849 -0.182830 -2.389315
v -0.276639 -0.199905 -2.417995
v -0.292504 -0.212000 -2.453607
v -0.311837 -0.218649 -2.494783
v -0.333893 -0.219597 -2.539940
v -0.357826 -0.214807 -2.587343
v -0.365571 0.046935 -2.509938
v -0.349086 0.025495 -2.461687
v -0.333893 0.000373 -2.418689
v -0.320577 -0.027464 -2.382596
v -0.309648 -0.056947 -2.354796
v -0.301528 -0.086944 -2.336356
v -0.296527 -0.116300 -2.327986
v -0.294838 -0.143889 -2.330007
v -0.296527 -0.168650 -2.342341
v -0.301528 -0.189631 -2.364515
v -0.309648 -0.206026 -2.395676
v -0.320577 -0.217205 -2.434626
v -0.333893 -0.222739 -2.479870
v -0.349086 -0.222414 -2.529667
v -0.365571 -0.216243 -2.582106
v -0.373975 0.046050 -2.506713
v -0.365571 0.023760 -2.455361
v -0.357826 -0.002145 -2.409505
v -0.351037 -0.030669 -2.370908
v -0.345466 -0.060716 -2.341052
v -0.341326 -0.091131 -2.321084
v -0.338776 -0.120746 -2.311774
v -0.337916 -0.148422 -2.313477
v -0.338776 -0.173095 -2.326128
v -0.341326 -0.193819 -2.349243
v -0.345466 -0.209795 -2.381931
v -0.351037 -0.220410 -2.422938
v -0.357826 -0.225257 -2.470686
v -0.365571 -0.224149 -2.523342
v -0.373975 -0.217128 -2.578881
v -0.382715 0.045752 -2.505624
v -0.382715 0.023174 -2.453225
v -0.382715 -0.002995 -2.406404
v -0.382715 -0.031752 -2.366961
v -0.382715 -0.061989 -2.336411
v -0.382715 -0.092545 -2.315928
v -0.382715 -0.122247 -2.306299
v -0.382715 -0.149952 -2.307895
v -0.382715 -0.174597 -2.320654
v -0.382715 -0.195233 -2.344086
v -0.382715 -0.211067 -2.377290
v -0.382715 -0.221492 -2.418991
v -0.382715 -0.226107 -2.467585
v -0.382715 -0.224734 -2.521206
v -0.382715 -0.217426 -2.577792
v -0.391454 0.046050 -2.506713
v -0.399858 0.023760 -2.455361
v -0.407604 -0.002145 -2.409505
v -0.414392 -0.030669 -2.370908
v -0.419963 -0.060716 -2.341052
v -0.424103 -0.091131 -2.321084
v -0.426653 -0.120746 -2.311774
v -0.427514 -0.148422 -2.313477
v -0.426653 -0.173095 -2.326129
v -0.424103 -0.193819 -2.349243
v -0.419963 -0.209795 -2.381931
v -0.414392 -0.220410 -2.422938
v -0.407604 -0.225257 -2.470686
v -0.399858 -0.224149 -2.523342
v -0.391454 -0.217128 -2.578881
v -0.399858 0.046935 -2.509938
v -0.416343 0.025495 -2.461687
v -0.431536 0.000373 -2.418689
v -0.444852 -0.027464 -2.382596
v -0.455781 -0.056947 -2.354796
v -0.463902 -0.086944 -2.336356
v -0.468902 -0.116300 -2.327986
v -0.470591 -0.143889 -2.330007
v -0.468902 -0.168650 -2.342341
v -0.463902 -0.189631 -2.364515
v -0.455781 -0.206026 -2.395676
v -0.444852 -0.217205 -2.434626
v -0.431536 -0.222739 -2.479870
v -0.416343 -0.222414 -2.529667
v -0.399858 -0.216243 -2.582106
v -0.407603 0.048371 -2.515175
v -0.431536 0.028311 -2.471960
v -0.453592 0.004463 -2.433603
v -0.472925 -0.022259 -2.401577
v -0.488791 -0.050827 -2.377115
v -0.500580 -0.080143 -2.361156
v -0.507840 -0.109081 -2.354314
v -0.510291 -0.136528 -2.356851
v -0.507840 -0.161430 -2.368669
v -0.500580 -0.182830 -2.389315
v -0.488791 -0.199905 -2.417995
v -0.472925 -0.212000 -2.453607
v -0.453592 -0.218649 -2.494783
v -0.431536 -0.219597 -2.539940
v -0.407603 -0.214807 -2.587343
v -0.414392 0.050303 -2.522223
v -0.444852 0.032102 -2.485784
v -0.472925 0.009966 -2.453673
v -0.497530 -0.015254 -2.427122
v -0.517724 -0.042590 -2.407153
v -0.532729 -0.070991 -2.394532
v -0.541969 -0.099365 -2.389745
v -0.545089 -0.126622 -2.392976
v -0.541969 -0.151714 -2.404100
v -0.532729 -0.173678 -2.422690
v -0.517724 -0.191669 -2.448032
v -0.497530 -0.204995 -2.479152
v -0.472925 -0.213145 -2.514853
v -0.444852 -0.215806 -2.553765
v -0.414392 -0.212875 -2.594390
v -0.419963 0.052658 -2.530810
v -0.455781 0.036722 -2.502630
v -0.488790 0.016672 -2.478128
v -0.517724 -0.006719 -2.458248
v -0.541468 -0.032554 -2.443753
v -0.559112 -0.059839 -2.435200
v -0.569978 -0.087526 -2.432918
v -0.573646 -0.114551 -2.436995
v -0.569978 -0.139876 -2.447273
v -0.559112 -0.162526 -2.463358
v -0.541468 -0.181632 -2.484633
v -0.517724 -0.196460 -2.510278
v -0.488790 -0.206439 -2.539309
v -0.455781 -0.211187 -2.570610
v -0.419963 -0.210520 -2.602978
v -0.424103 0.055345 -2.540608
v -0.463902 0.041992 -2.521848
v -0.500580 0.024323 -2.506029
v -0.532729 0.003019 -2.493759
v -0.559112 -0.021103 -2.485510
v -0.578717 -0.047116 -2.481598
v -0.590790 -0.074020 -2.482174
v -0.594866 -0.100780 -2.487216
v -0.590790 -0.126369 -2.496529
v -0.578717 -0.149803 -2.509757
v -0.559112 -0.170182 -2.526390
v -0.532729 -0.186722 -2.545789
v -0.500580 -0.198788 -2.567210
v -0.463902 -0.205917 -2.589828
v -0.424103 -0.207833 -2.612776
v -0.426653 0.058260 -2.551239
v -0.468902 0.047710 -2.542702
v -0.507840 0.032625 -2.536304
v -0.541969 0.013585 -2.532292
v -0.569978 -0.008679 -2.530819
v -0.590790 -0.033311 -2.531943
v -0.603606 -0.059364 -2.535620
v -0.607934 -0.085837 -2.541708
v -0.603606 -0.111713 -2.549975
v -0.590790 -0.135998 -2.560101
v -0.569978 -0.157758 -2.571699
v -0.541969 -0.176156 -2.584321
v -0.507840 -0.190487 -2.597485
v -0.468902 -0.200198 -2.610682
v -0.426653 -0.204918 -2.623407
v -0.427513 0.061292 -2.562295
v -0.470591 0.053657 -2.564389
v -0.510291 0.041259 -2.567788
v -0.545089 0.024573 -2.572364
v -0.573646 0.004242 -2.577939
v -0.594866 -0.018954 -2.584300
v -0.607934 -0.044123 -2.591201
v -0.612346 -0.070297 -2.598379
v -0.607934 -0.096472 -2.605556
v -0.594866 -0.121641 -2.612458
v -0.573646 -0.144837 -2.618819
v -0.545089 -0.165168 -2.624394
v -0.510291 -0.181853 -2.628969
v -0.470591 -0.194252 -2.632369
v -0.427513 -0.201886 -2.634462
v -0.426653 0.064323 -2.573351
v -0.468902 0.059604 -2.586075
v -0.507840 0.049892 -2.599273
v -0.541969 0.035562 -2.612436
v -0.569977 0.017163 -2.625059
v -0.590790 -0.004597 -2.636656
v -0.603606 -0.028881 -2.646783
v -0.607934 -0.054757 -2.655049
v -0.603606 -0.081231 -2.661138
v -0.590790 -0.107284 -2.664814
v -0.569977 -0.131916 -2.665938
v -0.541969 -0.154179 -2.664466
v -0.507840 -0.173220 -2.660454
v -0.468902 -0.188305 -2.654056
v -0.426653 -0.198855 -2.645518
v -0.424103 0.067239 -2.583982
v -0.463902 0.065322 -2.606929
v -0.500580 0.058194 -2.629547
v -0.532729 0.046128 -2.650968
v -0.559112 0.029587 -2.670368
v -0.578717 0.009209 -2.687001
v -0.590790 -0.014226 -2.700228
v -0.594866 -0.039815 -2.709542
v -0.590790 -0.066575 -2.714583
v -0.578717 -0.093479 -2.715159
v -0.559112 -0.119491 -2.711247
v -0.532729 -0.143613 -2.702998
v -0.500580 -0.164918 -2.690728
v -0.463902 -0.182586 -2.674909
v -0.424103 -0.195940 -2.656149
v -0.419963 0.069925 -2.593779
v -0.455781 0.070592 -2.626148
v -0.488790 0.065845 -2.657449
v -0.517724 0.055865 -2.686479
v -0.541468 0.041038 -2.712125
v -0.559112 0.021932 -2.733399
v -0.569977 -0.000719 -2.749484
v -0.573646 -0.026043 -2.759763
v -0.569977 -0.053068 -2.763839
v -0.559112 -0.080756 -2.761557
v -0.541468 -0.108041 -2.753004
v -0.517724 -0.133876 -2.738509
v -0.488790 -0.157267 -2.718629
v -0.455781 -0.177316 -2.694128
v -0.419963 -0.193253 -2.665947
v -0.414392 0.072280 -2.602367
v -0.444852 0.075211 -2.642993
v -0.472925 0.072551 -2.681904
v -0.497530 0.064401 -2.717605
v -0.517724 0.051074 -2.748725
v -0.532729 0.033083 -2.774067
v -0.541969 0.011120 -2.792657
v -0.545088 -0.013973 -2.803782
v -0.541969 -0.041230 -2.807012
v -0.532729 -0.069604 -2.802225
v -0.517724 -0.098004 -2.789605
v -0.497530 -0.125340 -2.769635
v -0.472925 -0.150561 -2.743085
v -0.444852 -0.172697 -2.710973
v -0.414392 -0.190898 -2.674535
v -0.407603 0.074213 -2.609415
v -0.431536 0.079002 -2.656817
v -0.453592 0.078054 -2.701974
v -0.472925 0.071405 -2.743150
v -0.488790 0.059311 -2.778762
v -0.500580 0.042235 -2.807442
v -0.507840 0.020836 -2.828088
v -0.510291 -0.004067 -2.839907
v -0.507840 -0.031514 -2.842443
v -0.500580 -0.060452 -2.835601
v -0.488790 -0.089768 -2.819642
v -0.472925 -0.118336 -2.795180
v -0.453592 -0.145057 -2.763155
v -0.431536 -0.168906 -2.724798
v -0.407603 -0.188965 -2.681582
v -0.399858 0.075649 -2.614652
v -0.416343 0.081819 -2.667090
v -0.431536 0.082144 -2.716887
v -0.444852 0.076610 -2.762131
v -0.455781 0.065431 -2.801082
v -0.463902 0.049036 -2.832242
v -0.468902 0.028055 -2.854416
v -0.470591 0.003294 -2.866750
v -0.468902 -0.024294 -2.868771
v -0.463902 -0.053651 -2.860401
v -0.455781 -0.083647 -2.841961
v -0.444852 -0.113131 -2.814161
v -0.431536 -0.140968 -2.778068
v -0.416343 -0.166089 -2.735070
v -0.399858 -0.187529 -2.686819
v -0.391454 0.076533 -2.617877
v -0.399858 0.083554 -2.673416
v -0.407603 0.084662 -2.726071
v -0.414392 0.079815 -2.773820
v -0.419963 0.069200 -2.814826
v -0.424103 0.053224 -2.847514
v -0.426653 0.032501 -2.870629
v -0.427513 0.007827 -2.883280
v -0.426653 -0.019849 -2.884984
v -0.424103 -0.049463 -2.875673
v -0.419963 -0.079878 -2.855706
v -0.414392 -0.109925 -2.825850
v -0.407603 -0.138450 -2.787252
v -0.399858 -0.164355 -2.741396
v -0.391454 -0.186645 -2.690044
v -0.382715 0.076832 -2.618965
v -0.382715 0.084140 -2.675552
v -0.382715 0.080898 -2.777766
v -0.382715 0.054638 -2.852671
v -0.382715 -0.048049 -2.880829
v -0.382715 -0.108843 -2.829796
v -0.382714 -0.137599 -2.790353
v -0.382715 -0.163769 -2.743532
v -0.382715 -0.186347 -2.691133
v -0.382715 -0.186347 -2.691133
v -0.382715 -0.186347 -2.691133
v -0.382715 -0.186347 -2.691133
v -0.382715 -0.186347 -2.691133
v -0.382715 -0.186347 -2.691133
v -0.382715 -0.186347 -2.691133
vt 0.750000 0.125000
vt 0.750000 0.187500
vt 0.718750 0.187500
vt 0.718750 0.125000
vt 0.750000 0.562500
vt 0.750000 0.625000
vt 0.718750 0.625000
vt 0.718750 0.562500
vt 0.750000 0.062500
vt 0.718750 0.062500
vt 0.750000 0.500000
vt 0.718750 0.500000
vt 0.750000 0.937500
vt 0.734375 1.000000
vt 0.718750 0.937500
vt 0.734375 0.000000
vt 0.750000 0.437500
vt 0.718750 0.437500
vt 0.750000 0.875000
vt 0.718750 0.875000
vt 0.750000 0.375000
vt 0.718750 0.375000
vt 0.750000 0.812500
vt 0.718750 0.812500
vt 0.750000 0.312500
vt 0.718750 0.312500
vt 0.750000 0.750000
vt 0.718750 0.750000
vt 0.750000 0.250000
vt 0.718750 0.250000
vt 0.750000 0.687500
vt 0.718750 0.687500
vt 0.687500 0.750000
vt 0.687500 0.687500
vt 0.687500 0.250000
vt 0.687500 0.187500
vt 0.687500 0.625000
vt 0.687500 0.125000
vt 0.687500 0.562500
vt 0.687500 0.062500
vt 0.687500 0.500000
vt 0.703125 1.000000
vt 0.687500 0.937500
vt 0.703125 0.000000
vt 0.687500 0.437500
vt 0.687500 0.875000
vt 0.687500 0.375000
vt 0.687500 0.812500
vt 0.687500 0.312500
vt 0.656250 0.500000
vt 0.656250 0.437500
vt 0.656250 0.937500
vt 0.656250 0.875000
vt 0.656250 0.375000
vt 0.656250 0.812500
vt 0.656250 0.312500
vt 0.656250 0.750000
vt 0.656250 0.250000
vt 0.656250 0.687500
vt 0.656250 0.187500
vt 0.656250 0.625000
vt 0.656250 0.125000
vt 0.656250 0.562500
vt 0.656250 0.062500
vt 0.671875 1.000000
vt 0.671875 0.000000
vt 0.625000 0.250000
vt 0.625000 0.187500
vt 0.625000 0.687500
vt 0.625000 0.625000
vt 0.625000 0.125000
vt 0.625000 0.562500
vt 0.625000 0.062500
vt 0.625000 0.500000
vt 0.640625 1.000000
vt 0.625000 0.937500
vt 0.640625 0.000000
vt 0.625000 0.437500
vt 0.625000 0.875000
vt 0.625000 0.375000
vt 0.625000 0.812500
vt 0.625000 0.312500
vt 0.625000 0.750000
vt 0.593750 0.437500
vt 0.593750 0.375000
vt 0.593750 0.875000
vt 0.593750 0.812500
vt 0.593750 0.312500
vt 0.593750 0.750000
vt 0.593750 0.250000
vt 0.593750 0.687500
vt 0.593750 0.187500
vt 0.593750 0.625000
vt 0.593750 0.125000
vt 0.593750 0.562500
vt 0.593750 0.062500
vt 0.593750 0.500000
vt 0.609375 1.000000
vt 0.593750 0.937500
vt 0.609375 0.000000
vt 0.562500 0.187500
vt 0.562500 0.125000
vt 0.562500 0.625000
vt 0.562500 0.562500
vt 0.562500 0.062500
vt 0.562500 0.500000
vt 0.578125 1.000000
vt 0.562500 0.937500
vt 0.578125 0.000000
vt 0.562500 0.437500
vt 0.562500 0.875000
vt 0.562500 0.375000
vt 0.562500 0.812500
vt 0.562500 0.312500
vt 0.562500 0.750000
vt 0.562500 0.250000
vt 0.562500 0.687500
vt 0.531250 0.875000
vt 0.531250 0.812500
vt 0.531250 0.375000
vt 0.531250 0.312500
vt 0.531250 0.750000
vt 0.531250 0.250000
vt 0.531250 0.687500
vt 0.531250 0.187500
vt 0.531250 0.625000
vt 0.531250 0.125000
vt 0.531250 0.562500
vt 0.531250 0.062500
vt 0.531250 0.500000
vt 0.546875 1.000000
vt 0.531250 0.937500
vt 0.546875 0.000000
vt 0.531250 0.437500
vt 0.500000 0.625000
vt 0.500000 0.562500
vt 0.500000 0.125000
vt 0.500000 0.062500
vt 0.500000 0.500000
vt 0.515625 1.000000
vt 0.500000 0.937500
vt 0.515625 0.000000
vt 0.500000 0.437500
vt 0.500000 0.875000
vt 0.500000 0.375000
vt 0.500000 0.812500
vt 0.500000 0.312500
vt 0.500000 0.750000
vt 0.500000 0.250000
vt 0.500000 0.687500
vt 0.500000 0.187500
vt 0.468750 0.375000
vt 0.468750 0.312500
vt 0.468750 0.812500
vt 0.468750 0.750000
vt 0.468750 0.250000
vt 0.468750 0.687500
vt 0.468750 0.187500
vt 0.468750 0.625000
vt 0.468750 0.125000
vt 0.468750 0.562500
vt 0.468750 0.062500
vt 0.468750 0.500000
vt 0.484375 1.000000
vt 0.468750 0.937500
vt 0.484375 0.000000
vt 0.468750 0.437500
vt 0.468750 0.875000
vt 0.437500 0.125000
vt 0.437500 0.062500
vt 0.437500 0.562500
vt 0.437500 0.500000
vt 0.453125 1.000000
vt 0.437500 0.937500
vt 0.453125 0.000000
vt 0.437500 0.437500
vt 0.437500 0.875000
vt 0.437500 0.375000
vt 0.437500 0.812500
vt 0.437500 0.312500
vt 0.437500 0.750000
vt 0.437500 0.250000
vt 0.437500 0.687500
vt 0.437500 0.187500
vt 0.437500 0.625000
vt 0.406250 0.812500
vt 0.406250 0.750000
vt 0.406250 0.312500
vt 0.406250 0.250000
vt 0.406250 0.687500
vt 0.406250 0.187500
vt 0.406250 0.625000
vt 0.406250 0.125000
vt 0.406250 0.562500
vt 0.406250 0.062500
vt 0.406250 0.500000
vt 0.421875 1.000000
vt 0.406250 0.937500
vt 0.421875 0.000000
vt 0.406250 0.437500
vt 0.406250 0.875000
vt 0.406250 0.375000
vt 0.375000 0.562500
vt 0.375000 0.500000
vt 0.390625 1.000000
vt 0.375000 0.937500
vt 0.390625 0.000000
vt 0.375000 0.062500
vt 0.375000 0.437500
vt 0.375000 0.875000
vt 0.375000 0.375000
vt 0.375000 0.812500
vt 0.375000 0.312500
vt 0.375000 0.750000
vt 0.375000 0.250000
vt 0.375000 0.687500
vt 0.375000 0.187500
vt 0.375000 0.625000
vt 0.375000 0.125000
vt 0.343750 0.312500
vt 0.343750 0.250000
vt 0.343750 0.750000
vt 0.343750 0.687500
vt 0.343750 0.187500
vt 0.343750 0.625000
vt 0.343750 0.125000
vt 0.343750 0.562500
vt 0.343750 0.062500
vt 0.343750 0.500000
vt 0.359375 1.000000
vt 0.343750 0.937500
vt 0.359375 0.000000
vt 0.343750 0.437500
vt 0.343750 0.875000
vt 0.343750 0.375000
vt 0.343750 0.812500
vt 0.328125 0.000000
vt 0.312500 0.062500
vt 0.312500 0.500000
vt 0.312500 0.437500
vt 0.312500 0.937500
vt 0.312500 0.875000
vt 0.312500 0.375000
vt 0.312500 0.812500
vt 0.312500 0.312500
vt 0.312500 0.750000
vt 0.312500 0.250000
vt 0.312500 0.687500
vt 0.312500 0.187500
vt 0.312500 0.625000
vt 0.312500 0.125000
vt 0.312500 0.562500
vt 0.328125 1.000000
vt 0.281250 0.250000
vt 0.281250 0.187500
vt 0.281250 0.687500
vt 0.281250 0.625000
vt 0.281250 0.125000
vt 0.281250 0.562500
vt 0.281250 0.062500
vt 0.281250 0.500000
vt 0.296875 1.000000
vt 0.281250 0.937500
vt 0.296875 0.000000
vt 0.281250 0.437500
vt 0.281250 0.875000
vt 0.281250 0.375000
vt 0.281250 0.812500
vt 0.281250 0.312500
vt 0.281250 0.750000
vt 0.250000 0.937500
vt 0.250000 0.875000
vt 0.250000 0.437500
vt 0.250000 0.375000
vt 0.250000 0.812500
vt 0.250000 0.312500
vt 0.250000 0.750000
vt 0.250000 0.250000
vt 0.250000 0.687500
vt 0.250000 0.187500
vt 0.250000 0.625000
vt 0.250000 0.125000
vt 0.250000 0.562500
vt 0.250000 0.062500
vt 0.250000 0.500000
vt 0.265625 1.000000
vt 0.265625 0.000000
vt 0.218750 0.687500
vt 0.218750 0.625000
vt 0.218750 0.187500
vt 0.218750 0.125000
vt 0.218750 0.562500
vt 0.218750 0.062500
vt 0.218750 0.500000
vt 0.234375 1.000000
vt 0.218750 0.937500
vt 0.234375 0.000000
vt 0.218750 0.437500
vt 0.218750 0.875000
vt 0.218750 0.375000
vt 0.218750 0.812500
vt 0.218750 0.312500
vt 0.218750 0.750000
vt 0.218750 0.250000
vt 0.187500 0.437500
vt 0.187500 0.375000
vt 0.187500 0.875000
vt 0.187500 0.812500
vt 0.187500 0.312500
vt 0.187500 0.750000
vt 0.187500 0.250000
vt 0.187500 0.687500
vt 0.187500 0.187500
vt 0.187500 0.625000
vt 0.187500 0.125000
vt 0.187500 0.562500
vt 0.187500 0.062500
vt 0.187500 0.500000
vt 0.203125 1.000000
vt 0.187500 0.937500
vt 0.203125 0.000000
vt 0.156250 0.187500
vt 0.156250 0.125000
vt 0.156250 0.625000
vt 0.156250 0.562500
vt 0.156250 0.062500
vt 0.156250 0.500000
vt 0.171875 1.000000
vt 0.156250 0.937500
vt 0.171875 0.000000
vt 0.156250 0.437500
vt 0.156250 0.875000
vt 0.156250 0.375000
vt 0.156250 0.812500
vt 0.156250 0.312500
vt 0.156250 0.750000
vt 0.156250 0.250000
vt 0.156250 0.687500
vt 0.125000 0.875000
vt 0.125000 0.812500
vt 0.125000 0.375000
vt 0.125000 0.312500
vt 0.125000 0.750000
vt 0.125000 0.250000
vt 0.125000 0.687500
vt 0.125000 0.187500
vt 0.125000 0.625000
vt 0.125000 0.125000
vt 0.125000 0.562500
vt 0.125000 0.062500
vt 0.125000 0.500000
vt 0.140625 1.000000
vt 0.125000 0.937500
vt 0.140625 0.000000
vt 0.125000 0.437500
vt 0.093750 0.625000
vt 0.093750 0.562500
vt 0.093750 0.125000
vt 0.093750 0.062500
vt 0.093750 0.500000
vt 0.109375 1.000000
vt 0.093750 0.937500
vt 0.109375 0.000000
vt 0.093750 0.437500
vt 0.093750 0.875000
vt 0.093750 0.375000
vt 0.093750 0.812500
vt 0.093750 0.312500
vt 0.093750 0.750000
vt 0.093750 0.250000
vt 0.093750 0.687500
vt 0.093750 0.187500
vt 0.062500 0.375000
vt 0.062500 0.312500
vt 0.062500 0.812500
vt 0.062500 0.750000
vt 0.062500 0.250000
vt 0.062500 0.687500
vt 0.062500 0.187500
vt 0.062500 0.625000
vt 0.062500 0.125000
vt 0.062500 0.562500
vt 0.062500 0.062500
vt 0.062500 0.500000
vt 0.078125 1.000000
vt 0.062500 0.937500
vt 0.078125 0.000000
vt 0.062500 0.437500
vt 0.062500 0.875000
vt 0.031250 0.125000
vt 0.031250 0.062500
vt 0.031250 0.562500
vt 0.031250 0.500000
vt 0.046875 1.000000
vt 0.031250 0.937500
vt 0.046875 0.000000
vt 0.031250 0.437500
vt 0.031250 0.875000
vt 0.031250 0.375000
vt 0.031250 0.812500
vt 0.031250 0.312500
vt 0.031250 0.750000
vt 0.031250 0.250000
vt 0.031250 0.687500
vt 0.031250 0.187500
vt 0.031250 0.625000
vt 0.000000 0.312500
vt 0.000000 0.250000
vt 0.000000 0.750000
vt 0.000000 0.687500
vt 0.000000 0.187500
vt 0.000000 0.625000
vt 0.000000 0.125000
vt 0.000000 0.562500
vt 0.000000 0.062500
vt 0.000000 0.500000
vt 0.015625 1.000000
vt 0.000000 0.937500
vt 0.015625 0.000000
vt 0.000000 0.437500
vt 0.000000 0.875000
vt 0.000000 0.375000
vt 0.000000 0.812500
vt 1.000000 0.937500
vt 0.984375 1.000000
vt 0.968750 0.937500
vt 0.984375 0.000000
vt 1.000000 0.062500
vt 0.968750 0.062500
vt 1.000000 0.437500
vt 1.000000 0.500000
vt 0.968750 0.500000
vt 0.968750 0.437500
vt 1.000000 0.875000
vt 0.968750 0.875000
vt 1.000000 0.375000
vt 0.968750 0.375000
vt 1.000000 0.812500
vt 0.968750 0.812500
vt 1.000000 0.312500
vt 0.968750 0.312500
vt 1.000000 0.750000
vt 0.968750 0.750000
vt 1.000000 0.250000
vt 0.968750 0.250000
vt 1.000000 0.687500
vt 0.968750 0.687500
vt 1.000000 0.187500
vt 0.968750 0.187500
vt 1.000000 0.625000
vt 0.968750 0.625000
vt 1.000000 0.125000
vt 0.968750 0.125000
vt 1.000000 0.562500
vt 0.968750 0.562500
vt 0.937500 0.750000
vt 0.937500 0.687500
vt 0.937500 0.250000
vt 0.937500 0.187500
vt 0.937500 0.625000
vt 0.937500 0.125000
vt 0.937500 0.562500
vt 0.937500 0.062500
vt 0.937500 0.500000
vt 0.953125 1.000000
vt 0.937500 0.937500
vt 0.953125 0.000000
vt 0.937500 0.437500
vt 0.937500 0.875000
vt 0.937500 0.375000
vt 0.937500 0.812500
vt 0.937500 0.312500
vt 0.906250 0.500000
vt 0.906250 0.437500
vt 0.906250 0.937500
vt 0.906250 0.875000
vt 0.906250 0.375000
vt 0.906250 0.812500
vt 0.906250 0.312500
vt 0.906250 0.750000
vt 0.906250 0.250000
vt 0.906250 0.687500
vt 0.906250 0.187500
vt 0.906250 0.625000
vt 0.906250 0.125000
vt 0.906250 0.562500
vt 0.906250 0.062500
vt 0.921875 1.000000
vt 0.921875 0.000000
vt 0.875000 0.250000
vt 0.875000 0.187500
vt 0.875000 0.687500
vt 0.875000 0.625000
vt 0.875000 0.125000
vt 0.875000 0.562500
vt 0.875000 0.062500
vt 0.875000 0.500000
vt 0.890625 1.000000
vt 0.875000 0.937500
vt 0.890625 0.000000
vt 0.875000 0.437500
vt 0.875000 0.875000
vt 0.875000 0.375000
vt 0.875000 0.812500
vt 0.875000 0.312500
vt 0.875000 0.750000
vt 0.843750 0.937500
vt 0.843750 0.875000
vt 0.843750 0.437500
vt 0.843750 0.375000
vt 0.843750 0.812500
vt 0.843750 0.312500
vt 0.843750 0.750000
vt 0.843750 0.250000
vt 0.843750 0.687500
vt 0.843750 0.187500
vt 0.843750 0.625000
vt 0.843750 0.125000
vt 0.843750 0.562500
vt 0.843750 0.062500
vt 0.843750 0.500000
vt 0.859375 1.000000
vt 0.859375 0.000000
vt 0.812500 0.687500
vt 0.812500 0.625000
vt 0.812500 0.187500
vt 0.812500 0.125000
vt 0.812500 0.562500
vt 0.812500 0.062500
vt 0.812500 0.500000
vt 0.828125 1.000000
vt 0.812500 0.937500
vt 0.828125 0.000000
vt 0.812500 0.437500
vt 0.812500 0.875000
vt 0.812500 0.375000
vt 0.812500 0.812500
vt 0.812500 0.312500
vt 0.812500 0.750000
vt 0.812500 0.250000
vt 0.781250 0.437500
vt 0.781250 0.375000
vt 0.781250 0.875000
vt 0.781250 0.812500
vt 0.781250 0.312500
vt 0.781250 0.750000
vt 0.781250 0.250000
vt 0.781250 0.687500
vt 0.781250 0.187500
vt 0.781250 0.625000
vt 0.781250 0.125000
vt 0.781250 0.562500
vt 0.781250 0.062500
vt 0.781250 0.500000
vt 0.796875 1.000000
vt 0.781250 0.937500
vt 0.796875 0.000000
vt 0.765625 1.000000
vt 0.765625 0.000000
vt 0.250000 0.490000
vt 0.250000 0.250000
vt 0.296822 0.485388
vt 0.341844 0.471731
vt 0.383337 0.449553
vt 0.419706 0.419706
vt 0.449553 0.383337
vt 0.471731 0.341844
vt 0.485388 0.296822
vt 0.490000 0.250000
vt 0.485388 0.203178
vt 0.471731 0.158156
vt 0.449553 0.116663
vt 0.419706 0.080294
vt 0.383337 0.050447
vt 0.341844 0.028269
vt 0.296822 0.014612
vt 0.250000 0.010000
vt 0.203178 0.014612
vt 0.158156 0.028269
vt 0.116663 0.050447
vt 0.080294 0.080294
vt 0.050447 0.116663
vt 0.028269 0.158156
vt 0.014612 0.203178
vt 0.010000 0.250000
vt 0.014612 0.296822
vt 0.028269 0.341844
vt 0.050447 0.383337
vt 0.080294 0.419706
vt 0.116663 0.449553
vt 0.158156 0.471731
vt 0.750000 0.490000
vt 0.796822 0.485388
vt 0.841844 0.471731
vt 0.883337 0.449553
vt 0.919706 0.419706
vt 0.949553 0.383337
vt 0.971731 0.341844
vt 0.985388 0.296822
vt 0.990000 0.250000
vt 0.985388 0.203178
vt 0.971731 0.158156
vt 0.949553 0.116663
vt 0.919706 0.080294
vt 0.883337 0.050447
vt 0.841844 0.028269
vt 0.796822 0.014612
vt 0.750000 0.010000
vt 0.703178 0.014612
vt 0.658156 0.028269
vt 0.616663 0.050447
vt 0.580294 0.080294
vt 0.550447 0.116663
vt 0.528269 0.158156
vt 0.514612 0.203178
vt 0.510000 0.250000
vt 0.514612 0.296822
vt 0.528269 0.341844
vt 0.550447 0.383337
vt 0.580294 0.419706
vt 0.616663 0.449553
vt 0.658156 0.471731
vt 0.703178 0.485388
vt 0.203178 0.485388
vt 0.250000 0.490000
vt 0.250000 0.250000
vt 0.296822 0.485388
vt 0.341844 0.471731
vt 0.383337 0.449553
vt 0.419706 0.419706
vt 0.449553 0.383337
vt 0.471731 0.341844
vt 0.485388 0.296822
vt 0.490000 0.250000
vt 0.485388 0.203178
vt 0.471731 0.158156
vt 0.449553 0.116663
vt 0.419706 0.080294
vt 0.383337 0.050447
vt 0.341844 0.028269
vt 0.296822 0.014612
vt 0.250000 0.010000
vt 0.203178 0.014612
vt 0.158156 0.028269
vt 0.116663 0.050447
vt 0.080294 0.080294
vt 0.050447 0.116663
vt 0.028269 0.158156
vt 0.014612 0.203178
vt 0.010000 0.250000
vt 0.014612 0.296822
vt 0.028269 0.341844
vt 0.050447 0.383337
vt 0.080294 0.419706
vt 0.116663 0.449553
vt 0.158156 0.471731
vt 0.750000 0.490000
vt 0.796822 0.485388
vt 0.841844 0.471731
vt 0.883337 0.449553
vt 0.919706 0.419706
vt 0.949553 0.383337
vt 0.971731 0.341844
vt 0.985388 0.296822
vt 0.990000 0.250000
vt 0.985388 0.203178
vt 0.971731 0.158156
vt 0.949553 0.116663
vt 0.919706 0.080294
vt 0.883337 0.050447
vt 0.841844 0.028269
vt 0.796822 0.014612
vt 0.750000 0.010000
vt 0.703178 0.014612
vt 0.658156 0.028269
vt 0.616663 0.050447
vt 0.580294 0.080294
vt 0.550447 0.116663
vt 0.528269 0.158156
vt 0.514612 0.203178
vt 0.510000 0.250000
vt 0.514612 0.296822
vt 0.528269 0.341844
vt 0.550447 0.383337
vt 0.580294 0.419706
vt 0.616663 0.449553
vt 0.658156 0.471731
vt 0.703178 0.485388
vt 0.203178 0.485388
vt 1.000000 0.500000
vt 1.000000 1.000000
vt 0.968750 1.000000
vt 0.968750 0.500000
vt 0.937500 1.000000
vt 0.937500 0.500000
vt 0.906250 1.000000
vt 0.906250 0.500000
vt 0.875000 1.000000
vt 0.875000 0.500000
vt 0.843750 1.000000
vt 0.843750 0.500000
vt 0.812500 1.000000
vt 0.812500 0.500000
vt 0.781250 1.000000
vt 0.781250 0.500000
vt 0.750000 1.000000
vt 0.750000 0.500000
vt 0.718750 1.000000
vt 0.718750 0.500000
vt 0.687500 1.000000
vt 0.687500 0.500000
vt 0.656250 1.000000
vt 0.656250 0.500000
vt 0.625000 1.000000
vt 0.625000 0.500000
vt 0.593750 1.000000
vt 0.593750 0.500000
vt 0.562500 1.000000
vt 0.562500 0.500000
vt 0.531250 1.000000
vt 0.531250 0.500000
vt 0.500000 1.000000
vt 0.500000 0.500000
vt 0.468750 1.000000
vt 0.468750 0.500000
vt 0.437500 1.000000
vt 0.437500 0.500000
vt 0.406250 1.000000
vt 0.406250 0.500000
vt 0.375000 1.000000
vt 0.375000 0.500000
vt 0.343750 1.000000
vt 0.343750 0.500000
vt 0.312500 1.000000
vt 0.312500 0.500000
vt 0.281250 1.000000
vt 0.281250 0.500000
vt 0.250000 1.000000
vt 0.250000 0.500000
vt 0.218750 1.000000
vt 0.218750 0.500000
vt 0.187500 1.000000
vt 0.187500 0.500000
vt 0.156250 1.000000
vt 0.156250 0.500000
vt 0.125000 1.000000
vt 0.125000 0.500000
vt 0.093750 1.000000
vt 0.093750 0.500000
vt 0.062500 1.000000
vt 0.062500 0.500000
vt 0.296822 0.485388
vt 0.250000 0.490000
vt 0.203178 0.485388
vt 0.158156 0.471731
vt 0.116663 0.449553
vt 0.080294 0.419706
vt 0.050447 0.383337
vt 0.028269 0.341844
vt 0.014612 0.296822
vt 0.010000 0.250000
vt 0.014612 0.203178
vt 0.028269 0.158156
vt 0.050447 0.116663
vt 0.080294 0.080294
vt 0.116663 0.050447
vt 0.158156 0.028269
vt 0.203178 0.014612
vt 0.250000 0.010000
vt 0.296822 0.014612
vt 0.341844 0.028269
vt 0.383337 0.050447
vt 0.419706 0.080294
vt 0.449553 0.116663
vt 0.471731 0.158156
vt 0.485388 0.203178
vt 0.490000 0.250000
vt 0.485388 0.296822
vt 0.471731 0.341844
vt 0.449553 0.383337
vt 0.419706 0.419706
vt 0.383337 0.449553
vt 0.341844 0.471731
vt 0.031250 1.000000
vt 0.031250 0.500000
vt 0.000000 1.000000
vt 0.000000 0.500000
vt 0.750000 0.490000
vt 0.796822 0.485388
vt 0.841844 0.471731
vt 0.883337 0.449553
vt 0.919706 0.419706
vt 0.949553 0.383337
vt 0.971731 0.341844
vt 0.985388 0.296822
vt 0.990000 0.250000
vt 0.985388 0.203178
vt 0.971731 0.158156
vt 0.949553 0.116663
vt 0.919706 0.080294
vt 0.883337 0.050447
vt 0.841844 0.028269
vt 0.796822 0.014612
vt 0.750000 0.010000
vt 0.703178 0.014612
vt 0.658156 0.028269
vt 0.616663 0.050447
vt 0.580294 0.080294
vt 0.550447 0.116663
vt 0.528269 0.158156
vt 0.514612 0.203178
vt 0.510000 0.250000
vt 0.514612 0.296822
vt 0.528269 0.341844
vt 0.550447 0.383337
vt 0.580294 0.419706
vt 0.616663 0.449553
vt 0.658156 0.471731
vt 0.703178 0.485388
vt 1.000000 0.500000
vt 1.000000 1.000000
vt 0.968750 1.000000
vt 0.968750 0.500000
vt 0.937500 1.000000
vt 0.937500 0.500000
vt 0.906250 1.000000
vt 0.906250 0.500000
vt 0.875000 1.000000
vt 0.875000 0.500000
vt 0.843750 1.000000
vt 0.843750 0.500000
vt 0.812500 1.000000
vt 0.812500 0.500000
vt 0.781250 1.000000
vt 0.781250 0.500000
vt 0.750000 1.000000
vt 0.750000 0.500000
vt 0.718750 1.000000
vt 0.718750 0.500000
vt 0.687500 1.000000
vt 0.687500 0.500000
vt 0.656250 1.000000
vt 0.656250 0.500000
vt 0.625000 1.000000
vt 0.625000 0.500000
vt 0.593750 1.000000
vt 0.593750 0.500000
vt 0.562500 1.000000
vt 0.562500 0.500000
vt 0.531250 1.000000
vt 0.531250 0.500000
vt 0.500000 1.000000
vt 0.500000 0.500000
vt 0.468750 1.000000
vt 0.468750 0.500000
vt 0.437500 1.000000
vt 0.437500 0.500000
vt 0.406250 1.000000
vt 0.406250 0.500000
vt 0.375000 1.000000
vt 0.375000 0.500000
vt 0.343750 1.000000
vt 0.343750 0.500000
vt 0.312500 1.000000
vt 0.312500 0.500000
vt 0.281250 1.000000
vt 0.281250 0.500000
vt 0.250000 1.000000
vt 0.250000 0.500000
vt 0.218750 1.000000
vt 0.218750 0.500000
vt 0.187500 1.000000
vt 0.187500 0.500000
vt 0.156250 1.000000
vt 0.156250 0.500000
vt 0.125000 1.000000
vt 0.125000 0.500000
vt 0.093750 1.000000
vt 0.093750 0.500000
vt 0.062500 1.000000
vt 0.062500 0.500000
vt 0.296822 0.485388
vt 0.250000 0.490000
vt 0.203178 0.485388
vt 0.158156 0.471731
vt 0.116663 0.449553
vt 0.080294 0.419706
vt 0.050447 0.383337
vt 0.028269 0.341844
vt 0.014612 0.296822
vt 0.010000 0.250000
vt 0.014612 0.203178
vt 0.028269 0.158156
vt 0.050447 0.116663
vt 0.080294 0.080294
vt 0.116663 0.050447
vt 0.158156 0.028269
vt 0.203178 0.014612
vt 0.250000 0.010000
vt 0.296822 0.014612
vt 0.341844 0.028269
vt 0.383337 0.050447
vt 0.419706 0.080294
vt 0.449553 0.116663
vt 0.471731 0.158156
vt 0.485388 0.203178
vt 0.490000 0.250000
vt 0.485388 0.296822
vt 0.471731 0.341844
vt 0.449553 0.383337
vt 0.419706 0.419706
vt 0.383337 0.449553
vt 0.341844 0.471731
vt 0.031250 1.000000
vt 0.031250 0.500000
vt 0.000000 1.000000
vt 0.000000 0.500000
vt 0.750000 0.490000
vt 0.796822 0.485388
vt 0.841844 0.471731
vt 0.883337 0.449553
vt 0.919706 0.419706
vt 0.949553 0.383337
vt 0.971731 0.341844
vt 0.985388 0.296822
vt 0.990000 0.250000
vt 0.985388 0.203178
vt 0.971731 0.158156
vt 0.949553 0.116663
vt 0.919706 0.080294
vt 0.883337 0.050447
vt 0.841844 0.028269
vt 0.796822 0.014612
vt 0.750000 0.010000
vt 0.703178 0.014612
vt 0.658156 0.028269
vt 0.616663 0.050447
vt 0.580294 0.080294
vt 0.550447 0.116663
vt 0.528269 0.158156
vt 0.514612 0.203178
vt 0.510000 0.250000
vt 0.514612 0.296822
vt 0.528269 0.341844
vt 0.550447 0.383337
vt 0.580294 0.419706
vt 0.616663 0.449553
vt 0.658156 0.471731
vt 0.703178 0.485388
vt 1.000000 0.500000
vt 1.000000 1.000000
vt 0.968750 1.000000
vt 0.968750 0.500000
vt 0.937500 1.000000
vt 0.937500 0.500000
vt 0.906250 1.000000
vt 0.906250 0.500000
vt 0.875000 1.000000
vt 0.875000 0.500000
vt 0.843750 1.000000
vt 0.843750 0.500000
vt 0.812500 1.000000
vt 0.812500 0.500000
vt 0.781250 1.000000
vt 0.781250 0.500000
vt 0.750000 1.000000
vt 0.750000 0.500000
vt 0.718750 1.000000
vt 0.718750 0.500000
vt 0.687500 1.000000
vt 0.687500 0.500000
vt 0.656250 1.000000
vt 0.656250 0.500000
vt 0.625000 1.000000
vt 0.625000 0.500000
vt 0.593750 1.000000
vt 0.593750 0.500000
vt 0.562500 1.000000
vt 0.562500 0.500000
vt 0.531250 1.000000
vt 0.531250 0.500000
vt 0.500000 1.000000
vt 0.500000 0.500000
vt 0.468750 1.000000
vt 0.468750 0.500000
vt 0.437500 1.000000
vt 0.437500 0.500000
vt 0.406250 1.000000
vt 0.406250 0.500000
vt 0.375000 1.000000
vt 0.375000 0.500000
vt 0.343750 1.000000
vt 0.343750 0.500000
vt 0.312500 1.000000
vt 0.312500 0.500000
vt 0.281250 1.000000
vt 0.281250 0.500000
vt 0.250000 1.000000
vt 0.250000 0.500000
vt 0.218750 1.000000
vt 0.218750 0.500000
vt 0.187500 1.000000
vt 0.187500 0.500000
vt 0.156250 1.000000
vt 0.156250 0.500000
vt 0.125000 1.000000
vt 0.125000 0.500000
vt 0.093750 1.000000
vt 0.093750 0.500000
vt 0.062500 1.000000
vt 0.062500 0.500000
vt 0.296822 0.485388
vt 0.250000 0.490000
vt 0.203178 0.485388
vt 0.158156 0.471731
vt 0.116663 0.449553
vt 0.080294 0.419706
vt 0.050447 0.383337
vt 0.028269 0.341844
vt 0.014612 0.296822
vt 0.010000 0.250000
vt 0.014612 0.203178
vt 0.028269 0.158156
vt 0.050447 0.116663
vt 0.080294 0.080294
vt 0.116663 0.050447
vt 0.158156 0.028269
vt 0.203178 0.014612
vt 0.250000 0.010000
vt 0.296822 0.014612
vt 0.341844 0.028269
vt 0.383337 0.050447
vt 0.419706 0.080294
vt 0.449553 0.116663
vt 0.471731 0.158156
vt 0.485388 0.203178
vt 0.490000 0.250000
vt 0.485388 0.296822
vt 0.471731 0.341844
vt 0.449553 0.383337
vt 0.419706 0.419706
vt 0.383337 0.449553
vt 0.341844 0.471731
vt 0.031250 1.000000
vt 0.031250 0.500000
vt 0.000000 1.000000
vt 0.000000 0.500000
vt 0.750000 0.490000
vt 0.796822 0.485388
vt 0.841844 0.471731
vt 0.883337 0.449553
vt 0.919706 0.419706
vt 0.949553 0.383337
vt 0.971731 0.341844
vt 0.985388 0.296822
vt 0.990000 0.250000
vt 0.985388 0.203178
vt 0.971731 0.158156
vt 0.949553 0.116663
vt 0.919706 0.080294
vt 0.883337 0.050447
vt 0.841844 0.028269
vt 0.796822 0.014612
vt 0.750000 0.010000
vt 0.703178 0.014612
vt 0.658156 0.028269
vt 0.616663 0.050447
vt 0.580294 0.080294
vt 0.550447 0.116663
vt 0.528269 0.158156
vt 0.514612 0.203178
vt 0.510000 0.250000
vt 0.514612 0.296822
vt 0.528269 0.341844
vt 0.550447 0.383337
vt 0.580294 0.419706
vt 0.616663 0.449553
vt 0.658156 0.471731
vt 0.703178 0.485388
vt 1.000000 0.500000
vt 1.000000 1.000000
vt 0.968750 1.000000
vt 0.968750 0.500000
vt 0.937500 1.000000
vt 0.937500 0.500000
vt 0.906250 1.000000
vt 0.906250 0.500000
vt 0.875000 1.000000
vt 0.875000 0.500000
vt 0.843750 1.000000
vt 0.843750 0.500000
vt 0.812500 1.000000
vt 0.812500 0.500000
vt 0.781250 1.000000
vt 0.781250 0.500000
vt 0.750000 1.000000
vt 0.750000 0.500000
vt 0.718750 1.000000
vt 0.718750 0.500000
vt 0.687500 1.000000
vt 0.687500 0.500000
vt 0.656250 1.000000
vt 0.656250 0.500000
vt 0.625000 1.000000
vt 0.625000 0.500000
vt 0.593750 1.000000
vt 0.593750 0.500000
vt 0.562500 1.000000
vt 0.562500 0.500000
vt 0.531250 1.000000
vt 0.531250 0.500000
vt 0.500000 1.000000
vt 0.500000 0.500000
vt 0.468750 1.000000
vt 0.468750 0.500000
vt 0.437500 1.000000
vt 0.437500 0.500000
vt 0.406250 1.000000
vt 0.406250 0.500000
vt 0.375000 1.000000
vt 0.375000 0.500000
vt 0.343750 1.000000
vt 0.343750 0.500000
vt 0.312500 1.000000
vt 0.312500 0.500000
vt 0.281250 1.000000
vt 0.281250 0.500000
vt 0.250000 1.000000
vt 0.250000 0.500000
vt 0.218750 1.000000
vt 0.218750 0.500000
vt 0.187500 1.000000
vt 0.187500 0.500000
vt 0.156250 1.000000
vt 0.156250 0.500000
vt 0.125000 1.000000
vt 0.125000 0.500000
vt 0.093750 1.000000
vt 0.093750 0.500000
vt 0.062500 1.000000
vt 0.062500 0.500000
vt 0.296822 0.485388
vt 0.250000 0.490000
vt 0.203178 0.485388
vt 0.158156 0.471731
vt 0.116663 0.449553
vt 0.080294 0.419706
vt 0.050447 0.383337
vt 0.028269 0.341844
vt 0.014612 0.296822
vt 0.010000 0.250000
vt 0.014612 0.203178
vt 0.028269 0.158156
vt 0.050447 0.116663
vt 0.080294 0.080294
vt 0.116663 0.050447
vt 0.158156 0.028269
vt 0.203178 0.014612
vt 0.250000 0.010000
vt 0.296822 0.014612
vt 0.341844 0.028269
vt 0.383337 0.050447
vt 0.419706 0.080294
vt 0.449553 0.116663
vt 0.471731 0.158156
vt 0.485388 0.203178
vt 0.490000 0.250000
vt 0.485388 0.296822
vt 0.471731 0.341844
vt 0.449553 0.383337
vt 0.419706 0.419706
vt 0.383337 0.449553
vt 0.341844 0.471731
vt 0.031250 1.000000
vt 0.031250 0.500000
vt 0.000000 1.000000
vt 0.000000 0.500000
vt 0.750000 0.490000
vt 0.796822 0.485388
vt 0.841844 0.471731
vt 0.883337 0.449553
vt 0.919706 0.419706
vt 0.949553 0.383337
vt 0.971731 0.341844
vt 0.985388 0.296822
vt 0.990000 0.250000
vt 0.985388 0.203178
vt 0.971731 0.158156
vt 0.949553 0.116663
vt 0.919706 0.080294
vt 0.883337 0.050447
vt 0.841844 0.028269
vt 0.796822 0.014612
vt 0.750000 0.010000
vt 0.703178 0.014612
vt 0.658156 0.028269
vt 0.616663 0.050447
vt 0.580294 0.080294
vt 0.550447 0.116663
vt 0.528269 0.158156
vt 0.514612 0.203178
vt 0.510000 0.250000
vt 0.514612 0.296822
vt 0.528269 0.341844
vt 0.550447 0.383337
vt 0.580294 0.419706
vt 0.616663 0.449553
vt 0.658156 0.471731
vt 0.703178 0.485388
vt 1.000000 0.500000
vt 1.000000 1.000000
vt 0.833333 1.000000
vt 0.833333 0.500000
vt 0.666667 1.000000
vt 0.666667 0.500000
vt 0.500000 1.000000
vt 0.500000 0.500000
vt 0.333333 1.000000
vt 0.333333 0.500000
vt 0.457846 0.370000
vt 0.250000 0.490000
vt 0.042154 0.370000
vt 0.042154 0.130000
vt 0.250000 0.010000
vt 0.457846 0.130000
vt 0.166667 1.000000
vt 0.166667 0.500000
vt -0.000000 1.000000
vt -0.000000 0.500000
vt 0.750000 0.490000
vt 0.957846 0.370000
vt 0.957846 0.130000
vt 0.750000 0.010000
vt 0.542154 0.130000
vt 0.542154 0.370000
vt 1.000000 0.500000
vt 1.000000 1.000000
vt 0.833333 1.000000
vt 0.833333 0.500000
vt 0.666667 1.000000
vt 0.666667 0.500000
vt 0.500000 1.000000
vt 0.500000 0.500000
vt 0.333333 1.000000
vt 0.333333 0.500000
vt 0.457846 0.370000
vt 0.250000 0.490000
vt 0.042154 0.370000
vt 0.042154 0.130000
vt 0.250000 0.010000
vt 0.457846 0.130000
vt 0.166667 1.000000
vt 0.166667 0.500000
vt -0.000000 1.000000
vt -0.000000 0.500000
vt 0.750000 0.490000
vt 0.957846 0.370000
vt 0.957846 0.130000
vt 0.750000 0.010000
vt 0.542154 0.130000
vt 0.542154 0.370000
vt 1.000000 0.500000
vt 1.000000 1.000000
vt 0.833333 1.000000
vt 0.833333 0.500000
vt 0.666667 1.000000
vt 0.666667 0.500000
vt 0.500000 1.000000
vt 0.500000 0.500000
vt 0.333333 1.000000
vt 0.333333 0.500000
vt 0.457846 0.370000
vt 0.250000 0.490000
vt 0.042154 0.370000
vt 0.042154 0.130000
vt 0.250000 0.010000
vt 0.457846 0.130000
vt 0.166667 1.000000
vt 0.166667 0.500000
vt -0.000000 1.000000
vt -0.000000 0.500000
vt 0.750000 0.490000
vt 0.957846 0.370000
vt 0.957846 0.130000
vt 0.750000 0.010000
vt 0.542154 0.130000
vt 0.542154 0.370000
vt 1.000000 0.500000
vt 1.000000 1.000000
vt 0.833333 1.000000
vt 0.833333 0.500000
vt 0.666667 1.000000
vt 0.666667 0.500000
vt 0.500000 1.000000
vt 0.500000 0.500000
vt 0.333333 1.000000
vt 0.333333 0.500000
vt 0.457846 0.370000
vt 0.250000 0.490000
vt 0.042154 0.370000
vt 0.042154 0.130000
vt 0.250000 0.010000
vt 0.457846 0.130000
vt 0.166667 1.000000
vt 0.166667 0.500000
vt -0.000000 1.000000
vt -0.000000 0.500000
vt 0.750000 0.490000
vt 0.957846 0.370000
vt 0.957846 0.130000
vt 0.750000 0.010000
vt 0.542154 0.130000
vt 0.542154 0.370000
vt 0.750000 0.339023
vt 0.636767 0.424625
vt 0.863233 0.424625
vt 0.250000 0.339023
vt 0.363233 0.424625
vt 0.136767 0.424625
vt 0.827096 0.294512
vt 0.844613 0.435375
vt 0.957846 0.239250
vt 0.327096 0.294512
vt 0.457846 0.239250
vt 0.344613 0.435375
vt 0.827096 0.205488
vt 0.957846 0.260750
vt 0.844613 0.064625
vt 0.327096 0.205488
vt 0.344613 0.064625
vt 0.457846 0.260750
vt 0.750000 0.160977
vt 0.863233 0.075375
vt 0.636767 0.075375
vt 0.250000 0.160977
vt 0.136767 0.075375
vt 0.363233 0.075375
vt 0.672904 0.205488
vt 0.655387 0.064625
vt 0.542154 0.260750
vt 0.172904 0.205488
vt 0.042154 0.260750
vt 0.155387 0.064625
vt 0.672904 0.294512
vt 0.542154 0.239250
vt 0.655387 0.435375
vt 0.172904 0.294512
vt 0.155387 0.435375
vt 0.042154 0.239250
vt 0.090798 0.529868
vt 0.090798 0.970132
vt -0.000000 0.970132
vt -0.000000 0.529868
vt 0.742535 0.970132
vt 0.742535 0.529868
vt 0.924132 0.529868
vt 0.924132 0.970132
vt 0.575868 0.970132
vt 0.575868 0.529868
vt 0.757465 0.529868
vt 0.757465 0.970132
vt 0.409201 0.970132
vt 0.409201 0.529868
vt 0.590798 0.529868
vt 0.590798 0.970132
vt 0.242535 0.970132
vt 0.242535 0.529868
vt 0.424132 0.529868
vt 0.424132 0.970132
vt 0.075868 0.970132
vt 0.075868 0.529868
vt 0.257465 0.529868
vt 0.257465 0.970132
vt 0.909202 0.529868
vt 0.909202 0.970132
vt 0.375000 0.000000
vt 0.625000 0.000000
vt 0.625000 0.250000
vt 0.375000 0.250000
vt 0.625000 0.500000
vt 0.375000 0.500000
vt 0.625000 0.750000
vt 0.375000 0.750000
vt 0.625000 1.000000
vt 0.375000 1.000000
vt 0.125000 0.500000
vt 0.125000 0.750000
vt 0.875000 0.500000
vt 0.875000 0.750000
vt 0.437500 0.062500
vt 0.500000 0.062500
vt 0.500000 0.125000
vt 0.437500 0.125000
vt 0.562500 0.062500
vt 0.562500 0.125000
vt 0.500000 0.187500
vt 0.437500 0.187500
vt 0.562500 0.187500
vt 0.375000 0.000000
vt 0.437500 0.000000
vt 0.375000 0.062500
vt 0.500000 0.000000
vt 0.562500 0.000000
vt 0.625000 0.000000
vt 0.625000 0.062500
vt 0.625000 0.125000
vt 0.625000 0.187500
vt 0.625000 0.250000
vt 0.562500 0.250000
vt 0.500000 0.250000
vt 0.437500 0.250000
vt 0.375000 0.187500
vt 0.375000 0.250000
vt 0.375000 0.125000
vt 0.437500 0.312500
vt 0.500000 0.312500
vt 0.500000 0.375000
vt 0.437500 0.375000
vt 0.562500 0.312500
vt 0.562500 0.375000
vt 0.500000 0.437500
vt 0.437500 0.437500
vt 0.562500 0.437500
vt 0.375000 0.312500
vt 0.625000 0.312500
vt 0.625000 0.375000
vt 0.625000 0.437500
vt 0.625000 0.500000
vt 0.562500 0.500000
vt 0.500000 0.500000
vt 0.437500 0.500000
vt 0.375000 0.437500
vt 0.375000 0.500000
vt 0.375000 0.375000
vt 0.437500 0.562500
vt 0.500000 0.562500
vt 0.500000 0.625000
vt 0.437500 0.625000
vt 0.562500 0.562500
vt 0.562500 0.625000
vt 0.500000 0.687500
vt 0.437500 0.687500
vt 0.562500 0.687500
vt 0.375000 0.562500
vt 0.625000 0.562500
vt 0.625000 0.625000
vt 0.625000 0.687500
vt 0.625000 0.750000
vt 0.562500 0.750000
vt 0.500000 0.750000
vt 0.437500 0.750000
vt 0.375000 0.687500
vt 0.375000 0.750000
vt 0.375000 0.625000
vt 0.437500 0.812500
vt 0.500000 0.812500
vt 0.500000 0.875000
vt 0.437500 0.875000
vt 0.562500 0.812500
vt 0.562500 0.875000
vt 0.500000 0.937500
vt 0.437500 0.937500
vt 0.562500 0.937500
vt 0.375000 0.812500
vt 0.625000 0.812500
vt 0.625000 0.875000
vt 0.625000 0.937500
vt 0.625000 1.000000
vt 0.562500 1.000000
vt 0.500000 1.000000
vt 0.437500 1.000000
vt 0.375000 0.937500
vt 0.375000 1.000000
vt 0.375000 0.875000
vt 0.187500 0.562500
vt 0.250000 0.562500
vt 0.250000 0.625000
vt 0.187500 0.625000
vt 0.312500 0.562500
vt 0.312500 0.625000
vt 0.250000 0.687500
vt 0.187500 0.687500
vt 0.312500 0.687500
vt 0.125000 0.500000
vt 0.187500 0.500000
vt 0.125000 0.562500
vt 0.250000 0.500000
vt 0.312500 0.500000
vt 0.312500 0.750000
vt 0.250000 0.750000
vt 0.187500 0.750000
vt 0.125000 0.687500
vt 0.125000 0.750000
vt 0.125000 0.625000
vt 0.687500 0.562500
vt 0.750000 0.562500
vt 0.750000 0.625000
vt 0.687500 0.625000
vt 0.812500 0.562500
vt 0.812500 0.625000
vt 0.750000 0.687500
vt 0.687500 0.687500
vt 0.812500 0.687500
vt 0.687500 0.500000
vt 0.750000 0.500000
vt 0.812500 0.500000
vt 0.875000 0.500000
vt 0.875000 0.562500
vt 0.875000 0.625000
vt 0.875000 0.687500
vt 0.875000 0.750000
vt 0.812500 0.750000
vt 0.750000 0.750000
vt 0.687500 0.750000
vt 0.750000 0.687500
vt 0.750000 0.750000
vt 0.718750 0.750000
vt 0.718750 0.687500
vt 0.750000 0.187500
vt 0.750000 0.250000
vt 0.718750 0.250000
vt 0.718750 0.187500
vt 0.750000 0.625000
vt 0.718750 0.625000
vt 0.750000 0.125000
vt 0.718750 0.125000
vt 0.750000 0.562500
vt 0.718750 0.562500
vt 0.750000 0.062500
vt 0.718750 0.062500
vt 0.750000 0.500000
vt 0.718750 0.500000
vt 0.750000 0.937500
vt 0.734375 1.000000
vt 0.718750 0.937500
vt 0.734375 0.000000
vt 0.750000 0.437500
vt 0.718750 0.437500
vt 0.750000 0.875000
vt 0.718750 0.875000
vt 0.750000 0.375000
vt 0.718750 0.375000
vt 0.750000 0.812500
vt 0.718750 0.812500
vt 0.750000 0.312500
vt 0.718750 0.312500
vt 0.687500 0.812500
vt 0.687500 0.750000
vt 0.687500 0.312500
vt 0.687500 0.250000
vt 0.687500 0.687500
vt 0.687500 0.187500
vt 0.687500 0.625000
vt 0.687500 0.125000
vt 0.687500 0.562500
vt 0.687500 0.062500
vt 0.687500 0.500000
vt 0.703125 1.000000
vt 0.687500 0.937500
vt 0.703125 0.000000
vt 0.687500 0.437500
vt 0.687500 0.875000
vt 0.687500 0.375000
vt 0.656250 0.562500
vt 0.656250 0.500000
vt 0.671875 1.000000
vt 0.656250 0.937500
vt 0.671875 0.000000
vt 0.656250 0.062500
vt 0.656250 0.437500
vt 0.656250 0.875000
vt 0.656250 0.375000
vt 0.656250 0.812500
vt 0.656250 0.312500
vt 0.656250 0.750000
vt 0.656250 0.250000
vt 0.656250 0.687500
vt 0.656250 0.187500
vt 0.656250 0.625000
vt 0.656250 0.125000
vt 0.625000 0.312500
vt 0.625000 0.250000
vt 0.625000 0.750000
vt 0.625000 0.687500
vt 0.625000 0.187500
vt 0.625000 0.625000
vt 0.625000 0.125000
vt 0.625000 0.562500
vt 0.625000 0.062500
vt 0.625000 0.500000
vt 0.640625 1.000000
vt 0.625000 0.937500
vt 0.640625 0.000000
vt 0.625000 0.437500
vt 0.625000 0.875000
vt 0.625000 0.375000
vt 0.625000 0.812500
vt 0.609375 1.000000
vt 0.593750 0.937500
vt 0.609375 0.000000
vt 0.593750 0.062500
vt 0.593750 0.500000
vt 0.593750 0.437500
vt 0.593750 0.875000
vt 0.593750 0.375000
vt 0.593750 0.812500
vt 0.593750 0.312500
vt 0.593750 0.750000
vt 0.593750 0.250000
vt 0.593750 0.687500
vt 0.593750 0.187500
vt 0.593750 0.625000
vt 0.593750 0.125000
vt 0.593750 0.562500
vt 0.562500 0.750000
vt 0.562500 0.687500
vt 0.562500 0.250000
vt 0.562500 0.187500
vt 0.562500 0.625000
vt 0.562500 0.125000
vt 0.562500 0.562500
vt 0.562500 0.062500
vt 0.562500 0.500000
vt 0.578125 1.000000
vt 0.562500 0.937500
vt 0.578125 0.000000
vt 0.562500 0.437500
vt 0.562500 0.875000
vt 0.562500 0.375000
vt 0.562500 0.812500
vt 0.562500 0.312500
vt 0.531250 0.500000
vt 0.531250 0.437500
vt 0.531250 0.937500
vt 0.531250 0.875000
vt 0.531250 0.375000
vt 0.531250 0.812500
vt 0.531250 0.312500
vt 0.531250 0.750000
vt 0.531250 0.250000
vt 0.531250 0.687500
vt 0.531250 0.187500
vt 0.531250 0.625000
vt 0.531250 0.125000
vt 0.531250 0.562500
vt 0.531250 0.062500
vt 0.546875 1.000000
vt 0.546875 0.000000
vt 0.500000 0.250000
vt 0.500000 0.187500
vt 0.500000 0.687500
vt 0.500000 0.625000
vt 0.500000 0.125000
vt 0.500000 0.562500
vt 0.500000 0.062500
vt 0.500000 0.500000
vt 0.515625 1.000000
vt 0.500000 0.937500
vt 0.515625 0.000000
vt 0.500000 0.437500
vt 0.500000 0.875000
vt 0.500000 0.375000
vt 0.500000 0.812500
vt 0.500000 0.312500
vt 0.500000 0.750000
vt 0.468750 0.437500
vt 0.468750 0.375000
vt 0.468750 0.875000
vt 0.468750 0.812500
vt 0.468750 0.312500
vt 0.468750 0.750000
vt 0.468750 0.250000
vt 0.468750 0.687500
vt 0.468750 0.187500
vt 0.468750 0.625000
vt 0.468750 0.125000
vt 0.468750 0.562500
vt 0.468750 0.062500
vt 0.468750 0.500000
vt 0.484375 1.000000
vt 0.468750 0.937500
vt 0.484375 0.000000
vt 0.437500 0.187500
vt 0.437500 0.125000
vt 0.437500 0.625000
vt 0.437500 0.562500
vt 0.437500 0.062500
vt 0.437500 0.500000
vt 0.453125 1.000000
vt 0.437500 0.937500
vt 0.453125 0.000000
vt 0.437500 0.437500
vt 0.437500 0.875000
vt 0.437500 0.375000
vt 0.437500 0.812500
vt 0.437500 0.312500
vt 0.437500 0.750000
vt 0.437500 0.250000
vt 0.437500 0.687500
vt 0.406250 0.875000
vt 0.406250 0.812500
vt 0.406250 0.375000
vt 0.406250 0.312500
vt 0.406250 0.750000
vt 0.406250 0.250000
vt 0.406250 0.687500
vt 0.406250 0.187500
vt 0.406250 0.625000
vt 0.406250 0.125000
vt 0.406250 0.562500
vt 0.406250 0.062500
vt 0.406250 0.500000
vt 0.421875 1.000000
vt 0.406250 0.937500
vt 0.421875 0.000000
vt 0.406250 0.437500
vt 0.375000 0.625000
vt 0.375000 0.562500
vt 0.375000 0.125000
vt 0.375000 0.062500
vt 0.375000 0.500000
vt 0.390625 1.000000
vt 0.375000 0.937500
vt 0.390625 0.000000
vt 0.375000 0.437500
vt 0.375000 0.875000
vt 0.375000 0.375000
vt 0.375000 0.812500
vt 0.375000 0.312500
vt 0.375000 0.750000
vt 0.375000 0.250000
vt 0.375000 0.687500
vt 0.375000 0.187500
vt 0.343750 0.375000
vt 0.343750 0.312500
vt 0.343750 0.812500
vt 0.343750 0.750000
vt 0.343750 0.250000
vt 0.343750 0.687500
vt 0.343750 0.187500
vt 0.343750 0.625000
vt 0.343750 0.125000
vt 0.343750 0.562500
vt 0.343750 0.062500
vt 0.343750 0.500000
vt 0.359375 1.000000
vt 0.343750 0.937500
vt 0.359375 0.000000
vt 0.343750 0.437500
vt 0.343750 0.875000
vt 0.312500 0.125000
vt 0.312500 0.062500
vt 0.312500 0.562500
vt 0.312500 0.500000
vt 0.328125 1.000000
vt 0.312500 0.937500
vt 0.328125 0.000000
vt 0.312500 0.437500
vt 0.312500 0.875000
vt 0.312500 0.375000
vt 0.312500 0.812500
vt 0.312500 0.312500
vt 0.312500 0.750000
vt 0.312500 0.250000
vt 0.312500 0.687500
vt 0.312500 0.187500
vt 0.312500 0.625000
vt 0.281250 0.812500
vt 0.281250 0.750000
vt 0.281250 0.312500
vt 0.281250 0.250000
vt 0.281250 0.687500
vt 0.281250 0.187500
vt 0.281250 0.625000
vt 0.281250 0.125000
vt 0.281250 0.562500
vt 0.281250 0.062500
vt 0.281250 0.500000
vt 0.296875 1.000000
vt 0.281250 0.937500
vt 0.296875 0.000000
vt 0.281250 0.437500
vt 0.281250 0.875000
vt 0.281250 0.375000
vt 0.250000 0.562500
vt 0.250000 0.500000
vt 0.265625 1.000000
vt 0.250000 0.937500
vt 0.265625 0.000000
vt 0.250000 0.062500
vt 0.250000 0.437500
vt 0.250000 0.875000
vt 0.250000 0.375000
vt 0.250000 0.812500
vt 0.250000 0.312500
vt 0.250000 0.750000
vt 0.250000 0.250000
vt 0.250000 0.687500
vt 0.250000 0.187500
vt 0.250000 0.625000
vt 0.250000 0.125000
vt 0.218750 0.312500
vt 0.218750 0.250000
vt 0.218750 0.750000
vt 0.218750 0.687500
vt 0.218750 0.187500
vt 0.218750 0.625000
vt 0.218750 0.125000
vt 0.218750 0.562500
vt 0.218750 0.062500
vt 0.218750 0.500000
vt 0.234375 1.000000
vt 0.218750 0.937500
vt 0.234375 0.000000
vt 0.218750 0.437500
vt 0.218750 0.875000
vt 0.218750 0.375000
vt 0.218750 0.812500
vt 0.203125 0.000000
vt 0.187500 0.062500
vt 0.187500 0.500000
vt 0.187500 0.437500
vt 0.187500 0.937500
vt 0.187500 0.875000
vt 0.187500 0.375000
vt 0.187500 0.812500
vt 0.187500 0.312500
vt 0.187500 0.750000
vt 0.187500 0.250000
vt 0.187500 0.687500
vt 0.187500 0.187500
vt 0.187500 0.625000
vt 0.187500 0.125000
vt 0.187500 0.562500
vt 0.203125 1.000000
vt 0.156250 0.250000
vt 0.156250 0.187500
vt 0.156250 0.687500
vt 0.156250 0.625000
vt 0.156250 0.125000
vt 0.156250 0.562500
vt 0.156250 0.062500
vt 0.156250 0.500000
vt 0.171875 1.000000
vt 0.156250 0.937500
vt 0.171875 0.000000
vt 0.156250 0.437500
vt 0.156250 0.875000
vt 0.156250 0.375000
vt 0.156250 0.812500
vt 0.156250 0.312500
vt 0.156250 0.750000
vt 0.125000 0.937500
vt 0.125000 0.875000
vt 0.125000 0.437500
vt 0.125000 0.375000
vt 0.125000 0.812500
vt 0.125000 0.312500
vt 0.125000 0.750000
vt 0.125000 0.250000
vt 0.125000 0.687500
vt 0.125000 0.187500
vt 0.125000 0.625000
vt 0.125000 0.125000
vt 0.125000 0.562500
vt 0.125000 0.062500
vt 0.125000 0.500000
vt 0.140625 1.000000
vt 0.140625 0.000000
vt 0.093750 0.687500
vt 0.093750 0.625000
vt 0.093750 0.187500
vt 0.093750 0.125000
vt 0.093750 0.562500
vt 0.093750 0.062500
vt 0.093750 0.500000
vt 0.109375 1.000000
vt 0.093750 0.937500
vt 0.109375 0.000000
vt 0.093750 0.437500
vt 0.093750 0.875000
vt 0.093750 0.375000
vt 0.093750 0.812500
vt 0.093750 0.312500
vt 0.093750 0.750000
vt 0.093750 0.250000
vt 0.062500 0.437500
vt 0.062500 0.375000
vt 0.062500 0.875000
vt 0.062500 0.812500
vt 0.062500 0.312500
vt 0.062500 0.750000
vt 0.062500 0.250000
vt 0.062500 0.687500
vt 0.062500 0.187500
vt 0.062500 0.625000
vt 0.062500 0.125000
vt 0.062500 0.562500
vt 0.062500 0.062500
vt 0.062500 0.500000
vt 0.078125 1.000000
vt 0.062500 0.937500
vt 0.078125 0.000000
vt 0.031250 0.187500
vt 0.031250 0.125000
vt 0.031250 0.625000
vt 0.031250 0.562500
vt 0.031250 0.062500
vt 0.031250 0.500000
vt 0.046875 1.000000
vt 0.031250 0.937500
vt 0.046875 0.000000
vt 0.031250 0.437500
vt 0.031250 0.875000
vt 0.031250 0.375000
vt 0.031250 0.812500
vt 0.031250 0.312500
vt 0.031250 0.750000
vt 0.031250 0.250000
vt 0.031250 0.687500
vt 0.000000 0.875000
vt 0.000000 0.812500
vt 0.000000 0.375000
vt 0.000000 0.312500
vt 0.000000 0.750000
vt 0.000000 0.250000
vt 0.000000 0.687500
vt 0.000000 0.187500
vt 0.000000 0.625000
vt 0.000000 0.125000
vt 0.000000 0.562500
vt 0.000000 0.062500
vt 0.000000 0.500000
vt 0.015625 1.000000
vt 0.000000 0.937500
vt 0.015625 0.000000
vt 0.000000 0.437500
vt 1.000000 0.562500
vt 1.000000 0.625000
vt 0.968750 0.625000
vt 0.968750 0.562500
vt 1.000000 0.062500
vt 1.000000 0.125000
vt 0.968750 0.125000
vt 0.968750 0.062500
vt 1.000000 0.500000
vt 0.968750 0.500000
vt 1.000000 0.937500
vt 0.984375 1.000000
vt 0.968750 0.937500
vt 0.984375 0.000000
vt 1.000000 0.437500
vt 0.968750 0.437500
vt 1.000000 0.875000
vt 0.968750 0.875000
vt 1.000000 0.375000
vt 0.968750 0.375000
vt 1.000000 0.812500
vt 0.968750 0.812500
vt 1.000000 0.312500
vt 0.968750 0.312500
vt 1.000000 0.750000
vt 0.968750 0.750000
vt 1.000000 0.250000
vt 0.968750 0.250000
vt 1.000000 0.687500
vt 0.968750 0.687500
vt 1.000000 0.187500
vt 0.968750 0.187500
vt 0.937500 0.375000
vt 0.937500 0.312500
vt 0.937500 0.812500
vt 0.937500 0.750000
vt 0.937500 0.250000
vt 0.937500 0.687500
vt 0.937500 0.187500
vt 0.937500 0.625000
vt 0.937500 0.125000
vt 0.937500 0.562500
vt 0.937500 0.062500
vt 0.937500 0.500000
vt 0.953125 1.000000
vt 0.937500 0.937500
vt 0.953125 0.000000
vt 0.937500 0.437500
vt 0.937500 0.875000
vt 0.906250 0.125000
vt 0.906250 0.062500
vt 0.906250 0.562500
vt 0.906250 0.500000
vt 0.921875 1.000000
vt 0.906250 0.937500
vt 0.921875 0.000000
vt 0.906250 0.437500
vt 0.906250 0.875000
vt 0.906250 0.375000
vt 0.906250 0.812500
vt 0.906250 0.312500
vt 0.906250 0.750000
vt 0.906250 0.250000
vt 0.906250 0.687500
vt 0.906250 0.187500
vt 0.906250 0.625000
vt 0.875000 0.312500
vt 0.875000 0.250000
vt 0.875000 0.750000
vt 0.875000 0.687500
vt 0.875000 0.187500
vt 0.875000 0.625000
vt 0.875000 0.125000
vt 0.875000 0.562500
vt 0.875000 0.062500
vt 0.875000 0.500000
vt 0.890625 1.000000
vt 0.875000 0.937500
vt 0.890625 0.000000
vt 0.875000 0.437500
vt 0.875000 0.875000
vt 0.875000 0.375000
vt 0.875000 0.812500
vt 0.859375 1.000000
vt 0.843750 0.937500
vt 0.859375 0.000000
vt 0.843750 0.062500
vt 0.843750 0.500000
vt 0.843750 0.437500
vt 0.843750 0.875000
vt 0.843750 0.375000
vt 0.843750 0.812500
vt 0.843750 0.312500
vt 0.843750 0.750000
vt 0.843750 0.250000
vt 0.843750 0.687500
vt 0.843750 0.187500
vt 0.843750 0.625000
vt 0.843750 0.125000
vt 0.843750 0.562500
vt 0.812500 0.750000
vt 0.812500 0.687500
vt 0.812500 0.250000
vt 0.812500 0.187500
vt 0.812500 0.625000
vt 0.812500 0.125000
vt 0.812500 0.562500
vt 0.812500 0.062500
vt 0.812500 0.500000
vt 0.828125 1.000000
vt 0.812500 0.937500
vt 0.828125 0.000000
vt 0.812500 0.437500
vt 0.812500 0.875000
vt 0.812500 0.375000
vt 0.812500 0.812500
vt 0.812500 0.312500
vt 0.781250 0.500000
vt 0.781250 0.437500
vt 0.781250 0.937500
vt 0.781250 0.875000
vt 0.781250 0.375000
vt 0.781250 0.812500
vt 0.781250 0.312500
vt 0.781250 0.750000
vt 0.781250 0.250000
vt 0.781250 0.687500
vt 0.781250 0.187500
vt 0.781250 0.625000
vt 0.781250 0.125000
vt 0.781250 0.562500
vt 0.781250 0.062500
vt 0.796875 1.000000
vt 0.796875 0.000000
vt 0.765625 1.000000
vt 0.765625 0.000000
vt 0.750000 0.687500
vt 0.750000 0.750000
vt 0.718750 0.750000
vt 0.718750 0.687500
vt 0.750000 0.187500
vt 0.750000 0.250000
vt 0.718750 0.250000
vt 0.718750 0.187500
vt 0.750000 0.625000
vt 0.718750 0.625000
vt 0.750000 0.125000
vt 0.718750 0.125000
vt 0.750000 0.562500
vt 0.718750 0.562500
vt 0.750000 0.062500
vt 0.718750 0.062500
vt 0.750000 0.500000
vt 0.718750 0.500000
vt 0.750000 0.937500
vt 0.734375 1.000000
vt 0.718750 0.937500
vt 0.734375 0.000000
vt 0.750000 0.437500
vt 0.718750 0.437500
vt 0.750000 0.875000
vt 0.718750 0.875000
vt 0.750000 0.375000
vt 0.718750 0.375000
vt 0.750000 0.812500
vt 0.718750 0.812500
vt 0.750000 0.312500
vt 0.718750 0.312500
vt 0.687500 0.812500
vt 0.687500 0.750000
vt 0.687500 0.312500
vt 0.687500 0.250000
vt 0.687500 0.687500
vt 0.687500 0.187500
vt 0.687500 0.625000
vt 0.687500 0.125000
vt 0.687500 0.562500
vt 0.687500 0.062500
vt 0.687500 0.500000
vt 0.703125 1.000000
vt 0.687500 0.937500
vt 0.703125 0.000000
vt 0.687500 0.437500
vt 0.687500 0.875000
vt 0.687500 0.375000
vt 0.656250 0.562500
vt 0.656250 0.500000
vt 0.671875 1.000000
vt 0.656250 0.937500
vt 0.671875 0.000000
vt 0.656250 0.062500
vt 0.656250 0.437500
vt 0.656250 0.875000
vt 0.656250 0.375000
vt 0.656250 0.812500
vt 0.656250 0.312500
vt 0.656250 0.750000
vt 0.656250 0.250000
vt 0.656250 0.687500
vt 0.656250 0.187500
vt 0.656250 0.625000
vt 0.656250 0.125000
vt 0.625000 0.312500
vt 0.625000 0.250000
vt 0.625000 0.750000
vt 0.625000 0.687500
vt 0.625000 0.187500
vt 0.625000 0.625000
vt 0.625000 0.125000
vt 0.625000 0.562500
vt 0.625000 0.062500
vt 0.625000 0.500000
vt 0.640625 1.000000
vt 0.625000 0.937500
vt 0.640625 0.000000
vt 0.625000 0.437500
vt 0.625000 0.875000
vt 0.625000 0.375000
vt 0.625000 0.812500
vt 0.609375 1.000000
vt 0.593750 0.937500
vt 0.609375 0.000000
vt 0.593750 0.062500
vt 0.593750 0.500000
vt 0.593750 0.437500
vt 0.593750 0.875000
vt 0.593750 0.375000
vt 0.593750 0.812500
vt 0.593750 0.312500
vt 0.593750 0.750000
vt 0.593750 0.250000
vt 0.593750 0.687500
vt 0.593750 0.187500
vt 0.593750 0.625000
vt 0.593750 0.125000
vt 0.593750 0.562500
vt 0.562500 0.750000
vt 0.562500 0.687500
vt 0.562500 0.250000
vt 0.562500 0.187500
vt 0.562500 0.625000
vt 0.562500 0.125000
vt 0.562500 0.562500
vt 0.562500 0.062500
vt 0.562500 0.500000
vt 0.578125 1.000000
vt 0.562500 0.937500
vt 0.578125 0.000000
vt 0.562500 0.437500
vt 0.562500 0.875000
vt 0.562500 0.375000
vt 0.562500 0.812500
vt 0.562500 0.312500
vt 0.531250 0.500000
vt 0.531250 0.437500
vt 0.531250 0.937500
vt 0.531250 0.875000
vt 0.531250 0.375000
vt 0.531250 0.812500
vt 0.531250 0.312500
vt 0.531250 0.750000
vt 0.531250 0.250000
vt 0.531250 0.687500
vt 0.531250 0.187500
vt 0.531250 0.625000
vt 0.531250 0.125000
vt 0.531250 0.562500
vt 0.531250 0.062500
vt 0.546875 1.000000
vt 0.546875 0.000000
vt 0.500000 0.250000
vt 0.500000 0.187500
vt 0.500000 0.687500
vt 0.500000 0.625000
vt 0.500000 0.125000
vt 0.500000 0.562500
vt 0.500000 0.062500
vt 0.500000 0.500000
vt 0.515625 1.000000
vt 0.500000 0.937500
vt 0.515625 0.000000
vt 0.500000 0.437500
vt 0.500000 0.875000
vt 0.500000 0.375000
vt 0.500000 0.812500
vt 0.500000 0.312500
vt 0.500000 0.750000
vt 0.468750 0.437500
vt 0.468750 0.375000
vt 0.468750 0.875000
vt 0.468750 0.812500
vt 0.468750 0.312500
vt 0.468750 0.750000
vt 0.468750 0.250000
vt 0.468750 0.687500
vt 0.468750 0.187500
vt 0.468750 0.625000
vt 0.468750 0.125000
vt 0.468750 0.562500
vt 0.468750 0.062500
vt 0.468750 0.500000
vt 0.484375 1.000000
vt 0.468750 0.937500
vt 0.484375 0.000000
vt 0.437500 0.187500
vt 0.437500 0.125000
vt 0.437500 0.625000
vt 0.437500 0.562500
vt 0.437500 0.062500
vt 0.437500 0.500000
vt 0.453125 1.000000
vt 0.437500 0.937500
vt 0.453125 0.000000
vt 0.437500 0.437500
vt 0.437500 0.875000
vt 0.437500 0.375000
vt 0.437500 0.812500
vt 0.437500 0.312500
vt 0.437500 0.750000
vt 0.437500 0.250000
vt 0.437500 0.687500
vt 0.406250 0.875000
vt 0.406250 0.812500
vt 0.406250 0.375000
vt 0.406250 0.312500
vt 0.406250 0.750000
vt 0.406250 0.250000
vt 0.406250 0.687500
vt 0.406250 0.187500
vt 0.406250 0.625000
vt 0.406250 0.125000
vt 0.406250 0.562500
vt 0.406250 0.062500
vt 0.406250 0.500000
vt 0.421875 1.000000
vt 0.406250 0.937500
vt 0.421875 0.000000
vt 0.406250 0.437500
vt 0.375000 0.625000
vt 0.375000 0.562500
vt 0.375000 0.125000
vt 0.375000 0.062500
vt 0.375000 0.500000
vt 0.390625 1.000000
vt 0.375000 0.937500
vt 0.390625 0.000000
vt 0.375000 0.437500
vt 0.375000 0.875000
vt 0.375000 0.375000
vt 0.375000 0.812500
vt 0.375000 0.312500
vt 0.375000 0.750000
vt 0.375000 0.250000
vt 0.375000 0.687500
vt 0.375000 0.187500
vt 0.343750 0.375000
vt 0.343750 0.312500
vt 0.343750 0.812500
vt 0.343750 0.750000
vt 0.343750 0.250000
vt 0.343750 0.687500
vt 0.343750 0.187500
vt 0.343750 0.625000
vt 0.343750 0.125000
vt 0.343750 0.562500
vt 0.343750 0.062500
vt 0.343750 0.500000
vt 0.359375 1.000000
vt 0.343750 0.937500
vt 0.359375 0.000000
vt 0.343750 0.437500
vt 0.343750 0.875000
vt 0.312500 0.125000
vt 0.312500 0.062500
vt 0.312500 0.562500
vt 0.312500 0.500000
vt 0.328125 1.000000
vt 0.312500 0.937500
vt 0.328125 0.000000
vt 0.312500 0.437500
vt 0.312500 0.875000
vt 0.312500 0.375000
vt 0.312500 0.812500
vt 0.312500 0.312500
vt 0.312500 0.750000
vt 0.312500 0.250000
vt 0.312500 0.687500
vt 0.312500 0.187500
vt 0.312500 0.625000
vt 0.281250 0.812500
vt 0.281250 0.750000
vt 0.281250 0.312500
vt 0.281250 0.250000
vt 0.281250 0.687500
vt 0.281250 0.187500
vt 0.281250 0.625000
vt 0.281250 0.125000
vt 0.281250 0.562500
vt 0.281250 0.062500
vt 0.281250 0.500000
vt 0.296875 1.000000
vt 0.281250 0.937500
vt 0.296875 0.000000
vt 0.281250 0.437500
vt 0.281250 0.875000
vt 0.281250 0.375000
vt 0.250000 0.562500
vt 0.250000 0.500000
vt 0.265625 1.000000
vt 0.250000 0.937500
vt 0.265625 0.000000
vt 0.250000 0.062500
vt 0.250000 0.437500
vt 0.250000 0.875000
vt 0.250000 0.375000
vt 0.250000 0.812500
vt 0.250000 0.312500
vt 0.250000 0.750000
vt 0.250000 0.250000
vt 0.250000 0.687500
vt 0.250000 0.187500
vt 0.250000 0.625000
vt 0.250000 0.125000
vt 0.218750 0.312500
vt 0.218750 0.250000
vt 0.218750 0.750000
vt 0.218750 0.687500
vt 0.218750 0.187500
vt 0.218750 0.625000
vt 0.218750 0.125000
vt 0.218750 0.562500
vt 0.218750 0.062500
vt 0.218750 0.500000
vt 0.234375 1.000000
vt 0.218750 0.937500
vt 0.234375 0.000000
vt 0.218750 0.437500
vt 0.218750 0.875000
vt 0.218750 0.375000
vt 0.218750 0.812500
vt 0.203125 0.000000
vt 0.187500 0.062500
vt 0.187500 0.500000
vt 0.187500 0.437500
vt 0.187500 0.937500
vt 0.187500 0.875000
vt 0.187500 0.375000
vt 0.187500 0.812500
vt 0.187500 0.312500
vt 0.187500 0.750000
vt 0.187500 0.250000
vt 0.187500 0.687500
vt 0.187500 0.187500
vt 0.187500 0.625000
vt 0.187500 0.125000
vt 0.187500 0.562500
vt 0.203125 1.000000
vt 0.156250 0.250000
vt 0.156250 0.187500
vt 0.156250 0.687500
vt 0.156250 0.625000
vt 0.156250 0.125000
vt 0.156250 0.562500
vt 0.156250 0.062500
vt 0.156250 0.500000
vt 0.171875 1.000000
vt 0.156250 0.937500
vt 0.171875 0.000000
vt 0.156250 0.437500
vt 0.156250 0.875000
vt 0.156250 0.375000
vt 0.156250 0.812500
vt 0.156250 0.312500
vt 0.156250 0.750000
vt 0.125000 0.937500
vt 0.125000 0.875000
vt 0.125000 0.437500
vt 0.125000 0.375000
vt 0.125000 0.812500
vt 0.125000 0.312500
vt 0.125000 0.750000
vt 0.125000 0.250000
vt 0.125000 0.687500
vt 0.125000 0.187500
vt 0.125000 0.625000
vt 0.125000 0.125000
vt 0.125000 0.562500
vt 0.125000 0.062500
vt 0.125000 0.500000
vt 0.140625 1.000000
vt 0.140625 0.000000
vt 0.093750 0.687500
vt 0.093750 0.625000
vt 0.093750 0.187500
vt 0.093750 0.125000
vt 0.093750 0.562500
vt 0.093750 0.062500
vt 0.093750 0.500000
vt 0.109375 1.000000
vt 0.093750 0.937500
vt 0.109375 0.000000
vt 0.093750 0.437500
vt 0.093750 0.875000
vt 0.093750 0.375000
vt 0.093750 0.812500
vt 0.093750 0.312500
vt 0.093750 0.750000
vt 0.093750 0.250000
vt 0.062500 0.437500
vt 0.062500 0.375000
vt 0.062500 0.875000
vt 0.062500 0.812500
vt 0.062500 0.312500
vt 0.062500 0.750000
vt 0.062500 0.250000
vt 0.062500 0.687500
vt 0.062500 0.187500
vt 0.062500 0.625000
vt 0.062500 0.125000
vt 0.062500 0.562500
vt 0.062500 0.062500
vt 0.062500 0.500000
vt 0.078125 1.000000
vt 0.062500 0.937500
vt 0.078125 0.000000
vt 0.031250 0.187500
vt 0.031250 0.125000
vt 0.031250 0.625000
vt 0.031250 0.562500
vt 0.031250 0.062500
vt 0.031250 0.500000
vt 0.046875 1.000000
vt 0.031250 0.937500
vt 0.046875 0.000000
vt 0.031250 0.437500
vt 0.031250 0.875000
vt 0.031250 0.375000
vt 0.031250 0.812500
vt 0.031250 0.312500
vt 0.031250 0.750000
vt 0.031250 0.250000
vt 0.031250 0.687500
vt 0.000000 0.875000
vt 0.000000 0.812500
vt 0.000000 0.375000
vt 0.000000 0.312500
vt 0.000000 0.750000
vt 0.000000 0.250000
vt 0.000000 0.687500
vt 0.000000 0.187500
vt 0.000000 0.625000
vt 0.000000 0.125000
vt 0.000000 0.562500
vt 0.000000 0.062500
vt 0.000000 0.500000
vt 0.015625 1.000000
vt 0.000000 0.937500
vt 0.015625 0.000000
vt 0.000000 0.437500
vt 1.000000 0.562500
vt 1.000000 0.625000
vt 0.968750 0.625000
vt 0.968750 0.562500
vt 1.000000 0.062500
vt 1.000000 0.125000
vt 0.968750 0.125000
vt 0.968750 0.062500
vt 1.000000 0.500000
vt 0.968750 0.500000
vt 1.000000 0.937500
vt 0.984375 1.000000
vt 0.968750 0.937500
vt 0.984375 0.000000
vt 1.000000 0.437500
vt 0.968750 0.437500
vt 1.000000 0.875000
vt 0.968750 0.875000
vt 1.000000 0.375000
vt 0.968750 0.375000
vt 1.000000 0.812500
vt 0.968750 0.812500
vt 1.000000 0.312500
vt 0.968750 0.312500
vt 1.000000 0.750000
vt 0.968750 0.750000
vt 1.000000 0.250000
vt 0.968750 0.250000
vt 1.000000 0.687500
vt 0.968750 0.687500
vt 1.000000 0.187500
vt 0.968750 0.187500
vt 0.937500 0.375000
vt 0.937500 0.312500
vt 0.937500 0.812500
vt 0.937500 0.750000
vt 0.937500 0.250000
vt 0.937500 0.687500
vt 0.937500 0.187500
vt 0.937500 0.625000
vt 0.937500 0.125000
vt 0.937500 0.562500
vt 0.937500 0.062500
vt 0.937500 0.500000
vt 0.953125 1.000000
vt 0.937500 0.937500
vt 0.953125 0.000000
vt 0.937500 0.437500
vt 0.937500 0.875000
vt 0.906250 0.125000
vt 0.906250 0.062500
vt 0.906250 0.562500
vt 0.906250 0.500000
vt 0.921875 1.000000
vt 0.906250 0.937500
vt 0.921875 0.000000
vt 0.906250 0.437500
vt 0.906250 0.875000
vt 0.906250 0.375000
vt 0.906250 0.812500
vt 0.906250 0.312500
vt 0.906250 0.750000
vt 0.906250 0.250000
vt 0.906250 0.687500
vt 0.906250 0.187500
vt 0.906250 0.625000
vt 0.875000 0.312500
vt 0.875000 0.250000
vt 0.875000 0.750000
vt 0.875000 0.687500
vt 0.875000 0.187500
vt 0.875000 0.625000
vt 0.875000 0.125000
vt 0.875000 0.562500
vt 0.875000 0.062500
vt 0.875000 0.500000
vt 0.890625 1.000000
vt 0.875000 0.937500
vt 0.890625 0.000000
vt 0.875000 0.437500
vt 0.875000 0.875000
vt 0.875000 0.375000
vt 0.875000 0.812500
vt 0.859375 1.000000
vt 0.843750 0.937500
vt 0.859375 0.000000
vt 0.843750 0.062500
vt 0.843750 0.500000
vt 0.843750 0.437500
vt 0.843750 0.875000
vt 0.843750 0.375000
vt 0.843750 0.812500
vt 0.843750 0.312500
vt 0.843750 0.750000
vt 0.843750 0.250000
vt 0.843750 0.687500
vt 0.843750 0.187500
vt 0.843750 0.625000
vt 0.843750 0.125000
vt 0.843750 0.562500
vt 0.812500 0.750000
vt 0.812500 0.687500
vt 0.812500 0.250000
vt 0.812500 0.187500
vt 0.812500 0.625000
vt 0.812500 0.125000
vt 0.812500 0.562500
vt 0.812500 0.062500
vt 0.812500 0.500000
vt 0.828125 1.000000
vt 0.812500 0.937500
vt 0.828125 0.000000
vt 0.812500 0.437500
vt 0.812500 0.875000
vt 0.812500 0.375000
vt 0.812500 0.812500
vt 0.812500 0.312500
vt 0.781250 0.500000
vt 0.781250 0.437500
vt 0.781250 0.937500
vt 0.781250 0.875000
vt 0.781250 0.375000
vt 0.781250 0.812500
vt 0.781250 0.312500
vt 0.781250 0.750000
vt 0.781250 0.250000
vt 0.781250 0.687500
vt 0.781250 0.187500
vt 0.781250 0.625000
vt 0.781250 0.125000
vt 0.781250 0.562500
vt 0.781250 0.062500
vt 0.796875 1.000000
vt 0.796875 0.000000
vt 0.765625 1.000000
vt 0.765625 0.000000
vt 0.250000 0.490000
vt 0.250000 0.250000
vt 0.296822 0.485388
vt 0.341844 0.471731
vt 0.383337 0.449553
vt 0.419706 0.419706
vt 0.449553 0.383337
vt 0.471731 0.341844
vt 0.485388 0.296822
vt 0.490000 0.250000
vt 0.485388 0.203178
vt 0.471731 0.158156
vt 0.449553 0.116663
vt 0.419706 0.080294
vt 0.383337 0.050447
vt 0.341844 0.028269
vt 0.296822 0.014612
vt 0.250000 0.010000
vt 0.203178 0.014612
vt 0.158156 0.028269
vt 0.116663 0.050447
vt 0.080294 0.080294
vt 0.050447 0.116663
vt 0.028269 0.158156
vt 0.014612 0.203178
vt 0.010000 0.250000
vt 0.014612 0.296822
vt 0.028269 0.341844
vt 0.050447 0.383337
vt 0.080294 0.419706
vt 0.116663 0.449553
vt 0.158156 0.471731
vt 0.750000 0.490000
vt 0.796822 0.485388
vt 0.841844 0.471731
vt 0.883337 0.449553
vt 0.919706 0.419706
vt 0.949553 0.383337
vt 0.971731 0.341844
vt 0.985388 0.296822
vt 0.990000 0.250000
vt 0.985388 0.203178
vt 0.971731 0.158156
vt 0.949553 0.116663
vt 0.919706 0.080294
vt 0.883337 0.050447
vt 0.841844 0.028269
vt 0.796822 0.014612
vt 0.750000 0.010000
vt 0.703178 0.014612
vt 0.658156 0.028269
vt 0.616663 0.050447
vt 0.580294 0.080294
vt 0.550447 0.116663
vt 0.528269 0.158156
vt 0.514612 0.203178
vt 0.510000 0.250000
vt 0.514612 0.296822
vt 0.528269 0.341844
vt 0.550447 0.383337
vt 0.580294 0.419706
vt 0.616663 0.449553
vt 0.658156 0.471731
vt 0.703178 0.485388
vt 0.203178 0.485388
vt 1.000000 0.500000
vt 1.000000 1.000000
vt 0.833333 1.000000
vt 0.833333 0.500000
vt 0.666667 1.000000
vt 0.666667 0.500000
vt 0.500000 1.000000
vt 0.500000 0.500000
vt 0.333333 1.000000
vt 0.333333 0.500000
vt 0.457846 0.370000
vt 0.250000 0.490000
vt 0.042154 0.370000
vt 0.042154 0.130000
vt 0.250000 0.010000
vt 0.457846 0.130000
vt 0.166667 1.000000
vt 0.166667 0.500000
vt -0.000000 1.000000
vt -0.000000 0.500000
vt 0.750000 0.490000
vt 0.957846 0.370000
vt 0.957846 0.130000
vt 0.750000 0.010000
vt 0.542154 0.130000
vt 0.542154 0.370000
vt 1.000000 0.500000
vt 1.000000 1.000000
vt 0.833333 1.000000
vt 0.833333 0.500000
vt 0.666667 1.000000
vt 0.666667 0.500000
vt 0.500000 1.000000
vt 0.500000 0.500000
vt 0.333333 1.000000
vt 0.333333 0.500000
vt 0.457846 0.370000
vt 0.250000 0.490000
vt 0.042154 0.370000
vt 0.042154 0.130000
vt 0.250000 0.010000
vt 0.457846 0.130000
vt 0.166667 1.000000
vt 0.166667 0.500000
vt -0.000000 1.000000
vt -0.000000 0.500000
vt 0.750000 0.490000
vt 0.957846 0.370000
vt 0.957846 0.130000
vt 0.750000 0.010000
vt 0.542154 0.130000
vt 0.542154 0.370000
vt 0.750000 0.062500
vt 0.750000 0.125000
vt 0.718750 0.125000
vt 0.718750 0.062500
vt 0.750000 0.500000
vt 0.750000 0.562500
vt 0.718750 0.562500
vt 0.718750 0.500000
vt 0.750000 0.937500
vt 0.734375 1.000000
vt 0.718750 0.937500
vt 0.734375 0.000000
vt 0.750000 0.437500
vt 0.718750 0.437500
vt 0.750000 0.875000
vt 0.718750 0.875000
vt 0.750000 0.375000
vt 0.718750 0.375000
vt 0.750000 0.812500
vt 0.718750 0.812500
vt 0.750000 0.312500
vt 0.718750 0.312500
vt 0.750000 0.750000
vt 0.718750 0.750000
vt 0.750000 0.250000
vt 0.718750 0.250000
vt 0.750000 0.687500
vt 0.718750 0.687500
vt 0.750000 0.187500
vt 0.718750 0.187500
vt 0.750000 0.625000
vt 0.718750 0.625000
vt 0.687500 0.687500
vt 0.687500 0.625000
vt 0.687500 0.187500
vt 0.687500 0.125000
vt 0.687500 0.562500
vt 0.687500 0.062500
vt 0.687500 0.500000
vt 0.703125 1.000000
vt 0.687500 0.937500
vt 0.703125 0.000000
vt 0.687500 0.437500
vt 0.687500 0.875000
vt 0.687500 0.375000
vt 0.687500 0.812500
vt 0.687500 0.312500
vt 0.687500 0.750000
vt 0.687500 0.250000
vt 0.656250 0.437500
vt 0.656250 0.375000
vt 0.656250 0.875000
vt 0.656250 0.812500
vt 0.656250 0.312500
vt 0.656250 0.750000
vt 0.656250 0.250000
vt 0.656250 0.687500
vt 0.656250 0.187500
vt 0.656250 0.625000
vt 0.656250 0.125000
vt 0.656250 0.562500
vt 0.656250 0.062500
vt 0.656250 0.500000
vt 0.671875 1.000000
vt 0.656250 0.937500
vt 0.671875 0.000000
vt 0.625000 0.187500
vt 0.625000 0.125000
vt 0.625000 0.625000
vt 0.625000 0.562500
vt 0.625000 0.062500
vt 0.625000 0.500000
vt 0.640625 1.000000
vt 0.625000 0.937500
vt 0.640625 0.000000
vt 0.625000 0.437500
vt 0.625000 0.875000
vt 0.625000 0.375000
vt 0.625000 0.812500
vt 0.625000 0.312500
vt 0.625000 0.750000
vt 0.625000 0.250000
vt 0.625000 0.687500
vt 0.593750 0.375000
vt 0.593750 0.312500
vt 0.593750 0.812500
vt 0.593750 0.750000
vt 0.593750 0.250000
vt 0.593750 0.687500
vt 0.593750 0.187500
vt 0.593750 0.625000
vt 0.593750 0.125000
vt 0.593750 0.562500
vt 0.593750 0.062500
vt 0.593750 0.500000
vt 0.609375 1.000000
vt 0.593750 0.937500
vt 0.609375 0.000000
vt 0.593750 0.437500
vt 0.593750 0.875000
vt 0.562500 0.125000
vt 0.562500 0.062500
vt 0.562500 0.562500
vt 0.562500 0.500000
vt 0.578125 1.000000
vt 0.562500 0.937500
vt 0.578125 0.000000
vt 0.562500 0.437500
vt 0.562500 0.875000
vt 0.562500 0.375000
vt 0.562500 0.812500
vt 0.562500 0.312500
vt 0.562500 0.750000
vt 0.562500 0.250000
vt 0.562500 0.687500
vt 0.562500 0.187500
vt 0.562500 0.625000
vt 0.531250 0.812500
vt 0.531250 0.750000
vt 0.531250 0.312500
vt 0.531250 0.250000
vt 0.531250 0.687500
vt 0.531250 0.187500
vt 0.531250 0.625000
vt 0.531250 0.125000
vt 0.531250 0.562500
vt 0.531250 0.062500
vt 0.531250 0.500000
vt 0.546875 1.000000
vt 0.531250 0.937500
vt 0.546875 0.000000
vt 0.531250 0.437500
vt 0.531250 0.875000
vt 0.531250 0.375000
vt 0.500000 0.562500
vt 0.500000 0.500000
vt 0.515625 1.000000
vt 0.500000 0.937500
vt 0.515625 0.000000
vt 0.500000 0.062500
vt 0.500000 0.437500
vt 0.500000 0.875000
vt 0.500000 0.375000
vt 0.500000 0.812500
vt 0.500000 0.312500
vt 0.500000 0.750000
vt 0.500000 0.250000
vt 0.500000 0.687500
vt 0.500000 0.187500
vt 0.500000 0.625000
vt 0.500000 0.125000
vt 0.468750 0.312500
vt 0.468750 0.250000
vt 0.468750 0.750000
vt 0.468750 0.687500
vt 0.468750 0.187500
vt 0.468750 0.625000
vt 0.468750 0.125000
vt 0.468750 0.562500
vt 0.468750 0.062500
vt 0.468750 0.500000
vt 0.484375 1.000000
vt 0.468750 0.937500
vt 0.484375 0.000000
vt 0.468750 0.437500
vt 0.468750 0.875000
vt 0.468750 0.375000
vt 0.468750 0.812500
vt 0.453125 1.000000
vt 0.437500 0.937500
vt 0.453125 0.000000
vt 0.437500 0.062500
vt 0.437500 0.500000
vt 0.437500 0.437500
vt 0.437500 0.875000
vt 0.437500 0.375000
vt 0.437500 0.812500
vt 0.437500 0.312500
vt 0.437500 0.750000
vt 0.437500 0.250000
vt 0.437500 0.687500
vt 0.437500 0.187500
vt 0.437500 0.625000
vt 0.437500 0.125000
vt 0.437500 0.562500
vt 0.406250 0.750000
vt 0.406250 0.687500
vt 0.406250 0.250000
vt 0.406250 0.187500
vt 0.406250 0.625000
vt 0.406250 0.125000
vt 0.406250 0.562500
vt 0.406250 0.062500
vt 0.406250 0.500000
vt 0.421875 1.000000
vt 0.406250 0.937500
vt 0.421875 0.000000
vt 0.406250 0.437500
vt 0.406250 0.875000
vt 0.406250 0.375000
vt 0.406250 0.812500
vt 0.406250 0.312500
vt 0.375000 0.500000
vt 0.375000 0.437500
vt 0.375000 0.937500
vt 0.375000 0.875000
vt 0.375000 0.375000
vt 0.375000 0.812500
vt 0.375000 0.312500
vt 0.375000 0.750000
vt 0.375000 0.250000
vt 0.375000 0.687500
vt 0.375000 0.187500
vt 0.375000 0.625000
vt 0.375000 0.125000
vt 0.375000 0.562500
vt 0.375000 0.062500
vt 0.390625 1.000000
vt 0.390625 0.000000
vt 0.343750 0.250000
vt 0.343750 0.187500
vt 0.343750 0.687500
vt 0.343750 0.625000
vt 0.343750 0.125000
vt 0.343750 0.562500
vt 0.343750 0.062500
vt 0.343750 0.500000
vt 0.359375 1.000000
vt 0.343750 0.937500
vt 0.359375 0.000000
vt 0.343750 0.437500
vt 0.343750 0.875000
vt 0.343750 0.375000
vt 0.343750 0.812500
vt 0.343750 0.312500
vt 0.343750 0.750000
vt 0.312500 0.437500
vt 0.312500 0.375000
vt 0.312500 0.875000
vt 0.312500 0.812500
vt 0.312500 0.312500
vt 0.312500 0.750000
vt 0.312500 0.250000
vt 0.312500 0.687500
vt 0.312500 0.187500
vt 0.312500 0.625000
vt 0.312500 0.125000
vt 0.312500 0.562500
vt 0.312500 0.062500
vt 0.312500 0.500000
vt 0.328125 1.000000
vt 0.312500 0.937500
vt 0.328125 0.000000
vt 0.281250 0.187500
vt 0.281250 0.125000
vt 0.281250 0.625000
vt 0.281250 0.562500
vt 0.281250 0.062500
vt 0.281250 0.500000
vt 0.296875 1.000000
vt 0.281250 0.937500
vt 0.296875 0.000000
vt 0.281250 0.437500
vt 0.281250 0.875000
vt 0.281250 0.375000
vt 0.281250 0.812500
vt 0.281250 0.312500
vt 0.281250 0.750000
vt 0.281250 0.250000
vt 0.281250 0.687500
vt 0.250000 0.875000
vt 0.250000 0.812500
vt 0.250000 0.375000
vt 0.250000 0.312500
vt 0.250000 0.750000
vt 0.250000 0.250000
vt 0.250000 0.687500
vt 0.250000 0.187500
vt 0.250000 0.625000
vt 0.250000 0.125000
vt 0.250000 0.562500
vt 0.250000 0.062500
vt 0.250000 0.500000
vt 0.265625 1.000000
vt 0.250000 0.937500
vt 0.265625 0.000000
vt 0.250000 0.437500
vt 0.218750 0.625000
vt 0.218750 0.562500
vt 0.218750 0.125000
vt 0.218750 0.062500
vt 0.218750 0.500000
vt 0.234375 1.000000
vt 0.218750 0.937500
vt 0.234375 0.000000
vt 0.218750 0.437500
vt 0.218750 0.875000
vt 0.218750 0.375000
vt 0.218750 0.812500
vt 0.218750 0.312500
vt 0.218750 0.750000
vt 0.218750 0.250000
vt 0.218750 0.687500
vt 0.218750 0.187500
vt 0.187500 0.375000
vt 0.187500 0.312500
vt 0.187500 0.812500
vt 0.187500 0.750000
vt 0.187500 0.250000
vt 0.187500 0.687500
vt 0.187500 0.187500
vt 0.187500 0.625000
vt 0.187500 0.125000
vt 0.187500 0.562500
vt 0.187500 0.062500
vt 0.187500 0.500000
vt 0.203125 1.000000
vt 0.187500 0.937500
vt 0.203125 0.000000
vt 0.187500 0.437500
vt 0.187500 0.875000
vt 0.156250 0.125000
vt 0.156250 0.062500
vt 0.156250 0.562500
vt 0.156250 0.500000
vt 0.171875 1.000000
vt 0.156250 0.937500
vt 0.171875 0.000000
vt 0.156250 0.437500
vt 0.156250 0.875000
vt 0.156250 0.375000
vt 0.156250 0.812500
vt 0.156250 0.312500
vt 0.156250 0.750000
vt 0.156250 0.250000
vt 0.156250 0.687500
vt 0.156250 0.187500
vt 0.156250 0.625000
vt 0.125000 0.812500
vt 0.125000 0.750000
vt 0.125000 0.312500
vt 0.125000 0.250000
vt 0.125000 0.687500
vt 0.125000 0.187500
vt 0.125000 0.625000
vt 0.125000 0.125000
vt 0.125000 0.562500
vt 0.125000 0.062500
vt 0.125000 0.500000
vt 0.140625 1.000000
vt 0.125000 0.937500
vt 0.140625 0.000000
vt 0.125000 0.437500
vt 0.125000 0.875000
vt 0.125000 0.375000
vt 0.093750 0.562500
vt 0.093750 0.500000
vt 0.109375 1.000000
vt 0.093750 0.937500
vt 0.109375 0.000000
vt 0.093750 0.062500
vt 0.093750 0.437500
vt 0.093750 0.875000
vt 0.093750 0.375000
vt 0.093750 0.812500
vt 0.093750 0.312500
vt 0.093750 0.750000
vt 0.093750 0.250000
vt 0.093750 0.687500
vt 0.093750 0.187500
vt 0.093750 0.625000
vt 0.093750 0.125000
vt 0.062500 0.312500
vt 0.062500 0.250000
vt 0.062500 0.750000
vt 0.062500 0.687500
vt 0.062500 0.187500
vt 0.062500 0.625000
vt 0.062500 0.125000
vt 0.062500 0.562500
vt 0.062500 0.062500
vt 0.062500 0.500000
vt 0.078125 1.000000
vt 0.062500 0.937500
vt 0.078125 0.000000
vt 0.062500 0.437500
vt 0.062500 0.875000
vt 0.062500 0.375000
vt 0.062500 0.812500
vt 0.046875 0.000000
vt 0.031250 0.062500
vt 0.031250 0.500000
vt 0.031250 0.437500
vt 0.031250 0.937500
vt 0.031250 0.875000
vt 0.031250 0.375000
vt 0.031250 0.812500
vt 0.031250 0.312500
vt 0.031250 0.750000
vt 0.031250 0.250000
vt 0.031250 0.687500
vt 0.031250 0.187500
vt 0.031250 0.625000
vt 0.031250 0.125000
vt 0.031250 0.562500
vt 0.046875 1.000000
vt 0.000000 0.250000
vt 0.000000 0.187500
vt 0.000000 0.687500
vt 0.000000 0.625000
vt 0.000000 0.125000
vt 0.000000 0.562500
vt 0.000000 0.062500
vt 0.000000 0.500000
vt 0.015625 1.000000
vt 0.000000 0.937500
vt 0.015625 0.000000
vt 0.000000 0.437500
vt 0.000000 0.875000
vt 0.000000 0.375000
vt 0.000000 0.812500
vt 0.000000 0.312500
vt 0.000000 0.750000
vt 1.000000 0.875000
vt 1.000000 0.937500
vt 0.968750 0.937500
vt 0.968750 0.875000
vt 1.000000 0.375000
vt 1.000000 0.437500
vt 0.968750 0.437500
vt 0.968750 0.375000
vt 1.000000 0.812500
vt 0.968750 0.812500
vt 1.000000 0.312500
vt 0.968750 0.312500
vt 1.000000 0.750000
vt 0.968750 0.750000
vt 1.000000 0.250000
vt 0.968750 0.250000
vt 1.000000 0.687500
vt 0.968750 0.687500
vt 1.000000 0.187500
vt 0.968750 0.187500
vt 1.000000 0.625000
vt 0.968750 0.625000
vt 1.000000 0.125000
vt 0.968750 0.125000
vt 1.000000 0.562500
vt 0.968750 0.562500
vt 1.000000 0.062500
vt 0.968750 0.062500
vt 1.000000 0.500000
vt 0.968750 0.500000
vt 0.984375 1.000000
vt 0.984375 0.000000
vt 0.937500 0.687500
vt 0.937500 0.625000
vt 0.937500 0.187500
vt 0.937500 0.125000
vt 0.937500 0.562500
vt 0.937500 0.062500
vt 0.937500 0.500000
vt 0.953125 1.000000
vt 0.937500 0.937500
vt 0.953125 0.000000
vt 0.937500 0.437500
vt 0.937500 0.875000
vt 0.937500 0.375000
vt 0.937500 0.812500
vt 0.937500 0.312500
vt 0.937500 0.750000
vt 0.937500 0.250000
vt 0.906250 0.437500
vt 0.906250 0.375000
vt 0.906250 0.875000
vt 0.906250 0.812500
vt 0.906250 0.312500
vt 0.906250 0.750000
vt 0.906250 0.250000
vt 0.906250 0.687500
vt 0.906250 0.187500
vt 0.906250 0.625000
vt 0.906250 0.125000
vt 0.906250 0.562500
vt 0.906250 0.062500
vt 0.906250 0.500000
vt 0.921875 1.000000
vt 0.906250 0.937500
vt 0.921875 0.000000
vt 0.875000 0.187500
vt 0.875000 0.125000
vt 0.875000 0.625000
vt 0.875000 0.562500
vt 0.875000 0.062500
vt 0.875000 0.500000
vt 0.890625 1.000000
vt 0.875000 0.937500
vt 0.890625 0.000000
vt 0.875000 0.437500
vt 0.875000 0.875000
vt 0.875000 0.375000
vt 0.875000 0.812500
vt 0.875000 0.312500
vt 0.875000 0.750000
vt 0.875000 0.250000
vt 0.875000 0.687500
vt 0.843750 0.875000
vt 0.843750 0.812500
vt 0.843750 0.375000
vt 0.843750 0.312500
vt 0.843750 0.750000
vt 0.843750 0.250000
vt 0.843750 0.687500
vt 0.843750 0.187500
vt 0.843750 0.625000
vt 0.843750 0.125000
vt 0.843750 0.562500
vt 0.843750 0.062500
vt 0.843750 0.500000
vt 0.859375 1.000000
vt 0.843750 0.937500
vt 0.859375 0.000000
vt 0.843750 0.437500
vt 0.812500 0.625000
vt 0.812500 0.562500
vt 0.812500 0.125000
vt 0.812500 0.062500
vt 0.812500 0.500000
vt 0.828125 1.000000
vt 0.812500 0.937500
vt 0.828125 0.000000
vt 0.812500 0.437500
vt 0.812500 0.875000
vt 0.812500 0.375000
vt 0.812500 0.812500
vt 0.812500 0.312500
vt 0.812500 0.750000
vt 0.812500 0.250000
vt 0.812500 0.687500
vt 0.812500 0.187500
vt 0.781250 0.375000
vt 0.781250 0.312500
vt 0.781250 0.812500
vt 0.781250 0.750000
vt 0.781250 0.250000
vt 0.781250 0.687500
vt 0.781250 0.187500
vt 0.781250 0.625000
vt 0.781250 0.125000
vt 0.781250 0.562500
vt 0.781250 0.062500
vt 0.781250 0.500000
vt 0.796875 1.000000
vt 0.781250 0.937500
vt 0.796875 0.000000
vt 0.781250 0.437500
vt 0.781250 0.875000
vt 0.765625 1.000000
vt 0.765625 0.000000
vt 0.750000 0.062500
vt 0.750000 0.125000
vt 0.718750 0.125000
vt 0.718750 0.062500
vt 0.750000 0.500000
vt 0.750000 0.562500
vt 0.718750 0.562500
vt 0.718750 0.500000
vt 0.750000 0.937500
vt 0.734375 1.000000
vt 0.718750 0.937500
vt 0.734375 0.000000
vt 0.750000 0.437500
vt 0.718750 0.437500
vt 0.750000 0.875000
vt 0.718750 0.875000
vt 0.750000 0.375000
vt 0.718750 0.375000
vt 0.750000 0.812500
vt 0.718750 0.812500
vt 0.750000 0.312500
vt 0.718750 0.312500
vt 0.750000 0.750000
vt 0.718750 0.750000
vt 0.750000 0.250000
vt 0.718750 0.250000
vt 0.750000 0.687500
vt 0.718750 0.687500
vt 0.750000 0.187500
vt 0.718750 0.187500
vt 0.750000 0.625000
vt 0.718750 0.625000
vt 0.687500 0.687500
vt 0.687500 0.625000
vt 0.687500 0.187500
vt 0.687500 0.125000
vt 0.687500 0.562500
vt 0.687500 0.062500
vt 0.687500 0.500000
vt 0.703125 1.000000
vt 0.687500 0.937500
vt 0.703125 0.000000
vt 0.687500 0.437500
vt 0.687500 0.875000
vt 0.687500 0.375000
vt 0.687500 0.812500
vt 0.687500 0.312500
vt 0.687500 0.750000
vt 0.687500 0.250000
vt 0.656250 0.437500
vt 0.656250 0.375000
vt 0.656250 0.875000
vt 0.656250 0.812500
vt 0.656250 0.312500
vt 0.656250 0.750000
vt 0.656250 0.250000
vt 0.656250 0.687500
vt 0.656250 0.187500
vt 0.656250 0.625000
vt 0.656250 0.125000
vt 0.656250 0.562500
vt 0.656250 0.062500
vt 0.656250 0.500000
vt 0.671875 1.000000
vt 0.656250 0.937500
vt 0.671875 0.000000
vt 0.625000 0.187500
vt 0.625000 0.125000
vt 0.625000 0.625000
vt 0.625000 0.562500
vt 0.625000 0.062500
vt 0.625000 0.500000
vt 0.640625 1.000000
vt 0.625000 0.937500
vt 0.640625 0.000000
vt 0.625000 0.437500
vt 0.625000 0.875000
vt 0.625000 0.375000
vt 0.625000 0.812500
vt 0.625000 0.312500
vt 0.625000 0.750000
vt 0.625000 0.250000
vt 0.625000 0.687500
vt 0.593750 0.375000
vt 0.593750 0.312500
vt 0.593750 0.812500
vt 0.593750 0.750000
vt 0.593750 0.250000
vt 0.593750 0.687500
vt 0.593750 0.187500
vt 0.593750 0.625000
vt 0.593750 0.125000
vt 0.593750 0.562500
vt 0.593750 0.062500
vt 0.593750 0.500000
vt 0.609375 1.000000
vt 0.593750 0.937500
vt 0.609375 0.000000
vt 0.593750 0.437500
vt 0.593750 0.875000
vt 0.562500 0.125000
vt 0.562500 0.062500
vt 0.562500 0.562500
vt 0.562500 0.500000
vt 0.578125 1.000000
vt 0.562500 0.937500
vt 0.578125 0.000000
vt 0.562500 0.437500
vt 0.562500 0.875000
vt 0.562500 0.375000
vt 0.562500 0.812500
vt 0.562500 0.312500
vt 0.562500 0.750000
vt 0.562500 0.250000
vt 0.562500 0.687500
vt 0.562500 0.187500
vt 0.562500 0.625000
vt 0.531250 0.812500
vt 0.531250 0.750000
vt 0.531250 0.312500
vt 0.531250 0.250000
vt 0.531250 0.687500
vt 0.531250 0.187500
vt 0.531250 0.625000
vt 0.531250 0.125000
vt 0.531250 0.562500
vt 0.531250 0.062500
vt 0.531250 0.500000
vt 0.546875 1.000000
vt 0.531250 0.937500
vt 0.546875 0.000000
vt 0.531250 0.437500
vt 0.531250 0.875000
vt 0.531250 0.375000
vt 0.500000 0.562500
vt 0.500000 0.500000
vt 0.515625 1.000000
vt 0.500000 0.937500
vt 0.515625 0.000000
vt 0.500000 0.062500
vt 0.500000 0.437500
vt 0.500000 0.875000
vt 0.500000 0.375000
vt 0.500000 0.812500
vt 0.500000 0.312500
vt 0.500000 0.750000
vt 0.500000 0.250000
vt 0.500000 0.687500
vt 0.500000 0.187500
vt 0.500000 0.625000
vt 0.500000 0.125000
vt 0.468750 0.312500
vt 0.468750 0.250000
vt 0.468750 0.750000
vt 0.468750 0.687500
vt 0.468750 0.187500
vt 0.468750 0.625000
vt 0.468750 0.125000
vt 0.468750 0.562500
vt 0.468750 0.062500
vt 0.468750 0.500000
vt 0.484375 1.000000
vt 0.468750 0.937500
vt 0.484375 0.000000
vt 0.468750 0.437500
vt 0.468750 0.875000
vt 0.468750 0.375000
vt 0.468750 0.812500
vt 0.453125 1.000000
vt 0.437500 0.937500
vt 0.453125 0.000000
vt 0.437500 0.062500
vt 0.437500 0.500000
vt 0.437500 0.437500
vt 0.437500 0.875000
vt 0.437500 0.375000
vt 0.437500 0.812500
vt 0.437500 0.312500
vt 0.437500 0.750000
vt 0.437500 0.250000
vt 0.437500 0.687500
vt 0.437500 0.187500
vt 0.437500 0.625000
vt 0.437500 0.125000
vt 0.437500 0.562500
vt 0.406250 0.750000
vt 0.406250 0.687500
vt 0.406250 0.250000
vt 0.406250 0.187500
vt 0.406250 0.625000
vt 0.406250 0.125000
vt 0.406250 0.562500
vt 0.406250 0.062500
vt 0.406250 0.500000
vt 0.421875 1.000000
vt 0.406250 0.937500
vt 0.421875 0.000000
vt 0.406250 0.437500
vt 0.406250 0.875000
vt 0.406250 0.375000
vt 0.406250 0.812500
vt 0.406250 0.312500
vt 0.375000 0.500000
vt 0.375000 0.437500
vt 0.375000 0.937500
vt 0.375000 0.875000
vt 0.375000 0.375000
vt 0.375000 0.812500
vt 0.375000 0.312500
vt 0.375000 0.750000
vt 0.375000 0.250000
vt 0.375000 0.687500
vt 0.375000 0.187500
vt 0.375000 0.625000
vt 0.375000 0.125000
vt 0.375000 0.562500
vt 0.375000 0.062500
vt 0.390625 1.000000
vt 0.390625 0.000000
vt 0.343750 0.250000
vt 0.343750 0.187500
vt 0.343750 0.687500
vt 0.343750 0.625000
vt 0.343750 0.125000
vt 0.343750 0.562500
vt 0.343750 0.062500
vt 0.343750 0.500000
vt 0.359375 1.000000
vt 0.343750 0.937500
vt 0.359375 0.000000
vt 0.343750 0.437500
vt 0.343750 0.875000
vt 0.343750 0.375000
vt 0.343750 0.812500
vt 0.343750 0.312500
vt 0.343750 0.750000
vt 0.312500 0.437500
vt 0.312500 0.375000
vt 0.312500 0.875000
vt 0.312500 0.812500
vt 0.312500 0.312500
vt 0.312500 0.750000
vt 0.312500 0.250000
vt 0.312500 0.687500
vt 0.312500 0.187500
vt 0.312500 0.625000
vt 0.312500 0.125000
vt 0.312500 0.562500
vt 0.312500 0.062500
vt 0.312500 0.500000
vt 0.328125 1.000000
vt 0.312500 0.937500
vt 0.328125 0.000000
vt 0.281250 0.187500
vt 0.281250 0.125000
vt 0.281250 0.625000
vt 0.281250 0.562500
vt 0.281250 0.062500
vt 0.281250 0.500000
vt 0.296875 1.000000
vt 0.281250 0.937500
vt 0.296875 0.000000
vt 0.281250 0.437500
vt 0.281250 0.875000
vt 0.281250 0.375000
vt 0.281250 0.812500
vt 0.281250 0.312500
vt 0.281250 0.750000
vt 0.281250 0.250000
vt 0.281250 0.687500
vt 0.250000 0.875000
vt 0.250000 0.812500
vt 0.250000 0.375000
vt 0.250000 0.312500
vt 0.250000 0.750000
vt 0.250000 0.250000
vt 0.250000 0.687500
vt 0.250000 0.187500
vt 0.250000 0.625000
vt 0.250000 0.125000
vt 0.250000 0.562500
vt 0.250000 0.062500
vt 0.250000 0.500000
vt 0.265625 1.000000
vt 0.250000 0.937500
vt 0.265625 0.000000
vt 0.250000 0.437500
vt 0.218750 0.625000
vt 0.218750 0.562500
vt 0.218750 0.125000
vt 0.218750 0.062500
vt 0.218750 0.500000
vt 0.234375 1.000000
vt 0.218750 0.937500
vt 0.234375 0.000000
vt 0.218750 0.437500
vt 0.218750 0.875000
vt 0.218750 0.375000
vt 0.218750 0.812500
vt 0.218750 0.312500
vt 0.218750 0.750000
vt 0.218750 0.250000
vt 0.218750 0.687500
vt 0.218750 0.187500
vt 0.187500 0.375000
vt 0.187500 0.312500
vt 0.187500 0.812500
vt 0.187500 0.750000
vt 0.187500 0.250000
vt 0.187500 0.687500
vt 0.187500 0.187500
vt 0.187500 0.625000
vt 0.187500 0.125000
vt 0.187500 0.562500
vt 0.187500 0.062500
vt 0.187500 0.500000
vt 0.203125 1.000000
vt 0.187500 0.937500
vt 0.203125 0.000000
vt 0.187500 0.437500
vt 0.187500 0.875000
vt 0.156250 0.125000
vt 0.156250 0.062500
vt 0.156250 0.562500
vt 0.156250 0.500000
vt 0.171875 1.000000
vt 0.156250 0.937500
vt 0.171875 0.000000
vt 0.156250 0.437500
vt 0.156250 0.875000
vt 0.156250 0.375000
vt 0.156250 0.812500
vt 0.156250 0.312500
vt 0.156250 0.750000
vt 0.156250 0.250000
vt 0.156250 0.687500
vt 0.156250 0.187500
vt 0.156250 0.625000
vt 0.125000 0.812500
vt 0.125000 0.750000
vt 0.125000 0.312500
vt 0.125000 0.250000
vt 0.125000 0.687500
vt 0.125000 0.187500
vt 0.125000 0.625000
vt 0.125000 0.125000
vt 0.125000 0.562500
vt 0.125000 0.062500
vt 0.125000 0.500000
vt 0.140625 1.000000
vt 0.125000 0.937500
vt 0.140625 0.000000
vt 0.125000 0.437500
vt 0.125000 0.875000
vt 0.125000 0.375000
vt 0.093750 0.562500
vt 0.093750 0.500000
vt 0.109375 1.000000
vt 0.093750 0.937500
vt 0.109375 0.000000
vt 0.093750 0.062500
vt 0.093750 0.437500
vt 0.093750 0.875000
vt 0.093750 0.375000
vt 0.093750 0.812500
vt 0.093750 0.312500
vt 0.093750 0.750000
vt 0.093750 0.250000
vt 0.093750 0.687500
vt 0.093750 0.187500
vt 0.093750 0.625000
vt 0.093750 0.125000
vt 0.062500 0.312500
vt 0.062500 0.250000
vt 0.062500 0.750000
vt 0.062500 0.687500
vt 0.062500 0.187500
vt 0.062500 0.625000
vt 0.062500 0.125000
vt 0.062500 0.562500
vt 0.062500 0.062500
vt 0.062500 0.500000
vt 0.078125 1.000000
vt 0.062500 0.937500
vt 0.078125 0.000000
vt 0.062500 0.437500
vt 0.062500 0.875000
vt 0.062500 0.375000
vt 0.062500 0.812500
vt 0.046875 0.000000
vt 0.031250 0.062500
vt 0.031250 0.500000
vt 0.031250 0.437500
vt 0.031250 0.937500
vt 0.031250 0.875000
vt 0.031250 0.375000
vt 0.031250 0.812500
vt 0.031250 0.312500
vt 0.031250 0.750000
vt 0.031250 0.250000
vt 0.031250 0.687500
vt 0.031250 0.187500
vt 0.031250 0.625000
vt 0.031250 0.125000
vt 0.031250 0.562500
vt 0.046875 1.000000
vt 0.000000 0.250000
vt 0.000000 0.187500
vt 0.000000 0.687500
vt 0.000000 0.625000
vt 0.000000 0.125000
vt 0.000000 0.562500
vt 0.000000 0.062500
vt 0.000000 0.500000
vt 0.015625 1.000000
vt 0.000000 0.937500
vt 0.015625 0.000000
vt 0.000000 0.437500
vt 0.000000 0.875000
vt 0.000000 0.375000
vt 0.000000 0.812500
vt 0.000000 0.312500
vt 0.000000 0.750000
vt 1.000000 0.875000
vt 1.000000 0.937500
vt 0.968750 0.937500
vt 0.968750 0.875000
vt 1.000000 0.375000
vt 1.000000 0.437500
vt 0.968750 0.437500
vt 0.968750 0.375000
vt 1.000000 0.812500
vt 0.968750 0.812500
vt 1.000000 0.312500
vt 0.968750 0.312500
vt 1.000000 0.750000
vt 0.968750 0.750000
vt 1.000000 0.250000
vt 0.968750 0.250000
vt 1.000000 0.687500
vt 0.968750 0.687500
vt 1.000000 0.187500
vt 0.968750 0.187500
vt 1.000000 0.625000
vt 0.968750 0.625000
vt 1.000000 0.125000
vt 0.968750 0.125000
vt 1.000000 0.562500
vt 0.968750 0.562500
vt 1.000000 0.062500
vt 0.968750 0.062500
vt 1.000000 0.500000
vt 0.968750 0.500000
vt 0.984375 1.000000
vt 0.984375 0.000000
vt 0.937500 0.687500
vt 0.937500 0.625000
vt 0.937500 0.187500
vt 0.937500 0.125000
vt 0.937500 0.562500
vt 0.937500 0.062500
vt 0.937500 0.500000
vt 0.953125 1.000000
vt 0.937500 0.937500
vt 0.953125 0.000000
vt 0.937500 0.437500
vt 0.937500 0.875000
vt 0.937500 0.375000
vt 0.937500 0.812500
vt 0.937500 0.312500
vt 0.937500 0.750000
vt 0.937500 0.250000
vt 0.906250 0.437500
vt 0.906250 0.375000
vt 0.906250 0.875000
vt 0.906250 0.812500
vt 0.906250 0.312500
vt 0.906250 0.750000
vt 0.906250 0.250000
vt 0.906250 0.687500
vt 0.906250 0.187500
vt 0.906250 0.625000
vt 0.906250 0.125000
vt 0.906250 0.562500
vt 0.906250 0.062500
vt 0.906250 0.500000
vt 0.921875 1.000000
vt 0.906250 0.937500
vt 0.921875 0.000000
vt 0.875000 0.187500
vt 0.875000 0.125000
vt 0.875000 0.625000
vt 0.875000 0.562500
vt 0.875000 0.062500
vt 0.875000 0.500000
vt 0.890625 1.000000
vt 0.875000 0.937500
vt 0.890625 0.000000
vt 0.875000 0.437500
vt 0.875000 0.875000
vt 0.875000 0.375000
vt 0.875000 0.812500
vt 0.875000 0.312500
vt 0.875000 0.750000
vt 0.875000 0.250000
vt 0.875000 0.687500
vt 0.843750 0.875000
vt 0.843750 0.812500
vt 0.843750 0.375000
vt 0.843750 0.312500
vt 0.843750 0.750000
vt 0.843750 0.250000
vt 0.843750 0.687500
vt 0.843750 0.187500
vt 0.843750 0.625000
vt 0.843750 0.125000
vt 0.843750 0.562500
vt 0.843750 0.062500
vt 0.843750 0.500000
vt 0.859375 1.000000
vt 0.843750 0.937500
vt 0.859375 0.000000
vt 0.843750 0.437500
vt 0.812500 0.625000
vt 0.812500 0.562500
vt 0.812500 0.125000
vt 0.812500 0.062500
vt 0.812500 0.500000
vt 0.828125 1.000000
vt 0.812500 0.937500
vt 0.828125 0.000000
vt 0.812500 0.437500
vt 0.812500 0.875000
vt 0.812500 0.375000
vt 0.812500 0.812500
vt 0.812500 0.312500
vt 0.812500 0.750000
vt 0.812500 0.250000
vt 0.812500 0.687500
vt 0.812500 0.187500
vt 0.781250 0.375000
vt 0.781250 0.312500
vt 0.781250 0.812500
vt 0.781250 0.750000
vt 0.781250 0.250000
vt 0.781250 0.687500
vt 0.781250 0.187500
vt 0.781250 0.625000
vt 0.781250 0.125000
vt 0.781250 0.562500
vt 0.781250 0.062500
vt 0.781250 0.500000
vt 0.796875 1.000000
vt 0.781250 0.937500
vt 0.796875 0.000000
vt 0.781250 0.437500
vt 0.781250 0.875000
vt 0.765625 1.000000
vt 0.765625 0.000000
vt 0.750000 0.062500
vt 0.750000 0.125000
vt 0.718750 0.125000
vt 0.718750 0.062500
vt 0.750000 0.500000
vt 0.750000 0.562500
vt 0.718750 0.562500
vt 0.718750 0.500000
vt 0.750000 0.937500
vt 0.734375 1.000000
vt 0.718750 0.937500
vt 0.734375 0.000000
vt 0.750000 0.437500
vt 0.718750 0.437500
vt 0.750000 0.875000
vt 0.718750 0.875000
vt 0.750000 0.375000
vt 0.718750 0.375000
vt 0.750000 0.812500
vt 0.718750 0.812500
vt 0.750000 0.312500
vt 0.718750 0.312500
vt 0.750000 0.750000
vt 0.718750 0.750000
vt 0.750000 0.250000
vt 0.718750 0.250000
vt 0.750000 0.687500
vt 0.718750 0.687500
vt 0.750000 0.187500
vt 0.718750 0.187500
vt 0.750000 0.625000
vt 0.718750 0.625000
vt 0.687500 0.687500
vt 0.687500 0.625000
vt 0.687500 0.187500
vt 0.687500 0.125000
vt 0.687500 0.562500
vt 0.687500 0.062500
vt 0.687500 0.500000
vt 0.703125 1.000000
vt 0.687500 0.937500
vt 0.703125 0.000000
vt 0.687500 0.437500
vt 0.687500 0.875000
vt 0.687500 0.375000
vt 0.687500 0.812500
vt 0.687500 0.312500
vt 0.687500 0.750000
vt 0.687500 0.250000
vt 0.656250 0.437500
vt 0.656250 0.375000
vt 0.656250 0.875000
vt 0.656250 0.812500
vt 0.656250 0.312500
vt 0.656250 0.750000
vt 0.656250 0.250000
vt 0.656250 0.687500
vt 0.656250 0.187500
vt 0.656250 0.625000
vt 0.656250 0.125000
vt 0.656250 0.562500
vt 0.656250 0.062500
vt 0.656250 0.500000
vt 0.671875 1.000000
vt 0.656250 0.937500
vt 0.671875 0.000000
vt 0.625000 0.187500
vt 0.625000 0.125000
vt 0.625000 0.625000
vt 0.625000 0.562500
vt 0.625000 0.062500
vt 0.625000 0.500000
vt 0.640625 1.000000
vt 0.625000 0.937500
vt 0.640625 0.000000
vt 0.625000 0.437500
vt 0.625000 0.875000
vt 0.625000 0.375000
vt 0.625000 0.812500
vt 0.625000 0.312500
vt 0.625000 0.750000
vt 0.625000 0.250000
vt 0.625000 0.687500
vt 0.593750 0.375000
vt 0.593750 0.312500
vt 0.593750 0.812500
vt 0.593750 0.750000
vt 0.593750 0.250000
vt 0.593750 0.687500
vt 0.593750 0.187500
vt 0.593750 0.625000
vt 0.593750 0.125000
vt 0.593750 0.562500
vt 0.593750 0.062500
vt 0.593750 0.500000
vt 0.609375 1.000000
vt 0.593750 0.937500
vt 0.609375 0.000000
vt 0.593750 0.437500
vt 0.593750 0.875000
vt 0.562500 0.125000
vt 0.562500 0.062500
vt 0.562500 0.562500
vt 0.562500 0.500000
vt 0.578125 1.000000
vt 0.562500 0.937500
vt 0.578125 0.000000
vt 0.562500 0.437500
vt 0.562500 0.875000
vt 0.562500 0.375000
vt 0.562500 0.812500
vt 0.562500 0.312500
vt 0.562500 0.750000
vt 0.562500 0.250000
vt 0.562500 0.687500
vt 0.562500 0.187500
vt 0.562500 0.625000
vt 0.531250 0.812500
vt 0.531250 0.750000
vt 0.531250 0.312500
vt 0.531250 0.250000
vt 0.531250 0.687500
vt 0.531250 0.187500
vt 0.531250 0.625000
vt 0.531250 0.125000
vt 0.531250 0.562500
vt 0.531250 0.062500
vt 0.531250 0.500000
vt 0.546875 1.000000
vt 0.531250 0.937500
vt 0.546875 0.000000
vt 0.531250 0.437500
vt 0.531250 0.875000
vt 0.531250 0.375000
vt 0.500000 0.562500
vt 0.500000 0.500000
vt 0.515625 1.000000
vt 0.500000 0.937500
vt 0.515625 0.000000
vt 0.500000 0.062500
vt 0.500000 0.437500
vt 0.500000 0.875000
vt 0.500000 0.375000
vt 0.500000 0.812500
vt 0.500000 0.312500
vt 0.500000 0.750000
vt 0.500000 0.250000
vt 0.500000 0.687500
vt 0.500000 0.187500
vt 0.500000 0.625000
vt 0.500000 0.125000
vt 0.468750 0.312500
vt 0.468750 0.250000
vt 0.468750 0.750000
vt 0.468750 0.687500
vt 0.468750 0.187500
vt 0.468750 0.625000
vt 0.468750 0.125000
vt 0.468750 0.562500
vt 0.468750 0.062500
vt 0.468750 0.500000
vt 0.484375 1.000000
vt 0.468750 0.937500
vt 0.484375 0.000000
vt 0.468750 0.437500
vt 0.468750 0.875000
vt 0.468750 0.375000
vt 0.468750 0.812500
vt 0.453125 1.000000
vt 0.437500 0.937500
vt 0.453125 0.000000
vt 0.437500 0.062500
vt 0.437500 0.500000
vt 0.437500 0.437500
vt 0.437500 0.875000
vt 0.437500 0.375000
vt 0.437500 0.812500
vt 0.437500 0.312500
vt 0.437500 0.750000
vt 0.437500 0.250000
vt 0.437500 0.687500
vt 0.437500 0.187500
vt 0.437500 0.625000
vt 0.437500 0.125000
vt 0.437500 0.562500
vt 0.406250 0.750000
vt 0.406250 0.687500
vt 0.406250 0.250000
vt 0.406250 0.187500
vt 0.406250 0.625000
vt 0.406250 0.125000
vt 0.406250 0.562500
vt 0.406250 0.062500
vt 0.406250 0.500000
vt 0.421875 1.000000
vt 0.406250 0.937500
vt 0.421875 0.000000
vt 0.406250 0.437500
vt 0.406250 0.875000
vt 0.406250 0.375000
vt 0.406250 0.812500
vt 0.406250 0.312500
vt 0.375000 0.500000
vt 0.375000 0.437500
vt 0.375000 0.937500
vt 0.375000 0.875000
vt 0.375000 0.375000
vt 0.375000 0.812500
vt 0.375000 0.312500
vt 0.375000 0.750000
vt 0.375000 0.250000
vt 0.375000 0.687500
vt 0.375000 0.187500
vt 0.375000 0.625000
vt 0.375000 0.125000
vt 0.375000 0.562500
vt 0.375000 0.062500
vt 0.390625 1.000000
vt 0.390625 0.000000
vt 0.343750 0.250000
vt 0.343750 0.187500
vt 0.343750 0.687500
vt 0.343750 0.625000
vt 0.343750 0.125000
vt 0.343750 0.562500
vt 0.343750 0.062500
vt 0.343750 0.500000
vt 0.359375 1.000000
vt 0.343750 0.937500
vt 0.359375 0.000000
vt 0.343750 0.437500
vt 0.343750 0.875000
vt 0.343750 0.375000
vt 0.343750 0.812500
vt 0.343750 0.312500
vt 0.343750 0.750000
vt 0.312500 0.437500
vt 0.312500 0.375000
vt 0.312500 0.875000
vt 0.312500 0.812500
vt 0.312500 0.312500
vt 0.312500 0.750000
vt 0.312500 0.250000
vt 0.312500 0.687500
vt 0.312500 0.187500
vt 0.312500 0.625000
vt 0.312500 0.125000
vt 0.312500 0.562500
vt 0.312500 0.062500
vt 0.312500 0.500000
vt 0.328125 1.000000
vt 0.312500 0.937500
vt 0.328125 0.000000
vt 0.281250 0.187500
vt 0.281250 0.125000
vt 0.281250 0.625000
vt 0.281250 0.562500
vt 0.281250 0.062500
vt 0.281250 0.500000
vt 0.296875 1.000000
vt 0.281250 0.937500
vt 0.296875 0.000000
vt 0.281250 0.437500
vt 0.281250 0.875000
vt 0.281250 0.375000
vt 0.281250 0.812500
vt 0.281250 0.312500
vt 0.281250 0.750000
vt 0.281250 0.250000
vt 0.281250 0.687500
vt 0.250000 0.875000
vt 0.250000 0.812500
vt 0.250000 0.375000
vt 0.250000 0.312500
vt 0.250000 0.750000
vt 0.250000 0.250000
vt 0.250000 0.687500
vt 0.250000 0.187500
vt 0.250000 0.625000
vt 0.250000 0.125000
vt 0.250000 0.562500
vt 0.250000 0.062500
vt 0.250000 0.500000
vt 0.265625 1.000000
vt 0.250000 0.937500
vt 0.265625 0.000000
vt 0.250000 0.437500
vt 0.218750 0.625000
vt 0.218750 0.562500
vt 0.218750 0.125000
vt 0.218750 0.062500
vt 0.218750 0.500000
vt 0.234375 1.000000
vt 0.218750 0.937500
vt 0.234375 0.000000
vt 0.218750 0.437500
vt 0.218750 0.875000
vt 0.218750 0.375000
vt 0.218750 0.812500
vt 0.218750 0.312500
vt 0.218750 0.750000
vt 0.218750 0.250000
vt 0.218750 0.687500
vt 0.218750 0.187500
vt 0.187500 0.375000
vt 0.187500 0.312500
vt 0.187500 0.812500
vt 0.187500 0.750000
vt 0.187500 0.250000
vt 0.187500 0.687500
vt 0.187500 0.187500
vt 0.187500 0.625000
vt 0.187500 0.125000
vt 0.187500 0.562500
vt 0.187500 0.062500
vt 0.187500 0.500000
vt 0.203125 1.000000
vt 0.187500 0.937500
vt 0.203125 0.000000
vt 0.187500 0.437500
vt 0.187500 0.875000
vt 0.156250 0.125000
vt 0.156250 0.062500
vt 0.156250 0.562500
vt 0.156250 0.500000
vt 0.171875 1.000000
vt 0.156250 0.937500
vt 0.171875 0.000000
vt 0.156250 0.437500
vt 0.156250 0.875000
vt 0.156250 0.375000
vt 0.156250 0.812500
vt 0.156250 0.312500
vt 0.156250 0.750000
vt 0.156250 0.250000
vt 0.156250 0.687500
vt 0.156250 0.187500
vt 0.156250 0.625000
vt 0.125000 0.812500
vt 0.125000 0.750000
vt 0.125000 0.312500
vt 0.125000 0.250000
vt 0.125000 0.687500
vt 0.125000 0.187500
vt 0.125000 0.625000
vt 0.125000 0.125000
vt 0.125000 0.562500
vt 0.125000 0.062500
vt 0.125000 0.500000
vt 0.140625 1.000000
vt 0.125000 0.937500
vt 0.140625 0.000000
vt 0.125000 0.437500
vt 0.125000 0.875000
vt 0.125000 0.375000
vt 0.093750 0.562500
vt 0.093750 0.500000
vt 0.109375 1.000000
vt 0.093750 0.937500
vt 0.109375 0.000000
vt 0.093750 0.062500
vt 0.093750 0.437500
vt 0.093750 0.875000
vt 0.093750 0.375000
vt 0.093750 0.812500
vt 0.093750 0.312500
vt 0.093750 0.750000
vt 0.093750 0.250000
vt 0.093750 0.687500
vt 0.093750 0.187500
vt 0.093750 0.625000
vt 0.093750 0.125000
vt 0.062500 0.312500
vt 0.062500 0.250000
vt 0.062500 0.750000
vt 0.062500 0.687500
vt 0.062500 0.187500
vt 0.062500 0.625000
vt 0.062500 0.125000
vt 0.062500 0.562500
vt 0.062500 0.062500
vt 0.062500 0.500000
vt 0.078125 1.000000
vt 0.062500 0.937500
vt 0.078125 0.000000
vt 0.062500 0.437500
vt 0.062500 0.875000
vt 0.062500 0.375000
vt 0.062500 0.812500
vt 0.046875 0.000000
vt 0.031250 0.062500
vt 0.031250 0.500000
vt 0.031250 0.437500
vt 0.031250 0.937500
vt 0.031250 0.875000
vt 0.031250 0.375000
vt 0.031250 0.812500
vt 0.031250 0.312500
vt 0.031250 0.750000
vt 0.031250 0.250000
vt 0.031250 0.687500
vt 0.031250 0.187500
vt 0.031250 0.625000
vt 0.031250 0.125000
vt 0.031250 0.562500
vt 0.046875 1.000000
vt 0.000000 0.250000
vt 0.000000 0.187500
vt 0.000000 0.687500
vt 0.000000 0.625000
vt 0.000000 0.125000
vt 0.000000 0.562500
vt 0.000000 0.062500
vt 0.000000 0.500000
vt 0.015625 1.000000
vt 0.000000 0.937500
vt 0.015625 0.000000
vt 0.000000 0.437500
vt 0.000000 0.875000
vt 0.000000 0.375000
vt 0.000000 0.812500
vt 0.000000 0.312500
vt 0.000000 0.750000
vt 1.000000 0.875000
vt 1.000000 0.937500
vt 0.968750 0.937500
vt 0.968750 0.875000
vt 1.000000 0.375000
vt 1.000000 0.437500
vt 0.968750 0.437500
vt 0.968750 0.375000
vt 1.000000 0.812500
vt 0.968750 0.812500
vt 1.000000 0.312500
vt 0.968750 0.312500
vt 1.000000 0.750000
vt 0.968750 0.750000
vt 1.000000 0.250000
vt 0.968750 0.250000
vt 1.000000 0.687500
vt 0.968750 0.687500
vt 1.000000 0.187500
vt 0.968750 0.187500
vt 1.000000 0.625000
vt 0.968750 0.625000
vt 1.000000 0.125000
vt 0.968750 0.125000
vt 1.000000 0.562500
vt 0.968750 0.562500
vt 1.000000 0.062500
vt 0.968750 0.062500
vt 1.000000 0.500000
vt 0.968750 0.500000
vt 0.984375 1.000000
vt 0.984375 0.000000
vt 0.937500 0.687500
vt 0.937500 0.625000
vt 0.937500 0.187500
vt 0.937500 0.125000
vt 0.937500 0.562500
vt 0.937500 0.062500
vt 0.937500 0.500000
vt 0.953125 1.000000
vt 0.937500 0.937500
vt 0.953125 0.000000
vt 0.937500 0.437500
vt 0.937500 0.875000
vt 0.937500 0.375000
vt 0.937500 0.812500
vt 0.937500 0.312500
vt 0.937500 0.750000
vt 0.937500 0.250000
vt 0.906250 0.437500
vt 0.906250 0.375000
vt 0.906250 0.875000
vt 0.906250 0.812500
vt 0.906250 0.312500
vt 0.906250 0.750000
vt 0.906250 0.250000
vt 0.906250 0.687500
vt 0.906250 0.187500
vt 0.906250 0.625000
vt 0.906250 0.125000
vt 0.906250 0.562500
vt 0.906250 0.062500
vt 0.906250 0.500000
vt 0.921875 1.000000
vt 0.906250 0.937500
vt 0.921875 0.000000
vt 0.875000 0.187500
vt 0.875000 0.125000
vt 0.875000 0.625000
vt 0.875000 0.562500
vt 0.875000 0.062500
vt 0.875000 0.500000
vt 0.890625 1.000000
vt 0.875000 0.937500
vt 0.890625 0.000000
vt 0.875000 0.437500
vt 0.875000 0.875000
vt 0.875000 0.375000
vt 0.875000 0.812500
vt 0.875000 0.312500
vt 0.875000 0.750000
vt 0.875000 0.250000
vt 0.875000 0.687500
vt 0.843750 0.875000
vt 0.843750 0.812500
vt 0.843750 0.375000
vt 0.843750 0.312500
vt 0.843750 0.750000
vt 0.843750 0.250000
vt 0.843750 0.687500
vt 0.843750 0.187500
vt 0.843750 0.625000
vt 0.843750 0.125000
vt 0.843750 0.562500
vt 0.843750 0.062500
vt 0.843750 0.500000
vt 0.859375 1.000000
vt 0.843750 0.937500
vt 0.859375 0.000000
vt 0.843750 0.437500
vt 0.812500 0.625000
vt 0.812500 0.562500
vt 0.812500 0.125000
vt 0.812500 0.062500
vt 0.812500 0.500000
vt 0.828125 1.000000
vt 0.812500 0.937500
vt 0.828125 0.000000
vt 0.812500 0.437500
vt 0.812500 0.875000
vt 0.812500 0.375000
vt 0.812500 0.812500
vt 0.812500 0.312500
vt 0.812500 0.750000
vt 0.812500 0.250000
vt 0.812500 0.687500
vt 0.812500 0.187500
vt 0.781250 0.375000
vt 0.781250 0.312500
vt 0.781250 0.812500
vt 0.781250 0.750000
vt 0.781250 0.250000
vt 0.781250 0.687500
vt 0.781250 0.187500
vt 0.781250 0.625000
vt 0.781250 0.125000
vt 0.781250 0.562500
vt 0.781250 0.062500
vt 0.781250 0.500000
vt 0.796875 1.000000
vt 0.781250 0.937500
vt 0.796875 0.000000
vt 0.781250 0.437500
vt 0.781250 0.875000
vt 0.765625 1.000000
vt 0.765625 0.000000
vt 0.750000 0.062500
vt 0.750000 0.125000
vt 0.718750 0.125000
vt 0.718750 0.062500
vt 0.750000 0.500000
vt 0.750000 0.562500
vt 0.718750 0.562500
vt 0.718750 0.500000
vt 0.750000 0.937500
vt 0.734375 1.000000
vt 0.718750 0.937500
vt 0.734375 0.000000
vt 0.750000 0.437500
vt 0.718750 0.437500
vt 0.750000 0.875000
vt 0.718750 0.875000
vt 0.750000 0.375000
vt 0.718750 0.375000
vt 0.750000 0.812500
vt 0.718750 0.812500
vt 0.750000 0.312500
vt 0.718750 0.312500
vt 0.750000 0.750000
vt 0.718750 0.750000
vt 0.750000 0.250000
vt 0.718750 0.250000
vt 0.750000 0.687500
vt 0.718750 0.687500
vt 0.750000 0.187500
vt 0.718750 0.187500
vt 0.750000 0.625000
vt 0.718750 0.625000
vt 0.687500 0.687500
vt 0.687500 0.625000
vt 0.687500 0.187500
vt 0.687500 0.125000
vt 0.687500 0.562500
vt 0.687500 0.062500
vt 0.687500 0.500000
vt 0.703125 1.000000
vt 0.687500 0.937500
vt 0.703125 0.000000
vt 0.687500 0.437500
vt 0.687500 0.875000
vt 0.687500 0.375000
vt 0.687500 0.812500
vt 0.687500 0.312500
vt 0.687500 0.750000
vt 0.687500 0.250000
vt 0.656250 0.437500
vt 0.656250 0.375000
vt 0.656250 0.875000
vt 0.656250 0.812500
vt 0.656250 0.312500
vt 0.656250 0.750000
vt 0.656250 0.250000
vt 0.656250 0.687500
vt 0.656250 0.187500
vt 0.656250 0.625000
vt 0.656250 0.125000
vt 0.656250 0.562500
vt 0.656250 0.062500
vt 0.656250 0.500000
vt 0.671875 1.000000
vt 0.656250 0.937500
vt 0.671875 0.000000
vt 0.625000 0.187500
vt 0.625000 0.125000
vt 0.625000 0.625000
vt 0.625000 0.562500
vt 0.625000 0.062500
vt 0.625000 0.500000
vt 0.640625 1.000000
vt 0.625000 0.937500
vt 0.640625 0.000000
vt 0.625000 0.437500
vt 0.625000 0.875000
vt 0.625000 0.375000
vt 0.625000 0.812500
vt 0.625000 0.312500
vt 0.625000 0.750000
vt 0.625000 0.250000
vt 0.625000 0.687500
vt 0.593750 0.375000
vt 0.593750 0.312500
vt 0.593750 0.812500
vt 0.593750 0.750000
vt 0.593750 0.250000
vt 0.593750 0.687500
vt 0.593750 0.187500
vt 0.593750 0.625000
vt 0.593750 0.125000
vt 0.593750 0.562500
vt 0.593750 0.062500
vt 0.593750 0.500000
vt 0.609375 1.000000
vt 0.593750 0.937500
vt 0.609375 0.000000
vt 0.593750 0.437500
vt 0.593750 0.875000
vt 0.562500 0.125000
vt 0.562500 0.062500
vt 0.562500 0.562500
vt 0.562500 0.500000
vt 0.578125 1.000000
vt 0.562500 0.937500
vt 0.578125 0.000000
vt 0.562500 0.437500
vt 0.562500 0.875000
vt 0.562500 0.375000
vt 0.562500 0.812500
vt 0.562500 0.312500
vt 0.562500 0.750000
vt 0.562500 0.250000
vt 0.562500 0.687500
vt 0.562500 0.187500
vt 0.562500 0.625000
vt 0.531250 0.812500
vt 0.531250 0.750000
vt 0.531250 0.312500
vt 0.531250 0.250000
vt 0.531250 0.687500
vt 0.531250 0.187500
vt 0.531250 0.625000
vt 0.531250 0.125000
vt 0.531250 0.562500
vt 0.531250 0.062500
vt 0.531250 0.500000
vt 0.546875 1.000000
vt 0.531250 0.937500
vt 0.546875 0.000000
vt 0.531250 0.437500
vt 0.531250 0.875000
vt 0.531250 0.375000
vt 0.500000 0.562500
vt 0.500000 0.500000
vt 0.515625 1.000000
vt 0.500000 0.937500
vt 0.515625 0.000000
vt 0.500000 0.062500
vt 0.500000 0.437500
vt 0.500000 0.875000
vt 0.500000 0.375000
vt 0.500000 0.812500
vt 0.500000 0.312500
vt 0.500000 0.750000
vt 0.500000 0.250000
vt 0.500000 0.687500
vt 0.500000 0.187500
vt 0.500000 0.625000
vt 0.500000 0.125000
vt 0.468750 0.312500
vt 0.468750 0.250000
vt 0.468750 0.750000
vt 0.468750 0.687500
vt 0.468750 0.187500
vt 0.468750 0.625000
vt 0.468750 0.125000
vt 0.468750 0.562500
vt 0.468750 0.062500
vt 0.468750 0.500000
vt 0.484375 1.000000
vt 0.468750 0.937500
vt 0.484375 0.000000
vt 0.468750 0.437500
vt 0.468750 0.875000
vt 0.468750 0.375000
vt 0.468750 0.812500
vt 0.453125 1.000000
vt 0.437500 0.937500
vt 0.453125 0.000000
vt 0.437500 0.062500
vt 0.437500 0.500000
vt 0.437500 0.437500
vt 0.437500 0.875000
vt 0.437500 0.375000
vt 0.437500 0.812500
vt 0.437500 0.312500
vt 0.437500 0.750000
vt 0.437500 0.250000
vt 0.437500 0.687500
vt 0.437500 0.187500
vt 0.437500 0.625000
vt 0.437500 0.125000
vt 0.437500 0.562500
vt 0.406250 0.750000
vt 0.406250 0.687500
vt 0.406250 0.250000
vt 0.406250 0.187500
vt 0.406250 0.625000
vt 0.406250 0.125000
vt 0.406250 0.562500
vt 0.406250 0.062500
vt 0.406250 0.500000
vt 0.421875 1.000000
vt 0.406250 0.937500
vt 0.421875 0.000000
vt 0.406250 0.437500
vt 0.406250 0.875000
vt 0.406250 0.375000
vt 0.406250 0.812500
vt 0.406250 0.312500
vt 0.375000 0.500000
vt 0.375000 0.437500
vt 0.375000 0.937500
vt 0.375000 0.875000
vt 0.375000 0.375000
vt 0.375000 0.812500
vt 0.375000 0.312500
vt 0.375000 0.750000
vt 0.375000 0.250000
vt 0.375000 0.687500
vt 0.375000 0.187500
vt 0.375000 0.625000
vt 0.375000 0.125000
vt 0.375000 0.562500
vt 0.375000 0.062500
vt 0.390625 1.000000
vt 0.390625 0.000000
vt 0.343750 0.250000
vt 0.343750 0.187500
vt 0.343750 0.687500
vt 0.343750 0.625000
vt 0.343750 0.125000
vt 0.343750 0.562500
vt 0.343750 0.062500
vt 0.343750 0.500000
vt 0.359375 1.000000
vt 0.343750 0.937500
vt 0.359375 0.000000
vt 0.343750 0.437500
vt 0.343750 0.875000
vt 0.343750 0.375000
vt 0.343750 0.812500
vt 0.343750 0.312500
vt 0.343750 0.750000
vt 0.312500 0.437500
vt 0.312500 0.375000
vt 0.312500 0.875000
vt 0.312500 0.812500
vt 0.312500 0.312500
vt 0.312500 0.750000
vt 0.312500 0.250000
vt 0.312500 0.687500
vt 0.312500 0.187500
vt 0.312500 0.625000
vt 0.312500 0.125000
vt 0.312500 0.562500
vt 0.312500 0.062500
vt 0.312500 0.500000
vt 0.328125 1.000000
vt 0.312500 0.937500
vt 0.328125 0.000000
vt 0.281250 0.187500
vt 0.281250 0.125000
vt 0.281250 0.625000
vt 0.281250 0.562500
vt 0.281250 0.062500
vt 0.281250 0.500000
vt 0.296875 1.000000
vt 0.281250 0.937500
vt 0.296875 0.000000
vt 0.281250 0.437500
vt 0.281250 0.875000
vt 0.281250 0.375000
vt 0.281250 0.812500
vt 0.281250 0.312500
vt 0.281250 0.750000
vt 0.281250 0.250000
vt 0.281250 0.687500
vt 0.250000 0.875000
vt 0.250000 0.812500
vt 0.250000 0.375000
vt 0.250000 0.312500
vt 0.250000 0.750000
vt 0.250000 0.250000
vt 0.250000 0.687500
vt 0.250000 0.187500
vt 0.250000 0.625000
vt 0.250000 0.125000
vt 0.250000 0.562500
vt 0.250000 0.062500
vt 0.250000 0.500000
vt 0.265625 1.000000
vt 0.250000 0.937500
vt 0.265625 0.000000
vt 0.250000 0.437500
vt 0.218750 0.625000
vt 0.218750 0.562500
vt 0.218750 0.125000
vt 0.218750 0.062500
vt 0.218750 0.500000
vt 0.234375 1.000000
vt 0.218750 0.937500
vt 0.234375 0.000000
vt 0.218750 0.437500
vt 0.218750 0.875000
vt 0.218750 0.375000
vt 0.218750 0.812500
vt 0.218750 0.312500
vt 0.218750 0.750000
vt 0.218750 0.250000
vt 0.218750 0.687500
vt 0.218750 0.187500
vt 0.187500 0.375000
vt 0.187500 0.312500
vt 0.187500 0.812500
vt 0.187500 0.750000
vt 0.187500 0.250000
vt 0.187500 0.687500
vt 0.187500 0.187500
vt 0.187500 0.625000
vt 0.187500 0.125000
vt 0.187500 0.562500
vt 0.187500 0.062500
vt 0.187500 0.500000
vt 0.203125 1.000000
vt 0.187500 0.937500
vt 0.203125 0.000000
vt 0.187500 0.437500
vt 0.187500 0.875000
vt 0.156250 0.125000
vt 0.156250 0.062500
vt 0.156250 0.562500
vt 0.156250 0.500000
vt 0.171875 1.000000
vt 0.156250 0.937500
vt 0.171875 0.000000
vt 0.156250 0.437500
vt 0.156250 0.875000
vt 0.156250 0.375000
vt 0.156250 0.812500
vt 0.156250 0.312500
vt 0.156250 0.750000
vt 0.156250 0.250000
vt 0.156250 0.687500
vt 0.156250 0.187500
vt 0.156250 0.625000
vt 0.125000 0.812500
vt 0.125000 0.750000
vt 0.125000 0.312500
vt 0.125000 0.250000
vt 0.125000 0.687500
vt 0.125000 0.187500
vt 0.125000 0.625000
vt 0.125000 0.125000
vt 0.125000 0.562500
vt 0.125000 0.062500
vt 0.125000 0.500000
vt 0.140625 1.000000
vt 0.125000 0.937500
vt 0.140625 0.000000
vt 0.125000 0.437500
vt 0.125000 0.875000
vt 0.125000 0.375000
vt 0.093750 0.562500
vt 0.093750 0.500000
vt 0.109375 1.000000
vt 0.093750 0.937500
vt 0.109375 0.000000
vt 0.093750 0.062500
vt 0.093750 0.437500
vt 0.093750 0.875000
vt 0.093750 0.375000
vt 0.093750 0.812500
vt 0.093750 0.312500
vt 0.093750 0.750000
vt 0.093750 0.250000
vt 0.093750 0.687500
vt 0.093750 0.187500
vt 0.093750 0.625000
vt 0.093750 0.125000
vt 0.062500 0.312500
vt 0.062500 0.250000
vt 0.062500 0.750000
vt 0.062500 0.687500
vt 0.062500 0.187500
vt 0.062500 0.625000
vt 0.062500 0.125000
vt 0.062500 0.562500
vt 0.062500 0.062500
vt 0.062500 0.500000
vt 0.078125 1.000000
vt 0.062500 0.937500
vt 0.078125 0.000000
vt 0.062500 0.437500
vt 0.062500 0.875000
vt 0.062500 0.375000
vt 0.062500 0.812500
vt 0.046875 0.000000
vt 0.031250 0.062500
vt 0.031250 0.500000
vt 0.031250 0.437500
vt 0.031250 0.937500
vt 0.031250 0.875000
vt 0.031250 0.375000
vt 0.031250 0.812500
vt 0.031250 0.312500
vt 0.031250 0.750000
vt 0.031250 0.250000
vt 0.031250 0.687500
vt 0.031250 0.187500
vt 0.031250 0.625000
vt 0.031250 0.125000
vt 0.031250 0.562500
vt 0.046875 1.000000
vt 0.000000 0.250000
vt 0.000000 0.187500
vt 0.000000 0.687500
vt 0.000000 0.625000
vt 0.000000 0.125000
vt 0.000000 0.562500
vt 0.000000 0.062500
vt 0.000000 0.500000
vt 0.015625 1.000000
vt 0.000000 0.937500
vt 0.015625 0.000000
vt 0.000000 0.437500
vt 0.000000 0.875000
vt 0.000000 0.375000
vt 0.000000 0.812500
vt 0.000000 0.312500
vt 0.000000 0.750000
vt 1.000000 0.875000
vt 1.000000 0.937500
vt 0.968750 0.937500
vt 0.968750 0.875000
vt 1.000000 0.375000
vt 1.000000 0.437500
vt 0.968750 0.437500
vt 0.968750 0.375000
vt 1.000000 0.812500
vt 0.968750 0.812500
vt 1.000000 0.312500
vt 0.968750 0.312500
vt 1.000000 0.750000
vt 0.968750 0.750000
vt 1.000000 0.250000
vt 0.968750 0.250000
vt 1.000000 0.687500
vt 0.968750 0.687500
vt 1.000000 0.187500
vt 0.968750 0.187500
vt 1.000000 0.625000
vt 0.968750 0.625000
vt 1.000000 0.125000
vt 0.968750 0.125000
vt 1.000000 0.562500
vt 0.968750 0.562500
vt 1.000000 0.062500
vt 0.968750 0.062500
vt 1.000000 0.500000
vt 0.968750 0.500000
vt 0.984375 1.000000
vt 0.984375 0.000000
vt 0.937500 0.687500
vt 0.937500 0.625000
vt 0.937500 0.187500
vt 0.937500 0.125000
vt 0.937500 0.562500
vt 0.937500 0.062500
vt 0.937500 0.500000
vt 0.953125 1.000000
vt 0.937500 0.937500
vt 0.953125 0.000000
vt 0.937500 0.437500
vt 0.937500 0.875000
vt 0.937500 0.375000
vt 0.937500 0.812500
vt 0.937500 0.312500
vt 0.937500 0.750000
vt 0.937500 0.250000
vt 0.906250 0.437500
vt 0.906250 0.375000
vt 0.906250 0.875000
vt 0.906250 0.812500
vt 0.906250 0.312500
vt 0.906250 0.750000
vt 0.906250 0.250000
vt 0.906250 0.687500
vt 0.906250 0.187500
vt 0.906250 0.625000
vt 0.906250 0.125000
vt 0.906250 0.562500
vt 0.906250 0.062500
vt 0.906250 0.500000
vt 0.921875 1.000000
vt 0.906250 0.937500
vt 0.921875 0.000000
vt 0.875000 0.187500
vt 0.875000 0.125000
vt 0.875000 0.625000
vt 0.875000 0.562500
vt 0.875000 0.062500
vt 0.875000 0.500000
vt 0.890625 1.000000
vt 0.875000 0.937500
vt 0.890625 0.000000
vt 0.875000 0.437500
vt 0.875000 0.875000
vt 0.875000 0.375000
vt 0.875000 0.812500
vt 0.875000 0.312500
vt 0.875000 0.750000
vt 0.875000 0.250000
vt 0.875000 0.687500
vt 0.843750 0.875000
vt 0.843750 0.812500
vt 0.843750 0.375000
vt 0.843750 0.312500
vt 0.843750 0.750000
vt 0.843750 0.250000
vt 0.843750 0.687500
vt 0.843750 0.187500
vt 0.843750 0.625000
vt 0.843750 0.125000
vt 0.843750 0.562500
vt 0.843750 0.062500
vt 0.843750 0.500000
vt 0.859375 1.000000
vt 0.843750 0.937500
vt 0.859375 0.000000
vt 0.843750 0.437500
vt 0.812500 0.625000
vt 0.812500 0.562500
vt 0.812500 0.125000
vt 0.812500 0.062500
vt 0.812500 0.500000
vt 0.828125 1.000000
vt 0.812500 0.937500
vt 0.828125 0.000000
vt 0.812500 0.437500
vt 0.812500 0.875000
vt 0.812500 0.375000
vt 0.812500 0.812500
vt 0.812500 0.312500
vt 0.812500 0.750000
vt 0.812500 0.250000
vt 0.812500 0.687500
vt 0.812500 0.187500
vt 0.781250 0.375000
vt 0.781250 0.312500
vt 0.781250 0.812500
vt 0.781250 0.750000
vt 0.781250 0.250000
vt 0.781250 0.687500
vt 0.781250 0.187500
vt 0.781250 0.625000
vt 0.781250 0.125000
vt 0.781250 0.562500
vt 0.781250 0.062500
vt 0.781250 0.500000
vt 0.796875 1.000000
vt 0.781250 0.937500
vt 0.796875 0.000000
vt 0.781250 0.437500
vt 0.781250 0.875000
vt 0.765625 1.000000
vt 0.765625 0.000000
vn 0.0703 0.7133 -0.6973
vn 0.0968 0.9830 0.1558
vn 0.0494 0.5015 -0.8638
vn 0.0979 0.9939 0.0511
vn 0.0182 0.1852 0.9825
vn 0.0182 0.1852 -0.9825
vn 0.0979 0.9939 -0.0511
vn 0.0494 0.5015 0.8638
vn 0.0968 0.9830 -0.1558
vn 0.0703 0.7133 0.6973
vn 0.0944 0.9588 -0.2678
vn 0.0828 0.8406 0.5352
vn 0.0902 0.9153 -0.3925
vn 0.0902 0.9153 0.3925
vn 0.0828 0.8406 -0.5352
vn 0.0944 0.9588 0.2678
vn 0.2670 0.8801 0.3925
vn 0.2452 0.8083 -0.5352
vn 0.2797 0.9220 0.2678
vn 0.2081 0.6859 -0.6973
vn 0.2867 0.9453 0.1558
vn 0.1463 0.4822 -0.8638
vn 0.2899 0.9557 0.0511
vn 0.0540 0.1781 0.9825
vn 0.0540 0.1781 -0.9825
vn 0.2899 0.9557 -0.0511
vn 0.1463 0.4822 0.8638
vn 0.2867 0.9453 -0.1558
vn 0.2081 0.6859 0.6973
vn 0.2797 0.9220 -0.2678
vn 0.2452 0.8083 0.5352
vn 0.2670 0.8801 -0.3925
vn 0.4708 0.8808 -0.0511
vn 0.2375 0.4444 0.8638
vn 0.4656 0.8712 -0.1558
vn 0.3379 0.6321 0.6973
vn 0.4542 0.8497 -0.2678
vn 0.3982 0.7450 0.5352
vn 0.4336 0.8111 -0.3925
vn 0.4336 0.8111 0.3925
vn 0.3982 0.7450 -0.5352
vn 0.4542 0.8497 0.2678
vn 0.3379 0.6321 -0.6973
vn 0.4656 0.8712 0.1558
vn 0.2375 0.4444 -0.8638
vn 0.4708 0.8808 0.0511
vn 0.0877 0.1641 0.9825
vn 0.0877 0.1641 -0.9825
vn 0.5359 0.6530 -0.5352
vn 0.6112 0.7448 0.2678
vn 0.4547 0.5541 -0.6973
vn 0.6266 0.7636 0.1558
vn 0.3197 0.3895 -0.8638
vn 0.6336 0.7720 0.0511
vn 0.1181 0.1439 0.9825
vn 0.1181 0.1439 -0.9825
vn 0.6336 0.7720 -0.0511
vn 0.3197 0.3895 0.8638
vn 0.6266 0.7636 -0.1558
vn 0.4547 0.5541 0.6973
vn 0.6112 0.7448 -0.2678
vn 0.5359 0.6530 0.5352
vn 0.5835 0.7110 -0.3925
vn 0.5835 0.7110 0.3925
vn 0.7636 0.6266 -0.1558
vn 0.5541 0.4547 0.6973
vn 0.7448 0.6112 -0.2678
vn 0.6530 0.5359 0.5352
vn 0.7110 0.5835 -0.3925
vn 0.7110 0.5835 0.3925
vn 0.6530 0.5359 -0.5352
vn 0.7448 0.6112 0.2678
vn 0.5541 0.4547 -0.6973
vn 0.7636 0.6266 0.1558
vn 0.3895 0.3197 -0.8638
vn 0.7720 0.6336 0.0511
vn 0.1439 0.1181 0.9825
vn 0.1439 0.1181 -0.9825
vn 0.7720 0.6336 -0.0511
vn 0.3895 0.3197 0.8638
vn 0.6321 0.3379 -0.6973
vn 0.8712 0.4656 0.1558
vn 0.4444 0.2375 -0.8638
vn 0.8808 0.4708 0.0511
vn 0.1641 0.0877 0.9825
vn 0.1641 0.0877 -0.9825
vn 0.8808 0.4708 -0.0511
vn 0.4444 0.2375 0.8638
vn 0.8712 0.4656 -0.1558
vn 0.6321 0.3379 0.6973
vn 0.8497 0.4542 -0.2678
vn 0.7450 0.3982 0.5352
vn 0.8111 0.4336 -0.3925
vn 0.8111 0.4336 0.3925
vn 0.7450 0.3982 -0.5352
vn 0.8497 0.4542 0.2678
vn 0.6859 0.2081 0.6973
vn 0.9220 0.2797 -0.2678
vn 0.8083 0.2452 0.5352
vn 0.8801 0.2670 -0.3925
vn 0.8801 0.2670 0.3925
vn 0.8083 0.2452 -0.5352
vn 0.9220 0.2797 0.2678
vn 0.6859 0.2081 -0.6973
vn 0.9453 0.2867 0.1558
vn 0.4822 0.1463 -0.8638
vn 0.9557 0.2899 0.0511
vn 0.1781 0.0540 0.9825
vn 0.1781 0.0540 -0.9825
vn 0.9557 0.2899 -0.0511
vn 0.4822 0.1463 0.8638
vn 0.9453 0.2867 -0.1558
vn 0.9830 0.0968 0.1558
vn 0.5015 0.0494 -0.8638
vn 0.9939 0.0979 0.0511
vn 0.1852 0.0182 0.9825
vn 0.1852 0.0182 -0.9825
vn 0.9939 0.0979 -0.0511
vn 0.5015 0.0494 0.8638
vn 0.9830 0.0968 -0.1558
vn 0.7133 0.0703 0.6973
vn 0.9588 0.0944 -0.2678
vn 0.8406 0.0828 0.5352
vn 0.9153 0.0902 -0.3925
vn 0.9153 0.0902 0.3925
vn 0.8406 0.0828 -0.5352
vn 0.9588 0.0944 0.2678
vn 0.7133 0.0703 -0.6973
vn 0.9588 -0.0944 -0.2678
vn 0.8406 -0.0828 0.5352
vn 0.9153 -0.0902 -0.3925
vn 0.9153 -0.0902 0.3925
vn 0.8406 -0.0828 -0.5352
vn 0.9588 -0.0944 0.2678
vn 0.7133 -0.0703 -0.6973
vn 0.9830 -0.0968 0.1558
vn 0.5015 -0.0494 -0.8638
vn 0.9939 -0.0979 0.0511
vn 0.1852 -0.0182 0.9825
vn 0.1852 -0.0182 -0.9825
vn 0.9939 -0.0979 -0.0511
vn 0.5015 -0.0494 0.8638
vn 0.9830 -0.0968 -0.1558
vn 0.7133 -0.0703 0.6973
vn 0.4822 -0.1463 -0.8638
vn 0.9557 -0.2899 0.0511
vn 0.1781 -0.0540 0.9825
vn 0.1781 -0.0540 -0.9825
vn 0.9557 -0.2899 -0.0511
vn 0.4822 -0.1463 0.8638
vn 0.9453 -0.2867 -0.1558
vn 0.6859 -0.2081 0.6973
vn 0.9220 -0.2797 -0.2678
vn 0.8083 -0.2452 0.5352
vn 0.8801 -0.2670 -0.3925
vn 0.8801 -0.2670 0.3925
vn 0.8083 -0.2452 -0.5352
vn 0.9220 -0.2797 0.2678
vn 0.6859 -0.2081 -0.6973
vn 0.9453 -0.2867 0.1558
vn 0.7450 -0.3982 0.5352
vn 0.8111 -0.4336 -0.3925
vn 0.8111 -0.4336 0.3925
vn 0.7450 -0.3982 -0.5352
vn 0.8497 -0.4542 0.2678
vn 0.6321 -0.3379 -0.6973
vn 0.8711 -0.4656 0.1558
vn 0.4444 -0.2375 -0.8638
vn 0.8808 -0.4708 0.0511
vn 0.1641 -0.0877 0.9825
vn 0.1641 -0.0877 -0.9825
vn 0.8808 -0.4708 -0.0511
vn 0.4444 -0.2375 0.8638
vn 0.8711 -0.4656 -0.1558
vn 0.6321 -0.3379 0.6973
vn 0.8497 -0.4542 -0.2678
vn 0.7720 -0.6336 0.0511
vn 0.1439 -0.1181 0.9825
vn 0.1439 -0.1181 -0.9825
vn 0.7720 -0.6336 -0.0511
vn 0.3895 -0.3197 0.8638
vn 0.7636 -0.6266 -0.1558
vn 0.5541 -0.4547 0.6973
vn 0.7448 -0.6112 -0.2678
vn 0.6530 -0.5359 0.5352
vn 0.7110 -0.5835 -0.3925
vn 0.7110 -0.5835 0.3925
vn 0.6530 -0.5359 -0.5352
vn 0.7448 -0.6112 0.2678
vn 0.5541 -0.4547 -0.6973
vn 0.7636 -0.6266 0.1558
vn 0.3895 -0.3197 -0.8638
vn 0.5835 -0.7110 -0.3925
vn 0.5835 -0.7110 0.3925
vn 0.5359 -0.6530 -0.5352
vn 0.6112 -0.7448 0.2678
vn 0.4547 -0.5541 -0.6973
vn 0.6266 -0.7636 0.1558
vn 0.3197 -0.3895 -0.8638
vn 0.6336 -0.7720 0.0511
vn 0.1181 -0.1439 0.9825
vn 0.1181 -0.1439 -0.9825
vn 0.6336 -0.7720 -0.0511
vn 0.3197 -0.3895 0.8638
vn 0.6266 -0.7636 -0.1558
vn 0.4547 -0.5541 0.6973
vn 0.6112 -0.7448 -0.2678
vn 0.5359 -0.6530 0.5352
vn 0.0877 -0.1641 -0.9825
vn 0.4708 -0.8808 -0.0511
vn 0.2375 -0.4444 0.8638
vn 0.4656 -0.8712 -0.1558
vn 0.3379 -0.6321 0.6973
vn 0.4542 -0.8497 -0.2678
vn 0.3982 -0.7450 0.5352
vn 0.4336 -0.8111 -0.3925
vn 0.4336 -0.8111 0.3925
vn 0.3982 -0.7450 -0.5352
vn 0.4542 -0.8497 0.2678
vn 0.3379 -0.6321 -0.6973
vn 0.4656 -0.8712 0.1558
vn 0.2375 -0.4444 -0.8638
vn 0.4708 -0.8808 0.0511
vn 0.0877 -0.1641 0.9825
vn 0.2452 -0.8083 -0.5352
vn 0.2797 -0.9220 0.2678
vn 0.2081 -0.6859 -0.6973
vn 0.2867 -0.9453 0.1558
vn 0.1463 -0.4822 -0.8638
vn 0.2899 -0.9557 0.0511
vn 0.0540 -0.1781 0.9825
vn 0.0540 -0.1781 -0.9825
vn 0.2899 -0.9557 -0.0511
vn 0.1463 -0.4822 0.8638
vn 0.2867 -0.9453 -0.1558
vn 0.2081 -0.6859 0.6973
vn 0.2797 -0.9220 -0.2678
vn 0.2452 -0.8083 0.5352
vn 0.2670 -0.8801 -0.3925
vn 0.2670 -0.8801 0.3925
vn 0.0494 -0.5015 0.8638
vn 0.0968 -0.9830 -0.1558
vn 0.0703 -0.7133 0.6973
vn 0.0944 -0.9588 -0.2678
vn 0.0828 -0.8406 0.5352
vn 0.0902 -0.9153 -0.3925
vn 0.0902 -0.9153 0.3925
vn 0.0828 -0.8406 -0.5352
vn 0.0944 -0.9588 0.2678
vn 0.0703 -0.7133 -0.6973
vn 0.0968 -0.9830 0.1558
vn 0.0494 -0.5015 -0.8638
vn 0.0979 -0.9939 0.0511
vn 0.0182 -0.1852 0.9825
vn 0.0182 -0.1852 -0.9825
vn 0.0979 -0.9939 -0.0511
vn -0.0944 -0.9588 0.2678
vn -0.0703 -0.7133 -0.6973
vn -0.0968 -0.9830 0.1558
vn -0.0494 -0.5015 -0.8638
vn -0.0979 -0.9939 0.0511
vn -0.0182 -0.1852 0.9825
vn -0.0182 -0.1852 -0.9825
vn -0.0979 -0.9939 -0.0511
vn -0.0494 -0.5015 0.8638
vn -0.0968 -0.9830 -0.1558
vn -0.0703 -0.7133 0.6973
vn -0.0944 -0.9588 -0.2678
vn -0.0828 -0.8406 0.5352
vn -0.0902 -0.9153 -0.3925
vn -0.0902 -0.9153 0.3925
vn -0.0828 -0.8406 -0.5352
vn -0.2867 -0.9453 -0.1558
vn -0.2081 -0.6859 0.6973
vn -0.2797 -0.9220 -0.2678
vn -0.2452 -0.8083 0.5352
vn -0.2670 -0.8801 -0.3925
vn -0.2670 -0.8801 0.3925
vn -0.2452 -0.8083 -0.5352
vn -0.2797 -0.9220 0.2678
vn -0.2081 -0.6859 -0.6973
vn -0.2867 -0.9453 0.1558
vn -0.1463 -0.4822 -0.8638
vn -0.2899 -0.9557 0.0511
vn -0.0540 -0.1781 0.9825
vn -0.0540 -0.1781 -0.9825
vn -0.2899 -0.9557 -0.0511
vn -0.1463 -0.4822 0.8638
vn -0.3379 -0.6321 -0.6973
vn -0.4656 -0.8712 0.1558
vn -0.2375 -0.4444 -0.8638
vn -0.4708 -0.8808 0.0511
vn -0.0877 -0.1641 0.9825
vn -0.0877 -0.1641 -0.9825
vn -0.4708 -0.8808 -0.0511
vn -0.2375 -0.4444 0.8638
vn -0.4656 -0.8712 -0.1558
vn -0.3379 -0.6321 0.6973
vn -0.4542 -0.8497 -0.2678
vn -0.3982 -0.7450 0.5352
vn -0.4336 -0.8111 -0.3925
vn -0.4336 -0.8111 0.3925
vn -0.3982 -0.7450 -0.5352
vn -0.4542 -0.8497 0.2678
vn -0.4547 -0.5541 0.6973
vn -0.6112 -0.7448 -0.2678
vn -0.5359 -0.6530 0.5352
vn -0.5835 -0.7110 -0.3925
vn -0.5835 -0.7110 0.3925
vn -0.5359 -0.6530 -0.5352
vn -0.6112 -0.7448 0.2678
vn -0.4547 -0.5541 -0.6973
vn -0.6266 -0.7636 0.1558
vn -0.3197 -0.3895 -0.8638
vn -0.6336 -0.7720 0.0511
vn -0.1181 -0.1439 0.9825
vn -0.1181 -0.1439 -0.9825
vn -0.6336 -0.7720 -0.0511
vn -0.3197 -0.3895 0.8638
vn -0.6266 -0.7636 -0.1558
vn -0.7636 -0.6266 0.1558
vn -0.3895 -0.3197 -0.8638
vn -0.7720 -0.6336 0.0511
vn -0.1439 -0.1181 0.9825
vn -0.1439 -0.1181 -0.9825
vn -0.7720 -0.6336 -0.0511
vn -0.3895 -0.3197 0.8638
vn -0.7636 -0.6266 -0.1558
vn -0.5541 -0.4547 0.6973
vn -0.7448 -0.6112 -0.2678
vn -0.6530 -0.5359 0.5352
vn -0.7110 -0.5835 -0.3925
vn -0.7110 -0.5835 0.3925
vn -0.6530 -0.5359 -0.5352
vn -0.7448 -0.6112 0.2678
vn -0.5541 -0.4547 -0.6973
vn -0.8497 -0.4542 -0.2678
vn -0.7450 -0.3982 0.5352
vn -0.8111 -0.4336 -0.3925
vn -0.8111 -0.4336 0.3925
vn -0.7450 -0.3982 -0.5352
vn -0.8497 -0.4542 0.2678
vn -0.6321 -0.3379 -0.6973
vn -0.8712 -0.4656 0.1558
vn -0.4444 -0.2375 -0.8638
vn -0.8808 -0.4708 0.0511
vn -0.1641 -0.0877 0.9825
vn -0.1641 -0.0877 -0.9825
vn -0.8808 -0.4708 -0.0511
vn -0.4444 -0.2375 0.8638
vn -0.8712 -0.4656 -0.1558
vn -0.6321 -0.3379 0.6973
vn -0.4822 -0.1463 -0.8638
vn -0.9557 -0.2899 0.0511
vn -0.1781 -0.0540 0.9825
vn -0.1781 -0.0540 -0.9825
vn -0.9557 -0.2899 -0.0511
vn -0.4822 -0.1463 0.8638
vn -0.9453 -0.2867 -0.1558
vn -0.6859 -0.2081 0.6973
vn -0.9220 -0.2797 -0.2678
vn -0.8083 -0.2452 0.5352
vn -0.8801 -0.2670 -0.3925
vn -0.8801 -0.2670 0.3925
vn -0.8083 -0.2452 -0.5352
vn -0.9220 -0.2797 0.2678
vn -0.6859 -0.2081 -0.6973
vn -0.9453 -0.2867 0.1558
vn -0.9153 -0.0902 -0.3925
vn -0.9153 -0.0902 0.3925
vn -0.8406 -0.0828 -0.5352
vn -0.9588 -0.0944 0.2678
vn -0.7133 -0.0703 -0.6973
vn -0.9830 -0.0968 0.1558
vn -0.5015 -0.0494 -0.8638
vn -0.9939 -0.0979 0.0511
vn -0.1852 -0.0182 0.9825
vn -0.1852 -0.0182 -0.9825
vn -0.9939 -0.0979 -0.0511
vn -0.5015 -0.0494 0.8638
vn -0.9830 -0.0968 -0.1558
vn -0.7133 -0.0703 0.6973
vn -0.9588 -0.0944 -0.2678
vn -0.8406 -0.0828 0.5352
vn -0.1852 0.0182 0.9825
vn -0.1852 0.0182 -0.9825
vn -0.9939 0.0979 -0.0511
vn -0.5015 0.0494 0.8638
vn -0.9830 0.0968 -0.1558
vn -0.7133 0.0703 0.6973
vn -0.9588 0.0944 -0.2678
vn -0.8406 0.0828 0.5352
vn -0.9153 0.0902 -0.3925
vn -0.9153 0.0902 0.3925
vn -0.8406 0.0828 -0.5352
vn -0.9588 0.0944 0.2678
vn -0.7133 0.0703 -0.6973
vn -0.9830 0.0968 0.1558
vn -0.5015 0.0494 -0.8638
vn -0.9939 0.0979 0.0511
vn -0.8801 0.2670 0.3925
vn -0.8083 0.2452 -0.5352
vn -0.9220 0.2797 0.2678
vn -0.6859 0.2081 -0.6973
vn -0.9453 0.2867 0.1558
vn -0.4822 0.1463 -0.8638
vn -0.9557 0.2899 0.0511
vn -0.1781 0.0540 0.9825
vn -0.1781 0.0540 -0.9825
vn -0.9557 0.2899 -0.0511
vn -0.4822 0.1463 0.8638
vn -0.9453 0.2867 -0.1558
vn -0.6859 0.2081 0.6973
vn -0.9220 0.2797 -0.2678
vn -0.8083 0.2452 0.5352
vn -0.8801 0.2670 -0.3925
vn -0.8808 0.4708 -0.0511
vn -0.4444 0.2375 0.8638
vn -0.8712 0.4656 -0.1558
vn -0.6321 0.3379 0.6973
vn -0.8497 0.4542 -0.2678
vn -0.7450 0.3982 0.5352
vn -0.8111 0.4336 -0.3925
vn -0.8111 0.4336 0.3925
vn -0.7450 0.3982 -0.5352
vn -0.8497 0.4542 0.2678
vn -0.6321 0.3379 -0.6973
vn -0.8712 0.4656 0.1558
vn -0.4444 0.2375 -0.8638
vn -0.8808 0.4708 0.0511
vn -0.1641 0.0877 0.9825
vn -0.1641 0.0877 -0.9825
vn -0.6530 0.5359 -0.5352
vn -0.7448 0.6112 0.2678
vn -0.5541 0.4547 -0.6973
vn -0.7636 0.6266 0.1558
vn -0.3895 0.3197 -0.8638
vn -0.7720 0.6336 0.0511
vn -0.1439 0.1181 0.9825
vn -0.1439 0.1181 -0.9825
vn -0.7720 0.6336 -0.0511
vn -0.3895 0.3197 0.8638
vn -0.7636 0.6266 -0.1558
vn -0.5541 0.4547 0.6973
vn -0.7448 0.6112 -0.2678
vn -0.6530 0.5359 0.5352
vn -0.7110 0.5835 -0.3925
vn -0.7110 0.5835 0.3925
vn -0.3197 0.3895 0.8638
vn -0.6266 0.7636 -0.1558
vn -0.4547 0.5541 0.6973
vn -0.6112 0.7448 -0.2678
vn -0.5359 0.6530 0.5352
vn -0.5835 0.7110 -0.3925
vn -0.5835 0.7110 0.3925
vn -0.5359 0.6530 -0.5352
vn -0.6112 0.7448 0.2678
vn -0.4547 0.5541 -0.6973
vn -0.6266 0.7636 0.1558
vn -0.3197 0.3895 -0.8638
vn -0.6336 0.7720 0.0511
vn -0.1181 0.1439 0.9825
vn -0.1181 0.1439 -0.9825
vn -0.6336 0.7720 -0.0511
vn -0.4542 0.8497 0.2678
vn -0.3379 0.6321 -0.6973
vn -0.4656 0.8712 0.1558
vn -0.2375 0.4444 -0.8638
vn -0.4708 0.8808 0.0511
vn -0.0877 0.1641 0.9825
vn -0.0877 0.1641 -0.9825
vn -0.4708 0.8808 -0.0511
vn -0.2375 0.4444 0.8638
vn -0.4656 0.8712 -0.1558
vn -0.3379 0.6321 0.6973
vn -0.4542 0.8497 -0.2678
vn -0.3982 0.7450 0.5352
vn -0.4336 0.8111 -0.3925
vn -0.4336 0.8111 0.3925
vn -0.3982 0.7450 -0.5352
vn -0.2867 0.9453 -0.1558
vn -0.2081 0.6859 0.6973
vn -0.2797 0.9220 -0.2678
vn -0.2452 0.8083 0.5352
vn -0.2670 0.8801 -0.3925
vn -0.2670 0.8801 0.3925
vn -0.2452 0.8083 -0.5352
vn -0.2797 0.9220 0.2678
vn -0.2081 0.6859 -0.6973
vn -0.2867 0.9453 0.1558
vn -0.1463 0.4822 -0.8638
vn -0.2899 0.9557 0.0511
vn -0.0540 0.1781 0.9825
vn -0.0540 0.1781 -0.9825
vn -0.2899 0.9557 -0.0511
vn -0.1463 0.4822 0.8638
vn -0.0703 0.7133 -0.6973
vn -0.0968 0.9830 0.1558
vn -0.0494 0.5015 -0.8638
vn -0.0979 0.9939 0.0511
vn -0.0182 0.1852 0.9825
vn -0.0182 0.1852 -0.9825
vn -0.0979 0.9939 -0.0511
vn -0.0494 0.5015 0.8638
vn -0.0968 0.9830 -0.1558
vn -0.0703 0.7133 0.6973
vn -0.0944 0.9588 -0.2678
vn -0.0828 0.8406 0.5352
vn -0.0902 0.9153 -0.3925
vn -0.0902 0.9153 0.3925
vn -0.0828 0.8406 -0.5352
vn -0.0944 0.9588 0.2678
vn -0.0932 0.4444 -0.8910
vn 0.0653 0.5116 -0.8567
vn 0.2146 0.5749 -0.7896
vn 0.3489 0.6319 -0.6921
vn 0.4632 0.6803 -0.5680
vn 0.5530 0.7184 -0.4220
vn 0.6148 0.7446 -0.2599
vn 0.6463 0.7580 -0.0878
vn 0.6463 0.7580 0.0878
vn 0.6148 0.7446 0.2599
vn 0.5530 0.7184 0.4220
vn 0.4632 0.6803 0.5680
vn 0.3489 0.6319 0.6921
vn 0.2146 0.5749 0.7896
vn 0.0653 0.5116 0.8567
vn -0.0932 0.4444 0.8910
vn -0.2547 0.3759 0.8910
vn -0.4132 0.3087 0.8567
vn -0.5625 0.2453 0.7896
vn -0.6968 0.1884 0.6921
vn -0.8111 0.1399 0.5680
vn -0.9008 0.1018 0.4220
vn -0.9627 0.0756 0.2599
vn -0.9942 0.0622 0.0878
vn -0.9942 0.0622 -0.0878
vn -0.9627 0.0756 -0.2599
vn -0.9008 0.1018 -0.4220
vn -0.8111 0.1399 -0.5680
vn -0.6968 0.1884 -0.6921
vn -0.5625 0.2453 -0.7896
vn 0.3905 -0.9206 -0.0000
vn -0.4132 0.3087 -0.8567
vn -0.2547 0.3759 -0.8910
vn 0.3060 0.3354 0.8910
vn 0.4532 0.2461 0.8567
vn 0.5919 0.1621 0.7896
vn 0.7166 0.0864 0.6921
vn 0.8228 0.0220 0.5680
vn 0.9061 -0.0285 0.4220
vn 0.9636 -0.0634 0.2599
vn 0.9928 -0.0811 0.0878
vn 0.9928 -0.0811 -0.0878
vn 0.9636 -0.0634 -0.2599
vn 0.9061 -0.0285 -0.4220
vn 0.8228 0.0220 -0.5680
vn 0.7166 0.0864 -0.6921
vn 0.5919 0.1621 -0.7896
vn 0.4532 0.2461 -0.8567
vn 0.3060 0.3354 -0.8910
vn 0.1560 0.4264 -0.8910
vn 0.0088 0.5157 -0.8567
vn -0.1298 0.5998 -0.7896
vn -0.2546 0.6754 -0.6921
vn -0.3607 0.7398 -0.5680
vn -0.4441 0.7904 -0.4220
vn -0.5015 0.8252 -0.2599
vn -0.5308 0.8429 -0.0878
vn -0.5308 0.8429 0.0878
vn -0.5015 0.8252 0.2599
vn -0.4441 0.7904 0.4220
vn -0.3607 0.7398 0.5680
vn -0.2546 0.6754 0.6921
vn -0.1298 0.5998 0.7896
vn -0.5186 -0.8550 -0.0000
vn 0.0088 0.5157 0.8567
vn 0.1560 0.4264 0.8910
vn 0.1124 -0.0000 -0.9937
vn 0.3291 -0.0000 -0.9443
vn 0.5232 -0.0000 -0.8522
vn 0.6860 -0.0000 -0.7276
vn 0.8137 -0.0000 -0.5813
vn 0.9067 -0.0000 -0.4219
vn 0.9669 -0.0000 -0.2553
vn 0.9963 -0.0000 -0.0854
vn 0.9963 -0.0000 0.0854
vn 0.9669 -0.0000 0.2553
vn 0.9067 -0.0000 0.4219
vn 0.8137 -0.0000 0.5813
vn 0.6860 -0.0000 0.7276
vn 0.5232 -0.0000 0.8522
vn 0.3291 -0.0000 0.9443
vn 0.1124 -0.0000 0.9937
vn -0.1124 -0.0000 0.9937
vn -0.3291 -0.0000 0.9443
vn -0.5232 -0.0000 0.8522
vn -0.6860 -0.0000 0.7276
vn -0.8137 -0.0000 0.5813
vn -0.9067 -0.0000 0.4219
vn -0.9669 -0.0000 0.2553
vn -0.9963 -0.0000 0.0854
vn -0.9963 -0.0000 -0.0854
vn -0.9669 -0.0000 -0.2553
vn -0.9067 -0.0000 -0.4219
vn -0.8137 -0.0000 -0.5813
vn -0.6860 -0.0000 -0.7276
vn -0.5232 -0.0000 -0.8522
vn -0.0000 1.0000 -0.0000
vn -0.3291 -0.0000 -0.9443
vn -0.1124 -0.0000 -0.9937
vn -0.0000 -1.0000 -0.0000
vn 0.1124 -0.0000 -0.9937
vn 0.3291 -0.0000 -0.9443
vn 0.5232 -0.0000 -0.8522
vn 0.6860 -0.0000 -0.7276
vn 0.8137 -0.0000 -0.5813
vn 0.9067 -0.0000 -0.4219
vn 0.9669 -0.0000 -0.2553
vn 0.9963 -0.0000 -0.0854
vn 0.9963 -0.0000 0.0854
vn 0.9669 -0.0000 0.2553
vn 0.9067 -0.0000 0.4219
vn 0.8137 -0.0000 0.5813
vn 0.6860 -0.0000 0.7276
vn 0.5232 -0.0000 0.8522
vn 0.3291 -0.0000 0.9443
vn 0.1124 -0.0000 0.9937
vn -0.1124 -0.0000 0.9937
vn -0.3291 -0.0000 0.9443
vn -0.5232 -0.0000 0.8522
vn -0.6860 -0.0000 0.7276
vn -0.8137 -0.0000 0.5813
vn -0.9067 -0.0000 0.4219
vn -0.9669 -0.0000 0.2553
vn -0.9963 -0.0000 0.0854
vn -0.9963 -0.0000 -0.0854
vn -0.9669 -0.0000 -0.2553
vn -0.9067 -0.0000 -0.4219
vn -0.8137 -0.0000 -0.5813
vn -0.6860 -0.0000 -0.7276
vn -0.5232 -0.0000 -0.8522
vn -0.0000 1.0000 -0.0000
vn -0.3291 -0.0000 -0.9443
vn -0.1124 -0.0000 -0.9937
vn -0.0000 -1.0000 -0.0000
vn 0.0980 -0.0000 -0.9952
vn 0.2903 -0.0000 -0.9569
vn 0.4714 -0.0000 -0.8819
vn 0.6344 -0.0000 -0.7730
vn 0.7730 -0.0000 -0.6344
vn 0.8819 -0.0000 -0.4714
vn 0.9569 -0.0000 -0.2903
vn 0.9952 -0.0000 -0.0980
vn 0.9952 -0.0000 0.0980
vn 0.9569 -0.0000 0.2903
vn 0.8819 -0.0000 0.4714
vn 0.7730 -0.0000 0.6344
vn 0.6344 -0.0000 0.7730
vn 0.4714 -0.0000 0.8819
vn 0.2903 -0.0000 0.9569
vn 0.0980 -0.0000 0.9952
vn -0.0980 -0.0000 0.9952
vn -0.2903 -0.0000 0.9569
vn -0.4714 -0.0000 0.8819
vn -0.6344 -0.0000 0.7730
vn -0.7730 -0.0000 0.6344
vn -0.8819 -0.0000 0.4714
vn -0.9569 -0.0000 0.2903
vn -0.9952 -0.0000 0.0980
vn -0.9952 -0.0000 -0.0980
vn -0.9569 -0.0000 -0.2903
vn -0.8819 -0.0000 -0.4714
vn -0.7730 -0.0000 -0.6344
vn -0.6344 -0.0000 -0.7730
vn -0.4714 -0.0000 -0.8819
vn -0.0000 1.0000 -0.0000
vn -0.2903 -0.0000 -0.9569
vn -0.0980 -0.0000 -0.9952
vn -0.0000 -1.0000 -0.0000
vn 0.0980 -0.0000 -0.9952
vn 0.2903 -0.0000 -0.9569
vn 0.4714 -0.0000 -0.8819
vn 0.6344 -0.0000 -0.7730
vn 0.7730 -0.0000 -0.6344
vn 0.8819 -0.0000 -0.4714
vn 0.9569 -0.0000 -0.2903
vn 0.9952 -0.0000 -0.0980
vn 0.9952 -0.0000 0.0980
vn 0.9569 -0.0000 0.2903
vn 0.8819 -0.0000 0.4714
vn 0.7730 -0.0000 0.6344
vn 0.6344 -0.0000 0.7730
vn 0.4714 -0.0000 0.8819
vn 0.2903 -0.0000 0.9569
vn 0.0980 -0.0000 0.9952
vn -0.0980 -0.0000 0.9952
vn -0.2903 -0.0000 0.9569
vn -0.4714 -0.0000 0.8819
vn -0.6344 -0.0000 0.7730
vn -0.7730 -0.0000 0.6344
vn -0.8819 -0.0000 0.4714
vn -0.9569 -0.0000 0.2903
vn -0.9952 -0.0000 0.0980
vn -0.9952 -0.0000 -0.0980
vn -0.9569 -0.0000 -0.2903
vn -0.8819 -0.0000 -0.4714
vn -0.7730 -0.0000 -0.6344
vn -0.6344 -0.0000 -0.7730
vn -0.4714 -0.0000 -0.8819
vn -0.0000 1.0000 -0.0000
vn -0.2903 -0.0000 -0.9569
vn -0.0980 -0.0000 -0.9952
vn -0.0000 -1.0000 -0.0000
vn 0.5000 -0.0000 -0.8660
vn 1.0000 -0.0000 -0.0000
vn 0.5000 -0.0000 0.8660
vn -0.5000 -0.0000 0.8660
vn -0.0000 1.0000 -0.0000
vn -1.0000 -0.0000 -0.0000
vn -0.5000 -0.0000 -0.8660
vn -0.0000 -1.0000 -0.0000
vn 0.4878 -0.1097 -0.8660
vn 0.9756 -0.2194 -0.0000
vn 0.4878 -0.1097 0.8660
vn -0.4878 0.1097 0.8660
vn 0.2194 0.9756 -0.0000
vn -0.9756 0.2194 -0.0000
vn -0.4878 0.1097 -0.8660
vn -0.2194 -0.9756 -0.0000
vn 0.4999 0.0095 -0.8660
vn 0.9998 0.0190 -0.0000
vn 0.4999 0.0095 0.8660
vn -0.4999 -0.0095 0.8660
vn -0.0190 0.9998 -0.0000
vn -0.9998 -0.0190 -0.0000
vn -0.4999 -0.0095 -0.8660
vn 0.0190 -0.9998 -0.0000
vn 0.4999 0.0095 -0.8660
vn 0.9998 0.0190 -0.0000
vn 0.4999 0.0095 0.8660
vn -0.4999 -0.0095 0.8660
vn -0.0190 0.9998 -0.0000
vn -0.9998 -0.0190 -0.0000
vn -0.4999 -0.0095 -0.8660
vn 0.0190 -0.9998 -0.0000
vn 0.1316 -0.7644 -0.6312
vn -0.1316 0.7644 -0.6312
vn 0.6897 -0.6544 -0.3100
vn 0.4310 0.8474 -0.3100
vn 0.6897 -0.6544 0.3100
vn 0.4310 0.8474 0.3100
vn 0.1316 -0.7644 0.6312
vn -0.1316 0.7644 0.6312
vn -0.4310 -0.8474 0.3100
vn -0.6897 0.6544 0.3100
vn -0.4310 -0.8474 -0.3100
vn -0.6897 0.6544 -0.3100
vn 0.3938 -0.8247 -0.4059
vn 0.0952 0.9090 -0.4059
vn -0.0000 -0.0000 -1.0000
vn 0.8652 0.1490 -0.4787
vn 0.6321 -0.7749 -0.0000
vn 0.3364 0.9417 -0.0000
vn 0.8652 0.1490 0.4787
vn 0.3938 -0.8247 0.4059
vn 0.0952 0.9090 0.4059
vn -0.0000 -0.0000 1.0000
vn -0.0952 -0.9090 0.4059
vn -0.3938 0.8247 0.4059
vn -0.8652 -0.1490 0.4787
vn -0.3364 -0.9417 -0.0000
vn -0.6321 0.7749 -0.0000
vn -0.8652 -0.1490 -0.4787
vn -0.0952 -0.9090 -0.4059
vn -0.3938 0.8247 -0.4059
vn 0.1697 -0.9855 -0.0000
vn -0.5140 -0.0885 0.8532
vn 0.5140 0.0885 0.8532
vn -0.1697 0.9855 -0.0000
vn -0.9855 -0.1697 -0.0000
vn -0.5140 -0.0885 -0.8532
vn 0.5140 0.0885 -0.8532
vn 0.9855 0.1697 -0.0000
vn -1.0000 -0.0000 -0.0000
vn -0.0000 -0.0000 -1.0000
vn 1.0000 -0.0000 -0.0000
vn -0.0000 -0.0000 1.0000
vn -0.0000 1.0000 -0.0000
vn -0.0000 -1.0000 -0.0000
vn -0.9708 -0.1697 0.1697
vn -0.9708 0.1697 0.1697
vn -0.9708 -0.1697 -0.1697
vn -0.9708 0.1697 -0.1697
vn -0.7504 -0.4674 0.4674
vn -0.8367 -0.1678 0.5213
vn -0.8367 0.1678 0.5213
vn -0.7504 0.4674 0.4674
vn -0.8367 0.5213 0.1678
vn -0.8367 0.5213 -0.1678
vn -0.7504 0.4674 -0.4674
vn -0.8367 0.1678 -0.5213
vn -0.8367 -0.1678 -0.5213
vn -0.7504 -0.4674 -0.4674
vn -0.8367 -0.5213 -0.1678
vn -0.8367 -0.5213 0.1678
vn -0.1697 -0.1697 -0.9708
vn -0.1697 0.1697 -0.9708
vn 0.1697 -0.1697 -0.9708
vn 0.1697 0.1697 -0.9708
vn -0.4674 -0.4674 -0.7504
vn -0.5213 -0.1678 -0.8367
vn -0.5213 0.1678 -0.8367
vn -0.4674 0.4674 -0.7504
vn -0.1678 0.5213 -0.8367
vn 0.1678 0.5213 -0.8367
vn 0.4674 0.4674 -0.7504
vn 0.5213 0.1678 -0.8367
vn 0.5213 -0.1678 -0.8367
vn 0.4674 -0.4674 -0.7504
vn 0.1678 -0.5213 -0.8367
vn -0.1678 -0.5213 -0.8367
vn 0.9708 -0.1697 -0.1697
vn 0.9708 0.1697 -0.1697
vn 0.9708 -0.1697 0.1697
vn 0.9708 0.1697 0.1697
vn 0.7504 -0.4674 -0.4674
vn 0.8367 -0.1678 -0.5213
vn 0.8367 0.1678 -0.5213
vn 0.7504 0.4674 -0.4674
vn 0.8367 0.5213 -0.1678
vn 0.8367 0.5213 0.1678
vn 0.7504 0.4674 0.4674
vn 0.8367 0.1678 0.5213
vn 0.8367 -0.1678 0.5213
vn 0.7504 -0.4674 0.4674
vn 0.8367 -0.5213 0.1678
vn 0.8367 -0.5213 -0.1678
vn 0.1697 -0.1697 0.9708
vn 0.1697 0.1697 0.9708
vn -0.1697 -0.1697 0.9708
vn -0.1697 0.1697 0.9708
vn 0.4674 -0.4674 0.7504
vn 0.5213 -0.1678 0.8367
vn 0.5213 0.1678 0.8367
vn 0.4674 0.4674 0.7504
vn 0.1678 0.5213 0.8367
vn -0.1678 0.5213 0.8367
vn -0.4674 0.4674 0.7504
vn -0.5213 0.1678 0.8367
vn -0.5213 -0.1678 0.8367
vn -0.4674 -0.4674 0.7504
vn -0.1678 -0.5213 0.8367
vn 0.1678 -0.5213 0.8367
vn -0.1697 -0.9708 -0.1697
vn 0.1697 -0.9708 -0.1697
vn -0.1697 -0.9708 0.1697
vn 0.1697 -0.9708 0.1697
vn -0.4674 -0.7504 -0.4674
vn -0.1678 -0.8367 -0.5213
vn 0.1678 -0.8367 -0.5213
vn 0.4674 -0.7504 -0.4674
vn 0.5213 -0.8367 -0.1678
vn 0.5213 -0.8367 0.1678
vn 0.4674 -0.7504 0.4674
vn 0.1678 -0.8367 0.5213
vn -0.1678 -0.8367 0.5213
vn -0.4674 -0.7504 0.4674
vn -0.5213 -0.8367 0.1678
vn -0.5213 -0.8367 -0.1678
vn 0.1697 0.9708 -0.1697
vn -0.1697 0.9708 -0.1697
vn 0.1697 0.9708 0.1697
vn -0.1697 0.9708 0.1697
vn 0.4674 0.7504 -0.4674
vn 0.1678 0.8367 -0.5213
vn -0.1678 0.8367 -0.5213
vn -0.4674 0.7504 -0.4674
vn -0.5213 0.8367 -0.1678
vn -0.5213 0.8367 0.1678
vn -0.4674 0.7504 0.4674
vn -0.1678 0.8367 0.5213
vn 0.1678 0.8367 0.5213
vn 0.4674 0.7504 0.4674
vn 0.5213 0.8367 0.1678
vn 0.5213 0.8367 -0.1678
vn 0.0759 0.6326 -0.7708
vn 0.0624 -0.7715 -0.6332
vn 0.0865 0.4696 -0.8786
vn 0.0464 -0.8810 -0.4709
vn 0.0938 0.2890 -0.9527
vn 0.0286 -0.9565 -0.2902
vn 0.0975 0.0975 -0.9904
vn 0.0097 0.9951 -0.0980
vn 0.0097 -0.9951 -0.0980
vn 0.0975 -0.0975 -0.9904
vn 0.0286 0.9565 -0.2902
vn 0.0938 -0.2890 -0.9527
vn 0.0464 0.8810 -0.4709
vn 0.0865 -0.4696 -0.8786
vn 0.0624 0.7715 -0.6332
vn 0.0759 -0.6326 -0.7708
vn 0.1847 0.7715 -0.6088
vn 0.2248 -0.6326 -0.7412
vn 0.2248 0.6326 -0.7412
vn 0.1847 -0.7715 -0.6088
vn 0.2563 0.4696 -0.8448
vn 0.1374 -0.8810 -0.4528
vn 0.2779 0.2890 -0.9161
vn 0.0846 -0.9565 -0.2790
vn 0.2889 0.0976 -0.9524
vn 0.0286 0.9951 -0.0942
vn 0.0286 -0.9951 -0.0942
vn 0.2889 -0.0976 -0.9524
vn 0.0846 0.9565 -0.2790
vn 0.2779 -0.2890 -0.9161
vn 0.1374 0.8810 -0.4528
vn 0.2563 -0.4696 -0.8448
vn 0.4691 0.0975 -0.8777
vn 0.0464 0.9951 -0.0869
vn 0.0464 -0.9951 -0.0869
vn 0.4691 -0.0975 -0.8777
vn 0.1374 0.9565 -0.2571
vn 0.4513 -0.2890 -0.8443
vn 0.2230 0.8810 -0.4173
vn 0.4162 -0.4696 -0.7786
vn 0.2999 0.7715 -0.5611
vn 0.3651 -0.6326 -0.6831
vn 0.3651 0.6326 -0.6831
vn 0.2999 -0.7715 -0.5611
vn 0.4162 0.4696 -0.7786
vn 0.2230 -0.8810 -0.4173
vn 0.4513 0.2890 -0.8443
vn 0.1374 -0.9565 -0.2571
vn 0.4913 -0.6326 -0.5987
vn 0.4913 0.6326 -0.5987
vn 0.4036 -0.7715 -0.4918
vn 0.5601 0.4696 -0.6825
vn 0.3002 -0.8810 -0.3658
vn 0.6073 0.2890 -0.7400
vn 0.1850 -0.9565 -0.2254
vn 0.6314 0.0975 -0.7693
vn 0.0625 0.9951 -0.0761
vn 0.0625 -0.9951 -0.0761
vn 0.6314 -0.0975 -0.7693
vn 0.1850 0.9565 -0.2254
vn 0.6073 -0.2890 -0.7400
vn 0.3002 0.8810 -0.3658
vn 0.5601 -0.4696 -0.6825
vn 0.4036 0.7715 -0.4918
vn 0.0761 0.9951 -0.0625
vn 0.0761 -0.9951 -0.0625
vn 0.7693 -0.0975 -0.6314
vn 0.2254 0.9565 -0.1850
vn 0.7400 -0.2890 -0.6073
vn 0.3658 0.8810 -0.3002
vn 0.6825 -0.4696 -0.5601
vn 0.4918 0.7715 -0.4036
vn 0.5987 -0.6326 -0.4913
vn 0.5987 0.6326 -0.4913
vn 0.4918 -0.7715 -0.4036
vn 0.6825 0.4696 -0.5601
vn 0.3658 -0.8810 -0.3002
vn 0.7400 0.2890 -0.6073
vn 0.2254 -0.9565 -0.1850
vn 0.7693 0.0975 -0.6314
vn 0.6831 0.6326 -0.3651
vn 0.5611 -0.7715 -0.2999
vn 0.7786 0.4696 -0.4162
vn 0.4173 -0.8810 -0.2230
vn 0.8443 0.2890 -0.4513
vn 0.2571 -0.9565 -0.1374
vn 0.8777 0.0975 -0.4691
vn 0.0869 0.9951 -0.0464
vn 0.0869 -0.9951 -0.0464
vn 0.8777 -0.0975 -0.4691
vn 0.2571 0.9565 -0.1374
vn 0.8443 -0.2890 -0.4513
vn 0.4173 0.8810 -0.2230
vn 0.7786 -0.4696 -0.4162
vn 0.5611 0.7715 -0.2999
vn 0.6831 -0.6326 -0.3651
vn 0.9524 -0.0975 -0.2889
vn 0.2790 0.9565 -0.0846
vn 0.9161 -0.2890 -0.2779
vn 0.4528 0.8810 -0.1374
vn 0.8448 -0.4696 -0.2563
vn 0.6088 0.7715 -0.1847
vn 0.7412 -0.6326 -0.2248
vn 0.7412 0.6326 -0.2248
vn 0.6088 -0.7715 -0.1847
vn 0.8448 0.4696 -0.2563
vn 0.4528 -0.8810 -0.1374
vn 0.9161 0.2890 -0.2779
vn 0.2790 -0.9565 -0.0846
vn 0.9524 0.0975 -0.2889
vn 0.0942 0.9951 -0.0286
vn 0.0942 -0.9951 -0.0286
vn 0.6332 -0.7715 -0.0624
vn 0.8786 0.4696 -0.0865
vn 0.4709 -0.8810 -0.0464
vn 0.9527 0.2890 -0.0938
vn 0.2902 -0.9565 -0.0286
vn 0.9904 0.0975 -0.0975
vn 0.0980 0.9951 -0.0097
vn 0.0980 -0.9951 -0.0097
vn 0.9904 -0.0975 -0.0975
vn 0.2902 0.9565 -0.0286
vn 0.9527 -0.2890 -0.0938
vn 0.4709 0.8810 -0.0464
vn 0.8786 -0.4696 -0.0865
vn 0.6332 0.7715 -0.0624
vn 0.7708 -0.6326 -0.0759
vn 0.7708 0.6326 -0.0759
vn 0.9527 -0.2890 0.0938
vn 0.4709 0.8810 0.0464
vn 0.8786 -0.4696 0.0865
vn 0.6332 0.7715 0.0624
vn 0.7708 -0.6326 0.0759
vn 0.7708 0.6326 0.0759
vn 0.6332 -0.7715 0.0624
vn 0.8786 0.4696 0.0865
vn 0.4709 -0.8810 0.0464
vn 0.9527 0.2890 0.0938
vn 0.2902 -0.9565 0.0286
vn 0.9904 0.0975 0.0976
vn 0.0980 0.9951 0.0097
vn 0.0980 -0.9951 0.0097
vn 0.9904 -0.0975 0.0976
vn 0.2902 0.9565 0.0286
vn 0.4528 -0.8810 0.1374
vn 0.9161 0.2890 0.2779
vn 0.2790 -0.9565 0.0846
vn 0.9524 0.0975 0.2889
vn 0.0942 0.9951 0.0286
vn 0.0942 -0.9951 0.0286
vn 0.9524 -0.0975 0.2889
vn 0.2790 0.9565 0.0846
vn 0.9161 -0.2890 0.2779
vn 0.4528 0.8810 0.1374
vn 0.8448 -0.4696 0.2563
vn 0.6088 0.7715 0.1847
vn 0.7412 -0.6326 0.2248
vn 0.7412 0.6326 0.2248
vn 0.6088 -0.7715 0.1847
vn 0.8448 0.4696 0.2563
vn 0.4173 0.8810 0.2230
vn 0.7786 -0.4696 0.4162
vn 0.5611 0.7715 0.2999
vn 0.6831 -0.6326 0.3651
vn 0.6831 0.6326 0.3651
vn 0.5611 -0.7715 0.2999
vn 0.7786 0.4696 0.4162
vn 0.4173 -0.8810 0.2230
vn 0.8443 0.2890 0.4513
vn 0.2571 -0.9565 0.1374
vn 0.8777 0.0975 0.4691
vn 0.0869 0.9951 0.0464
vn 0.0869 -0.9951 0.0464
vn 0.8777 -0.0975 0.4691
vn 0.2571 0.9565 0.1374
vn 0.8443 -0.2890 0.4513
vn 0.7400 0.2890 0.6073
vn 0.2254 -0.9565 0.1850
vn 0.7693 0.0975 0.6314
vn 0.0761 0.9951 0.0625
vn 0.0761 -0.9951 0.0625
vn 0.7693 -0.0975 0.6314
vn 0.2254 0.9565 0.1850
vn 0.7400 -0.2890 0.6073
vn 0.3658 0.8810 0.3002
vn 0.6825 -0.4696 0.5601
vn 0.4918 0.7715 0.4036
vn 0.5987 -0.6326 0.4913
vn 0.5987 0.6326 0.4913
vn 0.4918 -0.7715 0.4036
vn 0.6825 0.4696 0.5601
vn 0.3658 -0.8810 0.3002
vn 0.5601 -0.4696 0.6825
vn 0.4036 0.7715 0.4918
vn 0.4913 -0.6326 0.5987
vn 0.4913 0.6326 0.5987
vn 0.4036 -0.7715 0.4918
vn 0.5601 0.4696 0.6825
vn 0.3002 -0.8810 0.3658
vn 0.6073 0.2890 0.7400
vn 0.1850 -0.9565 0.2254
vn 0.6314 0.0975 0.7693
vn 0.0625 0.9951 0.0761
vn 0.0625 -0.9951 0.0761
vn 0.6314 -0.0975 0.7693
vn 0.1850 0.9565 0.2254
vn 0.6073 -0.2890 0.7400
vn 0.3002 0.8810 0.3658
vn 0.1374 -0.9565 0.2571
vn 0.4691 0.0975 0.8777
vn 0.0464 0.9951 0.0869
vn 0.0464 -0.9951 0.0869
vn 0.4691 -0.0975 0.8777
vn 0.1374 0.9565 0.2571
vn 0.4513 -0.2890 0.8443
vn 0.2230 0.8810 0.4173
vn 0.4162 -0.4696 0.7786
vn 0.2999 0.7715 0.5611
vn 0.3651 -0.6326 0.6831
vn 0.3651 0.6326 0.6831
vn 0.2999 -0.7715 0.5611
vn 0.4162 0.4696 0.7786
vn 0.2230 -0.8810 0.4173
vn 0.4513 0.2890 0.8443
vn 0.1847 0.7715 0.6088
vn 0.2248 -0.6326 0.7412
vn 0.2248 0.6326 0.7412
vn 0.1847 -0.7715 0.6088
vn 0.2563 0.4696 0.8448
vn 0.1374 -0.8810 0.4528
vn 0.2779 0.2890 0.9161
vn 0.0846 -0.9565 0.2790
vn 0.2889 0.0975 0.9524
vn 0.0286 0.9951 0.0942
vn 0.0286 -0.9951 0.0942
vn 0.2889 -0.0975 0.9524
vn 0.0846 0.9565 0.2790
vn 0.2779 -0.2890 0.9161
vn 0.1374 0.8810 0.4528
vn 0.2563 -0.4696 0.8448
vn 0.0975 0.0975 0.9904
vn 0.0097 0.9951 0.0980
vn 0.0097 -0.9951 0.0980
vn 0.0975 -0.0975 0.9904
vn 0.0286 0.9565 0.2902
vn 0.0938 -0.2890 0.9527
vn 0.0464 0.8810 0.4709
vn 0.0865 -0.4696 0.8786
vn 0.0624 0.7715 0.6332
vn 0.0759 -0.6326 0.7708
vn 0.0759 0.6326 0.7708
vn 0.0624 -0.7715 0.6332
vn 0.0865 0.4696 0.8786
vn 0.0464 -0.8810 0.4709
vn 0.0938 0.2890 0.9527
vn 0.0286 -0.9565 0.2902
vn -0.0759 -0.6326 0.7708
vn -0.0759 0.6326 0.7708
vn -0.0624 -0.7715 0.6332
vn -0.0865 0.4696 0.8786
vn -0.0464 -0.8810 0.4709
vn -0.0938 0.2890 0.9527
vn -0.0286 -0.9565 0.2902
vn -0.0976 0.0975 0.9904
vn -0.0097 0.9951 0.0980
vn -0.0097 -0.9951 0.0980
vn -0.0976 -0.0975 0.9904
vn -0.0286 0.9565 0.2902
vn -0.0938 -0.2890 0.9527
vn -0.0464 0.8810 0.4709
vn -0.0865 -0.4696 0.8786
vn -0.0624 0.7715 0.6332
vn -0.0286 -0.9951 0.0942
vn -0.2889 -0.0975 0.9524
vn -0.0846 0.9565 0.2790
vn -0.2779 -0.2890 0.9161
vn -0.1374 0.8810 0.4528
vn -0.2563 -0.4696 0.8448
vn -0.1847 0.7715 0.6088
vn -0.2248 -0.6326 0.7412
vn -0.2248 0.6326 0.7412
vn -0.1847 -0.7715 0.6088
vn -0.2563 0.4696 0.8448
vn -0.1374 -0.8810 0.4528
vn -0.2779 0.2890 0.9161
vn -0.0846 -0.9565 0.2790
vn -0.2889 0.0975 0.9524
vn -0.0286 0.9951 0.0942
vn -0.2999 -0.7715 0.5611
vn -0.4162 0.4696 0.7786
vn -0.2230 -0.8810 0.4173
vn -0.4513 0.2890 0.8443
vn -0.1374 -0.9565 0.2571
vn -0.4691 0.0975 0.8777
vn -0.0464 0.9951 0.0869
vn -0.0464 -0.9951 0.0869
vn -0.4691 -0.0975 0.8777
vn -0.1374 0.9565 0.2571
vn -0.4513 -0.2890 0.8443
vn -0.2230 0.8810 0.4173
vn -0.4162 -0.4696 0.7786
vn -0.2999 0.7715 0.5611
vn -0.3651 -0.6326 0.6831
vn -0.3651 0.6326 0.6831
vn -0.1850 0.9565 0.2254
vn -0.6073 -0.2890 0.7400
vn -0.3002 0.8810 0.3658
vn -0.5601 -0.4696 0.6825
vn -0.4036 0.7715 0.4918
vn -0.4913 -0.6326 0.5987
vn -0.4913 0.6326 0.5987
vn -0.4036 -0.7715 0.4918
vn -0.5601 0.4696 0.6825
vn -0.3002 -0.8810 0.3658
vn -0.6073 0.2890 0.7400
vn -0.1850 -0.9565 0.2254
vn -0.6314 0.0975 0.7693
vn -0.0625 0.9951 0.0761
vn -0.0625 -0.9951 0.0761
vn -0.6314 -0.0975 0.7693
vn -0.6825 0.4696 0.5601
vn -0.3658 -0.8810 0.3002
vn -0.7400 0.2890 0.6073
vn -0.2254 -0.9565 0.1850
vn -0.7693 0.0975 0.6314
vn -0.0761 0.9951 0.0625
vn -0.0761 -0.9951 0.0625
vn -0.7693 -0.0975 0.6314
vn -0.2254 0.9565 0.1850
vn -0.7400 -0.2890 0.6073
vn -0.3658 0.8810 0.3002
vn -0.6825 -0.4696 0.5601
vn -0.4918 0.7715 0.4036
vn -0.5987 -0.6326 0.4913
vn -0.5987 0.6326 0.4913
vn -0.4918 -0.7715 0.4036
vn -0.8443 -0.2890 0.4513
vn -0.4173 0.8810 0.2230
vn -0.7786 -0.4696 0.4162
vn -0.5611 0.7715 0.2999
vn -0.6831 -0.6326 0.3651
vn -0.6831 0.6326 0.3651
vn -0.5611 -0.7715 0.2999
vn -0.7786 0.4696 0.4162
vn -0.4173 -0.8810 0.2230
vn -0.8443 0.2890 0.4513
vn -0.2571 -0.9565 0.1374
vn -0.8777 0.0975 0.4691
vn -0.0869 0.9951 0.0464
vn -0.0869 -0.9951 0.0464
vn -0.8777 -0.0975 0.4691
vn -0.2571 0.9565 0.1374
vn -0.4528 -0.8810 0.1374
vn -0.9161 0.2890 0.2779
vn -0.2790 -0.9565 0.0846
vn -0.9524 0.0975 0.2889
vn -0.0942 0.9951 0.0286
vn -0.0942 -0.9951 0.0286
vn -0.9524 -0.0975 0.2889
vn -0.2790 0.9565 0.0846
vn -0.9161 -0.2890 0.2779
vn -0.4528 0.8810 0.1374
vn -0.8448 -0.4696 0.2563
vn -0.6088 0.7715 0.1847
vn -0.7412 -0.6326 0.2248
vn -0.7412 0.6326 0.2248
vn -0.6088 -0.7715 0.1847
vn -0.8448 0.4696 0.2563
vn -0.4709 0.8810 0.0464
vn -0.8786 -0.4696 0.0865
vn -0.6332 0.7715 0.0624
vn -0.7708 -0.6326 0.0759
vn -0.7708 0.6326 0.0759
vn -0.6332 -0.7715 0.0624
vn -0.8786 0.4696 0.0865
vn -0.4709 -0.8810 0.0464
vn -0.9527 0.2890 0.0938
vn -0.2902 -0.9565 0.0286
vn -0.9904 0.0975 0.0975
vn -0.0980 0.9951 0.0097
vn -0.0980 -0.9951 0.0097
vn -0.9904 -0.0975 0.0975
vn -0.2902 0.9565 0.0286
vn -0.9527 -0.2890 0.0938
vn -0.9527 0.2890 -0.0938
vn -0.2902 -0.9565 -0.0286
vn -0.9904 0.0975 -0.0976
vn -0.0980 0.9951 -0.0097
vn -0.0980 -0.9951 -0.0097
vn -0.9904 -0.0975 -0.0976
vn -0.2902 0.9565 -0.0286
vn -0.9527 -0.2890 -0.0938
vn -0.4709 0.8810 -0.0464
vn -0.8786 -0.4696 -0.0865
vn -0.6332 0.7715 -0.0624
vn -0.7708 -0.6326 -0.0759
vn -0.7708 0.6326 -0.0759
vn -0.6332 -0.7715 -0.0624
vn -0.8786 0.4696 -0.0865
vn -0.4709 -0.8810 -0.0464
vn -0.8448 -0.4696 -0.2563
vn -0.6088 0.7715 -0.1847
vn -0.7412 -0.6326 -0.2248
vn -0.7412 0.6326 -0.2248
vn -0.6088 -0.7715 -0.1847
vn -0.8448 0.4696 -0.2563
vn -0.4528 -0.8810 -0.1374
vn -0.9161 0.2890 -0.2779
vn -0.2790 -0.9565 -0.0846
vn -0.9524 0.0975 -0.2889
vn -0.0942 0.9951 -0.0286
vn -0.0942 -0.9951 -0.0286
vn -0.9524 -0.0975 -0.2889
vn -0.2790 0.9565 -0.0846
vn -0.9161 -0.2890 -0.2779
vn -0.4528 0.8810 -0.1374
vn -0.2571 -0.9565 -0.1374
vn -0.8777 0.0975 -0.4691
vn -0.0869 0.9951 -0.0464
vn -0.0869 -0.9951 -0.0464
vn -0.8777 -0.0975 -0.4691
vn -0.2571 0.9565 -0.1374
vn -0.8443 -0.2890 -0.4513
vn -0.4173 0.8810 -0.2231
vn -0.7786 -0.4696 -0.4162
vn -0.5611 0.7715 -0.2999
vn -0.6831 -0.6326 -0.3651
vn -0.6831 0.6326 -0.3651
vn -0.5611 -0.7715 -0.2999
vn -0.7786 0.4696 -0.4162
vn -0.4173 -0.8810 -0.2231
vn -0.8443 0.2890 -0.4513
vn -0.5987 -0.6326 -0.4913
vn -0.5987 0.6326 -0.4913
vn -0.4918 -0.7715 -0.4036
vn -0.6825 0.4696 -0.5601
vn -0.3658 -0.8810 -0.3002
vn -0.7400 0.2890 -0.6073
vn -0.2254 -0.9565 -0.1850
vn -0.7693 0.0975 -0.6314
vn -0.0761 0.9951 -0.0625
vn -0.0761 -0.9951 -0.0625
vn -0.7693 -0.0975 -0.6314
vn -0.2254 0.9565 -0.1850
vn -0.7400 -0.2890 -0.6073
vn -0.3658 0.8810 -0.3002
vn -0.6825 -0.4696 -0.5601
vn -0.4918 0.7715 -0.4036
vn -0.0625 0.9951 -0.0761
vn -0.0625 -0.9951 -0.0761
vn -0.6314 -0.0975 -0.7693
vn -0.1850 0.9565 -0.2254
vn -0.6073 -0.2890 -0.7400
vn -0.3002 0.8810 -0.3658
vn -0.5601 -0.4696 -0.6825
vn -0.4036 0.7715 -0.4918
vn -0.4913 -0.6326 -0.5987
vn -0.4913 0.6326 -0.5987
vn -0.4036 -0.7715 -0.4918
vn -0.5601 0.4696 -0.6825
vn -0.3002 -0.8810 -0.3658
vn -0.6073 0.2890 -0.7400
vn -0.1850 -0.9565 -0.2254
vn -0.6314 0.0975 -0.7693
vn -0.3651 0.6326 -0.6831
vn -0.2999 -0.7715 -0.5611
vn -0.4162 0.4696 -0.7786
vn -0.2230 -0.8810 -0.4173
vn -0.4513 0.2890 -0.8443
vn -0.1374 -0.9565 -0.2571
vn -0.4691 0.0975 -0.8777
vn -0.0464 0.9951 -0.0869
vn -0.0464 -0.9951 -0.0869
vn -0.4691 -0.0975 -0.8777
vn -0.1374 0.9565 -0.2571
vn -0.4513 -0.2890 -0.8443
vn -0.2230 0.8810 -0.4173
vn -0.4162 -0.4696 -0.7786
vn -0.2999 0.7715 -0.5611
vn -0.3651 -0.6326 -0.6831
vn -0.2889 -0.0975 -0.9524
vn -0.0846 0.9565 -0.2790
vn -0.2779 -0.2890 -0.9161
vn -0.1374 0.8810 -0.4528
vn -0.2563 -0.4696 -0.8448
vn -0.1847 0.7715 -0.6088
vn -0.2248 -0.6326 -0.7412
vn -0.2248 0.6326 -0.7412
vn -0.1847 -0.7715 -0.6088
vn -0.2563 0.4696 -0.8448
vn -0.1374 -0.8810 -0.4528
vn -0.2779 0.2890 -0.9161
vn -0.0846 -0.9565 -0.2790
vn -0.2889 0.0975 -0.9524
vn -0.0286 0.9951 -0.0942
vn -0.0286 -0.9951 -0.0942
vn -0.0624 -0.7715 -0.6332
vn -0.0865 0.4696 -0.8786
vn -0.0464 -0.8810 -0.4709
vn -0.0938 0.2890 -0.9527
vn -0.0286 -0.9565 -0.2902
vn -0.0976 0.0975 -0.9904
vn -0.0097 0.9951 -0.0980
vn -0.0097 -0.9951 -0.0980
vn -0.0976 -0.0975 -0.9904
vn -0.0286 0.9565 -0.2902
vn -0.0938 -0.2890 -0.9527
vn -0.0464 0.8810 -0.4709
vn -0.0865 -0.4696 -0.8786
vn -0.0624 0.7715 -0.6332
vn -0.0759 -0.6326 -0.7708
vn -0.0759 0.6326 -0.7708
vn 0.0759 0.6326 -0.7708
vn 0.0624 -0.7715 -0.6332
vn 0.0865 0.4696 -0.8786
vn 0.0464 -0.8810 -0.4709
vn 0.0938 0.2890 -0.9527
vn 0.0286 -0.9565 -0.2902
vn 0.0975 0.0975 -0.9904
vn 0.0097 0.9951 -0.0980
vn 0.0097 -0.9951 -0.0980
vn 0.0975 -0.0975 -0.9904
vn 0.0286 0.9565 -0.2902
vn 0.0938 -0.2890 -0.9527
vn 0.0464 0.8810 -0.4709
vn 0.0865 -0.4696 -0.8786
vn 0.0624 0.7715 -0.6332
vn 0.0759 -0.6326 -0.7708
vn 0.1847 0.7715 -0.6088
vn 0.2248 -0.6326 -0.7412
vn 0.2248 0.6326 -0.7412
vn 0.1847 -0.7715 -0.6088
vn 0.2563 0.4696 -0.8448
vn 0.1374 -0.8810 -0.4528
vn 0.2779 0.2890 -0.9161
vn 0.0846 -0.9565 -0.2790
vn 0.2889 0.0976 -0.9524
vn 0.0286 0.9951 -0.0942
vn 0.0286 -0.9951 -0.0942
vn 0.2889 -0.0976 -0.9524
vn 0.0846 0.9565 -0.2790
vn 0.2779 -0.2890 -0.9161
vn 0.1374 0.8810 -0.4528
vn 0.2563 -0.4696 -0.8448
vn 0.4691 0.0975 -0.8777
vn 0.0464 0.9951 -0.0869
vn 0.0464 -0.9951 -0.0869
vn 0.4691 -0.0975 -0.8777
vn 0.1374 0.9565 -0.2571
vn 0.4513 -0.2890 -0.8443
vn 0.2230 0.8810 -0.4173
vn 0.4162 -0.4696 -0.7786
vn 0.2999 0.7715 -0.5611
vn 0.3651 -0.6326 -0.6831
vn 0.3651 0.6326 -0.6831
vn 0.2999 -0.7715 -0.5611
vn 0.4162 0.4696 -0.7786
vn 0.2230 -0.8810 -0.4173
vn 0.4513 0.2890 -0.8443
vn 0.1374 -0.9565 -0.2571
vn 0.4913 -0.6326 -0.5987
vn 0.4913 0.6326 -0.5987
vn 0.4036 -0.7715 -0.4918
vn 0.5601 0.4696 -0.6825
vn 0.3002 -0.8810 -0.3658
vn 0.6073 0.2890 -0.7400
vn 0.1850 -0.9565 -0.2254
vn 0.6314 0.0975 -0.7693
vn 0.0625 0.9951 -0.0761
vn 0.0625 -0.9951 -0.0761
vn 0.6314 -0.0975 -0.7693
vn 0.1850 0.9565 -0.2254
vn 0.6073 -0.2890 -0.7400
vn 0.3002 0.8810 -0.3658
vn 0.5601 -0.4696 -0.6825
vn 0.4036 0.7715 -0.4918
vn 0.0761 0.9951 -0.0625
vn 0.0761 -0.9951 -0.0625
vn 0.7693 -0.0975 -0.6314
vn 0.2254 0.9565 -0.1850
vn 0.7400 -0.2890 -0.6073
vn 0.3658 0.8810 -0.3002
vn 0.6825 -0.4696 -0.5601
vn 0.4918 0.7715 -0.4036
vn 0.5987 -0.6326 -0.4913
vn 0.5987 0.6326 -0.4913
vn 0.4918 -0.7715 -0.4036
vn 0.6825 0.4696 -0.5601
vn 0.3658 -0.8810 -0.3002
vn 0.7400 0.2890 -0.6073
vn 0.2254 -0.9565 -0.1850
vn 0.7693 0.0975 -0.6314
vn 0.6831 0.6326 -0.3651
vn 0.5611 -0.7715 -0.2999
vn 0.7786 0.4696 -0.4162
vn 0.4173 -0.8810 -0.2230
vn 0.8443 0.2890 -0.4513
vn 0.2571 -0.9565 -0.1374
vn 0.8777 0.0975 -0.4691
vn 0.0869 0.9951 -0.0464
vn 0.0869 -0.9951 -0.0464
vn 0.8777 -0.0975 -0.4691
vn 0.2571 0.9565 -0.1374
vn 0.8443 -0.2890 -0.4513
vn 0.4173 0.8810 -0.2230
vn 0.7786 -0.4696 -0.4162
vn 0.5611 0.7715 -0.2999
vn 0.6831 -0.6326 -0.3651
vn 0.9524 -0.0975 -0.2889
vn 0.2790 0.9565 -0.0846
vn 0.9161 -0.2890 -0.2779
vn 0.4528 0.8810 -0.1374
vn 0.8448 -0.4696 -0.2563
vn 0.6088 0.7715 -0.1847
vn 0.7412 -0.6326 -0.2248
vn 0.7412 0.6326 -0.2248
vn 0.6088 -0.7715 -0.1847
vn 0.8448 0.4696 -0.2563
vn 0.4528 -0.8810 -0.1374
vn 0.9161 0.2890 -0.2779
vn 0.2790 -0.9565 -0.0846
vn 0.9524 0.0975 -0.2889
vn 0.0942 0.9951 -0.0286
vn 0.0942 -0.9951 -0.0286
vn 0.6332 -0.7715 -0.0624
vn 0.8786 0.4696 -0.0865
vn 0.4709 -0.8810 -0.0464
vn 0.9527 0.2890 -0.0938
vn 0.2902 -0.9565 -0.0286
vn 0.9904 0.0975 -0.0975
vn 0.0980 0.9951 -0.0097
vn 0.0980 -0.9951 -0.0097
vn 0.9904 -0.0975 -0.0975
vn 0.2902 0.9565 -0.0286
vn 0.9527 -0.2890 -0.0938
vn 0.4709 0.8810 -0.0464
vn 0.8786 -0.4696 -0.0865
vn 0.6332 0.7715 -0.0624
vn 0.7708 -0.6326 -0.0759
vn 0.7708 0.6326 -0.0759
vn 0.9527 -0.2890 0.0938
vn 0.4709 0.8810 0.0464
vn 0.8786 -0.4696 0.0865
vn 0.6332 0.7715 0.0624
vn 0.7708 -0.6326 0.0759
vn 0.7708 0.6326 0.0759
vn 0.6332 -0.7715 0.0624
vn 0.8786 0.4696 0.0865
vn 0.4709 -0.8810 0.0464
vn 0.9527 0.2890 0.0938
vn 0.2902 -0.9565 0.0286
vn 0.9904 0.0975 0.0976
vn 0.0980 0.9951 0.0097
vn 0.0980 -0.9951 0.0097
vn 0.9904 -0.0975 0.0976
vn 0.2902 0.9565 0.0286
vn 0.4528 -0.8810 0.1374
vn 0.9161 0.2890 0.2779
vn 0.2790 -0.9565 0.0846
vn 0.9524 0.0975 0.2889
vn 0.0942 0.9951 0.0286
vn 0.0942 -0.9951 0.0286
vn 0.9524 -0.0975 0.2889
vn 0.2790 0.9565 0.0846
vn 0.9161 -0.2890 0.2779
vn 0.4528 0.8810 0.1374
vn 0.8448 -0.4696 0.2563
vn 0.6088 0.7715 0.1847
vn 0.7412 -0.6326 0.2248
vn 0.7412 0.6326 0.2248
vn 0.6088 -0.7715 0.1847
vn 0.8448 0.4696 0.2563
vn 0.4173 0.8810 0.2230
vn 0.7786 -0.4696 0.4162
vn 0.5611 0.7715 0.2999
vn 0.6831 -0.6326 0.3651
vn 0.6831 0.6326 0.3651
vn 0.5611 -0.7715 0.2999
vn 0.7786 0.4696 0.4162
vn 0.4173 -0.8810 0.2230
vn 0.8443 0.2890 0.4513
vn 0.2571 -0.9565 0.1374
vn 0.8777 0.0975 0.4691
vn 0.0869 0.9951 0.0464
vn 0.0869 -0.9951 0.0464
vn 0.8777 -0.0975 0.4691
vn 0.2571 0.9565 0.1374
vn 0.8443 -0.2890 0.4513
vn 0.7400 0.2890 0.6073
vn 0.2254 -0.9565 0.1850
vn 0.7693 0.0975 0.6314
vn 0.0761 0.9951 0.0625
vn 0.0761 -0.9951 0.0625
vn 0.7693 -0.0975 0.6314
vn 0.2254 0.9565 0.1850
vn 0.7400 -0.2890 0.6073
vn 0.3658 0.8810 0.3002
vn 0.6825 -0.4696 0.5601
vn 0.4918 0.7715 0.4036
vn 0.5987 -0.6326 0.4913
vn 0.5987 0.6326 0.4913
vn 0.4918 -0.7715 0.4036
vn 0.6825 0.4696 0.5601
vn 0.3658 -0.8810 0.3002
vn 0.5601 -0.4696 0.6825
vn 0.4036 0.7715 0.4918
vn 0.4913 -0.6326 0.5987
vn 0.4913 0.6326 0.5987
vn 0.4036 -0.7715 0.4918
vn 0.5601 0.4696 0.6825
vn 0.3002 -0.8810 0.3658
vn 0.6073 0.2890 0.7400
vn 0.1850 -0.9565 0.2254
vn 0.6314 0.0975 0.7693
vn 0.0625 0.9951 0.0761
vn 0.0625 -0.9951 0.0761
vn 0.6314 -0.0975 0.7693
vn 0.1850 0.9565 0.2254
vn 0.6073 -0.2890 0.7400
vn 0.3002 0.8810 0.3658
vn 0.1374 -0.9565 0.2571
vn 0.4691 0.0975 0.8777
vn 0.0464 0.9951 0.0869
vn 0.0464 -0.9951 0.0869
vn 0.4691 -0.0975 0.8777
vn 0.1374 0.9565 0.2571
vn 0.4513 -0.2890 0.8443
vn 0.2230 0.8810 0.4173
vn 0.4162 -0.4696 0.7786
vn 0.2999 0.7715 0.5611
vn 0.3651 -0.6326 0.6831
vn 0.3651 0.6326 0.6831
vn 0.2999 -0.7715 0.5611
vn 0.4162 0.4696 0.7786
vn 0.2230 -0.8810 0.4173
vn 0.4513 0.2890 0.8443
vn 0.1847 0.7715 0.6088
vn 0.2248 -0.6326 0.7412
vn 0.2248 0.6326 0.7412
vn 0.1847 -0.7715 0.6088
vn 0.2563 0.4696 0.8448
vn 0.1374 -0.8810 0.4528
vn 0.2779 0.2890 0.9161
vn 0.0846 -0.9565 0.2790
vn 0.2889 0.0975 0.9524
vn 0.0286 0.9951 0.0942
vn 0.0286 -0.9951 0.0942
vn 0.2889 -0.0975 0.9524
vn 0.0846 0.9565 0.2790
vn 0.2779 -0.2890 0.9161
vn 0.1374 0.8810 0.4528
vn 0.2563 -0.4696 0.8448
vn 0.0975 0.0975 0.9904
vn 0.0097 0.9951 0.0980
vn 0.0097 -0.9951 0.0980
vn 0.0975 -0.0975 0.9904
vn 0.0286 0.9565 0.2902
vn 0.0938 -0.2890 0.9527
vn 0.0464 0.8810 0.4709
vn 0.0865 -0.4696 0.8786
vn 0.0624 0.7715 0.6332
vn 0.0759 -0.6326 0.7708
vn 0.0759 0.6326 0.7708
vn 0.0624 -0.7715 0.6332
vn 0.0865 0.4696 0.8786
vn 0.0464 -0.8810 0.4709
vn 0.0938 0.2890 0.9527
vn 0.0286 -0.9565 0.2902
vn -0.0759 -0.6326 0.7708
vn -0.0759 0.6326 0.7708
vn -0.0624 -0.7715 0.6332
vn -0.0865 0.4696 0.8786
vn -0.0464 -0.8810 0.4709
vn -0.0938 0.2890 0.9527
vn -0.0286 -0.9565 0.2902
vn -0.0976 0.0975 0.9904
vn -0.0097 0.9951 0.0980
vn -0.0097 -0.9951 0.0980
vn -0.0976 -0.0975 0.9904
vn -0.0286 0.9565 0.2902
vn -0.0938 -0.2890 0.9527
vn -0.0464 0.8810 0.4709
vn -0.0865 -0.4696 0.8786
vn -0.0624 0.7715 0.6332
vn -0.0286 -0.9951 0.0942
vn -0.2889 -0.0975 0.9524
vn -0.0846 0.9565 0.2790
vn -0.2779 -0.2890 0.9161
vn -0.1374 0.8810 0.4528
vn -0.2563 -0.4696 0.8448
vn -0.1847 0.7715 0.6088
vn -0.2248 -0.6326 0.7412
vn -0.2248 0.6326 0.7412
vn -0.1847 -0.7715 0.6088
vn -0.2563 0.4696 0.8448
vn -0.1374 -0.8810 0.4528
vn -0.2779 0.2890 0.9161
vn -0.0846 -0.9565 0.2790
vn -0.2889 0.0975 0.9524
vn -0.0286 0.9951 0.0942
vn -0.2999 -0.7715 0.5611
vn -0.4162 0.4696 0.7786
vn -0.2230 -0.8810 0.4173
vn -0.4513 0.2890 0.8443
vn -0.1374 -0.9565 0.2571
vn -0.4691 0.0975 0.8777
vn -0.0464 0.9951 0.0869
vn -0.0464 -0.9951 0.0869
vn -0.4691 -0.0975 0.8777
vn -0.1374 0.9565 0.2571
vn -0.4513 -0.2890 0.8443
vn -0.2230 0.8810 0.4173
vn -0.4162 -0.4696 0.7786
vn -0.2999 0.7715 0.5611
vn -0.3651 -0.6326 0.6831
vn -0.3651 0.6326 0.6831
vn -0.1850 0.9565 0.2254
vn -0.6073 -0.2890 0.7400
vn -0.3002 0.8810 0.3658
vn -0.5601 -0.4696 0.6825
vn -0.4036 0.7715 0.4918
vn -0.4913 -0.6326 0.5987
vn -0.4913 0.6326 0.5987
vn -0.4036 -0.7715 0.4918
vn -0.5601 0.4696 0.6825
vn -0.3002 -0.8810 0.3658
vn -0.6073 0.2890 0.7400
vn -0.1850 -0.9565 0.2254
vn -0.6314 0.0975 0.7693
vn -0.0625 0.9951 0.0761
vn -0.0625 -0.9951 0.0761
vn -0.6314 -0.0975 0.7693
vn -0.6825 0.4696 0.5601
vn -0.3658 -0.8810 0.3002
vn -0.7400 0.2890 0.6073
vn -0.2254 -0.9565 0.1850
vn -0.7693 0.0975 0.6314
vn -0.0761 0.9951 0.0625
vn -0.0761 -0.9951 0.0625
vn -0.7693 -0.0975 0.6314
vn -0.2254 0.9565 0.1850
vn -0.7400 -0.2890 0.6073
vn -0.3658 0.8810 0.3002
vn -0.6825 -0.4696 0.5601
vn -0.4918 0.7715 0.4036
vn -0.5987 -0.6326 0.4913
vn -0.5987 0.6326 0.4913
vn -0.4918 -0.7715 0.4036
vn -0.8443 -0.2890 0.4513
vn -0.4173 0.8810 0.2230
vn -0.7786 -0.4696 0.4162
vn -0.5611 0.7715 0.2999
vn -0.6831 -0.6326 0.3651
vn -0.6831 0.6326 0.3651
vn -0.5611 -0.7715 0.2999
vn -0.7786 0.4696 0.4162
vn -0.4173 -0.8810 0.2230
vn -0.8443 0.2890 0.4513
vn -0.2571 -0.9565 0.1374
vn -0.8777 0.0975 0.4691
vn -0.0869 0.9951 0.0464
vn -0.0869 -0.9951 0.0464
vn -0.8777 -0.0975 0.4691
vn -0.2571 0.9565 0.1374
vn -0.4528 -0.8810 0.1374
vn -0.9161 0.2890 0.2779
vn -0.2790 -0.9565 0.0846
vn -0.9524 0.0975 0.2889
vn -0.0942 0.9951 0.0286
vn -0.0942 -0.9951 0.0286
vn -0.9524 -0.0975 0.2889
vn -0.2790 0.9565 0.0846
vn -0.9161 -0.2890 0.2779
vn -0.4528 0.8810 0.1374
vn -0.8448 -0.4696 0.2563
vn -0.6088 0.7715 0.1847
vn -0.7412 -0.6326 0.2248
vn -0.7412 0.6326 0.2248
vn -0.6088 -0.7715 0.1847
vn -0.8448 0.4696 0.2563
vn -0.4709 0.8810 0.0464
vn -0.8786 -0.4696 0.0865
vn -0.6332 0.7715 0.0624
vn -0.7708 -0.6326 0.0759
vn -0.7708 0.6326 0.0759
vn -0.6332 -0.7715 0.0624
vn -0.8786 0.4696 0.0865
vn -0.4709 -0.8810 0.0464
vn -0.9527 0.2890 0.0938
vn -0.2902 -0.9565 0.0286
vn -0.9904 0.0975 0.0975
vn -0.0980 0.9951 0.0097
vn -0.0980 -0.9951 0.0097
vn -0.9904 -0.0975 0.0975
vn -0.2902 0.9565 0.0286
vn -0.9527 -0.2890 0.0938
vn -0.9527 0.2890 -0.0938
vn -0.2902 -0.9565 -0.0286
vn -0.9904 0.0975 -0.0976
vn -0.0980 0.9951 -0.0097
vn -0.0980 -0.9951 -0.0097
vn -0.9904 -0.0975 -0.0976
vn -0.2902 0.9565 -0.0286
vn -0.9527 -0.2890 -0.0938
vn -0.4709 0.8810 -0.0464
vn -0.8786 -0.4696 -0.0865
vn -0.6332 0.7715 -0.0624
vn -0.7708 -0.6326 -0.0759
vn -0.7708 0.6326 -0.0759
vn -0.6332 -0.7715 -0.0624
vn -0.8786 0.4696 -0.0865
vn -0.4709 -0.8810 -0.0464
vn -0.8448 -0.4696 -0.2563
vn -0.6088 0.7715 -0.1847
vn -0.7412 -0.6326 -0.2248
vn -0.7412 0.6326 -0.2248
vn -0.6088 -0.7715 -0.1847
vn -0.8448 0.4696 -0.2563
vn -0.4528 -0.8810 -0.1374
vn -0.9161 0.2890 -0.2779
vn -0.2790 -0.9565 -0.0846
vn -0.9524 0.0975 -0.2889
vn -0.0942 0.9951 -0.0286
vn -0.0942 -0.9951 -0.0286
vn -0.9524 -0.0975 -0.2889
vn -0.2790 0.9565 -0.0846
vn -0.9161 -0.2890 -0.2779
vn -0.4528 0.8810 -0.1374
vn -0.2571 -0.9565 -0.1374
vn -0.8777 0.0975 -0.4691
vn -0.0869 0.9951 -0.0464
vn -0.0869 -0.9951 -0.0464
vn -0.8777 -0.0975 -0.4691
vn -0.2571 0.9565 -0.1374
vn -0.8443 -0.2890 -0.4513
vn -0.4173 0.8810 -0.2231
vn -0.7786 -0.4696 -0.4162
vn -0.5611 0.7715 -0.2999
vn -0.6831 -0.6326 -0.3651
vn -0.6831 0.6326 -0.3651
vn -0.5611 -0.7715 -0.2999
vn -0.7786 0.4696 -0.4162
vn -0.4173 -0.8810 -0.2231
vn -0.8443 0.2890 -0.4513
vn -0.5987 -0.6326 -0.4913
vn -0.5987 0.6326 -0.4913
vn -0.4918 -0.7715 -0.4036
vn -0.6825 0.4696 -0.5601
vn -0.3658 -0.8810 -0.3002
vn -0.7400 0.2890 -0.6073
vn -0.2254 -0.9565 -0.1850
vn -0.7693 0.0975 -0.6314
vn -0.0761 0.9951 -0.0625
vn -0.0761 -0.9951 -0.0625
vn -0.7693 -0.0975 -0.6314
vn -0.2254 0.9565 -0.1850
vn -0.7400 -0.2890 -0.6073
vn -0.3658 0.8810 -0.3002
vn -0.6825 -0.4696 -0.5601
vn -0.4918 0.7715 -0.4036
vn -0.0625 0.9951 -0.0761
vn -0.0625 -0.9951 -0.0761
vn -0.6314 -0.0975 -0.7693
vn -0.1850 0.9565 -0.2254
vn -0.6073 -0.2890 -0.7400
vn -0.3002 0.8810 -0.3658
vn -0.5601 -0.4696 -0.6825
vn -0.4036 0.7715 -0.4918
vn -0.4913 -0.6326 -0.5987
vn -0.4913 0.6326 -0.5987
vn -0.4036 -0.7715 -0.4918
vn -0.5601 0.4696 -0.6825
vn -0.3002 -0.8810 -0.3658
vn -0.6073 0.2890 -0.7400
vn -0.1850 -0.9565 -0.2254
vn -0.6314 0.0975 -0.7693
vn -0.3651 0.6326 -0.6831
vn -0.2999 -0.7715 -0.5611
vn -0.4162 0.4696 -0.7786
vn -0.2230 -0.8810 -0.4173
vn -0.4513 0.2890 -0.8443
vn -0.1374 -0.9565 -0.2571
vn -0.4691 0.0975 -0.8777
vn -0.0464 0.9951 -0.0869
vn -0.0464 -0.9951 -0.0869
vn -0.4691 -0.0975 -0.8777
vn -0.1374 0.9565 -0.2571
vn -0.4513 -0.2890 -0.8443
vn -0.2230 0.8810 -0.4173
vn -0.4162 -0.4696 -0.7786
vn -0.2999 0.7715 -0.5611
vn -0.3651 -0.6326 -0.6831
vn -0.2889 -0.0975 -0.9524
vn -0.0846 0.9565 -0.2790
vn -0.2779 -0.2890 -0.9161
vn -0.1374 0.8810 -0.4528
vn -0.2563 -0.4696 -0.8448
vn -0.1847 0.7715 -0.6088
vn -0.2248 -0.6326 -0.7412
vn -0.2248 0.6326 -0.7412
vn -0.1847 -0.7715 -0.6088
vn -0.2563 0.4696 -0.8448
vn -0.1374 -0.8810 -0.4528
vn -0.2779 0.2890 -0.9161
vn -0.0846 -0.9565 -0.2790
vn -0.2889 0.0975 -0.9524
vn -0.0286 0.9951 -0.0942
vn -0.0286 -0.9951 -0.0942
vn -0.0624 -0.7715 -0.6332
vn -0.0865 0.4696 -0.8786
vn -0.0464 -0.8810 -0.4709
vn -0.0938 0.2890 -0.9527
vn -0.0286 -0.9565 -0.2902
vn -0.0976 0.0975 -0.9904
vn -0.0097 0.9951 -0.0980
vn -0.0097 -0.9951 -0.0980
vn -0.0976 -0.0975 -0.9904
vn -0.0286 0.9565 -0.2902
vn -0.0938 -0.2890 -0.9527
vn -0.0464 0.8810 -0.4709
vn -0.0865 -0.4696 -0.8786
vn -0.0624 0.7715 -0.6332
vn -0.0759 -0.6326 -0.7708
vn -0.0759 0.6326 -0.7708
vn -0.0878 -0.4455 -0.8910
vn -0.2599 -0.4455 -0.8567
vn -0.4220 -0.4455 -0.7896
vn -0.5680 -0.4455 -0.6921
vn -0.6921 -0.4455 -0.5680
vn -0.7896 -0.4455 -0.4220
vn -0.8567 -0.4455 -0.2599
vn -0.8910 -0.4455 -0.0878
vn -0.8910 -0.4455 0.0878
vn -0.8567 -0.4455 0.2599
vn -0.7896 -0.4455 0.4220
vn -0.6921 -0.4455 0.5680
vn -0.5680 -0.4455 0.6921
vn -0.4220 -0.4455 0.7896
vn -0.2599 -0.4455 0.8567
vn -0.0878 -0.4455 0.8910
vn 0.0878 -0.4455 0.8910
vn 0.2599 -0.4455 0.8567
vn 0.4220 -0.4455 0.7896
vn 0.5680 -0.4455 0.6921
vn 0.6921 -0.4455 0.5680
vn 0.7896 -0.4455 0.4220
vn 0.8567 -0.4455 0.2599
vn 0.8910 -0.4455 0.0878
vn 0.8910 -0.4455 -0.0878
vn 0.8567 -0.4455 -0.2599
vn 0.7896 -0.4455 -0.4220
vn 0.6921 -0.4455 -0.5680
vn 0.5680 -0.4455 -0.6921
vn 0.4220 -0.4455 -0.7896
vn -0.0000 1.0000 -0.0000
vn 0.2599 -0.4455 -0.8567
vn 0.0878 -0.4455 -0.8910
vn 0.4813 0.8336 0.2709
vn 0.9626 -0.0000 0.2709
vn 0.4813 -0.8336 0.2709
vn -0.4813 -0.8336 0.2709
vn -0.0000 -0.0000 1.0000
vn -0.9626 -0.0000 0.2709
vn -0.4813 0.8336 0.2709
vn -0.0000 -0.0000 -1.0000
vn 0.4813 0.8336 0.2709
vn 0.9626 -0.0000 0.2709
vn 0.4813 -0.8336 0.2709
vn -0.4813 -0.8336 0.2709
vn -0.0000 -0.0000 1.0000
vn -0.9626 -0.0000 0.2709
vn -0.4813 0.8336 0.2709
vn -0.0000 -0.0000 -1.0000
vn 0.0179 -0.9182 -0.3956
vn 0.1254 0.4561 -0.8810
vn 0.0059 0.9754 0.2204
vn 0.0059 -0.9514 -0.3080
vn 0.1254 0.0571 -0.9905
vn 0.0179 0.9916 0.1281
vn 0.1074 -0.3066 -0.9458
vn 0.0309 0.9992 0.0256
vn 0.0842 -0.5548 -0.8277
vn 0.0457 0.9945 -0.0944
vn 0.0632 -0.7093 -0.7020
vn 0.0632 0.9682 -0.2420
vn 0.0457 -0.8072 -0.5885
vn 0.0842 0.8994 -0.4289
vn 0.0309 -0.8725 -0.4877
vn 0.1074 0.7461 -0.6571
vn 0.2464 0.8827 -0.4002
vn 0.0915 -0.8736 -0.4780
vn 0.3122 0.7242 -0.6149
vn 0.0531 -0.9192 -0.3903
vn 0.3621 0.4353 -0.8243
vn 0.0174 0.9749 0.2220
vn 0.0174 -0.9518 -0.3063
vn 0.3621 0.0460 -0.9310
vn 0.0531 0.9897 0.1331
vn 0.3122 -0.3093 -0.8983
vn 0.0915 0.9952 0.0344
vn 0.2464 -0.5551 -0.7944
vn 0.1350 0.9875 -0.0810
vn 0.1861 -0.7097 -0.6795
vn 0.1861 0.9570 -0.2225
vn 0.1350 -0.8081 -0.5734
vn 0.4908 -0.3152 -0.8123
vn 0.1482 0.9876 0.0517
vn 0.3921 -0.5565 -0.7325
vn 0.2179 0.9744 -0.0550
vn 0.2986 -0.7110 -0.6366
vn 0.2986 0.9363 -0.1849
vn 0.2179 -0.8100 -0.5444
vn 0.3921 0.8523 -0.3462
vn 0.1482 -0.8758 -0.4593
vn 0.4908 0.6854 -0.5379
vn 0.0861 -0.9210 -0.3799
vn 0.5632 0.3989 -0.7236
vn 0.0282 0.9739 0.2253
vn 0.0282 -0.9526 -0.3030
vn 0.5632 0.0260 -0.8259
vn 0.0861 0.9860 0.1431
vn 0.1987 -0.8794 -0.4325
vn 0.6350 0.6370 -0.4370
vn 0.1157 -0.9239 -0.3648
vn 0.7202 0.3541 -0.5966
vn 0.0380 0.9724 0.2301
vn 0.0380 -0.9538 -0.2981
vn 0.7202 -0.0002 -0.6938
vn 0.1157 0.9807 0.1575
vn 0.6350 -0.3250 -0.7008
vn 0.1987 0.9771 0.0765
vn 0.5144 -0.5603 -0.6492
vn 0.2909 0.9566 -0.0179
vn 0.3959 -0.7142 -0.5772
vn 0.3959 0.9087 -0.1322
vn 0.2909 -0.8137 -0.5033
vn 0.5144 0.8130 -0.2726
vn 0.6107 -0.5679 -0.5519
vn 0.3514 0.9358 0.0286
vn 0.4750 -0.7202 -0.5056
vn 0.4750 0.8774 -0.0675
vn 0.3514 -0.8195 -0.4527
vn 0.6107 0.7700 -0.1850
vn 0.2411 -0.8847 -0.3990
vn 0.7439 0.5856 -0.3221
vn 0.1408 -0.9277 -0.3457
vn 0.8347 0.3066 -0.4575
vn 0.0463 0.9706 0.2361
vn 0.0463 -0.9553 -0.2920
vn 0.8347 -0.0304 -0.5499
vn 0.1408 0.9743 0.1758
vn 0.7439 -0.3394 -0.5757
vn 0.2411 0.9645 0.1080
vn 0.1604 -0.9325 -0.3235
vn 0.9130 0.2599 -0.3145
vn 0.0528 0.9685 0.2433
vn 0.0528 -0.9571 -0.2848
vn 0.9130 -0.0631 -0.4031
vn 0.1604 0.9671 0.1974
vn 0.8205 -0.3587 -0.4451
vn 0.2741 0.9507 0.1449
vn 0.6809 -0.5803 -0.4468
vn 0.3979 0.9137 0.0824
vn 0.5343 -0.7301 -0.4260
vn 0.5343 0.8453 0.0060
vn 0.3979 -0.8280 -0.3952
vn 0.6809 0.7271 -0.0883
vn 0.2741 -0.8916 -0.3603
vn 0.8205 0.5355 -0.1999
vn 0.4292 0.8920 0.1417
vn 0.5737 -0.7444 -0.3417
vn 0.5737 0.8145 0.0858
vn 0.4292 -0.8395 -0.3331
vn 0.7264 0.6872 0.0142
vn 0.2966 -0.9005 -0.3181
vn 0.8689 0.4895 -0.0741
vn 0.1739 -0.9383 -0.2990
vn 0.9613 0.2155 -0.1714
vn 0.0573 0.9662 0.2512
vn 0.0573 -0.9592 -0.2768
vn 0.9613 -0.0979 -0.2574
vn 0.1739 0.9595 0.2214
vn 0.8689 -0.3832 -0.3134
vn 0.2966 0.9368 0.1857
vn 0.7264 -0.5983 -0.3382
vn 0.9843 0.1739 -0.0290
vn 0.0596 0.9639 0.2597
vn 0.0596 -0.9615 -0.2683
vn 0.9843 -0.1348 -0.1136
vn 0.1807 0.9520 0.2470
vn 0.8922 -0.4131 -0.1827
vn 0.3080 0.9234 0.2292
vn 0.7487 -0.6222 -0.2289
vn 0.4450 0.8719 0.2044
vn 0.5933 -0.7633 -0.2555
vn 0.5933 0.7869 0.1696
vn 0.4450 -0.8542 -0.2689
vn 0.7487 0.6519 0.1205
vn 0.3080 -0.9111 -0.2738
vn 0.8922 0.4485 0.0535
vn 0.1807 -0.9448 -0.2732
vn 0.5933 -0.7869 -0.1696
vn 0.5933 0.7633 0.2555
vn 0.4450 -0.8719 -0.2044
vn 0.7487 0.6222 0.2289
vn 0.3080 -0.9234 -0.2292
vn 0.8922 0.4131 0.1827
vn 0.1807 -0.9520 -0.2470
vn 0.9843 0.1348 0.1136
vn 0.0596 0.9615 0.2683
vn 0.0596 -0.9639 -0.2597
vn 0.9843 -0.1739 0.0290
vn 0.1807 0.9448 0.2732
vn 0.8922 -0.4485 -0.0535
vn 0.3080 0.9111 0.2738
vn 0.7487 -0.6519 -0.1205
vn 0.4450 0.8542 0.2689
vn 0.0573 0.9592 0.2768
vn 0.0573 -0.9662 -0.2512
vn 0.9613 -0.2155 0.1714
vn 0.1739 0.9383 0.2990
vn 0.8689 -0.4895 0.0741
vn 0.2966 0.9005 0.3181
vn 0.7264 -0.6872 -0.0142
vn 0.4292 0.8395 0.3331
vn 0.5737 -0.8145 -0.0858
vn 0.5737 0.7444 0.3417
vn 0.4292 -0.8920 -0.1417
vn 0.7264 0.5983 0.3382
vn 0.2966 -0.9368 -0.1857
vn 0.8689 0.3832 0.3134
vn 0.1739 -0.9595 -0.2214
vn 0.9613 0.0979 0.2574
vn 0.5343 0.7301 0.4260
vn 0.3979 -0.9137 -0.0824
vn 0.6809 0.5803 0.4468
vn 0.2741 -0.9507 -0.1449
vn 0.8205 0.3587 0.4451
vn 0.1604 -0.9671 -0.1974
vn 0.9130 0.0631 0.4031
vn 0.0528 0.9571 0.2848
vn 0.0528 -0.9685 -0.2433
vn 0.9130 -0.2599 0.3145
vn 0.1604 0.9325 0.3235
vn 0.8205 -0.5355 0.1999
vn 0.2741 0.8916 0.3603
vn 0.6809 -0.7271 0.0883
vn 0.3979 0.8280 0.3952
vn 0.5343 -0.8453 -0.0060
vn 0.8347 -0.3066 0.4575
vn 0.1408 0.9277 0.3457
vn 0.7439 -0.5856 0.3221
vn 0.2411 0.8847 0.3990
vn 0.6107 -0.7700 0.1850
vn 0.3514 0.8195 0.4527
vn 0.4750 -0.8774 0.0675
vn 0.4750 0.7202 0.5056
vn 0.3514 -0.9358 -0.0286
vn 0.6107 0.5679 0.5519
vn 0.2411 -0.9645 -0.1080
vn 0.7439 0.3394 0.5757
vn 0.1408 -0.9743 -0.1758
vn 0.8347 0.0304 0.5499
vn 0.0463 0.9553 0.2920
vn 0.0463 -0.9706 -0.2361
vn 0.2909 -0.9566 0.0179
vn 0.5144 0.5603 0.6492
vn 0.1987 -0.9771 -0.0765
vn 0.6350 0.3250 0.7008
vn 0.1157 -0.9807 -0.1575
vn 0.7202 0.0002 0.6938
vn 0.0380 0.9538 0.2981
vn 0.0380 -0.9724 -0.2301
vn 0.7202 -0.3541 0.5966
vn 0.1157 0.9239 0.3648
vn 0.6350 -0.6370 0.4370
vn 0.1987 0.8794 0.4325
vn 0.5144 -0.8130 0.2726
vn 0.2909 0.8137 0.5033
vn 0.3959 -0.9087 0.1322
vn 0.3959 0.7142 0.5772
vn 0.4908 -0.6854 0.5379
vn 0.1482 0.8758 0.4593
vn 0.3921 -0.8523 0.3462
vn 0.2179 0.8100 0.5444
vn 0.2986 -0.9363 0.1849
vn 0.2986 0.7110 0.6366
vn 0.2179 -0.9744 0.0550
vn 0.3921 0.5565 0.7325
vn 0.1482 -0.9876 -0.0516
vn 0.4908 0.3152 0.8123
vn 0.0861 -0.9860 -0.1431
vn 0.5632 -0.0260 0.8259
vn 0.0282 0.9526 0.3030
vn 0.0282 -0.9739 -0.2253
vn 0.5632 -0.3989 0.7236
vn 0.0861 0.9210 0.3799
vn 0.0915 -0.9952 -0.0344
vn 0.3122 0.3093 0.8983
vn 0.0531 -0.9897 -0.1331
vn 0.3621 -0.0460 0.9310
vn 0.0174 0.9518 0.3063
vn 0.0174 -0.9749 -0.2220
vn 0.3621 -0.4353 0.8243
vn 0.0531 0.9192 0.3903
vn 0.3122 -0.7242 0.6149
vn 0.0915 0.8736 0.4780
vn 0.2464 -0.8827 0.4002
vn 0.1350 0.8081 0.5734
vn 0.1861 -0.9570 0.2225
vn 0.1861 0.7097 0.6795
vn 0.1350 -0.9875 0.0810
vn 0.2464 0.5551 0.7944
vn 0.0309 0.8725 0.4877
vn 0.0842 -0.8994 0.4289
vn 0.0457 0.8072 0.5885
vn 0.0632 -0.9682 0.2420
vn 0.0632 0.7093 0.7021
vn 0.0457 -0.9945 0.0944
vn 0.0842 0.5548 0.8277
vn 0.0309 -0.9992 -0.0256
vn 0.1074 0.3066 0.9458
vn 0.0179 -0.9916 -0.1281
vn 0.1254 -0.0571 0.9905
vn 0.0059 0.9514 0.3080
vn 0.0059 -0.9754 -0.2204
vn 0.1254 -0.4561 0.8810
vn 0.0179 0.9182 0.3956
vn 0.1074 -0.7461 0.6571
vn -0.1074 0.3066 0.9458
vn -0.0179 -0.9916 -0.1281
vn -0.1254 -0.0571 0.9905
vn -0.0059 0.9514 0.3080
vn -0.0059 -0.9754 -0.2204
vn -0.1254 -0.4561 0.8810
vn -0.0179 0.9182 0.3956
vn -0.1074 -0.7461 0.6571
vn -0.0309 0.8725 0.4877
vn -0.0842 -0.8994 0.4289
vn -0.0457 0.8072 0.5885
vn -0.0632 -0.9682 0.2420
vn -0.0632 0.7093 0.7021
vn -0.0457 -0.9945 0.0944
vn -0.0842 0.5548 0.8277
vn -0.0309 -0.9992 -0.0256
vn -0.2464 -0.8827 0.4002
vn -0.1350 0.8081 0.5734
vn -0.1861 -0.9570 0.2225
vn -0.1861 0.7097 0.6795
vn -0.1350 -0.9875 0.0810
vn -0.2464 0.5551 0.7944
vn -0.0915 -0.9952 -0.0344
vn -0.3122 0.3093 0.8983
vn -0.0531 -0.9897 -0.1331
vn -0.3621 -0.0460 0.9310
vn -0.0174 0.9518 0.3063
vn -0.0174 -0.9749 -0.2220
vn -0.3621 -0.4353 0.8243
vn -0.0531 0.9192 0.3903
vn -0.3122 -0.7242 0.6149
vn -0.0915 0.8736 0.4780
vn -0.0861 -0.9860 -0.1431
vn -0.5632 -0.0260 0.8259
vn -0.0282 0.9526 0.3030
vn -0.0282 -0.9739 -0.2253
vn -0.5632 -0.3989 0.7236
vn -0.0861 0.9210 0.3799
vn -0.4908 -0.6854 0.5379
vn -0.1482 0.8758 0.4593
vn -0.3921 -0.8523 0.3462
vn -0.2179 0.8100 0.5444
vn -0.2986 -0.9363 0.1849
vn -0.2986 0.7110 0.6366
vn -0.2179 -0.9744 0.0550
vn -0.3921 0.5565 0.7325
vn -0.1482 -0.9876 -0.0516
vn -0.4908 0.3152 0.8123
vn -0.2909 0.8137 0.5033
vn -0.3959 -0.9087 0.1322
vn -0.3959 0.7142 0.5772
vn -0.2909 -0.9566 0.0179
vn -0.5144 0.5603 0.6492
vn -0.1987 -0.9771 -0.0765
vn -0.6350 0.3250 0.7008
vn -0.1157 -0.9807 -0.1575
vn -0.7202 0.0002 0.6938
vn -0.0380 0.9538 0.2981
vn -0.0380 -0.9724 -0.2301
vn -0.7202 -0.3541 0.5966
vn -0.1157 0.9239 0.3648
vn -0.6350 -0.6370 0.4370
vn -0.1987 0.8794 0.4325
vn -0.5144 -0.8130 0.2726
vn -0.8347 0.0304 0.5499
vn -0.0463 0.9553 0.2920
vn -0.0463 -0.9706 -0.2361
vn -0.8347 -0.3066 0.4575
vn -0.1408 0.9277 0.3457
vn -0.7439 -0.5856 0.3221
vn -0.2411 0.8847 0.3990
vn -0.6107 -0.7700 0.1850
vn -0.3514 0.8195 0.4527
vn -0.4750 -0.8774 0.0675
vn -0.4750 0.7202 0.5056
vn -0.3514 -0.9358 -0.0286
vn -0.6107 0.5679 0.5519
vn -0.2411 -0.9645 -0.1080
vn -0.7439 0.3394 0.5757
vn -0.1408 -0.9743 -0.1758
vn -0.5343 -0.8453 -0.0060
vn -0.5343 0.7301 0.4260
vn -0.3979 -0.9137 -0.0824
vn -0.6809 0.5803 0.4468
vn -0.2741 -0.9507 -0.1449
vn -0.8205 0.3587 0.4451
vn -0.1604 -0.9671 -0.1974
vn -0.9130 0.0631 0.4031
vn -0.0528 0.9571 0.2848
vn -0.0528 -0.9685 -0.2433
vn -0.9130 -0.2599 0.3145
vn -0.1604 0.9325 0.3235
vn -0.8205 -0.5355 0.1999
vn -0.2741 0.8916 0.3603
vn -0.6809 -0.7271 0.0883
vn -0.3979 0.8280 0.3952
vn -0.0573 -0.9662 -0.2512
vn -0.9613 -0.2155 0.1714
vn -0.1739 0.9383 0.2990
vn -0.8689 -0.4895 0.0741
vn -0.2966 0.9005 0.3181
vn -0.7264 -0.6872 -0.0142
vn -0.4292 0.8395 0.3331
vn -0.5737 -0.8145 -0.0858
vn -0.5737 0.7444 0.3417
vn -0.4292 -0.8920 -0.1417
vn -0.7264 0.5983 0.3382
vn -0.2966 -0.9368 -0.1857
vn -0.8689 0.3832 0.3134
vn -0.1739 -0.9595 -0.2214
vn -0.9613 0.0979 0.2574
vn -0.0573 0.9592 0.2768
vn -0.4450 -0.8719 -0.2044
vn -0.7487 0.6222 0.2289
vn -0.3080 -0.9234 -0.2292
vn -0.8922 0.4131 0.1827
vn -0.1807 -0.9520 -0.2470
vn -0.9843 0.1348 0.1136
vn -0.0596 0.9615 0.2683
vn -0.0596 -0.9639 -0.2597
vn -0.9843 -0.1739 0.0290
vn -0.1807 0.9448 0.2732
vn -0.8922 -0.4485 -0.0535
vn -0.3080 0.9111 0.2738
vn -0.7487 -0.6519 -0.1205
vn -0.4450 0.8542 0.2689
vn -0.5933 -0.7869 -0.1696
vn -0.5933 0.7633 0.2555
vn -0.1807 0.9520 0.2470
vn -0.8922 -0.4131 -0.1827
vn -0.3080 0.9234 0.2292
vn -0.7487 -0.6222 -0.2289
vn -0.4450 0.8719 0.2044
vn -0.5933 -0.7633 -0.2555
vn -0.5933 0.7869 0.1696
vn -0.4450 -0.8542 -0.2689
vn -0.7487 0.6519 0.1205
vn -0.3080 -0.9111 -0.2738
vn -0.8922 0.4485 0.0535
vn -0.1807 -0.9448 -0.2732
vn -0.9843 0.1739 -0.0290
vn -0.0596 0.9639 0.2597
vn -0.0596 -0.9615 -0.2683
vn -0.9843 -0.1348 -0.1136
vn -0.7264 0.6872 0.0142
vn -0.2966 -0.9005 -0.3181
vn -0.8689 0.4895 -0.0741
vn -0.1739 -0.9383 -0.2990
vn -0.9613 0.2155 -0.1714
vn -0.0573 0.9662 0.2512
vn -0.0573 -0.9592 -0.2768
vn -0.9613 -0.0979 -0.2574
vn -0.1739 0.9595 0.2214
vn -0.8689 -0.3832 -0.3134
vn -0.2966 0.9368 0.1857
vn -0.7264 -0.5983 -0.3382
vn -0.4292 0.8920 0.1417
vn -0.5737 -0.7444 -0.3417
vn -0.5737 0.8145 0.0858
vn -0.4292 -0.8395 -0.3331
vn -0.8205 -0.3587 -0.4451
vn -0.2741 0.9507 0.1449
vn -0.6809 -0.5803 -0.4468
vn -0.3979 0.9137 0.0824
vn -0.5343 -0.7301 -0.4260
vn -0.5343 0.8453 0.0060
vn -0.3979 -0.8280 -0.3952
vn -0.6809 0.7271 -0.0883
vn -0.2741 -0.8916 -0.3603
vn -0.8205 0.5355 -0.1999
vn -0.1604 -0.9325 -0.3235
vn -0.9130 0.2599 -0.3145
vn -0.0528 0.9685 0.2433
vn -0.0528 -0.9571 -0.2848
vn -0.9130 -0.0631 -0.4031
vn -0.1604 0.9671 0.1974
vn -0.2411 -0.8847 -0.3990
vn -0.7439 0.5856 -0.3221
vn -0.1408 -0.9277 -0.3457
vn -0.8347 0.3066 -0.4575
vn -0.0463 0.9706 0.2361
vn -0.0463 -0.9553 -0.2920
vn -0.8347 -0.0304 -0.5499
vn -0.1408 0.9743 0.1758
vn -0.7439 -0.3394 -0.5757
vn -0.2411 0.9645 0.1080
vn -0.6107 -0.5679 -0.5519
vn -0.3514 0.9358 0.0286
vn -0.4750 -0.7202 -0.5056
vn -0.4750 0.8774 -0.0675
vn -0.3514 -0.8195 -0.4527
vn -0.6107 0.7700 -0.1850
vn -0.1987 0.9771 0.0765
vn -0.5144 -0.5603 -0.6492
vn -0.2909 0.9566 -0.0179
vn -0.3959 -0.7142 -0.5772
vn -0.3959 0.9087 -0.1322
vn -0.2909 -0.8137 -0.5033
vn -0.5144 0.8130 -0.2726
vn -0.1987 -0.8794 -0.4325
vn -0.6350 0.6370 -0.4370
vn -0.1157 -0.9239 -0.3648
vn -0.7202 0.3540 -0.5966
vn -0.0380 0.9724 0.2301
vn -0.0380 -0.9538 -0.2981
vn -0.7202 -0.0002 -0.6938
vn -0.1157 0.9807 0.1575
vn -0.6350 -0.3250 -0.7008
vn -0.4908 0.6854 -0.5379
vn -0.0861 -0.9210 -0.3799
vn -0.5632 0.3989 -0.7236
vn -0.0282 0.9739 0.2253
vn -0.0282 -0.9526 -0.3030
vn -0.5632 0.0260 -0.8259
vn -0.0861 0.9860 0.1431
vn -0.4908 -0.3152 -0.8123
vn -0.1482 0.9876 0.0516
vn -0.3921 -0.5565 -0.7325
vn -0.2179 0.9744 -0.0550
vn -0.2986 -0.7110 -0.6366
vn -0.2986 0.9363 -0.1849
vn -0.2179 -0.8100 -0.5444
vn -0.3921 0.8523 -0.3462
vn -0.1482 -0.8758 -0.4593
vn -0.2464 -0.5551 -0.7944
vn -0.1350 0.9875 -0.0810
vn -0.1861 -0.7097 -0.6795
vn -0.1861 0.9570 -0.2225
vn -0.1350 -0.8081 -0.5734
vn -0.2464 0.8827 -0.4002
vn -0.0915 -0.8736 -0.4780
vn -0.3122 0.7242 -0.6149
vn -0.0531 -0.9192 -0.3903
vn -0.3621 0.4353 -0.8243
vn -0.0174 0.9749 0.2220
vn -0.0174 -0.9518 -0.3063
vn -0.3621 0.0460 -0.9310
vn -0.0531 0.9897 0.1331
vn -0.3122 -0.3093 -0.8983
vn -0.0915 0.9952 0.0344
vn -0.0179 -0.9182 -0.3956
vn -0.1254 0.4561 -0.8810
vn -0.0059 0.9754 0.2204
vn -0.0059 -0.9514 -0.3080
vn -0.1254 0.0571 -0.9905
vn -0.0179 0.9916 0.1281
vn -0.1074 -0.3066 -0.9458
vn -0.0310 0.9992 0.0256
vn -0.0842 -0.5548 -0.8277
vn -0.0457 0.9945 -0.0944
vn -0.0632 -0.7093 -0.7021
vn -0.0632 0.9682 -0.2420
vn -0.0457 -0.8072 -0.5885
vn -0.0842 0.8994 -0.4289
vn -0.0310 -0.8725 -0.4877
vn -0.1074 0.7461 -0.6571
vn 0.0179 -0.9182 -0.3956
vn 0.1254 0.4561 -0.8810
vn 0.0059 0.9754 0.2204
vn 0.0059 -0.9514 -0.3080
vn 0.1254 0.0571 -0.9905
vn 0.0179 0.9916 0.1281
vn 0.1074 -0.3066 -0.9458
vn 0.0309 0.9992 0.0256
vn 0.0842 -0.5548 -0.8277
vn 0.0457 0.9945 -0.0944
vn 0.0632 -0.7093 -0.7020
vn 0.0632 0.9682 -0.2420
vn 0.0457 -0.8072 -0.5885
vn 0.0842 0.8994 -0.4289
vn 0.0309 -0.8725 -0.4877
vn 0.1074 0.7461 -0.6571
vn 0.2464 0.8827 -0.4002
vn 0.0915 -0.8736 -0.4780
vn 0.3122 0.7242 -0.6149
vn 0.0531 -0.9192 -0.3903
vn 0.3621 0.4353 -0.8243
vn 0.0174 0.9749 0.2220
vn 0.0174 -0.9518 -0.3063
vn 0.3621 0.0460 -0.9310
vn 0.0531 0.9897 0.1331
vn 0.3122 -0.3093 -0.8983
vn 0.0915 0.9952 0.0344
vn 0.2464 -0.5551 -0.7944
vn 0.1350 0.9875 -0.0810
vn 0.1861 -0.7097 -0.6795
vn 0.1861 0.9570 -0.2225
vn 0.1350 -0.8081 -0.5734
vn 0.4908 -0.3152 -0.8123
vn 0.1482 0.9876 0.0517
vn 0.3921 -0.5565 -0.7325
vn 0.2179 0.9744 -0.0550
vn 0.2986 -0.7110 -0.6366
vn 0.2986 0.9363 -0.1849
vn 0.2179 -0.8100 -0.5444
vn 0.3921 0.8523 -0.3462
vn 0.1482 -0.8758 -0.4593
vn 0.4908 0.6854 -0.5379
vn 0.0861 -0.9210 -0.3799
vn 0.5632 0.3989 -0.7236
vn 0.0282 0.9739 0.2253
vn 0.0282 -0.9526 -0.3030
vn 0.5632 0.0260 -0.8259
vn 0.0861 0.9860 0.1431
vn 0.1987 -0.8794 -0.4325
vn 0.6350 0.6370 -0.4370
vn 0.1157 -0.9239 -0.3648
vn 0.7202 0.3541 -0.5966
vn 0.0380 0.9724 0.2301
vn 0.0380 -0.9538 -0.2981
vn 0.7202 -0.0002 -0.6938
vn 0.1157 0.9807 0.1575
vn 0.6350 -0.3250 -0.7008
vn 0.1987 0.9771 0.0765
vn 0.5144 -0.5603 -0.6492
vn 0.2909 0.9566 -0.0179
vn 0.3959 -0.7142 -0.5772
vn 0.3959 0.9087 -0.1322
vn 0.2909 -0.8137 -0.5033
vn 0.5144 0.8130 -0.2726
vn 0.6107 -0.5679 -0.5519
vn 0.3514 0.9358 0.0286
vn 0.4750 -0.7202 -0.5056
vn 0.4750 0.8774 -0.0675
vn 0.3514 -0.8195 -0.4527
vn 0.6107 0.7700 -0.1850
vn 0.2411 -0.8847 -0.3990
vn 0.7439 0.5856 -0.3221
vn 0.1408 -0.9277 -0.3457
vn 0.8347 0.3066 -0.4575
vn 0.0463 0.9706 0.2361
vn 0.0463 -0.9553 -0.2920
vn 0.8347 -0.0304 -0.5499
vn 0.1408 0.9743 0.1758
vn 0.7439 -0.3394 -0.5757
vn 0.2411 0.9645 0.1080
vn 0.1604 -0.9325 -0.3235
vn 0.9130 0.2599 -0.3145
vn 0.0528 0.9685 0.2433
vn 0.0528 -0.9571 -0.2848
vn 0.9130 -0.0631 -0.4031
vn 0.1604 0.9671 0.1974
vn 0.8205 -0.3587 -0.4451
vn 0.2741 0.9507 0.1449
vn 0.6809 -0.5803 -0.4468
vn 0.3979 0.9137 0.0824
vn 0.5343 -0.7301 -0.4260
vn 0.5343 0.8453 0.0060
vn 0.3979 -0.8280 -0.3952
vn 0.6809 0.7271 -0.0883
vn 0.2741 -0.8916 -0.3603
vn 0.8205 0.5355 -0.1999
vn 0.4292 0.8920 0.1417
vn 0.5737 -0.7444 -0.3417
vn 0.5737 0.8145 0.0858
vn 0.4292 -0.8395 -0.3331
vn 0.7264 0.6872 0.0142
vn 0.2966 -0.9005 -0.3181
vn 0.8689 0.4895 -0.0741
vn 0.1739 -0.9383 -0.2990
vn 0.9613 0.2155 -0.1714
vn 0.0573 0.9662 0.2512
vn 0.0573 -0.9592 -0.2768
vn 0.9613 -0.0979 -0.2574
vn 0.1739 0.9595 0.2214
vn 0.8689 -0.3832 -0.3134
vn 0.2966 0.9368 0.1857
vn 0.7264 -0.5983 -0.3382
vn 0.9843 0.1739 -0.0290
vn 0.0596 0.9639 0.2597
vn 0.0596 -0.9615 -0.2683
vn 0.9843 -0.1348 -0.1136
vn 0.1807 0.9520 0.2470
vn 0.8922 -0.4131 -0.1827
vn 0.3080 0.9234 0.2292
vn 0.7487 -0.6222 -0.2289
vn 0.4450 0.8719 0.2044
vn 0.5933 -0.7633 -0.2555
vn 0.5933 0.7869 0.1696
vn 0.4450 -0.8542 -0.2689
vn 0.7487 0.6519 0.1205
vn 0.3080 -0.9111 -0.2738
vn 0.8922 0.4485 0.0535
vn 0.1807 -0.9448 -0.2732
vn 0.5933 -0.7869 -0.1696
vn 0.5933 0.7633 0.2555
vn 0.4450 -0.8719 -0.2044
vn 0.7487 0.6222 0.2289
vn 0.3080 -0.9234 -0.2292
vn 0.8922 0.4131 0.1827
vn 0.1807 -0.9520 -0.2470
vn 0.9843 0.1348 0.1136
vn 0.0596 0.9615 0.2683
vn 0.0596 -0.9639 -0.2597
vn 0.9843 -0.1739 0.0290
vn 0.1807 0.9448 0.2732
vn 0.8922 -0.4485 -0.0535
vn 0.3080 0.9111 0.2738
vn 0.7487 -0.6519 -0.1205
vn 0.4450 0.8542 0.2689
vn 0.0573 0.9592 0.2768
vn 0.0573 -0.9662 -0.2512
vn 0.9613 -0.2155 0.1714
vn 0.1739 0.9383 0.2990
vn 0.8689 -0.4895 0.0741
vn 0.2966 0.9005 0.3181
vn 0.7264 -0.6872 -0.0142
vn 0.4292 0.8395 0.3331
vn 0.5737 -0.8145 -0.0858
vn 0.5737 0.7444 0.3417
vn 0.4292 -0.8920 -0.1417
vn 0.7264 0.5983 0.3382
vn 0.2966 -0.9368 -0.1857
vn 0.8689 0.3832 0.3134
vn 0.1739 -0.9595 -0.2214
vn 0.9613 0.0979 0.2574
vn 0.5343 0.7301 0.4260
vn 0.3979 -0.9137 -0.0824
vn 0.6809 0.5803 0.4468
vn 0.2741 -0.9507 -0.1449
vn 0.8205 0.3587 0.4451
vn 0.1604 -0.9671 -0.1974
vn 0.9130 0.0631 0.4031
vn 0.0528 0.9571 0.2848
vn 0.0528 -0.9685 -0.2433
vn 0.9130 -0.2599 0.3145
vn 0.1604 0.9325 0.3235
vn 0.8205 -0.5355 0.1999
vn 0.2741 0.8916 0.3603
vn 0.6809 -0.7271 0.0883
vn 0.3979 0.8280 0.3952
vn 0.5343 -0.8453 -0.0060
vn 0.8347 -0.3066 0.4575
vn 0.1408 0.9277 0.3457
vn 0.7439 -0.5856 0.3221
vn 0.2411 0.8847 0.3990
vn 0.6107 -0.7700 0.1850
vn 0.3514 0.8195 0.4527
vn 0.4750 -0.8774 0.0675
vn 0.4750 0.7202 0.5056
vn 0.3514 -0.9358 -0.0286
vn 0.6107 0.5679 0.5519
vn 0.2411 -0.9645 -0.1080
vn 0.7439 0.3394 0.5757
vn 0.1408 -0.9743 -0.1758
vn 0.8347 0.0304 0.5499
vn 0.0463 0.9553 0.2920
vn 0.0463 -0.9706 -0.2361
vn 0.2909 -0.9566 0.0179
vn 0.5144 0.5603 0.6492
vn 0.1987 -0.9771 -0.0765
vn 0.6350 0.3250 0.7008
vn 0.1157 -0.9807 -0.1575
vn 0.7202 0.0002 0.6938
vn 0.0380 0.9538 0.2981
vn 0.0380 -0.9724 -0.2301
vn 0.7202 -0.3541 0.5966
vn 0.1157 0.9239 0.3648
vn 0.6350 -0.6370 0.4370
vn 0.1987 0.8794 0.4325
vn 0.5144 -0.8130 0.2726
vn 0.2909 0.8137 0.5033
vn 0.3959 -0.9087 0.1322
vn 0.3959 0.7142 0.5772
vn 0.4908 -0.6854 0.5379
vn 0.1482 0.8758 0.4593
vn 0.3921 -0.8523 0.3462
vn 0.2179 0.8100 0.5444
vn 0.2986 -0.9363 0.1849
vn 0.2986 0.7110 0.6366
vn 0.2179 -0.9744 0.0550
vn 0.3921 0.5565 0.7325
vn 0.1482 -0.9876 -0.0516
vn 0.4908 0.3152 0.8123
vn 0.0861 -0.9860 -0.1431
vn 0.5632 -0.0260 0.8259
vn 0.0282 0.9526 0.3030
vn 0.0282 -0.9739 -0.2253
vn 0.5632 -0.3989 0.7236
vn 0.0861 0.9210 0.3799
vn 0.0915 -0.9952 -0.0344
vn 0.3122 0.3093 0.8983
vn 0.0531 -0.9897 -0.1331
vn 0.3621 -0.0460 0.9310
vn 0.0174 0.9518 0.3063
vn 0.0174 -0.9749 -0.2220
vn 0.3621 -0.4353 0.8243
vn 0.0531 0.9192 0.3903
vn 0.3122 -0.7242 0.6149
vn 0.0915 0.8736 0.4780
vn 0.2464 -0.8827 0.4002
vn 0.1350 0.8081 0.5734
vn 0.1861 -0.9570 0.2225
vn 0.1861 0.7097 0.6795
vn 0.1350 -0.9875 0.0810
vn 0.2464 0.5551 0.7944
vn 0.0309 0.8725 0.4877
vn 0.0842 -0.8994 0.4289
vn 0.0457 0.8072 0.5885
vn 0.0632 -0.9682 0.2420
vn 0.0632 0.7093 0.7021
vn 0.0457 -0.9945 0.0944
vn 0.0842 0.5548 0.8277
vn 0.0309 -0.9992 -0.0256
vn 0.1074 0.3066 0.9458
vn 0.0179 -0.9916 -0.1281
vn 0.1254 -0.0571 0.9905
vn 0.0059 0.9514 0.3080
vn 0.0059 -0.9754 -0.2204
vn 0.1254 -0.4561 0.8810
vn 0.0179 0.9182 0.3956
vn 0.1074 -0.7461 0.6571
vn -0.1074 0.3066 0.9458
vn -0.0179 -0.9916 -0.1281
vn -0.1254 -0.0571 0.9905
vn -0.0059 0.9514 0.3080
vn -0.0059 -0.9754 -0.2204
vn -0.1254 -0.4561 0.8810
vn -0.0179 0.9182 0.3956
vn -0.1074 -0.7461 0.6571
vn -0.0309 0.8725 0.4877
vn -0.0842 -0.8994 0.4289
vn -0.0457 0.8072 0.5885
vn -0.0632 -0.9682 0.2420
vn -0.0632 0.7093 0.7021
vn -0.0457 -0.9945 0.0944
vn -0.0842 0.5548 0.8277
vn -0.0309 -0.9992 -0.0256
vn -0.2464 -0.8827 0.4002
vn -0.1350 0.8081 0.5734
vn -0.1861 -0.9570 0.2225
vn -0.1861 0.7097 0.6795
vn -0.1350 -0.9875 0.0810
vn -0.2464 0.5551 0.7944
vn -0.0915 -0.9952 -0.0344
vn -0.3122 0.3093 0.8983
vn -0.0531 -0.9897 -0.1331
vn -0.3621 -0.0460 0.9310
vn -0.0174 0.9518 0.3063
vn -0.0174 -0.9749 -0.2220
vn -0.3621 -0.4353 0.8243
vn -0.0531 0.9192 0.3903
vn -0.3122 -0.7242 0.6149
vn -0.0915 0.8736 0.4780
vn -0.0861 -0.9860 -0.1431
vn -0.5632 -0.0260 0.8259
vn -0.0282 0.9526 0.3030
vn -0.0282 -0.9739 -0.2253
vn -0.5632 -0.3989 0.7236
vn -0.0861 0.9210 0.3799
vn -0.4908 -0.6854 0.5379
vn -0.1482 0.8758 0.4593
vn -0.3921 -0.8523 0.3462
vn -0.2179 0.8100 0.5444
vn -0.2986 -0.9363 0.1849
vn -0.2986 0.7110 0.6366
vn -0.2179 -0.9744 0.0550
vn -0.3921 0.5565 0.7325
vn -0.1482 -0.9876 -0.0516
vn -0.4908 0.3152 0.8123
vn -0.2909 0.8137 0.5033
vn -0.3959 -0.9087 0.1322
vn -0.3959 0.7142 0.5772
vn -0.2909 -0.9566 0.0179
vn -0.5144 0.5603 0.6492
vn -0.1987 -0.9771 -0.0765
vn -0.6350 0.3250 0.7008
vn -0.1157 -0.9807 -0.1575
vn -0.7202 0.0002 0.6938
vn -0.0380 0.9538 0.2981
vn -0.0380 -0.9724 -0.2301
vn -0.7202 -0.3541 0.5966
vn -0.1157 0.9239 0.3648
vn -0.6350 -0.6370 0.4370
vn -0.1987 0.8794 0.4325
vn -0.5144 -0.8130 0.2726
vn -0.8347 0.0304 0.5499
vn -0.0463 0.9553 0.2920
vn -0.0463 -0.9706 -0.2361
vn -0.8347 -0.3066 0.4575
vn -0.1408 0.9277 0.3457
vn -0.7439 -0.5856 0.3221
vn -0.2411 0.8847 0.3990
vn -0.6107 -0.7700 0.1850
vn -0.3514 0.8195 0.4527
vn -0.4750 -0.8774 0.0675
vn -0.4750 0.7202 0.5056
vn -0.3514 -0.9358 -0.0286
vn -0.6107 0.5679 0.5519
vn -0.2411 -0.9645 -0.1080
vn -0.7439 0.3394 0.5757
vn -0.1408 -0.9743 -0.1758
vn -0.5343 -0.8453 -0.0060
vn -0.5343 0.7301 0.4260
vn -0.3979 -0.9137 -0.0824
vn -0.6809 0.5803 0.4468
vn -0.2741 -0.9507 -0.1449
vn -0.8205 0.3587 0.4451
vn -0.1604 -0.9671 -0.1974
vn -0.9130 0.0631 0.4031
vn -0.0528 0.9571 0.2848
vn -0.0528 -0.9685 -0.2433
vn -0.9130 -0.2599 0.3145
vn -0.1604 0.9325 0.3235
vn -0.8205 -0.5355 0.1999
vn -0.2741 0.8916 0.3603
vn -0.6809 -0.7271 0.0883
vn -0.3979 0.8280 0.3952
vn -0.0573 -0.9662 -0.2512
vn -0.9613 -0.2155 0.1714
vn -0.1739 0.9383 0.2990
vn -0.8689 -0.4895 0.0741
vn -0.2966 0.9005 0.3181
vn -0.7264 -0.6872 -0.0142
vn -0.4292 0.8395 0.3331
vn -0.5737 -0.8145 -0.0858
vn -0.5737 0.7444 0.3417
vn -0.4292 -0.8920 -0.1417
vn -0.7264 0.5983 0.3382
vn -0.2966 -0.9368 -0.1857
vn -0.8689 0.3832 0.3134
vn -0.1739 -0.9595 -0.2214
vn -0.9613 0.0979 0.2574
vn -0.0573 0.9592 0.2768
vn -0.4450 -0.8719 -0.2044
vn -0.7487 0.6222 0.2289
vn -0.3080 -0.9234 -0.2292
vn -0.8922 0.4131 0.1827
vn -0.1807 -0.9520 -0.2470
vn -0.9843 0.1348 0.1136
vn -0.0596 0.9615 0.2683
vn -0.0596 -0.9639 -0.2597
vn -0.9843 -0.1739 0.0290
vn -0.1807 0.9448 0.2732
vn -0.8922 -0.4485 -0.0535
vn -0.3080 0.9111 0.2738
vn -0.7487 -0.6519 -0.1205
vn -0.4450 0.8542 0.2689
vn -0.5933 -0.7869 -0.1696
vn -0.5933 0.7633 0.2555
vn -0.1807 0.9520 0.2470
vn -0.8922 -0.4131 -0.1827
vn -0.3080 0.9234 0.2292
vn -0.7487 -0.6222 -0.2289
vn -0.4450 0.8719 0.2044
vn -0.5933 -0.7633 -0.2555
vn -0.5933 0.7869 0.1696
vn -0.4450 -0.8542 -0.2689
vn -0.7487 0.6519 0.1205
vn -0.3080 -0.9111 -0.2738
vn -0.8922 0.4485 0.0535
vn -0.1807 -0.9448 -0.2732
vn -0.9843 0.1739 -0.0290
vn -0.0596 0.9639 0.2597
vn -0.0596 -0.9615 -0.2683
vn -0.9843 -0.1348 -0.1136
vn -0.7264 0.6872 0.0142
vn -0.2966 -0.9005 -0.3181
vn -0.8689 0.4895 -0.0741
vn -0.1739 -0.9383 -0.2990
vn -0.9613 0.2155 -0.1714
vn -0.0573 0.9662 0.2512
vn -0.0573 -0.9592 -0.2768
vn -0.9613 -0.0979 -0.2574
vn -0.1739 0.9595 0.2214
vn -0.8689 -0.3832 -0.3134
vn -0.2966 0.9368 0.1857
vn -0.7264 -0.5983 -0.3382
vn -0.4292 0.8920 0.1417
vn -0.5737 -0.7444 -0.3417
vn -0.5737 0.8145 0.0858
vn -0.4292 -0.8395 -0.3331
vn -0.8205 -0.3587 -0.4451
vn -0.2741 0.9507 0.1449
vn -0.6809 -0.5803 -0.4468
vn -0.3979 0.9137 0.0824
vn -0.5343 -0.7301 -0.4260
vn -0.5343 0.8453 0.0060
vn -0.3979 -0.8280 -0.3952
vn -0.6809 0.7271 -0.0883
vn -0.2741 -0.8916 -0.3603
vn -0.8205 0.5355 -0.1999
vn -0.1604 -0.9325 -0.3235
vn -0.9130 0.2599 -0.3145
vn -0.0528 0.9685 0.2433
vn -0.0528 -0.9571 -0.2848
vn -0.9130 -0.0631 -0.4031
vn -0.1604 0.9671 0.1974
vn -0.2411 -0.8847 -0.3990
vn -0.7439 0.5856 -0.3221
vn -0.1408 -0.9277 -0.3457
vn -0.8347 0.3066 -0.4575
vn -0.0463 0.9706 0.2361
vn -0.0463 -0.9553 -0.2920
vn -0.8347 -0.0304 -0.5499
vn -0.1408 0.9743 0.1758
vn -0.7439 -0.3394 -0.5757
vn -0.2411 0.9645 0.1080
vn -0.6107 -0.5679 -0.5519
vn -0.3514 0.9358 0.0286
vn -0.4750 -0.7202 -0.5056
vn -0.4750 0.8774 -0.0675
vn -0.3514 -0.8195 -0.4527
vn -0.6107 0.7700 -0.1850
vn -0.1987 0.9771 0.0765
vn -0.5144 -0.5603 -0.6492
vn -0.2909 0.9566 -0.0179
vn -0.3959 -0.7142 -0.5772
vn -0.3959 0.9087 -0.1322
vn -0.2909 -0.8137 -0.5033
vn -0.5144 0.8130 -0.2726
vn -0.1987 -0.8794 -0.4325
vn -0.6350 0.6370 -0.4370
vn -0.1157 -0.9239 -0.3648
vn -0.7202 0.3540 -0.5966
vn -0.0380 0.9724 0.2301
vn -0.0380 -0.9538 -0.2981
vn -0.7202 -0.0002 -0.6938
vn -0.1157 0.9807 0.1575
vn -0.6350 -0.3250 -0.7008
vn -0.4908 0.6854 -0.5379
vn -0.0861 -0.9210 -0.3799
vn -0.5632 0.3989 -0.7236
vn -0.0282 0.9739 0.2253
vn -0.0282 -0.9526 -0.3030
vn -0.5632 0.0260 -0.8259
vn -0.0861 0.9860 0.1431
vn -0.4908 -0.3152 -0.8123
vn -0.1482 0.9876 0.0516
vn -0.3921 -0.5565 -0.7325
vn -0.2179 0.9744 -0.0550
vn -0.2986 -0.7110 -0.6366
vn -0.2986 0.9363 -0.1849
vn -0.2179 -0.8100 -0.5444
vn -0.3921 0.8523 -0.3462
vn -0.1482 -0.8758 -0.4593
vn -0.2464 -0.5551 -0.7944
vn -0.1350 0.9875 -0.0810
vn -0.1861 -0.7097 -0.6795
vn -0.1861 0.9570 -0.2225
vn -0.1350 -0.8081 -0.5734
vn -0.2464 0.8827 -0.4002
vn -0.0915 -0.8736 -0.4780
vn -0.3122 0.7242 -0.6149
vn -0.0531 -0.9192 -0.3903
vn -0.3621 0.4353 -0.8243
vn -0.0174 0.9749 0.2220
vn -0.0174 -0.9518 -0.3063
vn -0.3621 0.0460 -0.9310
vn -0.0531 0.9897 0.1331
vn -0.3122 -0.3093 -0.8983
vn -0.0915 0.9952 0.0344
vn -0.0179 -0.9182 -0.3956
vn -0.1254 0.4561 -0.8810
vn -0.0059 0.9754 0.2204
vn -0.0059 -0.9514 -0.3080
vn -0.1254 0.0571 -0.9905
vn -0.0179 0.9916 0.1281
vn -0.1074 -0.3066 -0.9458
vn -0.0310 0.9992 0.0256
vn -0.0842 -0.5548 -0.8277
vn -0.0457 0.9945 -0.0944
vn -0.0632 -0.7093 -0.7021
vn -0.0632 0.9682 -0.2420
vn -0.0457 -0.8072 -0.5885
vn -0.0842 0.8994 -0.4289
vn -0.0310 -0.8725 -0.4877
vn -0.1074 0.7461 -0.6571
vn 0.0179 -0.9182 -0.3956
vn 0.1254 0.4561 -0.8810
vn 0.0059 0.9754 0.2204
vn 0.0059 -0.9514 -0.3080
vn 0.1254 0.0571 -0.9905
vn 0.0179 0.9916 0.1281
vn 0.1074 -0.3066 -0.9458
vn 0.0309 0.9992 0.0256
vn 0.0842 -0.5548 -0.8277
vn 0.0457 0.9945 -0.0944
vn 0.0632 -0.7093 -0.7020
vn 0.0632 0.9682 -0.2420
vn 0.0457 -0.8072 -0.5885
vn 0.0842 0.8994 -0.4289
vn 0.0309 -0.8725 -0.4877
vn 0.1074 0.7461 -0.6571
vn 0.2464 0.8827 -0.4002
vn 0.0915 -0.8736 -0.4780
vn 0.3122 0.7242 -0.6149
vn 0.0531 -0.9192 -0.3903
vn 0.3621 0.4353 -0.8243
vn 0.0174 0.9749 0.2220
vn 0.0174 -0.9518 -0.3063
vn 0.3621 0.0460 -0.9310
vn 0.0531 0.9897 0.1331
vn 0.3122 -0.3093 -0.8983
vn 0.0915 0.9952 0.0344
vn 0.2464 -0.5551 -0.7944
vn 0.1350 0.9875 -0.0810
vn 0.1861 -0.7097 -0.6795
vn 0.1861 0.9570 -0.2225
vn 0.1350 -0.8081 -0.5734
vn 0.4908 -0.3152 -0.8123
vn 0.1482 0.9876 0.0517
vn 0.3921 -0.5565 -0.7325
vn 0.2179 0.9744 -0.0550
vn 0.2986 -0.7110 -0.6366
vn 0.2986 0.9363 -0.1849
vn 0.2179 -0.8100 -0.5444
vn 0.3921 0.8523 -0.3462
vn 0.1482 -0.8758 -0.4593
vn 0.4908 0.6854 -0.5379
vn 0.0861 -0.9210 -0.3799
vn 0.5632 0.3989 -0.7236
vn 0.0282 0.9739 0.2253
vn 0.0282 -0.9526 -0.3030
vn 0.5632 0.0260 -0.8259
vn 0.0861 0.9860 0.1431
vn 0.1987 -0.8794 -0.4325
vn 0.6350 0.6370 -0.4370
vn 0.1157 -0.9239 -0.3648
vn 0.7202 0.3541 -0.5966
vn 0.0380 0.9724 0.2301
vn 0.0380 -0.9538 -0.2981
vn 0.7202 -0.0002 -0.6938
vn 0.1157 0.9807 0.1575
vn 0.6350 -0.3250 -0.7008
vn 0.1987 0.9771 0.0765
vn 0.5144 -0.5603 -0.6492
vn 0.2909 0.9566 -0.0179
vn 0.3959 -0.7142 -0.5772
vn 0.3959 0.9087 -0.1322
vn 0.2909 -0.8137 -0.5033
vn 0.5144 0.8130 -0.2726
vn 0.6107 -0.5679 -0.5519
vn 0.3514 0.9358 0.0286
vn 0.4750 -0.7202 -0.5056
vn 0.4750 0.8774 -0.0675
vn 0.3514 -0.8195 -0.4527
vn 0.6107 0.7700 -0.1850
vn 0.2411 -0.8847 -0.3990
vn 0.7439 0.5856 -0.3221
vn 0.1408 -0.9277 -0.3457
vn 0.8347 0.3066 -0.4575
vn 0.0463 0.9706 0.2361
vn 0.0463 -0.9553 -0.2920
vn 0.8347 -0.0304 -0.5499
vn 0.1408 0.9743 0.1758
vn 0.7439 -0.3394 -0.5757
vn 0.2411 0.9645 0.1080
vn 0.1604 -0.9325 -0.3235
vn 0.9130 0.2599 -0.3145
vn 0.0528 0.9685 0.2433
vn 0.0528 -0.9571 -0.2848
vn 0.9130 -0.0631 -0.4031
vn 0.1604 0.9671 0.1974
vn 0.8205 -0.3587 -0.4451
vn 0.2741 0.9507 0.1449
vn 0.6809 -0.5803 -0.4468
vn 0.3979 0.9137 0.0824
vn 0.5343 -0.7301 -0.4260
vn 0.5343 0.8453 0.0060
vn 0.3979 -0.8280 -0.3952
vn 0.6809 0.7271 -0.0883
vn 0.2741 -0.8916 -0.3603
vn 0.8205 0.5355 -0.1999
vn 0.4292 0.8920 0.1417
vn 0.5737 -0.7444 -0.3417
vn 0.5737 0.8145 0.0858
vn 0.4292 -0.8395 -0.3331
vn 0.7264 0.6872 0.0142
vn 0.2966 -0.9005 -0.3181
vn 0.8689 0.4895 -0.0741
vn 0.1739 -0.9383 -0.2990
vn 0.9613 0.2155 -0.1714
vn 0.0573 0.9662 0.2512
vn 0.0573 -0.9592 -0.2768
vn 0.9613 -0.0979 -0.2574
vn 0.1739 0.9595 0.2214
vn 0.8689 -0.3832 -0.3134
vn 0.2966 0.9368 0.1857
vn 0.7264 -0.5983 -0.3382
vn 0.9843 0.1739 -0.0290
vn 0.0596 0.9639 0.2597
vn 0.0596 -0.9615 -0.2683
vn 0.9843 -0.1348 -0.1136
vn 0.1807 0.9520 0.2470
vn 0.8922 -0.4131 -0.1827
vn 0.3080 0.9234 0.2292
vn 0.7487 -0.6222 -0.2289
vn 0.4450 0.8719 0.2044
vn 0.5933 -0.7633 -0.2555
vn 0.5933 0.7869 0.1696
vn 0.4450 -0.8542 -0.2689
vn 0.7487 0.6519 0.1205
vn 0.3080 -0.9111 -0.2738
vn 0.8922 0.4485 0.0535
vn 0.1807 -0.9448 -0.2732
vn 0.5933 -0.7869 -0.1696
vn 0.5933 0.7633 0.2555
vn 0.4450 -0.8719 -0.2044
vn 0.7487 0.6222 0.2289
vn 0.3080 -0.9234 -0.2292
vn 0.8922 0.4131 0.1827
vn 0.1807 -0.9520 -0.2470
vn 0.9843 0.1348 0.1136
vn 0.0596 0.9615 0.2683
vn 0.0596 -0.9639 -0.2597
vn 0.9843 -0.1739 0.0290
vn 0.1807 0.9448 0.2732
vn 0.8922 -0.4485 -0.0535
vn 0.3080 0.9111 0.2738
vn 0.7487 -0.6519 -0.1205
vn 0.4450 0.8542 0.2689
vn 0.0573 0.9592 0.2768
vn 0.0573 -0.9662 -0.2512
vn 0.9613 -0.2155 0.1714
vn 0.1739 0.9383 0.2990
vn 0.8689 -0.4895 0.0741
vn 0.2966 0.9005 0.3181
vn 0.7264 -0.6872 -0.0142
vn 0.4292 0.8395 0.3331
vn 0.5737 -0.8145 -0.0858
vn 0.5737 0.7444 0.3417
vn 0.4292 -0.8920 -0.1417
vn 0.7264 0.5983 0.3382
vn 0.2966 -0.9368 -0.1857
vn 0.8689 0.3832 0.3134
vn 0.1739 -0.9595 -0.2214
vn 0.9613 0.0979 0.2574
vn 0.5343 0.7301 0.4260
vn 0.3979 -0.9137 -0.0824
vn 0.6809 0.5803 0.4468
vn 0.2741 -0.9507 -0.1449
vn 0.8205 0.3587 0.4451
vn 0.1604 -0.9671 -0.1974
vn 0.9130 0.0631 0.4031
vn 0.0528 0.9571 0.2848
vn 0.0528 -0.9685 -0.2433
vn 0.9130 -0.2599 0.3145
vn 0.1604 0.9325 0.3235
vn 0.8205 -0.5355 0.1999
vn 0.2741 0.8916 0.3603
vn 0.6809 -0.7271 0.0883
vn 0.3979 0.8280 0.3952
vn 0.5343 -0.8453 -0.0060
vn 0.8347 -0.3066 0.4575
vn 0.1408 0.9277 0.3457
vn 0.7439 -0.5856 0.3221
vn 0.2411 0.8847 0.3990
vn 0.6107 -0.7700 0.1850
vn 0.3514 0.8195 0.4527
vn 0.4750 -0.8774 0.0675
vn 0.4750 0.7202 0.5056
vn 0.3514 -0.9358 -0.0286
vn 0.6107 0.5679 0.5519
vn 0.2411 -0.9645 -0.1080
vn 0.7439 0.3394 0.5757
vn 0.1408 -0.9743 -0.1758
vn 0.8347 0.0304 0.5499
vn 0.0463 0.9553 0.2920
vn 0.0463 -0.9706 -0.2361
vn 0.2909 -0.9566 0.0179
vn 0.5144 0.5603 0.6492
vn 0.1987 -0.9771 -0.0765
vn 0.6350 0.3250 0.7008
vn 0.1157 -0.9807 -0.1575
vn 0.7202 0.0002 0.6938
vn 0.0380 0.9538 0.2981
vn 0.0380 -0.9724 -0.2301
vn 0.7202 -0.3541 0.5966
vn 0.1157 0.9239 0.3648
vn 0.6350 -0.6370 0.4370
vn 0.1987 0.8794 0.4325
vn 0.5144 -0.8130 0.2726
vn 0.2909 0.8137 0.5033
vn 0.3959 -0.9087 0.1322
vn 0.3959 0.7142 0.5772
vn 0.4908 -0.6854 0.5379
vn 0.1482 0.8758 0.4593
vn 0.3921 -0.8523 0.3462
vn 0.2179 0.8100 0.5444
vn 0.2986 -0.9363 0.1849
vn 0.2986 0.7110 0.6366
vn 0.2179 -0.9744 0.0550
vn 0.3921 0.5565 0.7325
vn 0.1482 -0.9876 -0.0516
vn 0.4908 0.3152 0.8123
vn 0.0861 -0.9860 -0.1431
vn 0.5632 -0.0260 0.8259
vn 0.0282 0.9526 0.3030
vn 0.0282 -0.9739 -0.2253
vn 0.5632 -0.3989 0.7236
vn 0.0861 0.9210 0.3799
vn 0.0915 -0.9952 -0.0344
vn 0.3122 0.3093 0.8983
vn 0.0531 -0.9897 -0.1331
vn 0.3621 -0.0460 0.9310
vn 0.0174 0.9518 0.3063
vn 0.0174 -0.9749 -0.2220
vn 0.3621 -0.4353 0.8243
vn 0.0531 0.9192 0.3903
vn 0.3122 -0.7242 0.6149
vn 0.0915 0.8736 0.4780
vn 0.2464 -0.8827 0.4002
vn 0.1350 0.8081 0.5734
vn 0.1861 -0.9570 0.2225
vn 0.1861 0.7097 0.6795
vn 0.1350 -0.9875 0.0810
vn 0.2464 0.5551 0.7944
vn 0.0309 0.8725 0.4877
vn 0.0842 -0.8994 0.4289
vn 0.0457 0.8072 0.5885
vn 0.0632 -0.9682 0.2420
vn 0.0632 0.7093 0.7021
vn 0.0457 -0.9945 0.0944
vn 0.0842 0.5548 0.8277
vn 0.0309 -0.9992 -0.0256
vn 0.1074 0.3066 0.9458
vn 0.0179 -0.9916 -0.1281
vn 0.1254 -0.0571 0.9905
vn 0.0059 0.9514 0.3080
vn 0.0059 -0.9754 -0.2204
vn 0.1254 -0.4561 0.8810
vn 0.0179 0.9182 0.3956
vn 0.1074 -0.7461 0.6571
vn -0.1074 0.3066 0.9458
vn -0.0179 -0.9916 -0.1281
vn -0.1254 -0.0571 0.9905
vn -0.0059 0.9514 0.3080
vn -0.0059 -0.9754 -0.2204
vn -0.1254 -0.4561 0.8810
vn -0.0179 0.9182 0.3956
vn -0.1074 -0.7461 0.6571
vn -0.0309 0.8725 0.4877
vn -0.0842 -0.8994 0.4289
vn -0.0457 0.8072 0.5885
vn -0.0632 -0.9682 0.2420
vn -0.0632 0.7093 0.7021
vn -0.0457 -0.9945 0.0944
vn -0.0842 0.5548 0.8277
vn -0.0309 -0.9992 -0.0256
vn -0.2464 -0.8827 0.4002
vn -0.1350 0.8081 0.5734
vn -0.1861 -0.9570 0.2225
vn -0.1861 0.7097 0.6795
vn -0.1350 -0.9875 0.0810
vn -0.2464 0.5551 0.7944
vn -0.0915 -0.9952 -0.0344
vn -0.3122 0.3093 0.8983
vn -0.0531 -0.9897 -0.1331
vn -0.3621 -0.0460 0.9310
vn -0.0174 0.9518 0.3063
vn -0.0174 -0.9749 -0.2220
vn -0.3621 -0.4353 0.8243
vn -0.0531 0.9192 0.3903
vn -0.3122 -0.7242 0.6149
vn -0.0915 0.8736 0.4780
vn -0.0861 -0.9860 -0.1431
vn -0.5632 -0.0260 0.8259
vn -0.0282 0.9526 0.3030
vn -0.0282 -0.9739 -0.2253
vn -0.5632 -0.3989 0.7236
vn -0.0861 0.9210 0.3799
vn -0.4908 -0.6854 0.5379
vn -0.1482 0.8758 0.4593
vn -0.3921 -0.8523 0.3462
vn -0.2179 0.8100 0.5444
vn -0.2986 -0.9363 0.1849
vn -0.2986 0.7110 0.6366
vn -0.2179 -0.9744 0.0550
vn -0.3921 0.5565 0.7325
vn -0.1482 -0.9876 -0.0516
vn -0.4908 0.3152 0.8123
vn -0.2909 0.8137 0.5033
vn -0.3959 -0.9087 0.1322
vn -0.3959 0.7142 0.5772
vn -0.2909 -0.9566 0.0179
vn -0.5144 0.5603 0.6492
vn -0.1987 -0.9771 -0.0765
vn -0.6350 0.3250 0.7008
vn -0.1157 -0.9807 -0.1575
vn -0.7202 0.0002 0.6938
vn -0.0380 0.9538 0.2981
vn -0.0380 -0.9724 -0.2301
vn -0.7202 -0.3541 0.5966
vn -0.1157 0.9239 0.3648
vn -0.6350 -0.6370 0.4370
vn -0.1987 0.8794 0.4325
vn -0.5144 -0.8130 0.2726
vn -0.8347 0.0304 0.5499
vn -0.0463 0.9553 0.2920
vn -0.0463 -0.9706 -0.2361
vn -0.8347 -0.3066 0.4575
vn -0.1408 0.9277 0.3457
vn -0.7439 -0.5856 0.3221
vn -0.2411 0.8847 0.3990
vn -0.6107 -0.7700 0.1850
vn -0.3514 0.8195 0.4527
vn -0.4750 -0.8774 0.0675
vn -0.4750 0.7202 0.5056
vn -0.3514 -0.9358 -0.0286
vn -0.6107 0.5679 0.5519
vn -0.2411 -0.9645 -0.1080
vn -0.7439 0.3394 0.5757
vn -0.1408 -0.9743 -0.1758
vn -0.5343 -0.8453 -0.0060
vn -0.5343 0.7301 0.4260
vn -0.3979 -0.9137 -0.0824
vn -0.6809 0.5803 0.4468
vn -0.2741 -0.9507 -0.1449
vn -0.8205 0.3587 0.4451
vn -0.1604 -0.9671 -0.1974
vn -0.9130 0.0631 0.4031
vn -0.0528 0.9571 0.2848
vn -0.0528 -0.9685 -0.2433
vn -0.9130 -0.2599 0.3145
vn -0.1604 0.9325 0.3235
vn -0.8205 -0.5355 0.1999
vn -0.2741 0.8916 0.3603
vn -0.6809 -0.7271 0.0883
vn -0.3979 0.8280 0.3952
vn -0.0573 -0.9662 -0.2512
vn -0.9613 -0.2155 0.1714
vn -0.1739 0.9383 0.2990
vn -0.8689 -0.4895 0.0741
vn -0.2966 0.9005 0.3181
vn -0.7264 -0.6872 -0.0142
vn -0.4292 0.8395 0.3331
vn -0.5737 -0.8145 -0.0858
vn -0.5737 0.7444 0.3417
vn -0.4292 -0.8920 -0.1417
vn -0.7264 0.5983 0.3382
vn -0.2966 -0.9368 -0.1857
vn -0.8689 0.3832 0.3134
vn -0.1739 -0.9595 -0.2214
vn -0.9613 0.0979 0.2574
vn -0.0573 0.9592 0.2768
vn -0.4450 -0.8719 -0.2044
vn -0.7487 0.6222 0.2289
vn -0.3080 -0.9234 -0.2292
vn -0.8922 0.4131 0.1827
vn -0.1807 -0.9520 -0.2470
vn -0.9843 0.1348 0.1136
vn -0.0596 0.9615 0.2683
vn -0.0596 -0.9639 -0.2597
vn -0.9843 -0.1739 0.0290
vn -0.1807 0.9448 0.2732
vn -0.8922 -0.4485 -0.0535
vn -0.3080 0.9111 0.2738
vn -0.7487 -0.6519 -0.1205
vn -0.4450 0.8542 0.2689
vn -0.5933 -0.7869 -0.1696
vn -0.5933 0.7633 0.2555
vn -0.1807 0.9520 0.2470
vn -0.8922 -0.4131 -0.1827
vn -0.3080 0.9234 0.2292
vn -0.7487 -0.6222 -0.2289
vn -0.4450 0.8719 0.2044
vn -0.5933 -0.7633 -0.2555
vn -0.5933 0.7869 0.1696
vn -0.4450 -0.8542 -0.2689
vn -0.7487 0.6519 0.1205
vn -0.3080 -0.9111 -0.2738
vn -0.8922 0.4485 0.0535
vn -0.1807 -0.9448 -0.2732
vn -0.9843 0.1739 -0.0290
vn -0.0596 0.9639 0.2597
vn -0.0596 -0.9615 -0.2683
vn -0.9843 -0.1348 -0.1136
vn -0.7264 0.6872 0.0142
vn -0.2966 -0.9005 -0.3181
vn -0.8689 0.4895 -0.0741
vn -0.1739 -0.9383 -0.2990
vn -0.9613 0.2155 -0.1714
vn -0.0573 0.9662 0.2512
vn -0.0573 -0.9592 -0.2768
vn -0.9613 -0.0979 -0.2574
vn -0.1739 0.9595 0.2214
vn -0.8689 -0.3832 -0.3134
vn -0.2966 0.9368 0.1857
vn -0.7264 -0.5983 -0.3382
vn -0.4292 0.8920 0.1417
vn -0.5737 -0.7444 -0.3417
vn -0.5737 0.8145 0.0858
vn -0.4292 -0.8395 -0.3331
vn -0.8205 -0.3587 -0.4451
vn -0.2741 0.9507 0.1449
vn -0.6809 -0.5803 -0.4468
vn -0.3979 0.9137 0.0824
vn -0.5343 -0.7301 -0.4260
vn -0.5343 0.8453 0.0060
vn -0.3979 -0.8280 -0.3952
vn -0.6809 0.7271 -0.0883
vn -0.2741 -0.8916 -0.3603
vn -0.8205 0.5355 -0.1999
vn -0.1604 -0.9325 -0.3235
vn -0.9130 0.2599 -0.3145
vn -0.0528 0.9685 0.2433
vn -0.0528 -0.9571 -0.2848
vn -0.9130 -0.0631 -0.4031
vn -0.1604 0.9671 0.1974
vn -0.2411 -0.8847 -0.3990
vn -0.7439 0.5856 -0.3221
vn -0.1408 -0.9277 -0.3457
vn -0.8347 0.3066 -0.4575
vn -0.0463 0.9706 0.2361
vn -0.0463 -0.9553 -0.2920
vn -0.8347 -0.0304 -0.5499
vn -0.1408 0.9743 0.1758
vn -0.7439 -0.3394 -0.5757
vn -0.2411 0.9645 0.1080
vn -0.6107 -0.5679 -0.5519
vn -0.3514 0.9358 0.0286
vn -0.4750 -0.7202 -0.5056
vn -0.4750 0.8774 -0.0675
vn -0.3514 -0.8195 -0.4527
vn -0.6107 0.7700 -0.1850
vn -0.1987 0.9771 0.0765
vn -0.5144 -0.5603 -0.6492
vn -0.2909 0.9566 -0.0179
vn -0.3959 -0.7142 -0.5772
vn -0.3959 0.9087 -0.1322
vn -0.2909 -0.8137 -0.5033
vn -0.5144 0.8130 -0.2726
vn -0.1987 -0.8794 -0.4325
vn -0.6350 0.6370 -0.4370
vn -0.1157 -0.9239 -0.3648
vn -0.7202 0.3540 -0.5966
vn -0.0380 0.9724 0.2301
vn -0.0380 -0.9538 -0.2981
vn -0.7202 -0.0002 -0.6938
vn -0.1157 0.9807 0.1575
vn -0.6350 -0.3250 -0.7008
vn -0.4908 0.6854 -0.5379
vn -0.0861 -0.9210 -0.3799
vn -0.5632 0.3989 -0.7236
vn -0.0282 0.9739 0.2253
vn -0.0282 -0.9526 -0.3030
vn -0.5632 0.0260 -0.8259
vn -0.0861 0.9860 0.1431
vn -0.4908 -0.3152 -0.8123
vn -0.1482 0.9876 0.0516
vn -0.3921 -0.5565 -0.7325
vn -0.2179 0.9744 -0.0550
vn -0.2986 -0.7110 -0.6366
vn -0.2986 0.9363 -0.1849
vn -0.2179 -0.8100 -0.5444
vn -0.3921 0.8523 -0.3462
vn -0.1482 -0.8758 -0.4593
vn -0.2464 -0.5551 -0.7944
vn -0.1350 0.9875 -0.0810
vn -0.1861 -0.7097 -0.6795
vn -0.1861 0.9570 -0.2225
vn -0.1350 -0.8081 -0.5734
vn -0.2464 0.8827 -0.4002
vn -0.0915 -0.8736 -0.4780
vn -0.3122 0.7242 -0.6149
vn -0.0531 -0.9192 -0.3903
vn -0.3621 0.4353 -0.8243
vn -0.0174 0.9749 0.2220
vn -0.0174 -0.9518 -0.3063
vn -0.3621 0.0460 -0.9310
vn -0.0531 0.9897 0.1331
vn -0.3122 -0.3093 -0.8983
vn -0.0915 0.9952 0.0344
vn -0.0179 -0.9182 -0.3956
vn -0.1254 0.4561 -0.8810
vn -0.0059 0.9754 0.2204
vn -0.0059 -0.9514 -0.3080
vn -0.1254 0.0571 -0.9905
vn -0.0179 0.9916 0.1281
vn -0.1074 -0.3066 -0.9458
vn -0.0310 0.9992 0.0256
vn -0.0842 -0.5548 -0.8277
vn -0.0457 0.9945 -0.0944
vn -0.0632 -0.7093 -0.7021
vn -0.0632 0.9682 -0.2420
vn -0.0457 -0.8072 -0.5885
vn -0.0842 0.8994 -0.4289
vn -0.0310 -0.8725 -0.4877
vn -0.1074 0.7461 -0.6571
vn 0.0179 -0.9182 -0.3956
vn 0.1254 0.4561 -0.8810
vn 0.0059 0.9754 0.2204
vn 0.0059 -0.9514 -0.3080
vn 0.1254 0.0571 -0.9905
vn 0.0179 0.9916 0.1281
vn 0.1074 -0.3066 -0.9458
vn 0.0309 0.9992 0.0256
vn 0.0842 -0.5548 -0.8277
vn 0.0457 0.9945 -0.0944
vn 0.0632 -0.7093 -0.7020
vn 0.0632 0.9682 -0.2420
vn 0.0457 -0.8072 -0.5885
vn 0.0842 0.8994 -0.4289
vn 0.0309 -0.8725 -0.4877
vn 0.1074 0.7461 -0.6571
vn 0.2464 0.8827 -0.4002
vn 0.0915 -0.8736 -0.4780
vn 0.3122 0.7242 -0.6149
vn 0.0531 -0.9192 -0.3903
vn 0.3621 0.4353 -0.8243
vn 0.0174 0.9749 0.2220
vn 0.0174 -0.9518 -0.3063
vn 0.3621 0.0460 -0.9310
vn 0.0531 0.9897 0.1331
vn 0.3122 -0.3093 -0.8983
vn 0.0915 0.9952 0.0344
vn 0.2464 -0.5551 -0.7944
vn 0.1350 0.9875 -0.0810
vn 0.1861 -0.7097 -0.6795
vn 0.1861 0.9570 -0.2225
vn 0.1350 -0.8081 -0.5734
vn 0.4908 -0.3152 -0.8123
vn 0.1482 0.9876 0.0517
vn 0.3921 -0.5565 -0.7325
vn 0.2179 0.9744 -0.0550
vn 0.2986 -0.7110 -0.6366
vn 0.2986 0.9363 -0.1849
vn 0.2179 -0.8100 -0.5444
vn 0.3921 0.8523 -0.3462
vn 0.1482 -0.8758 -0.4593
vn 0.4908 0.6854 -0.5379
vn 0.0861 -0.9210 -0.3799
vn 0.5632 0.3989 -0.7236
vn 0.0282 0.9739 0.2253
vn 0.0282 -0.9526 -0.3030
vn 0.5632 0.0260 -0.8259
vn 0.0861 0.9860 0.1431
vn 0.1987 -0.8794 -0.4325
vn 0.6350 0.6370 -0.4370
vn 0.1157 -0.9239 -0.3648
vn 0.7202 0.3541 -0.5966
vn 0.0380 0.9724 0.2301
vn 0.0380 -0.9538 -0.2981
vn 0.7202 -0.0002 -0.6938
vn 0.1157 0.9807 0.1575
vn 0.6350 -0.3250 -0.7008
vn 0.1987 0.9771 0.0765
vn 0.5144 -0.5603 -0.6492
vn 0.2909 0.9566 -0.0179
vn 0.3959 -0.7142 -0.5772
vn 0.3959 0.9087 -0.1322
vn 0.2909 -0.8137 -0.5033
vn 0.5144 0.8130 -0.2726
vn 0.6107 -0.5679 -0.5519
vn 0.3514 0.9358 0.0286
vn 0.4750 -0.7202 -0.5056
vn 0.4750 0.8774 -0.0675
vn 0.3514 -0.8195 -0.4527
vn 0.6107 0.7700 -0.1850
vn 0.2411 -0.8847 -0.3990
vn 0.7439 0.5856 -0.3221
vn 0.1408 -0.9277 -0.3457
vn 0.8347 0.3066 -0.4575
vn 0.0463 0.9706 0.2361
vn 0.0463 -0.9553 -0.2920
vn 0.8347 -0.0304 -0.5499
vn 0.1408 0.9743 0.1758
vn 0.7439 -0.3394 -0.5757
vn 0.2411 0.9645 0.1080
vn 0.1604 -0.9325 -0.3235
vn 0.9130 0.2599 -0.3145
vn 0.0528 0.9685 0.2433
vn 0.0528 -0.9571 -0.2848
vn 0.9130 -0.0631 -0.4031
vn 0.1604 0.9671 0.1974
vn 0.8205 -0.3587 -0.4451
vn 0.2741 0.9507 0.1449
vn 0.6809 -0.5803 -0.4468
vn 0.3979 0.9137 0.0824
vn 0.5343 -0.7301 -0.4260
vn 0.5343 0.8453 0.0060
vn 0.3979 -0.8280 -0.3952
vn 0.6809 0.7271 -0.0883
vn 0.2741 -0.8916 -0.3603
vn 0.8205 0.5355 -0.1999
vn 0.4292 0.8920 0.1417
vn 0.5737 -0.7444 -0.3417
vn 0.5737 0.8145 0.0858
vn 0.4292 -0.8395 -0.3331
vn 0.7264 0.6872 0.0142
vn 0.2966 -0.9005 -0.3181
vn 0.8689 0.4895 -0.0741
vn 0.1739 -0.9383 -0.2990
vn 0.9613 0.2155 -0.1714
vn 0.0573 0.9662 0.2512
vn 0.0573 -0.9592 -0.2768
vn 0.9613 -0.0979 -0.2574
vn 0.1739 0.9595 0.2214
vn 0.8689 -0.3832 -0.3134
vn 0.2966 0.9368 0.1857
vn 0.7264 -0.5983 -0.3382
vn 0.9843 0.1739 -0.0290
vn 0.0596 0.9639 0.2597
vn 0.0596 -0.9615 -0.2683
vn 0.9843 -0.1348 -0.1136
vn 0.1807 0.9520 0.2470
vn 0.8922 -0.4131 -0.1827
vn 0.3080 0.9234 0.2292
vn 0.7487 -0.6222 -0.2289
vn 0.4450 0.8719 0.2044
vn 0.5933 -0.7633 -0.2555
vn 0.5933 0.7869 0.1696
vn 0.4450 -0.8542 -0.2689
vn 0.7487 0.6519 0.1205
vn 0.3080 -0.9111 -0.2738
vn 0.8922 0.4485 0.0535
vn 0.1807 -0.9448 -0.2732
vn 0.5933 -0.7869 -0.1696
vn 0.5933 0.7633 0.2555
vn 0.4450 -0.8719 -0.2044
vn 0.7487 0.6222 0.2289
vn 0.3080 -0.9234 -0.2292
vn 0.8922 0.4131 0.1827
vn 0.1807 -0.9520 -0.2470
vn 0.9843 0.1348 0.1136
vn 0.0596 0.9615 0.2683
vn 0.0596 -0.9639 -0.2597
vn 0.9843 -0.1739 0.0290
vn 0.1807 0.9448 0.2732
vn 0.8922 -0.4485 -0.0535
vn 0.3080 0.9111 0.2738
vn 0.7487 -0.6519 -0.1205
vn 0.4450 0.8542 0.2689
vn 0.0573 0.9592 0.2768
vn 0.0573 -0.9662 -0.2512
vn 0.9613 -0.2155 0.1714
vn 0.1739 0.9383 0.2990
vn 0.8689 -0.4895 0.0741
vn 0.2966 0.9005 0.3181
vn 0.7264 -0.6872 -0.0142
vn 0.4292 0.8395 0.3331
vn 0.5737 -0.8145 -0.0858
vn 0.5737 0.7444 0.3417
vn 0.4292 -0.8920 -0.1417
vn 0.7264 0.5983 0.3382
vn 0.2966 -0.9368 -0.1857
vn 0.8689 0.3832 0.3134
vn 0.1739 -0.9595 -0.2214
vn 0.9613 0.0979 0.2574
vn 0.5343 0.7301 0.4260
vn 0.3979 -0.9137 -0.0824
vn 0.6809 0.5803 0.4468
vn 0.2741 -0.9507 -0.1449
vn 0.8205 0.3587 0.4451
vn 0.1604 -0.9671 -0.1974
vn 0.9130 0.0631 0.4031
vn 0.0528 0.9571 0.2848
vn 0.0528 -0.9685 -0.2433
vn 0.9130 -0.2599 0.3145
vn 0.1604 0.9325 0.3235
vn 0.8205 -0.5355 0.1999
vn 0.2741 0.8916 0.3603
vn 0.6809 -0.7271 0.0883
vn 0.3979 0.8280 0.3952
vn 0.5343 -0.8453 -0.0060
vn 0.8347 -0.3066 0.4575
vn 0.1408 0.9277 0.3457
vn 0.7439 -0.5856 0.3221
vn 0.2411 0.8847 0.3990
vn 0.6107 -0.7700 0.1850
vn 0.3514 0.8195 0.4527
vn 0.4750 -0.8774 0.0675
vn 0.4750 0.7202 0.5056
vn 0.3514 -0.9358 -0.0286
vn 0.6107 0.5679 0.5519
vn 0.2411 -0.9645 -0.1080
vn 0.7439 0.3394 0.5757
vn 0.1408 -0.9743 -0.1758
vn 0.8347 0.0304 0.5499
vn 0.0463 0.9553 0.2920
vn 0.0463 -0.9706 -0.2361
vn 0.2909 -0.9566 0.0179
vn 0.5144 0.5603 0.6492
vn 0.1987 -0.9771 -0.0765
vn 0.6350 0.3250 0.7008
vn 0.1157 -0.9807 -0.1575
vn 0.7202 0.0002 0.6938
vn 0.0380 0.9538 0.2981
vn 0.0380 -0.9724 -0.2301
vn 0.7202 -0.3541 0.5966
vn 0.1157 0.9239 0.3648
vn 0.6350 -0.6370 0.4370
vn 0.1987 0.8794 0.4325
vn 0.5144 -0.8130 0.2726
vn 0.2909 0.8137 0.5033
vn 0.3959 -0.9087 0.1322
vn 0.3959 0.7142 0.5772
vn 0.4908 -0.6854 0.5379
vn 0.1482 0.8758 0.4593
vn 0.3921 -0.8523 0.3462
vn 0.2179 0.8100 0.5444
vn 0.2986 -0.9363 0.1849
vn 0.2986 0.7110 0.6366
vn 0.2179 -0.9744 0.0550
vn 0.3921 0.5565 0.7325
vn 0.1482 -0.9876 -0.0516
vn 0.4908 0.3152 0.8123
vn 0.0861 -0.9860 -0.1431
vn 0.5632 -0.0260 0.8259
vn 0.0282 0.9526 0.3030
vn 0.0282 -0.9739 -0.2253
vn 0.5632 -0.3989 0.7236
vn 0.0861 0.9210 0.3799
vn 0.0915 -0.9952 -0.0344
vn 0.3122 0.3093 0.8983
vn 0.0531 -0.9897 -0.1331
vn 0.3621 -0.0460 0.9310
vn 0.0174 0.9518 0.3063
vn 0.0174 -0.9749 -0.2220
vn 0.3621 -0.4353 0.8243
vn 0.0531 0.9192 0.3903
vn 0.3122 -0.7242 0.6149
vn 0.0915 0.8736 0.4780
vn 0.2464 -0.8827 0.4002
vn 0.1350 0.8081 0.5734
vn 0.1861 -0.9570 0.2225
vn 0.1861 0.7097 0.6795
vn 0.1350 -0.9875 0.0810
vn 0.2464 0.5551 0.7944
vn 0.0309 0.8725 0.4877
vn 0.0842 -0.8994 0.4289
vn 0.0457 0.8072 0.5885
vn 0.0632 -0.9682 0.2420
vn 0.0632 0.7093 0.7021
vn 0.0457 -0.9945 0.0944
vn 0.0842 0.5548 0.8277
vn 0.0309 -0.9992 -0.0256
vn 0.1074 0.3066 0.9458
vn 0.0179 -0.9916 -0.1281
vn 0.1254 -0.0571 0.9905
vn 0.0059 0.9514 0.3080
vn 0.0059 -0.9754 -0.2204
vn 0.1254 -0.4561 0.8810
vn 0.0179 0.9182 0.3956
vn 0.1074 -0.7461 0.6571
vn -0.1074 0.3066 0.9458
vn -0.0179 -0.9916 -0.1281
vn -0.1254 -0.0571 0.9905
vn -0.0059 0.9514 0.3080
vn -0.0059 -0.9754 -0.2204
vn -0.1254 -0.4561 0.8810
vn -0.0179 0.9182 0.3956
vn -0.1074 -0.7461 0.6571
vn -0.0309 0.8725 0.4877
vn -0.0842 -0.8994 0.4289
vn -0.0457 0.8072 0.5885
vn -0.0632 -0.9682 0.2420
vn -0.0632 0.7093 0.7021
vn -0.0457 -0.9945 0.0944
vn -0.0842 0.5548 0.8277
vn -0.0309 -0.9992 -0.0256
vn -0.2464 -0.8827 0.4002
vn -0.1350 0.8081 0.5734
vn -0.1861 -0.9570 0.2225
vn -0.1861 0.7097 0.6795
vn -0.1350 -0.9875 0.0810
vn -0.2464 0.5551 0.7944
vn -0.0915 -0.9952 -0.0344
vn -0.3122 0.3093 0.8983
vn -0.0531 -0.9897 -0.1331
vn -0.3621 -0.0460 0.9310
vn -0.0174 0.9518 0.3063
vn -0.0174 -0.9749 -0.2220
vn -0.3621 -0.4353 0.8243
vn -0.0531 0.9192 0.3903
vn -0.3122 -0.7242 0.6149
vn -0.0915 0.8736 0.4780
vn -0.0861 -0.9860 -0.1431
vn -0.5632 -0.0260 0.8259
vn -0.0282 0.9526 0.3030
vn -0.0282 -0.9739 -0.2253
vn -0.5632 -0.3989 0.7236
vn -0.0861 0.9210 0.3799
vn -0.4908 -0.6854 0.5379
vn -0.1482 0.8758 0.4593
vn -0.3921 -0.8523 0.3462
vn -0.2179 0.8100 0.5444
vn -0.2986 -0.9363 0.1849
vn -0.2986 0.7110 0.6366
vn -0.2179 -0.9744 0.0550
vn -0.3921 0.5565 0.7325
vn -0.1482 -0.9876 -0.0516
vn -0.4908 0.3152 0.8123
vn -0.2909 0.8137 0.5033
vn -0.3959 -0.9087 0.1322
vn -0.3959 0.7142 0.5772
vn -0.2909 -0.9566 0.0179
vn -0.5144 0.5603 0.6492
vn -0.1987 -0.9771 -0.0765
vn -0.6350 0.3250 0.7008
vn -0.1157 -0.9807 -0.1575
vn -0.7202 0.0002 0.6938
vn -0.0380 0.9538 0.2981
vn -0.0380 -0.9724 -0.2301
vn -0.7202 -0.3541 0.5966
vn -0.1157 0.9239 0.3648
vn -0.6350 -0.6370 0.4370
vn -0.1987 0.8794 0.4325
vn -0.5144 -0.8130 0.2726
vn -0.8347 0.0304 0.5499
vn -0.0463 0.9553 0.2920
vn -0.0463 -0.9706 -0.2361
vn -0.8347 -0.3066 0.4575
vn -0.1408 0.9277 0.3457
vn -0.7439 -0.5856 0.3221
vn -0.2411 0.8847 0.3990
vn -0.6107 -0.7700 0.1850
vn -0.3514 0.8195 0.4527
vn -0.4750 -0.8774 0.0675
vn -0.4750 0.7202 0.5056
vn -0.3514 -0.9358 -0.0286
vn -0.6107 0.5679 0.5519
vn -0.2411 -0.9645 -0.1080
vn -0.7439 0.3394 0.5757
vn -0.1408 -0.9743 -0.1758
vn -0.5343 -0.8453 -0.0060
vn -0.5343 0.7301 0.4260
vn -0.3979 -0.9137 -0.0824
vn -0.6809 0.5803 0.4468
vn -0.2741 -0.9507 -0.1449
vn -0.8205 0.3587 0.4451
vn -0.1604 -0.9671 -0.1974
vn -0.9130 0.0631 0.4031
vn -0.0528 0.9571 0.2848
vn -0.0528 -0.9685 -0.2433
vn -0.9130 -0.2599 0.3145
vn -0.1604 0.9325 0.3235
vn -0.8205 -0.5355 0.1999
vn -0.2741 0.8916 0.3603
vn -0.6809 -0.7271 0.0883
vn -0.3979 0.8280 0.3952
vn -0.0573 -0.9662 -0.2512
vn -0.9613 -0.2155 0.1714
vn -0.1739 0.9383 0.2990
vn -0.8689 -0.4895 0.0741
vn -0.2966 0.9005 0.3181
vn -0.7264 -0.6872 -0.0142
vn -0.4292 0.8395 0.3331
vn -0.5737 -0.8145 -0.0858
vn -0.5737 0.7444 0.3417
vn -0.4292 -0.8920 -0.1417
vn -0.7264 0.5983 0.3382
vn -0.2966 -0.9368 -0.1857
vn -0.8689 0.3832 0.3134
vn -0.1739 -0.9595 -0.2214
vn -0.9613 0.0979 0.2574
vn -0.0573 0.9592 0.2768
vn -0.4450 -0.8719 -0.2044
vn -0.7487 0.6222 0.2289
vn -0.3080 -0.9234 -0.2292
vn -0.8922 0.4131 0.1827
vn -0.1807 -0.9520 -0.2470
vn -0.9843 0.1348 0.1136
vn -0.0596 0.9615 0.2683
vn -0.0596 -0.9639 -0.2597
vn -0.9843 -0.1739 0.0290
vn -0.1807 0.9448 0.2732
vn -0.8922 -0.4485 -0.0535
vn -0.3080 0.9111 0.2738
vn -0.7487 -0.6519 -0.1205
vn -0.4450 0.8542 0.2689
vn -0.5933 -0.7869 -0.1696
vn -0.5933 0.7633 0.2555
vn -0.1807 0.9520 0.2470
vn -0.8922 -0.4131 -0.1827
vn -0.3080 0.9234 0.2292
vn -0.7487 -0.6222 -0.2289
vn -0.4450 0.8719 0.2044
vn -0.5933 -0.7633 -0.2555
vn -0.5933 0.7869 0.1696
vn -0.4450 -0.8542 -0.2689
vn -0.7487 0.6519 0.1205
vn -0.3080 -0.9111 -0.2738
vn -0.8922 0.4485 0.0535
vn -0.1807 -0.9448 -0.2732
vn -0.9843 0.1739 -0.0290
vn -0.0596 0.9639 0.2597
vn -0.0596 -0.9615 -0.2683
vn -0.9843 -0.1348 -0.1136
vn -0.7264 0.6872 0.0142
vn -0.2966 -0.9005 -0.3181
vn -0.8689 0.4895 -0.0741
vn -0.1739 -0.9383 -0.2990
vn -0.9613 0.2155 -0.1714
vn -0.0573 0.9662 0.2512
vn -0.0573 -0.9592 -0.2768
vn -0.9613 -0.0979 -0.2574
vn -0.1739 0.9595 0.2214
vn -0.8689 -0.3832 -0.3134
vn -0.2966 0.9368 0.1857
vn -0.7264 -0.5983 -0.3382
vn -0.4292 0.8920 0.1417
vn -0.5737 -0.7444 -0.3417
vn -0.5737 0.8145 0.0858
vn -0.4292 -0.8395 -0.3331
vn -0.8205 -0.3587 -0.4451
vn -0.2741 0.9507 0.1449
vn -0.6809 -0.5803 -0.4468
vn -0.3979 0.9137 0.0824
vn -0.5343 -0.7301 -0.4260
vn -0.5343 0.8453 0.0060
vn -0.3979 -0.8280 -0.3952
vn -0.6809 0.7271 -0.0883
vn -0.2741 -0.8916 -0.3603
vn -0.8205 0.5355 -0.1999
vn -0.1604 -0.9325 -0.3235
vn -0.9130 0.2599 -0.3145
vn -0.0528 0.9685 0.2433
vn -0.0528 -0.9571 -0.2848
vn -0.9130 -0.0631 -0.4031
vn -0.1604 0.9671 0.1974
vn -0.2411 -0.8847 -0.3990
vn -0.7439 0.5856 -0.3221
vn -0.1408 -0.9277 -0.3457
vn -0.8347 0.3066 -0.4575
vn -0.0463 0.9706 0.2361
vn -0.0463 -0.9553 -0.2920
vn -0.8347 -0.0304 -0.5499
vn -0.1408 0.9743 0.1758
vn -0.7439 -0.3394 -0.5757
vn -0.2411 0.9645 0.1080
vn -0.6107 -0.5679 -0.5519
vn -0.3514 0.9358 0.0286
vn -0.4750 -0.7202 -0.5056
vn -0.4750 0.8774 -0.0675
vn -0.3514 -0.8195 -0.4527
vn -0.6107 0.7700 -0.1850
vn -0.1987 0.9771 0.0765
vn -0.5144 -0.5603 -0.6492
vn -0.2909 0.9566 -0.0179
vn -0.3959 -0.7142 -0.5772
vn -0.3959 0.9087 -0.1322
vn -0.2909 -0.8137 -0.5033
vn -0.5144 0.8130 -0.2726
vn -0.1987 -0.8794 -0.4325
vn -0.6350 0.6370 -0.4370
vn -0.1157 -0.9239 -0.3648
vn -0.7202 0.3540 -0.5966
vn -0.0380 0.9724 0.2301
vn -0.0380 -0.9538 -0.2981
vn -0.7202 -0.0002 -0.6938
vn -0.1157 0.9807 0.1575
vn -0.6350 -0.3250 -0.7008
vn -0.4908 0.6854 -0.5379
vn -0.0861 -0.9210 -0.3799
vn -0.5632 0.3989 -0.7236
vn -0.0282 0.9739 0.2253
vn -0.0282 -0.9526 -0.3030
vn -0.5632 0.0260 -0.8259
vn -0.0861 0.9860 0.1431
vn -0.4908 -0.3152 -0.8123
vn -0.1482 0.9876 0.0516
vn -0.3921 -0.5565 -0.7325
vn -0.2179 0.9744 -0.0550
vn -0.2986 -0.7110 -0.6366
vn -0.2986 0.9363 -0.1849
vn -0.2179 -0.8100 -0.5444
vn -0.3921 0.8523 -0.3462
vn -0.1482 -0.8758 -0.4593
vn -0.2464 -0.5551 -0.7944
vn -0.1350 0.9875 -0.0810
vn -0.1861 -0.7097 -0.6795
vn -0.1861 0.9570 -0.2225
vn -0.1350 -0.8081 -0.5734
vn -0.2464 0.8827 -0.4002
vn -0.0915 -0.8736 -0.4780
vn -0.3122 0.7242 -0.6149
vn -0.0531 -0.9192 -0.3903
vn -0.3621 0.4353 -0.8243
vn -0.0174 0.9749 0.2220
vn -0.0174 -0.9518 -0.3063
vn -0.3621 0.0460 -0.9310
vn -0.0531 0.9897 0.1331
vn -0.3122 -0.3093 -0.8983
vn -0.0915 0.9952 0.0344
vn -0.0179 -0.9182 -0.3956
vn -0.1254 0.4561 -0.8810
vn -0.0059 0.9754 0.2204
vn -0.0059 -0.9514 -0.3080
vn -0.1254 0.0571 -0.9905
vn -0.0179 0.9916 0.1281
vn -0.1074 -0.3066 -0.9458
vn -0.0310 0.9992 0.0256
vn -0.0842 -0.5548 -0.8277
vn -0.0457 0.9945 -0.0944
vn -0.0632 -0.7093 -0.7021
vn -0.0632 0.9682 -0.2420
vn -0.0457 -0.8072 -0.5885
vn -0.0842 0.8994 -0.4289
vn -0.0310 -0.8725 -0.4877
vn -0.1074 0.7461 -0.6571
o PlayerPart_1
s 0
f 481/1/1 480/2/1 21/3/1
f 481/1/1 21/3/1 22/4/1
f 4/5/2 477/6/2 14/7/2
f 4/5/2 14/7/2 15/8/2
f 482/9/3 481/1/3 22/4/3
f 482/9/3 22/4/3 23/10/3
f 5/11/4 4/5/4 15/8/4
f 5/11/4 15/8/4 16/12/4
f 474/13/5 1/14/5 9/15/5
f 8/16/6 482/9/6 23/10/6
f 6/17/7 5/11/7 16/12/7
f 6/17/7 16/12/7 17/18/7
f 475/19/8 474/13/8 9/15/8
f 475/19/8 9/15/8 10/20/8
f 478/21/9 6/17/9 17/18/9
f 478/21/9 17/18/9 18/22/9
f 2/23/10 475/19/10 10/20/10
f 2/23/10 10/20/10 11/24/10
f 7/25/11 478/21/11 18/22/11
f 7/25/11 18/22/11 19/26/11
f 476/27/12 2/23/12 11/24/12
f 476/27/12 11/24/12 12/28/12
f 479/29/13 7/25/13 19/26/13
f 479/29/13 19/26/13 20/30/13
f 3/31/14 476/27/14 12/28/14
f 3/31/14 12/28/14 13/32/14
f 480/2/15 479/29/15 20/30/15
f 480/2/15 20/30/15 21/3/15
f 477/6/16 3/31/16 13/32/16
f 477/6/16 13/32/16 14/7/16
f 13/32/17 12/28/17 27/33/17
f 13/32/17 27/33/17 28/34/17
f 21/3/18 20/30/18 35/35/18
f 21/3/18 35/35/18 36/36/18
f 14/7/19 13/32/19 28/34/19
f 14/7/19 28/34/19 29/37/19
f 22/4/20 21/3/20 36/36/20
f 22/4/20 36/36/20 37/38/20
f 15/8/21 14/7/21 29/37/21
f 15/8/21 29/37/21 30/39/21
f 23/10/22 22/4/22 37/38/22
f 23/10/22 37/38/22 38/40/22
f 16/12/23 15/8/23 30/39/23
f 16/12/23 30/39/23 31/41/23
f 9/15/24 1/42/24 24/43/24
f 8/44/25 23/10/25 38/40/25
f 17/18/26 16/12/26 31/41/26
f 17/18/26 31/41/26 32/45/26
f 10/20/27 9/15/27 24/43/27
f 10/20/27 24/43/27 25/46/27
f 18/22/28 17/18/28 32/45/28
f 18/22/28 32/45/28 33/47/28
f 11/24/29 10/20/29 25/46/29
f 11/24/29 25/46/29 26/48/29
f 19/26/30 18/22/30 33/47/30
f 19/26/30 33/47/30 34/49/30
f 12/28/31 11/24/31 26/48/31
f 12/28/31 26/48/31 27/33/31
f 20/30/32 19/26/32 34/49/32
f 20/30/32 34/49/32 35/35/32
f 32/45/33 31/41/33 46/50/33
f 32/45/33 46/50/33 47/51/33
f 25/46/34 24/43/34 39/52/34
f 25/46/34 39/52/34 40/53/34
f 33/47/35 32/45/35 47/51/35
f 33/47/35 47/51/35 48/54/35
f 26/48/36 25/46/36 40/53/36
f 26/48/36 40/53/36 41/55/36
f 34/49/37 33/47/37 48/54/37
f 34/49/37 48/54/37 49/56/37
f 27/33/38 26/48/38 41/55/38
f 27/33/38 41/55/38 42/57/38
f 35/35/39 34/49/39 49/56/39
f 35/35/39 49/56/39 50/58/39
f 28/34/40 27/33/40 42/57/40
f 28/34/40 42/57/40 43/59/40
f 36/36/41 35/35/41 50/58/41
f 36/36/41 50/58/41 51/60/41
f 29/37/42 28/34/42 43/59/42
f 29/37/42 43/59/42 44/61/42
f 37/38/43 36/36/43 51/60/43
f 37/38/43 51/60/43 52/62/43
f 30/39/44 29/37/44 44/61/44
f 30/39/44 44/61/44 45/63/44
f 38/40/45 37/38/45 52/62/45
f 38/40/45 52/62/45 53/64/45
f 31/41/46 30/39/46 45/63/46
f 31/41/46 45/63/46 46/50/46
f 24/43/47 1/65/47 39/52/47
f 8/66/48 38/40/48 53/64/48
f 51/60/49 50/58/49 65/67/49
f 51/60/49 65/67/49 66/68/49
f 44/61/50 43/59/50 58/69/50
f 44/61/50 58/69/50 59/70/50
f 52/62/51 51/60/51 66/68/51
f 52/62/51 66/68/51 67/71/51
f 45/63/52 44/61/52 59/70/52
f 45/63/52 59/70/52 60/72/52
f 53/64/53 52/62/53 67/71/53
f 53/64/53 67/71/53 68/73/53
f 46/50/54 45/63/54 60/72/54
f 46/50/54 60/72/54 61/74/54
f 39/52/55 1/75/55 54/76/55
f 8/77/56 53/64/56 68/73/56
f 47/51/57 46/50/57 61/74/57
f 47/51/57 61/74/57 62/78/57
f 40/53/58 39/52/58 54/76/58
f 40/53/58 54/76/58 55/79/58
f 48/54/59 47/51/59 62/78/59
f 48/54/59 62/78/59 63/80/59
f 41/55/60 40/53/60 55/79/60
f 41/55/60 55/79/60 56/81/60
f 49/56/61 48/54/61 63/80/61
f 49/56/61 63/80/61 64/82/61
f 42/57/62 41/55/62 56/81/62
f 42/57/62 56/81/62 57/83/62
f 50/58/63 49/56/63 64/82/63
f 50/58/63 64/82/63 65/67/63
f 43/59/64 42/57/64 57/83/64
f 43/59/64 57/83/64 58/69/64
f 63/80/65 62/78/65 77/84/65
f 63/80/65 77/84/65 78/85/65
f 56/81/66 55/79/66 70/86/66
f 56/81/66 70/86/66 71/87/66
f 64/82/67 63/80/67 78/85/67
f 64/82/67 78/85/67 79/88/67
f 57/83/68 56/81/68 71/87/68
f 57/83/68 71/87/68 72/89/68
f 65/67/69 64/82/69 79/88/69
f 65/67/69 79/88/69 80/90/69
f 58/69/70 57/83/70 72/89/70
f 58/69/70 72/89/70 73/91/70
f 66/68/71 65/67/71 80/90/71
f 66/68/71 80/90/71 81/92/71
f 59/70/72 58/69/72 73/91/72
f 59/70/72 73/91/72 74/93/72
f 67/71/73 66/68/73 81/92/73
f 67/71/73 81/92/73 82/94/73
f 60/72/74 59/70/74 74/93/74
f 60/72/74 74/93/74 75/95/74
f 68/73/75 67/71/75 82/94/75
f 68/73/75 82/94/75 83/96/75
f 61/74/76 60/72/76 75/95/76
f 61/74/76 75/95/76 76/97/76
f 54/76/77 1/98/77 69/99/77
f 8/100/78 68/73/78 83/96/78
f 62/78/79 61/74/79 76/97/79
f 62/78/79 76/97/79 77/84/79
f 55/79/80 54/76/80 69/99/80
f 55/79/80 69/99/80 70/86/80
f 82/94/81 81/92/81 96/101/81
f 82/94/81 96/101/81 97/102/81
f 75/95/82 74/93/82 89/103/82
f 75/95/82 89/103/82 90/104/82
f 83/96/83 82/94/83 97/102/83
f 83/96/83 97/102/83 98/105/83
f 76/97/84 75/95/84 90/104/84
f 76/97/84 90/104/84 91/106/84
f 69/99/85 1/107/85 84/108/85
f 8/109/86 83/96/86 98/105/86
f 77/84/87 76/97/87 91/106/87
f 77/84/87 91/106/87 92/110/87
f 70/86/88 69/99/88 84/108/88
f 70/86/88 84/108/88 85/111/88
f 78/85/89 77/84/89 92/110/89
f 78/85/89 92/110/89 93/112/89
f 71/87/90 70/86/90 85/111/90
f 71/87/90 85/111/90 86/113/90
f 79/88/91 78/85/91 93/112/91
f 79/88/91 93/112/91 94/114/91
f 72/89/92 71/87/92 86/113/92
f 72/89/92 86/113/92 87/115/92
f 80/90/93 79/88/93 94/114/93
f 80/90/93 94/114/93 95/116/93
f 73/91/94 72/89/94 87/115/94
f 73/91/94 87/115/94 88/117/94
f 81/92/95 80/90/95 95/116/95
f 81/92/95 95/116/95 96/101/95
f 74/93/96 73/91/96 88/117/96
f 74/93/96 88/117/96 89/103/96
f 86/113/97 85/111/97 100/118/97
f 86/113/97 100/118/97 101/119/97
f 94/114/98 93/112/98 108/120/98
f 94/114/98 108/120/98 109/121/98
f 87/115/99 86/113/99 101/119/99
f 87/115/99 101/119/99 102/122/99
f 95/116/100 94/114/100 109/121/100
f 95/116/100 109/121/100 110/123/100
f 88/117/101 87/115/101 102/122/101
f 88/117/101 102/122/101 103/124/101
f 96/101/102 95/116/102 110/123/102
f 96/101/102 110/123/102 111/125/102
f 89/103/103 88/117/103 103/124/103
f 89/103/103 103/124/103 104/126/103
f 97/102/104 96/101/104 111/125/104
f 97/102/104 111/125/104 112/127/104
f 90/104/105 89/103/105 104/126/105
f 90/104/105 104/126/105 105/128/105
f 98/105/106 97/102/106 112/127/106
f 98/105/106 112/127/106 113/129/106
f 91/106/107 90/104/107 105/128/107
f 91/106/107 105/128/107 106/130/107
f 84/108/108 1/131/108 99/132/108
f 8/133/109 98/105/109 113/129/109
f 92/110/110 91/106/110 106/130/110
f 92/110/110 106/130/110 107/134/110
f 85/111/111 84/108/111 99/132/111
f 85/111/111 99/132/111 100/118/111
f 93/112/112 92/110/112 107/134/112
f 93/112/112 107/134/112 108/120/112
f 105/128/113 104/126/113 119/135/113
f 105/128/113 119/135/113 120/136/113
f 113/129/114 112/127/114 127/137/114
f 113/129/114 127/137/114 128/138/114
f 106/130/115 105/128/115 120/136/115
f 106/130/115 120/136/115 121/139/115
f 99/132/116 1/140/116 114/141/116
f 8/142/117 113/129/117 128/138/117
f 107/134/118 106/130/118 121/139/118
f 107/134/118 121/139/118 122/143/118
f 100/118/119 99/132/119 114/141/119
f 100/118/119 114/141/119 115/144/119
f 108/120/120 107/134/120 122/143/120
f 108/120/120 122/143/120 123/145/120
f 101/119/121 100/118/121 115/144/121
f 101/119/121 115/144/121 116/146/121
f 109/121/122 108/120/122 123/145/122
f 109/121/122 123/145/122 124/147/122
f 102/122/123 101/119/123 116/146/123
f 102/122/123 116/146/123 117/148/123
f 110/123/124 109/121/124 124/147/124
f 110/123/124 124/147/124 125/149/124
f 103/124/125 102/122/125 117/148/125
f 103/124/125 117/148/125 118/150/125
f 111/125/126 110/123/126 125/149/126
f 111/125/126 125/149/126 126/151/126
f 104/126/127 103/124/127 118/150/127
f 104/126/127 118/150/127 119/135/127
f 112/127/128 111/125/128 126/151/128
f 112/127/128 126/151/128 127/137/128
f 124/147/129 123/145/129 138/152/129
f 124/147/129 138/152/129 139/153/129
f 117/148/130 116/146/130 131/154/130
f 117/148/130 131/154/130 132/155/130
f 125/149/131 124/147/131 139/153/131
f 125/149/131 139/153/131 140/156/131
f 118/150/132 117/148/132 132/155/132
f 118/150/132 132/155/132 133/157/132
f 126/151/133 125/149/133 140/156/133
f 126/151/133 140/156/133 141/158/133
f 119/135/134 118/150/134 133/157/134
f 119/135/134 133/157/134 134/159/134
f 127/137/135 126/151/135 141/158/135
f 127/137/135 141/158/135 142/160/135
f 120/136/136 119/135/136 134/159/136
f 120/136/136 134/159/136 135/161/136
f 128/138/137 127/137/137 142/160/137
f 128/138/137 142/160/137 143/162/137
f 121/139/138 120/136/138 135/161/138
f 121/139/138 135/161/138 136/163/138
f 114/141/139 1/164/139 129/165/139
f 8/166/140 128/138/140 143/162/140
f 122/143/141 121/139/141 136/163/141
f 122/143/141 136/163/141 137/167/141
f 115/144/142 114/141/142 129/165/142
f 115/144/142 129/165/142 130/168/142
f 123/145/143 122/143/143 137/167/143
f 123/145/143 137/167/143 138/152/143
f 116/146/144 115/144/144 130/168/144
f 116/146/144 130/168/144 131/154/144
f 143/162/145 142/160/145 157/169/145
f 143/162/145 157/169/145 158/170/145
f 136/163/146 135/161/146 150/171/146
f 136/163/146 150/171/146 151/172/146
f 129/165/147 1/173/147 144/174/147
f 8/175/148 143/162/148 158/170/148
f 137/167/149 136/163/149 151/172/149
f 137/167/149 151/172/149 152/176/149
f 130/168/150 129/165/150 144/174/150
f 130/168/150 144/174/150 145/177/150
f 138/152/151 137/167/151 152/176/151
f 138/152/151 152/176/151 153/178/151
f 131/154/152 130/168/152 145/177/152
f 131/154/152 145/177/152 146/179/152
f 139/153/153 138/152/153 153/178/153
f 139/153/153 153/178/153 154/180/153
f 132/155/154 131/154/154 146/179/154
f 132/155/154 146/179/154 147/181/154
f 140/156/155 139/153/155 154/180/155
f 140/156/155 154/180/155 155/182/155
f 133/157/156 132/155/156 147/181/156
f 133/157/156 147/181/156 148/183/156
f 141/158/157 140/156/157 155/182/157
f 141/158/157 155/182/157 156/184/157
f 134/159/158 133/157/158 148/183/158
f 134/159/158 148/183/158 149/185/158
f 142/160/159 141/158/159 156/184/159
f 142/160/159 156/184/159 157/169/159
f 135/161/160 134/159/160 149/185/160
f 135/161/160 149/185/160 150/171/160
f 147/181/161 146/179/161 161/186/161
f 147/181/161 161/186/161 162/187/161
f 155/182/162 154/180/162 169/188/162
f 155/182/162 169/188/162 170/189/162
f 148/183/163 147/181/163 162/187/163
f 148/183/163 162/187/163 163/190/163
f 156/184/164 155/182/164 170/189/164
f 156/184/164 170/189/164 171/191/164
f 149/185/165 148/183/165 163/190/165
f 149/185/165 163/190/165 164/192/165
f 157/169/166 156/184/166 171/191/166
f 157/169/166 171/191/166 172/193/166
f 150/171/167 149/185/167 164/192/167
f 150/171/167 164/192/167 165/194/167
f 158/170/168 157/169/168 172/193/168
f 158/170/168 172/193/168 173/195/168
f 151/172/169 150/171/169 165/194/169
f 151/172/169 165/194/169 166/196/169
f 144/174/170 1/197/170 159/198/170
f 8/199/171 158/170/171 173/195/171
f 152/176/172 151/172/172 166/196/172
f 152/176/172 166/196/172 167/200/172
f 145/177/173 144/174/173 159/198/173
f 145/177/173 159/198/173 160/201/173
f 153/178/174 152/176/174 167/200/174
f 153/178/174 167/200/174 168/202/174
f 146/179/175 145/177/175 160/201/175
f 146/179/175 160/201/175 161/186/175
f 154/180/176 153/178/176 168/202/176
f 154/180/176 168/202/176 169/188/176
f 166/196/177 165/194/177 180/203/177
f 166/196/177 180/203/177 181/204/177
f 159/198/178 1/205/178 174/206/178
f 8/207/179 173/195/179 188/208/179
f 167/200/180 166/196/180 181/204/180
f 167/200/180 181/204/180 182/209/180
f 160/201/181 159/198/181 174/206/181
f 160/201/181 174/206/181 175/210/181
f 168/202/182 167/200/182 182/209/182
f 168/202/182 182/209/182 183/211/182
f 161/186/183 160/201/183 175/210/183
f 161/186/183 175/210/183 176/212/183
f 169/188/184 168/202/184 183/211/184
f 169/188/184 183/211/184 184/213/184
f 162/187/185 161/186/185 176/212/185
f 162/187/185 176/212/185 177/214/185
f 170/189/186 169/188/186 184/213/186
f 170/189/186 184/213/186 185/215/186
f 163/190/187 162/187/187 177/214/187
f 163/190/187 177/214/187 178/216/187
f 171/191/188 170/189/188 185/215/188
f 171/191/188 185/215/188 186/217/188
f 164/192/189 163/190/189 178/216/189
f 164/192/189 178/216/189 179/218/189
f 172/193/190 171/191/190 186/217/190
f 172/193/190 186/217/190 187/219/190
f 165/194/191 164/192/191 179/218/191
f 165/194/191 179/218/191 180/203/191
f 173/195/192 172/193/192 187/219/192
f 173/195/192 187/219/192 188/208/192
f 185/215/193 184/213/193 199/220/193
f 185/215/193 199/220/193 200/221/193
f 178/216/194 177/214/194 192/222/194
f 178/216/194 192/222/194 193/223/194
f 186/217/195 185/215/195 200/221/195
f 186/217/195 200/221/195 201/224/195
f 179/218/196 178/216/196 193/223/196
f 179/218/196 193/223/196 194/225/196
f 187/219/197 186/217/197 201/224/197
f 187/219/197 201/224/197 202/226/197
f 180/203/198 179/218/198 194/225/198
f 180/203/198 194/225/198 195/227/198
f 188/208/199 187/219/199 202/226/199
f 188/208/199 202/226/199 203/228/199
f 181/204/200 180/203/200 195/227/200
f 181/204/200 195/227/200 196/229/200
f 174/206/201 1/230/201 189/231/201
f 8/232/202 188/208/202 203/228/202
f 182/209/203 181/204/203 196/229/203
f 182/209/203 196/229/203 197/233/203
f 175/210/204 174/206/204 189/231/204
f 175/210/204 189/231/204 190/234/204
f 183/211/205 182/209/205 197/233/205
f 183/211/205 197/233/205 198/235/205
f 176/212/206 175/210/206 190/234/206
f 176/212/206 190/234/206 191/236/206
f 184/213/207 183/211/207 198/235/207
f 184/213/207 198/235/207 199/220/207
f 177/214/208 176/212/208 191/236/208
f 177/214/208 191/236/208 192/222/208
f 8/237/209 203/228/209 218/238/209
f 197/233/210 196/229/210 211/239/210
f 197/233/210 211/239/210 212/240/210
f 190/234/211 189/231/211 204/241/211
f 190/234/211 204/241/211 205/242/211
f 198/235/212 197/233/212 212/240/212
f 198/235/212 212/240/212 213/243/212
f 191/236/213 190/234/213 205/242/213
f 191/236/213 205/242/213 206/244/213
f 199/220/214 198/235/214 213/243/214
f 199/220/214 213/243/214 214/245/214
f 192/222/215 191/236/215 206/244/215
f 192/222/215 206/244/215 207/246/215
f 200/221/216 199/220/216 214/245/216
f 200/221/216 214/245/216 215/247/216
f 193/223/217 192/222/217 207/246/217
f 193/223/217 207/246/217 208/248/217
f 201/224/218 200/221/218 215/247/218
f 201/224/218 215/247/218 216/249/218
f 194/225/219 193/223/219 208/248/219
f 194/225/219 208/248/219 209/250/219
f 202/226/220 201/224/220 216/249/220
f 202/226/220 216/249/220 217/251/220
f 195/227/221 194/225/221 209/250/221
f 195/227/221 209/250/221 210/252/221
f 203/228/222 202/226/222 217/251/222
f 203/228/222 217/251/222 218/238/222
f 196/229/223 195/227/223 210/252/223
f 196/229/223 210/252/223 211/239/223
f 189/231/224 1/253/224 204/241/224
f 216/249/225 215/247/225 230/254/225
f 216/249/225 230/254/225 231/255/225
f 209/250/226 208/248/226 223/256/226
f 209/250/226 223/256/226 224/257/226
f 217/251/227 216/249/227 231/255/227
f 217/251/227 231/255/227 232/258/227
f 210/252/228 209/250/228 224/257/228
f 210/252/228 224/257/228 225/259/228
f 218/238/229 217/251/229 232/258/229
f 218/238/229 232/258/229 233/260/229
f 211/239/230 210/252/230 225/259/230
f 211/239/230 225/259/230 226/261/230
f 204/241/231 1/262/231 219/263/231
f 8/264/232 218/238/232 233/260/232
f 212/240/233 211/239/233 226/261/233
f 212/240/233 226/261/233 227/265/233
f 205/242/234 204/241/234 219/263/234
f 205/242/234 219/263/234 220/266/234
f 213/243/235 212/240/235 227/265/235
f 213/243/235 227/265/235 228/267/235
f 206/244/236 205/242/236 220/266/236
f 206/244/236 220/266/236 221/268/236
f 214/245/237 213/243/237 228/267/237
f 214/245/237 228/267/237 229/269/237
f 207/246/238 206/244/238 221/268/238
f 207/246/238 221/268/238 222/270/238
f 215/247/239 214/245/239 229/269/239
f 215/247/239 229/269/239 230/254/239
f 208/248/240 207/246/240 222/270/240
f 208/248/240 222/270/240 223/256/240
f 220/266/241 219/263/241 234/271/241
f 220/266/241 234/271/241 235/272/241
f 228/267/242 227/265/242 242/273/242
f 228/267/242 242/273/242 243/274/242
f 221/268/243 220/266/243 235/272/243
f 221/268/243 235/272/243 236/275/243
f 229/269/244 228/267/244 243/274/244
f 229/269/244 243/274/244 244/276/244
f 222/270/245 221/268/245 236/275/245
f 222/270/245 236/275/245 237/277/245
f 230/254/246 229/269/246 244/276/246
f 230/254/246 244/276/246 245/278/246
f 223/256/247 222/270/247 237/277/247
f 223/256/247 237/277/247 238/279/247
f 231/255/248 230/254/248 245/278/248
f 231/255/248 245/278/248 246/280/248
f 224/257/249 223/256/249 238/279/249
f 224/257/249 238/279/249 239/281/249
f 232/258/250 231/255/250 246/280/250
f 232/258/250 246/280/250 247/282/250
f 225/259/251 224/257/251 239/281/251
f 225/259/251 239/281/251 240/283/251
f 233/260/252 232/258/252 247/282/252
f 233/260/252 247/282/252 248/284/252
f 226/261/253 225/259/253 240/283/253
f 226/261/253 240/283/253 241/285/253
f 219/263/254 1/286/254 234/271/254
f 8/287/255 233/260/255 248/284/255
f 227/265/256 226/261/256 241/285/256
f 227/265/256 241/285/256 242/273/256
f 239/281/257 238/279/257 253/288/257
f 239/281/257 253/288/257 254/289/257
f 247/282/258 246/280/258 261/290/258
f 247/282/258 261/290/258 262/291/258
f 240/283/259 239/281/259 254/289/259
f 240/283/259 254/289/259 255/292/259
f 248/284/260 247/282/260 262/291/260
f 248/284/260 262/291/260 263/293/260
f 241/285/261 240/283/261 255/292/261
f 241/285/261 255/292/261 256/294/261
f 234/271/262 1/295/262 249/296/262
f 8/297/263 248/284/263 263/293/263
f 242/273/264 241/285/264 256/294/264
f 242/273/264 256/294/264 257/298/264
f 235/272/265 234/271/265 249/296/265
f 235/272/265 249/296/265 250/299/265
f 243/274/266 242/273/266 257/298/266
f 243/274/266 257/298/266 258/300/266
f 236/275/267 235/272/267 250/299/267
f 236/275/267 250/299/267 251/301/267
f 244/276/268 243/274/268 258/300/268
f 244/276/268 258/300/268 259/302/268
f 237/277/269 236/275/269 251/301/269
f 237/277/269 251/301/269 252/303/269
f 245/278/270 244/276/270 259/302/270
f 245/278/270 259/302/270 260/304/270
f 238/279/271 237/277/271 252/303/271
f 238/279/271 252/303/271 253/288/271
f 246/280/272 245/278/272 260/304/272
f 246/280/272 260/304/272 261/290/272
f 258/300/273 257/298/273 272/305/273
f 258/300/273 272/305/273 273/306/273
f 251/301/274 250/299/274 265/307/274
f 251/301/274 265/307/274 266/308/274
f 259/302/275 258/300/275 273/306/275
f 259/302/275 273/306/275 274/309/275
f 252/303/276 251/301/276 266/308/276
f 252/303/276 266/308/276 267/310/276
f 260/304/277 259/302/277 274/309/277
f 260/304/277 274/309/277 275/311/277
f 253/288/278 252/303/278 267/310/278
f 253/288/278 267/310/278 268/312/278
f 261/290/279 260/304/279 275/311/279
f 261/290/279 275/311/279 276/313/279
f 254/289/280 253/288/280 268/312/280
f 254/289/280 268/312/280 269/314/280
f 262/291/281 261/290/281 276/313/281
f 262/291/281 276/313/281 277/315/281
f 255/292/282 254/289/282 269/314/282
f 255/292/282 269/314/282 270/316/282
f 263/293/283 262/291/283 277/315/283
f 263/293/283 277/315/283 278/317/283
f 256/294/284 255/292/284 270/316/284
f 256/294/284 270/316/284 271/318/284
f 249/296/285 1/319/285 264/320/285
f 8/321/286 263/293/286 278/317/286
f 257/298/287 256/294/287 271/318/287
f 257/298/287 271/318/287 272/305/287
f 250/299/288 249/296/288 264/320/288
f 250/299/288 264/320/288 265/307/288
f 277/315/289 276/313/289 291/322/289
f 277/315/289 291/322/289 292/323/289
f 270/316/290 269/314/290 284/324/290
f 270/316/290 284/324/290 285/325/290
f 278/317/291 277/315/291 292/323/291
f 278/317/291 292/323/291 293/326/291
f 271/318/292 270/316/292 285/325/292
f 271/318/292 285/325/292 286/327/292
f 264/320/293 1/328/293 279/329/293
f 8/330/294 278/317/294 293/326/294
f 272/305/295 271/318/295 286/327/295
f 272/305/295 286/327/295 287/331/295
f 265/307/296 264/320/296 279/329/296
f 265/307/296 279/329/296 280/332/296
f 273/306/297 272/305/297 287/331/297
f 273/306/297 287/331/297 288/333/297
f 266/308/298 265/307/298 280/332/298
f 266/308/298 280/332/298 281/334/298
f 274/309/299 273/306/299 288/333/299
f 274/309/299 288/333/299 289/335/299
f 267/310/300 266/308/300 281/334/300
f 267/310/300 281/334/300 282/336/300
f 275/311/301 274/309/301 289/335/301
f 275/311/301 289/335/301 290/337/301
f 268/312/302 267/310/302 282/336/302
f 268/312/302 282/336/302 283/338/302
f 276/313/303 275/311/303 290/337/303
f 276/313/303 290/337/303 291/322/303
f 269/314/304 268/312/304 283/338/304
f 269/314/304 283/338/304 284/324/304
f 281/334/305 280/332/305 295/339/305
f 281/334/305 295/339/305 296/340/305
f 289/335/306 288/333/306 303/341/306
f 289/335/306 303/341/306 304/342/306
f 282/336/307 281/334/307 296/340/307
f 282/336/307 296/340/307 297/343/307
f 290/337/308 289/335/308 304/342/308
f 290/337/308 304/342/308 305/344/308
f 283/338/309 282/336/309 297/343/309
f 283/338/309 297/343/309 298/345/309
f 291/322/310 290/337/310 305/344/310
f 291/322/310 305/344/310 306/346/310
f 284/324/311 283/338/311 298/345/311
f 284/324/311 298/345/311 299/347/311
f 292/323/312 291/322/312 306/346/312
f 292/323/312 306/346/312 307/348/312
f 285/325/313 284/324/313 299/347/313
f 285/325/313 299/347/313 300/349/313
f 293/326/314 292/323/314 307/348/314
f 293/326/314 307/348/314 308/350/314
f 286/327/315 285/325/315 300/349/315
f 286/327/315 300/349/315 301/351/315
f 279/329/316 1/352/316 294/353/316
f 8/354/317 293/326/317 308/350/317
f 287/331/318 286/327/318 301/351/318
f 287/331/318 301/351/318 302/355/318
f 280/332/319 279/329/319 294/353/319
f 280/332/319 294/353/319 295/339/319
f 288/333/320 287/331/320 302/355/320
f 288/333/320 302/355/320 303/341/320
f 300/349/321 299/347/321 314/356/321
f 300/349/321 314/356/321 315/357/321
f 308/350/322 307/348/322 322/358/322
f 308/350/322 322/358/322 323/359/322
f 301/351/323 300/349/323 315/357/323
f 301/351/323 315/357/323 316/360/323
f 294/353/324 1/361/324 309/362/324
f 8/363/325 308/350/325 323/359/325
f 302/355/326 301/351/326 316/360/326
f 302/355/326 316/360/326 317/364/326
f 295/339/327 294/353/327 309/362/327
f 295/339/327 309/362/327 310/365/327
f 303/341/328 302/355/328 317/364/328
f 303/341/328 317/364/328 318/366/328
f 296/340/329 295/339/329 310/365/329
f 296/340/329 310/365/329 311/367/329
f 304/342/330 303/341/330 318/366/330
f 304/342/330 318/366/330 319/368/330
f 297/343/331 296/340/331 311/367/331
f 297/343/331 311/367/331 312/369/331
f 305/344/332 304/342/332 319/368/332
f 305/344/332 319/368/332 320/370/332
f 298/345/333 297/343/333 312/369/333
f 298/345/333 312/369/333 313/371/333
f 306/346/334 305/344/334 320/370/334
f 306/346/334 320/370/334 321/372/334
f 299/347/335 298/345/335 313/371/335
f 299/347/335 313/371/335 314/356/335
f 307/348/336 306/346/336 321/372/336
f 307/348/336 321/372/336 322/358/336
f 319/368/337 318/366/337 333/373/337
f 319/368/337 333/373/337 334/374/337
f 312/369/338 311/367/338 326/375/338
f 312/369/338 326/375/338 327/376/338
f 320/370/339 319/368/339 334/374/339
f 320/370/339 334/374/339 335/377/339
f 313/371/340 312/369/340 327/376/340
f 313/371/340 327/376/340 328/378/340
f 321/372/341 320/370/341 335/377/341
f 321/372/341 335/377/341 336/379/341
f 314/356/342 313/371/342 328/378/342
f 314/356/342 328/378/342 329/380/342
f 322/358/343 321/372/343 336/379/343
f 322/358/343 336/379/343 337/381/343
f 315/357/344 314/356/344 329/380/344
f 315/357/344 329/380/344 330/382/344
f 323/359/345 322/358/345 337/381/345
f 323/359/345 337/381/345 338/383/345
f 316/360/346 315/357/346 330/382/346
f 316/360/346 330/382/346 331/384/346
f 309/362/347 1/385/347 324/386/347
f 8/387/348 323/359/348 338/383/348
f 317/364/349 316/360/349 331/384/349
f 317/364/349 331/384/349 332/388/349
f 310/365/350 309/362/350 324/386/350
f 310/365/350 324/386/350 325/389/350
f 318/366/351 317/364/351 332/388/351
f 318/366/351 332/388/351 333/373/351
f 311/367/352 310/365/352 325/389/352
f 311/367/352 325/389/352 326/375/352
f 338/383/353 337/381/353 352/390/353
f 338/383/353 352/390/353 353/391/353
f 331/384/354 330/382/354 345/392/354
f 331/384/354 345/392/354 346/393/354
f 324/386/355 1/394/355 339/395/355
f 8/396/356 338/383/356 353/391/356
f 332/388/357 331/384/357 346/393/357
f 332/388/357 346/393/357 347/397/357
f 325/389/358 324/386/358 339/395/358
f 325/389/358 339/395/358 340/398/358
f 333/373/359 332/388/359 347/397/359
f 333/373/359 347/397/359 348/399/359
f 326/375/360 325/389/360 340/398/360
f 326/375/360 340/398/360 341/400/360
f 334/374/361 333/373/361 348/399/361
f 334/374/361 348/399/361 349/401/361
f 327/376/362 326/375/362 341/400/362
f 327/376/362 341/400/362 342/402/362
f 335/377/363 334/374/363 349/401/363
f 335/377/363 349/401/363 350/403/363
f 328/378/364 327/376/364 342/402/364
f 328/378/364 342/402/364 343/404/364
f 336/379/365 335/377/365 350/403/365
f 336/379/365 350/403/365 351/405/365
f 329/380/366 328/378/366 343/404/366
f 329/380/366 343/404/366 344/406/366
f 337/381/367 336/379/367 351/405/367
f 337/381/367 351/405/367 352/390/367
f 330/382/368 329/380/368 344/406/368
f 330/382/368 344/406/368 345/392/368
f 350/403/369 349/401/369 364/407/369
f 350/403/369 364/407/369 365/408/369
f 343/404/370 342/402/370 357/409/370
f 343/404/370 357/409/370 358/410/370
f 351/405/371 350/403/371 365/408/371
f 351/405/371 365/408/371 366/411/371
f 344/406/372 343/404/372 358/410/372
f 344/406/372 358/410/372 359/412/372
f 352/390/373 351/405/373 366/411/373
f 352/390/373 366/411/373 367/413/373
f 345/392/374 344/406/374 359/412/374
f 345/392/374 359/412/374 360/414/374
f 353/391/375 352/390/375 367/413/375
f 353/391/375 367/413/375 368/415/375
f 346/393/376 345/392/376 360/414/376
f 346/393/376 360/414/376 361/416/376
f 339/395/377 1/417/377 354/418/377
f 8/419/378 353/391/378 368/415/378
f 347/397/379 346/393/379 361/416/379
f 347/397/379 361/416/379 362/420/379
f 340/398/380 339/395/380 354/418/380
f 340/398/380 354/418/380 355/421/380
f 348/399/381 347/397/381 362/420/381
f 348/399/381 362/420/381 363/422/381
f 341/400/382 340/398/382 355/421/382
f 341/400/382 355/421/382 356/423/382
f 349/401/383 348/399/383 363/422/383
f 349/401/383 363/422/383 364/407/383
f 342/402/384 341/400/384 356/423/384
f 342/402/384 356/423/384 357/409/384
f 354/424/385 1/425/385 369/426/385
f 8/427/386 368/428/386 383/429/386
f 362/430/387 361/431/387 376/432/387
f 362/430/387 376/432/387 377/433/387
f 355/434/388 354/424/388 369/426/388
f 355/434/388 369/426/388 370/435/388
f 363/436/389 362/430/389 377/433/389
f 363/436/389 377/433/389 378/437/389
f 356/438/390 355/434/390 370/435/390
f 356/438/390 370/435/390 371/439/390
f 364/440/391 363/436/391 378/437/391
f 364/440/391 378/437/391 379/441/391
f 357/442/392 356/438/392 371/439/392
f 357/442/392 371/439/392 372/443/392
f 365/444/393 364/440/393 379/441/393
f 365/444/393 379/441/393 380/445/393
f 358/446/394 357/442/394 372/443/394
f 358/446/394 372/443/394 373/447/394
f 366/448/395 365/444/395 380/445/395
f 366/448/395 380/445/395 381/449/395
f 359/450/396 358/446/396 373/447/396
f 359/450/396 373/447/396 374/451/396
f 367/452/397 366/448/397 381/449/397
f 367/452/397 381/449/397 382/453/397
f 360/454/398 359/450/398 374/451/398
f 360/454/398 374/451/398 375/455/398
f 368/428/399 367/452/399 382/453/399
f 368/428/399 382/453/399 383/429/399
f 361/431/400 360/454/400 375/455/400
f 361/431/400 375/455/400 376/432/400
f 373/447/401 372/443/401 387/456/401
f 373/447/401 387/456/401 388/457/401
f 381/449/402 380/445/402 395/458/402
f 381/449/402 395/458/402 396/459/402
f 374/451/403 373/447/403 388/457/403
f 374/451/403 388/457/403 389/460/403
f 382/453/404 381/449/404 396/459/404
f 382/453/404 396/459/404 397/461/404
f 375/455/405 374/451/405 389/460/405
f 375/455/405 389/460/405 390/462/405
f 383/429/406 382/453/406 397/461/406
f 383/429/406 397/461/406 398/463/406
f 376/432/407 375/455/407 390/462/407
f 376/432/407 390/462/407 391/464/407
f 369/426/408 1/465/408 384/466/408
f 8/467/409 383/429/409 398/463/409
f 377/433/410 376/432/410 391/464/410
f 377/433/410 391/464/410 392/468/410
f 370/435/411 369/426/411 384/466/411
f 370/435/411 384/466/411 385/469/411
f 378/437/412 377/433/412 392/468/412
f 378/437/412 392/468/412 393/470/412
f 371/439/413 370/435/413 385/469/413
f 371/439/413 385/469/413 386/471/413
f 379/441/414 378/437/414 393/470/414
f 379/441/414 393/470/414 394/472/414
f 372/443/415 371/439/415 386/471/415
f 372/443/415 386/471/415 387/456/415
f 380/445/416 379/441/416 394/472/416
f 380/445/416 394/472/416 395/458/416
f 392/468/417 391/464/417 406/473/417
f 392/468/417 406/473/417 407/474/417
f 385/469/418 384/466/418 399/475/418
f 385/469/418 399/475/418 400/476/418
f 393/470/419 392/468/419 407/474/419
f 393/470/419 407/474/419 408/477/419
f 386/471/420 385/469/420 400/476/420
f 386/471/420 400/476/420 401/478/420
f 394/472/421 393/470/421 408/477/421
f 394/472/421 408/477/421 409/479/421
f 387/456/422 386/471/422 401/478/422
f 387/456/422 401/478/422 402/480/422
f 395/458/423 394/472/423 409/479/423
f 395/458/423 409/479/423 410/481/423
f 388/457/424 387/456/424 402/480/424
f 388/457/424 402/480/424 403/482/424
f 396/459/425 395/458/425 410/481/425
f 396/459/425 410/481/425 411/483/425
f 389/460/426 388/457/426 403/482/426
f 389/460/426 403/482/426 404/484/426
f 397/461/427 396/459/427 411/483/427
f 397/461/427 411/483/427 412/485/427
f 390/462/428 389/460/428 404/484/428
f 390/462/428 404/484/428 405/486/428
f 398/463/429 397/461/429 412/485/429
f 398/463/429 412/485/429 413/487/429
f 391/464/430 390/462/430 405/486/430
f 391/464/430 405/486/430 406/473/430
f 384/466/431 1/488/431 399/475/431
f 8/489/432 398/463/432 413/487/432
f 411/483/433 410/481/433 425/490/433
f 411/483/433 425/490/433 426/491/433
f 404/484/434 403/482/434 418/492/434
f 404/484/434 418/492/434 419/493/434
f 412/485/435 411/483/435 426/491/435
f 412/485/435 426/491/435 427/494/435
f 405/486/436 404/484/436 419/493/436
f 405/486/436 419/493/436 420/495/436
f 413/487/437 412/485/437 427/494/437
f 413/487/437 427/494/437 428/496/437
f 406/473/438 405/486/438 420/495/438
f 406/473/438 420/495/438 421/497/438
f 399/475/439 1/498/439 414/499/439
f 8/500/440 413/487/440 428/496/440
f 407/474/441 406/473/441 421/497/441
f 407/474/441 421/497/441 422/501/441
f 400/476/442 399/475/442 414/499/442
f 400/476/442 414/499/442 415/502/442
f 408/477/443 407/474/443 422/501/443
f 408/477/443 422/501/443 423/503/443
f 401/478/444 400/476/444 415/502/444
f 401/478/444 415/502/444 416/504/444
f 409/479/445 408/477/445 423/503/445
f 409/479/445 423/503/445 424/505/445
f 402/480/446 401/478/446 416/504/446
f 402/480/446 416/504/446 417/506/446
f 410/481/447 409/479/447 424/505/447
f 410/481/447 424/505/447 425/490/447
f 403/482/448 402/480/448 417/506/448
f 403/482/448 417/506/448 418/492/448
f 415/502/449 414/499/449 429/507/449
f 415/502/449 429/507/449 430/508/449
f 423/503/450 422/501/450 437/509/450
f 423/503/450 437/509/450 438/510/450
f 416/504/451 415/502/451 430/508/451
f 416/504/451 430/508/451 431/511/451
f 424/505/452 423/503/452 438/510/452
f 424/505/452 438/510/452 439/512/452
f 417/506/453 416/504/453 431/511/453
f 417/506/453 431/511/453 432/513/453
f 425/490/454 424/505/454 439/512/454
f 425/490/454 439/512/454 440/514/454
f 418/492/455 417/506/455 432/513/455
f 418/492/455 432/513/455 433/515/455
f 426/491/456 425/490/456 440/514/456
f 426/491/456 440/514/456 441/516/456
f 419/493/457 418/492/457 433/515/457
f 419/493/457 433/515/457 434/517/457
f 427/494/458 426/491/458 441/516/458
f 427/494/458 441/516/458 442/518/458
f 420/495/459 419/493/459 434/517/459
f 420/495/459 434/517/459 435/519/459
f 428/496/460 427/494/460 442/518/460
f 428/496/460 442/518/460 443/520/460
f 421/497/461 420/495/461 435/519/461
f 421/497/461 435/519/461 436/521/461
f 414/499/462 1/522/462 429/507/462
f 8/523/463 428/496/463 443/520/463
f 422/501/464 421/497/464 436/521/464
f 422/501/464 436/521/464 437/509/464
f 434/517/465 433/515/465 448/524/465
f 434/517/465 448/524/465 449/525/465
f 442/518/466 441/516/466 456/526/466
f 442/518/466 456/526/466 457/527/466
f 435/519/467 434/517/467 449/525/467
f 435/519/467 449/525/467 450/528/467
f 443/520/468 442/518/468 457/527/468
f 443/520/468 457/527/468 458/529/468
f 436/521/469 435/519/469 450/528/469
f 436/521/469 450/528/469 451/530/469
f 429/507/470 1/531/470 444/532/470
f 8/533/471 443/520/471 458/529/471
f 437/509/472 436/521/472 451/530/472
f 437/509/472 451/530/472 452/534/472
f 430/508/473 429/507/473 444/532/473
f 430/508/473 444/532/473 445/535/473
f 438/510/474 437/509/474 452/534/474
f 438/510/474 452/534/474 453/536/474
f 431/511/475 430/508/475 445/535/475
f 431/511/475 445/535/475 446/537/475
f 439/512/476 438/510/476 453/536/476
f 439/512/476 453/536/476 454/538/476
f 432/513/477 431/511/477 446/537/477
f 432/513/477 446/537/477 447/539/477
f 440/514/478 439/512/478 454/538/478
f 440/514/478 454/538/478 455/540/478
f 433/515/479 432/513/479 447/539/479
f 433/515/479 447/539/479 448/524/479
f 441/516/480 440/514/480 455/540/480
f 441/516/480 455/540/480 456/526/480
f 453/536/481 452/534/481 467/541/481
f 453/536/481 467/541/481 468/542/481
f 446/537/482 445/535/482 460/543/482
f 446/537/482 460/543/482 461/544/482
f 454/538/483 453/536/483 468/542/483
f 454/538/483 468/542/483 469/545/483
f 447/539/484 446/537/484 461/544/484
f 447/539/484 461/544/484 462/546/484
f 455/540/485 454/538/485 469/545/485
f 455/540/485 469/545/485 470/547/485
f 448/524/486 447/539/486 462/546/486
f 448/524/486 462/546/486 463/548/486
f 456/526/487 455/540/487 470/547/487
f 456/526/487 470/547/487 471/549/487
f 449/525/488 448/524/488 463/548/488
f 449/525/488 463/548/488 464/550/488
f 457/527/489 456/526/489 471/549/489
f 457/527/489 471/549/489 472/551/489
f 450/528/490 449/525/490 464/550/490
f 450/528/490 464/550/490 465/552/490
f 458/529/491 457/527/491 472/551/491
f 458/529/491 472/551/491 473/553/491
f 451/530/492 450/528/492 465/552/492
f 451/530/492 465/552/492 466/554/492
f 444/532/493 1/555/493 459/556/493
f 8/557/494 458/529/494 473/553/494
f 452/534/495 451/530/495 466/554/495
f 452/534/495 466/554/495 467/541/495
f 445/535/496 444/532/496 459/556/496
f 445/535/496 459/556/496 460/543/496
f 472/551/497 471/549/497 480/2/497
f 472/551/497 480/2/497 481/1/497
f 465/552/498 464/550/498 477/6/498
f 465/552/498 477/6/498 4/5/498
f 473/553/499 472/551/499 481/1/499
f 473/553/499 481/1/499 482/9/499
f 466/554/500 465/552/500 4/5/500
f 466/554/500 4/5/500 5/11/500
f 459/556/501 1/558/501 474/13/501
f 8/559/502 473/553/502 482/9/502
f 467/541/503 466/554/503 5/11/503
f 467/541/503 5/11/503 6/17/503
f 460/543/504 459/556/504 474/13/504
f 460/543/504 474/13/504 475/19/504
f 468/542/505 467/541/505 6/17/505
f 468/542/505 6/17/505 478/21/505
f 461/544/506 460/543/506 475/19/506
f 461/544/506 475/19/506 2/23/506
f 469/545/507 468/542/507 478/21/507
f 469/545/507 478/21/507 7/25/507
f 462/546/508 461/544/508 2/23/508
f 462/546/508 2/23/508 476/27/508
f 470/547/509 469/545/509 7/25/509
f 470/547/509 7/25/509 479/29/509
f 463/548/510 462/546/510 476/27/510
f 463/548/510 476/27/510 3/31/510
f 471/549/511 470/547/511 479/29/511
f 471/549/511 479/29/511 480/2/511
f 464/550/512 463/548/512 3/31/512
f 464/550/512 3/31/512 477/6/512
o PlayerPart_2
s 0
f 483/560/513 515/561/513 484/562/513
f 484/562/514 515/561/514 485/563/514
f 485/563/515 515/561/515 486/564/515
f 486/564/516 515/561/516 487/565/516
f 487/565/517 515/561/517 488/566/517
f 488/566/518 515/561/518 489/567/518
f 489/567/519 515/561/519 490/568/519
f 490/568/520 515/561/520 491/569/520
f 491/569/521 515/561/521 492/570/521
f 492/570/522 515/561/522 493/571/522
f 493/571/523 515/561/523 494/572/523
f 494/572/524 515/561/524 495/573/524
f 495/573/525 515/561/525 496/574/525
f 496/574/526 515/561/526 497/575/526
f 497/575/527 515/561/527 498/576/527
f 498/576/528 515/561/528 499/577/528
f 499/577/529 515/561/529 500/578/529
f 500/578/530 515/561/530 501/579/530
f 501/579/531 515/561/531 502/580/531
f 502/580/532 515/561/532 503/581/532
f 503/581/533 515/561/533 504/582/533
f 504/582/534 515/561/534 505/583/534
f 505/583/535 515/561/535 506/584/535
f 506/584/536 515/561/536 507/585/536
f 507/585/537 515/561/537 508/586/537
f 508/586/538 515/561/538 509/587/538
f 509/587/539 515/561/539 510/588/539
f 510/588/540 515/561/540 511/589/540
f 511/589/541 515/561/541 512/590/541
f 512/590/542 515/561/542 513/591/542
f 483/592/543 484/593/543 485/594/543
f 483/592/543 485/594/543 486/595/543
f 483/592/543 486/595/543 487/596/543
f 483/592/543 487/596/543 488/597/543
f 483/592/543 488/597/543 489/598/543
f 483/592/543 489/598/543 490/599/543
f 483/592/543 490/599/543 491/600/543
f 483/592/543 491/600/543 492/601/543
f 483/592/543 492/601/543 493/602/543
f 483/592/543 493/602/543 494/603/543
f 483/592/543 494/603/543 495/604/543
f 483/592/543 495/604/543 496/605/543
f 483/592/543 496/605/543 497/606/543
f 483/592/543 497/606/543 498/607/543
f 483/592/543 498/607/543 499/608/543
f 483/592/543 499/608/543 500/609/543
f 483/592/543 500/609/543 501/610/543
f 483/592/543 501/610/543 502/611/543
f 483/592/543 502/611/543 503/612/543
f 483/592/543 503/612/543 504/613/543
f 483/592/543 504/613/543 505/614/543
f 483/592/543 505/614/543 506/615/543
f 483/592/543 506/615/543 507/616/543
f 483/592/543 507/616/543 508/617/543
f 483/592/543 508/617/543 509/618/543
f 483/592/543 509/618/543 510/619/543
f 483/592/543 510/619/543 511/620/543
f 483/592/543 511/620/543 512/621/543
f 483/592/543 512/621/543 513/622/543
f 483/592/543 513/622/543 514/623/543
f 513/591/544 515/561/544 514/624/544
f 514/624/545 515/561/545 483/560/545
o PlayerPart_3
s 0
f 516/625/546 517/627/546 548/626/546
f 517/627/547 518/628/547 548/626/547
f 518/628/548 519/629/548 548/626/548
f 519/629/549 520/630/549 548/626/549
f 520/630/550 521/631/550 548/626/550
f 521/631/551 522/632/551 548/626/551
f 522/632/552 523/633/552 548/626/552
f 523/633/553 524/634/553 548/626/553
f 524/634/554 525/635/554 548/626/554
f 525/635/555 526/636/555 548/626/555
f 526/636/556 527/637/556 548/626/556
f 527/637/557 528/638/557 548/626/557
f 528/638/558 529/639/558 548/626/558
f 529/639/559 530/640/559 548/626/559
f 530/640/560 531/641/560 548/626/560
f 531/641/561 532/642/561 548/626/561
f 532/642/562 533/643/562 548/626/562
f 533/643/563 534/644/563 548/626/563
f 534/644/564 535/645/564 548/626/564
f 535/645/565 536/646/565 548/626/565
f 536/646/566 537/647/566 548/626/566
f 537/647/567 538/648/567 548/626/567
f 538/648/568 539/649/568 548/626/568
f 539/649/569 540/650/569 548/626/569
f 540/650/570 541/651/570 548/626/570
f 541/651/571 542/652/571 548/626/571
f 542/652/572 543/653/572 548/626/572
f 543/653/573 544/654/573 548/626/573
f 544/654/574 545/655/574 548/626/574
f 545/655/575 546/656/575 548/626/575
f 516/657/576 547/688/576 546/687/576
f 516/657/576 546/687/576 545/686/576
f 516/657/576 545/686/576 544/685/576
f 516/657/576 544/685/576 543/684/576
f 516/657/576 543/684/576 542/683/576
f 516/657/576 542/683/576 541/682/576
f 516/657/576 541/682/576 540/681/576
f 516/657/576 540/681/576 539/680/576
f 516/657/576 539/680/576 538/679/576
f 516/657/576 538/679/576 537/678/576
f 516/657/576 537/678/576 536/677/576
f 516/657/576 536/677/576 535/676/576
f 516/657/576 535/676/576 534/675/576
f 516/657/576 534/675/576 533/674/576
f 516/657/576 533/674/576 532/673/576
f 516/657/576 532/673/576 531/672/576
f 516/657/576 531/672/576 530/671/576
f 516/657/576 530/671/576 529/670/576
f 516/657/576 529/670/576 528/669/576
f 516/657/576 528/669/576 527/668/576
f 516/657/576 527/668/576 526/667/576
f 516/657/576 526/667/576 525/666/576
f 516/657/576 525/666/576 524/665/576
f 516/657/576 524/665/576 523/664/576
f 516/657/576 523/664/576 522/663/576
f 516/657/576 522/663/576 521/662/576
f 516/657/576 521/662/576 520/661/576
f 516/657/576 520/661/576 519/660/576
f 516/657/576 519/660/576 518/659/576
f 516/657/576 518/659/576 517/658/576
f 546/656/577 547/689/577 548/626/577
f 547/689/578 516/625/578 548/626/578
o PlayerPart_4
s 0
f 549/690/579 550/691/579 552/692/579
f 549/690/579 552/692/579 551/693/579
f 551/693/580 552/692/580 554/694/580
f 551/693/580 554/694/580 553/695/580
f 553/695/581 554/694/581 556/696/581
f 553/695/581 556/696/581 555/697/581
f 555/697/582 556/696/582 558/698/582
f 555/697/582 558/698/582 557/699/582
f 557/699/583 558/698/583 560/700/583
f 557/699/583 560/700/583 559/701/583
f 559/701/584 560/700/584 562/702/584
f 559/701/584 562/702/584 561/703/584
f 561/703/585 562/702/585 564/704/585
f 561/703/585 564/704/585 563/705/585
f 563/705/586 564/704/586 566/706/586
f 563/705/586 566/706/586 565/707/586
f 565/707/587 566/706/587 568/708/587
f 565/707/587 568/708/587 567/709/587
f 567/709/588 568/708/588 570/710/588
f 567/709/588 570/710/588 569/711/588
f 569/711/589 570/710/589 572/712/589
f 569/711/589 572/712/589 571/713/589
f 571/713/590 572/712/590 574/714/590
f 571/713/590 574/714/590 573/715/590
f 573/715/591 574/714/591 576/716/591
f 573/715/591 576/716/591 575/717/591
f 575/717/592 576/716/592 578/718/592
f 575/717/592 578/718/592 577/719/592
f 577/719/593 578/718/593 580/720/593
f 577/719/593 580/720/593 579/721/593
f 579/721/594 580/720/594 582/722/594
f 579/721/594 582/722/594 581/723/594
f 581/723/595 582/722/595 584/724/595
f 581/723/595 584/724/595 583/725/595
f 583/725/596 584/724/596 586/726/596
f 583/725/596 586/726/596 585/727/596
f 585/727/597 586/726/597 588/728/597
f 585/727/597 588/728/597 587/729/597
f 587/729/598 588/728/598 590/730/598
f 587/729/598 590/730/598 589/731/598
f 589/731/599 590/730/599 592/732/599
f 589/731/599 592/732/599 591/733/599
f 591/733/600 592/732/600 594/734/600
f 591/733/600 594/734/600 593/735/600
f 593/735/601 594/734/601 596/736/601
f 593/735/601 596/736/601 595/737/601
f 595/737/602 596/736/602 598/738/602
f 595/737/602 598/738/602 597/739/602
f 597/739/603 598/738/603 600/740/603
f 597/739/603 600/740/603 599/741/603
f 599/741/604 600/740/604 602/742/604
f 599/741/604 602/742/604 601/743/604
f 601/743/605 602/742/605 604/744/605
f 601/743/605 604/744/605 603/745/605
f 603/745/606 604/744/606 606/746/606
f 603/745/606 606/746/606 605/747/606
f 605/747/607 606/746/607 608/748/607
f 605/747/607 608/748/607 607/749/607
f 607/749/608 608/748/608 610/750/608
f 607/749/608 610/750/608 609/751/608
f 552/752/609 550/753/609 612/754/609
f 552/752/609 612/754/609 610/755/609
f 552/752/609 610/755/609 608/756/609
f 552/752/609 608/756/609 606/757/609
f 552/752/609 606/757/609 604/758/609
f 552/752/609 604/758/609 602/759/609
f 552/752/609 602/759/609 600/760/609
f 552/752/609 600/760/609 598/761/609
f 552/752/609 598/761/609 596/762/609
f 552/752/609 596/762/609 594/763/609
f 552/752/609 594/763/609 592/764/609
f 552/752/609 592/764/609 590/765/609
f 552/752/609 590/765/609 588/766/609
f 552/752/609 588/766/609 586/767/609
f 552/752/609 586/767/609 584/768/609
f 552/752/609 584/768/609 582/769/609
f 552/752/609 582/769/609 580/770/609
f 552/752/609 580/770/609 578/771/609
f 552/752/609 578/771/609 576/772/609
f 552/752/609 576/772/609 574/773/609
f 552/752/609 574/773/609 572/774/609
f 552/752/609 572/774/609 570/775/609
f 552/752/609 570/775/609 568/776/609
f 552/752/609 568/776/609 566/777/609
f 552/752/609 566/777/609 564/778/609
f 552/752/609 564/778/609 562/779/609
f 552/752/609 562/779/609 560/780/609
f 552/752/609 560/780/609 558/781/609
f 552/752/609 558/781/609 556/782/609
f 552/752/609 556/782/609 554/783/609
f 609/751/610 610/750/610 612/784/610
f 609/751/610 612/784/610 611/785/610
f 611/785/611 612/784/611 550/786/611
f 611/785/611 550/786/611 549/787/611
f 549/788/612 551/789/612 553/790/612
f 549/788/612 553/790/612 555/791/612
f 549/788/612 555/791/612 557/792/612
f 549/788/612 557/792/612 559/793/612
f 549/788/612 559/793/612 561/794/612
f 549/788/612 561/794/612 563/795/612
f 549/788/612 563/795/612 565/796/612
f 549/788/612 565/796/612 567/797/612
f 549/788/612 567/797/612 569/798/612
f 549/788/612 569/798/612 571/799/612
f 549/788/612 571/799/612 573/800/612
f 549/788/612 573/800/612 575/801/612
f 549/788/612 575/801/612 577/802/612
f 549/788/612 577/802/612 579/803/612
f 549/788/612 579/803/612 581/804/612
f 549/788/612 581/804/612 583/805/612
f 549/788/612 583/805/612 585/806/612
f 549/788/612 585/806/612 587/807/612
f 549/788/612 587/807/612 589/808/612
f 549/788/612 589/808/612 591/809/612
f 549/788/612 591/809/612 593/810/612
f 549/788/612 593/810/612 595/811/612
f 549/788/612 595/811/612 597/812/612
f 549/788/612 597/812/612 599/813/612
f 549/788/612 599/813/612 601/814/612
f 549/788/612 601/814/612 603/815/612
f 549/788/612 603/815/612 605/816/612
f 549/788/612 605/816/612 607/817/612
f 549/788/612 607/817/612 609/818/612
f 549/788/612 609/818/612 611/819/612
o PlayerPart_5
s 0
f 613/820/613 614/821/613 616/822/613
f 613/820/613 616/822/613 615/823/613
f 615/823/614 616/822/614 618/824/614
f 615/823/614 618/824/614 617/825/614
f 617/825/615 618/824/615 620/826/615
f 617/825/615 620/826/615 619/827/615
f 619/827/616 620/826/616 622/828/616
f 619/827/616 622/828/616 621/829/616
f 621/829/617 622/828/617 624/830/617
f 621/829/617 624/830/617 623/831/617
f 623/831/618 624/830/618 626/832/618
f 623/831/618 626/832/618 625/833/618
f 625/833/619 626/832/619 628/834/619
f 625/833/619 628/834/619 627/835/619
f 627/835/620 628/834/620 630/836/620
f 627/835/620 630/836/620 629/837/620
f 629/837/621 630/836/621 632/838/621
f 629/837/621 632/838/621 631/839/621
f 631/839/622 632/838/622 634/840/622
f 631/839/622 634/840/622 633/841/622
f 633/841/623 634/840/623 636/842/623
f 633/841/623 636/842/623 635/843/623
f 635/843/624 636/842/624 638/844/624
f 635/843/624 638/844/624 637/845/624
f 637/845/625 638/844/625 640/846/625
f 637/845/625 640/846/625 639/847/625
f 639/847/626 640/846/626 642/848/626
f 639/847/626 642/848/626 641/849/626
f 641/849/627 642/848/627 644/850/627
f 641/849/627 644/850/627 643/851/627
f 643/851/628 644/850/628 646/852/628
f 643/851/628 646/852/628 645/853/628
f 645/853/629 646/852/629 648/854/629
f 645/853/629 648/854/629 647/855/629
f 647/855/630 648/854/630 650/856/630
f 647/855/630 650/856/630 649/857/630
f 649/857/631 650/856/631 652/858/631
f 649/857/631 652/858/631 651/859/631
f 651/859/632 652/858/632 654/860/632
f 651/859/632 654/860/632 653/861/632
f 653/861/633 654/860/633 656/862/633
f 653/861/633 656/862/633 655/863/633
f 655/863/634 656/862/634 658/864/634
f 655/863/634 658/864/634 657/865/634
f 657/865/635 658/864/635 660/866/635
f 657/865/635 660/866/635 659/867/635
f 659/867/636 660/866/636 662/868/636
f 659/867/636 662/868/636 661/869/636
f 661/869/637 662/868/637 664/870/637
f 661/869/637 664/870/637 663/871/637
f 663/871/638 664/870/638 666/872/638
f 663/871/638 666/872/638 665/873/638
f 665/873/639 666/872/639 668/874/639
f 665/873/639 668/874/639 667/875/639
f 667/875/640 668/874/640 670/876/640
f 667/875/640 670/876/640 669/877/640
f 669/877/641 670/876/641 672/878/641
f 669/877/641 672/878/641 671/879/641
f 671/879/642 672/878/642 674/880/642
f 671/879/642 674/880/642 673/881/642
f 616/882/643 614/883/643 676/884/643
f 616/882/643 676/884/643 674/885/643
f 616/882/643 674/885/643 672/886/643
f 616/882/643 672/886/643 670/887/643
f 616/882/643 670/887/643 668/888/643
f 616/882/643 668/888/643 666/889/643
f 616/882/643 666/889/643 664/890/643
f 616/882/643 664/890/643 662/891/643
f 616/882/643 662/891/643 660/892/643
f 616/882/643 660/892/643 658/893/643
f 616/882/643 658/893/643 656/894/643
f 616/882/643 656/894/643 654/895/643
f 616/882/643 654/895/643 652/896/643
f 616/882/643 652/896/643 650/897/643
f 616/882/643 650/897/643 648/898/643
f 616/882/643 648/898/643 646/899/643
f 616/882/643 646/899/643 644/900/643
f 616/882/643 644/900/643 642/901/643
f 616/882/643 642/901/643 640/902/643
f 616/882/643 640/902/643 638/903/643
f 616/882/643 638/903/643 636/904/643
f 616/882/643 636/904/643 634/905/643
f 616/882/643 634/905/643 632/906/643
f 616/882/643 632/906/643 630/907/643
f 616/882/643 630/907/643 628/908/643
f 616/882/643 628/908/643 626/909/643
f 616/882/643 626/909/643 624/910/643
f 616/882/643 624/910/643 622/911/643
f 616/882/643 622/911/643 620/912/643
f 616/882/643 620/912/643 618/913/643
f 673/881/644 674/880/644 676/914/644
f 673/881/644 676/914/644 675/915/644
f 675/915/645 676/914/645 614/916/645
f 675/915/645 614/916/645 613/917/645
f 613/918/646 615/919/646 617/920/646
f 613/918/646 617/920/646 619/921/646
f 613/918/646 619/921/646 621/922/646
f 613/918/646 621/922/646 623/923/646
f 613/918/646 623/923/646 625/924/646
f 613/918/646 625/924/646 627/925/646
f 613/918/646 627/925/646 629/926/646
f 613/918/646 629/926/646 631/927/646
f 613/918/646 631/927/646 633/928/646
f 613/918/646 633/928/646 635/929/646
f 613/918/646 635/929/646 637/930/646
f 613/918/646 637/930/646 639/931/646
f 613/918/646 639/931/646 641/932/646
f 613/918/646 641/932/646 643/933/646
f 613/918/646 643/933/646 645/934/646
f 613/918/646 645/934/646 647/935/646
f 613/918/646 647/935/646 649/936/646
f 613/918/646 649/936/646 651/937/646
f 613/918/646 651/937/646 653/938/646
f 613/918/646 653/938/646 655/939/646
f 613/918/646 655/939/646 657/940/646
f 613/918/646 657/940/646 659/941/646
f 613/918/646 659/941/646 661/942/646
f 613/918/646 661/942/646 663/943/646
f 613/918/646 663/943/646 665/944/646
f 613/918/646 665/944/646 667/945/646
f 613/918/646 667/945/646 669/946/646
f 613/918/646 669/946/646 671/947/646
f 613/918/646 671/947/646 673/948/646
f 613/918/646 673/948/646 675/949/646
o PlayerPart_6
s 0
f 677/950/647 678/951/647 680/952/647
f 677/950/647 680/952/647 679/953/647
f 679/953/648 680/952/648 682/954/648
f 679/953/648 682/954/648 681/955/648
f 681/955/649 682/954/649 684/956/649
f 681/955/649 684/956/649 683/957/649
f 683/957/650 684/956/650 686/958/650
f 683/957/650 686/958/650 685/959/650
f 685/959/651 686/958/651 688/960/651
f 685/959/651 688/960/651 687/961/651
f 687/961/652 688/960/652 690/962/652
f 687/961/652 690/962/652 689/963/652
f 689/963/653 690/962/653 692/964/653
f 689/963/653 692/964/653 691/965/653
f 691/965/654 692/964/654 694/966/654
f 691/965/654 694/966/654 693/967/654
f 693/967/655 694/966/655 696/968/655
f 693/967/655 696/968/655 695/969/655
f 695/969/656 696/968/656 698/970/656
f 695/969/656 698/970/656 697/971/656
f 697/971/657 698/970/657 700/972/657
f 697/971/657 700/972/657 699/973/657
f 699/973/658 700/972/658 702/974/658
f 699/973/658 702/974/658 701/975/658
f 701/975/659 702/974/659 704/976/659
f 701/975/659 704/976/659 703/977/659
f 703/977/660 704/976/660 706/978/660
f 703/977/660 706/978/660 705/979/660
f 705/979/661 706/978/661 708/980/661
f 705/979/661 708/980/661 707/981/661
f 707/981/662 708/980/662 710/982/662
f 707/981/662 710/982/662 709/983/662
f 709/983/663 710/982/663 712/984/663
f 709/983/663 712/984/663 711/985/663
f 711/985/664 712/984/664 714/986/664
f 711/985/664 714/986/664 713/987/664
f 713/987/665 714/986/665 716/988/665
f 713/987/665 716/988/665 715/989/665
f 715/989/666 716/988/666 718/990/666
f 715/989/666 718/990/666 717/991/666
f 717/991/667 718/990/667 720/992/667
f 717/991/667 720/992/667 719/993/667
f 719/993/668 720/992/668 722/994/668
f 719/993/668 722/994/668 721/995/668
f 721/995/669 722/994/669 724/996/669
f 721/995/669 724/996/669 723/997/669
f 723/997/670 724/996/670 726/998/670
f 723/997/670 726/998/670 725/999/670
f 725/999/671 726/998/671 728/1000/671
f 725/999/671 728/1000/671 727/1001/671
f 727/1001/672 728/1000/672 730/1002/672
f 727/1001/672 730/1002/672 729/1003/672
f 729/1003/673 730/1002/673 732/1004/673
f 729/1003/673 732/1004/673 731/1005/673
f 731/1005/674 732/1004/674 734/1006/674
f 731/1005/674 734/1006/674 733/1007/674
f 733/1007/675 734/1006/675 736/1008/675
f 733/1007/675 736/1008/675 735/1009/675
f 735/1009/676 736/1008/676 738/1010/676
f 735/1009/676 738/1010/676 737/1011/676
f 680/1012/677 678/1013/677 740/1014/677
f 680/1012/677 740/1014/677 738/1015/677
f 680/1012/677 738/1015/677 736/1016/677
f 680/1012/677 736/1016/677 734/1017/677
f 680/1012/677 734/1017/677 732/1018/677
f 680/1012/677 732/1018/677 730/1019/677
f 680/1012/677 730/1019/677 728/1020/677
f 680/1012/677 728/1020/677 726/1021/677
f 680/1012/677 726/1021/677 724/1022/677
f 680/1012/677 724/1022/677 722/1023/677
f 680/1012/677 722/1023/677 720/1024/677
f 680/1012/677 720/1024/677 718/1025/677
f 680/1012/677 718/1025/677 716/1026/677
f 680/1012/677 716/1026/677 714/1027/677
f 680/1012/677 714/1027/677 712/1028/677
f 680/1012/677 712/1028/677 710/1029/677
f 680/1012/677 710/1029/677 708/1030/677
f 680/1012/677 708/1030/677 706/1031/677
f 680/1012/677 706/1031/677 704/1032/677
f 680/1012/677 704/1032/677 702/1033/677
f 680/1012/677 702/1033/677 700/1034/677
f 680/1012/677 700/1034/677 698/1035/677
f 680/1012/677 698/1035/677 696/1036/677
f 680/1012/677 696/1036/677 694/1037/677
f 680/1012/677 694/1037/677 692/1038/677
f 680/1012/677 692/1038/677 690/1039/677
f 680/1012/677 690/1039/677 688/1040/677
f 680/1012/677 688/1040/677 686/1041/677
f 680/1012/677 686/1041/677 684/1042/677
f 680/1012/677 684/1042/677 682/1043/677
f 737/1011/678 738/1010/678 740/1044/678
f 737/1011/678 740/1044/678 739/1045/678
f 739/1045/679 740/1044/679 678/1046/679
f 739/1045/679 678/1046/679 677/1047/679
f 677/1048/680 679/1049/680 681/1050/680
f 677/1048/680 681/1050/680 683/1051/680
f 677/1048/680 683/1051/680 685/1052/680
f 677/1048/680 685/1052/680 687/1053/680
f 677/1048/680 687/1053/680 689/1054/680
f 677/1048/680 689/1054/680 691/1055/680
f 677/1048/680 691/1055/680 693/1056/680
f 677/1048/680 693/1056/680 695/1057/680
f 677/1048/680 695/1057/680 697/1058/680
f 677/1048/680 697/1058/680 699/1059/680
f 677/1048/680 699/1059/680 701/1060/680
f 677/1048/680 701/1060/680 703/1061/680
f 677/1048/680 703/1061/680 705/1062/680
f 677/1048/680 705/1062/680 707/1063/680
f 677/1048/680 707/1063/680 709/1064/680
f 677/1048/680 709/1064/680 711/1065/680
f 677/1048/680 711/1065/680 713/1066/680
f 677/1048/680 713/1066/680 715/1067/680
f 677/1048/680 715/1067/680 717/1068/680
f 677/1048/680 717/1068/680 719/1069/680
f 677/1048/680 719/1069/680 721/1070/680
f 677/1048/680 721/1070/680 723/1071/680
f 677/1048/680 723/1071/680 725/1072/680
f 677/1048/680 725/1072/680 727/1073/680
f 677/1048/680 727/1073/680 729/1074/680
f 677/1048/680 729/1074/680 731/1075/680
f 677/1048/680 731/1075/680 733/1076/680
f 677/1048/680 733/1076/680 735/1077/680
f 677/1048/680 735/1077/680 737/1078/680
f 677/1048/680 737/1078/680 739/1079/680
o PlayerPart_7
s 0
f 741/1080/681 742/1081/681 744/1082/681
f 741/1080/681 744/1082/681 743/1083/681
f 743/1083/682 744/1082/682 746/1084/682
f 743/1083/682 746/1084/682 745/1085/682
f 745/1085/683 746/1084/683 748/1086/683
f 745/1085/683 748/1086/683 747/1087/683
f 747/1087/684 748/1086/684 750/1088/684
f 747/1087/684 750/1088/684 749/1089/684
f 749/1089/685 750/1088/685 752/1090/685
f 749/1089/685 752/1090/685 751/1091/685
f 751/1091/686 752/1090/686 754/1092/686
f 751/1091/686 754/1092/686 753/1093/686
f 753/1093/687 754/1092/687 756/1094/687
f 753/1093/687 756/1094/687 755/1095/687
f 755/1095/688 756/1094/688 758/1096/688
f 755/1095/688 758/1096/688 757/1097/688
f 757/1097/689 758/1096/689 760/1098/689
f 757/1097/689 760/1098/689 759/1099/689
f 759/1099/690 760/1098/690 762/1100/690
f 759/1099/690 762/1100/690 761/1101/690
f 761/1101/691 762/1100/691 764/1102/691
f 761/1101/691 764/1102/691 763/1103/691
f 763/1103/692 764/1102/692 766/1104/692
f 763/1103/692 766/1104/692 765/1105/692
f 765/1105/693 766/1104/693 768/1106/693
f 765/1105/693 768/1106/693 767/1107/693
f 767/1107/694 768/1106/694 770/1108/694
f 767/1107/694 770/1108/694 769/1109/694
f 769/1109/695 770/1108/695 772/1110/695
f 769/1109/695 772/1110/695 771/1111/695
f 771/1111/696 772/1110/696 774/1112/696
f 771/1111/696 774/1112/696 773/1113/696
f 773/1113/697 774/1112/697 776/1114/697
f 773/1113/697 776/1114/697 775/1115/697
f 775/1115/698 776/1114/698 778/1116/698
f 775/1115/698 778/1116/698 777/1117/698
f 777/1117/699 778/1116/699 780/1118/699
f 777/1117/699 780/1118/699 779/1119/699
f 779/1119/700 780/1118/700 782/1120/700
f 779/1119/700 782/1120/700 781/1121/700
f 781/1121/701 782/1120/701 784/1122/701
f 781/1121/701 784/1122/701 783/1123/701
f 783/1123/702 784/1122/702 786/1124/702
f 783/1123/702 786/1124/702 785/1125/702
f 785/1125/703 786/1124/703 788/1126/703
f 785/1125/703 788/1126/703 787/1127/703
f 787/1127/704 788/1126/704 790/1128/704
f 787/1127/704 790/1128/704 789/1129/704
f 789/1129/705 790/1128/705 792/1130/705
f 789/1129/705 792/1130/705 791/1131/705
f 791/1131/706 792/1130/706 794/1132/706
f 791/1131/706 794/1132/706 793/1133/706
f 793/1133/707 794/1132/707 796/1134/707
f 793/1133/707 796/1134/707 795/1135/707
f 795/1135/708 796/1134/708 798/1136/708
f 795/1135/708 798/1136/708 797/1137/708
f 797/1137/709 798/1136/709 800/1138/709
f 797/1137/709 800/1138/709 799/1139/709
f 799/1139/710 800/1138/710 802/1140/710
f 799/1139/710 802/1140/710 801/1141/710
f 744/1142/711 742/1143/711 804/1144/711
f 744/1142/711 804/1144/711 802/1145/711
f 744/1142/711 802/1145/711 800/1146/711
f 744/1142/711 800/1146/711 798/1147/711
f 744/1142/711 798/1147/711 796/1148/711
f 744/1142/711 796/1148/711 794/1149/711
f 744/1142/711 794/1149/711 792/1150/711
f 744/1142/711 792/1150/711 790/1151/711
f 744/1142/711 790/1151/711 788/1152/711
f 744/1142/711 788/1152/711 786/1153/711
f 744/1142/711 786/1153/711 784/1154/711
f 744/1142/711 784/1154/711 782/1155/711
f 744/1142/711 782/1155/711 780/1156/711
f 744/1142/711 780/1156/711 778/1157/711
f 744/1142/711 778/1157/711 776/1158/711
f 744/1142/711 776/1158/711 774/1159/711
f 744/1142/711 774/1159/711 772/1160/711
f 744/1142/711 772/1160/711 770/1161/711
f 744/1142/711 770/1161/711 768/1162/711
f 744/1142/711 768/1162/711 766/1163/711
f 744/1142/711 766/1163/711 764/1164/711
f 744/1142/711 764/1164/711 762/1165/711
f 744/1142/711 762/1165/711 760/1166/711
f 744/1142/711 760/1166/711 758/1167/711
f 744/1142/711 758/1167/711 756/1168/711
f 744/1142/711 756/1168/711 754/1169/711
f 744/1142/711 754/1169/711 752/1170/711
f 744/1142/711 752/1170/711 750/1171/711
f 744/1142/711 750/1171/711 748/1172/711
f 744/1142/711 748/1172/711 746/1173/711
f 801/1141/712 802/1140/712 804/1174/712
f 801/1141/712 804/1174/712 803/1175/712
f 803/1175/713 804/1174/713 742/1176/713
f 803/1175/713 742/1176/713 741/1177/713
f 741/1178/714 743/1179/714 745/1180/714
f 741/1178/714 745/1180/714 747/1181/714
f 741/1178/714 747/1181/714 749/1182/714
f 741/1178/714 749/1182/714 751/1183/714
f 741/1178/714 751/1183/714 753/1184/714
f 741/1178/714 753/1184/714 755/1185/714
f 741/1178/714 755/1185/714 757/1186/714
f 741/1178/714 757/1186/714 759/1187/714
f 741/1178/714 759/1187/714 761/1188/714
f 741/1178/714 761/1188/714 763/1189/714
f 741/1178/714 763/1189/714 765/1190/714
f 741/1178/714 765/1190/714 767/1191/714
f 741/1178/714 767/1191/714 769/1192/714
f 741/1178/714 769/1192/714 771/1193/714
f 741/1178/714 771/1193/714 773/1194/714
f 741/1178/714 773/1194/714 775/1195/714
f 741/1178/714 775/1195/714 777/1196/714
f 741/1178/714 777/1196/714 779/1197/714
f 741/1178/714 779/1197/714 781/1198/714
f 741/1178/714 781/1198/714 783/1199/714
f 741/1178/714 783/1199/714 785/1200/714
f 741/1178/714 785/1200/714 787/1201/714
f 741/1178/714 787/1201/714 789/1202/714
f 741/1178/714 789/1202/714 791/1203/714
f 741/1178/714 791/1203/714 793/1204/714
f 741/1178/714 793/1204/714 795/1205/714
f 741/1178/714 795/1205/714 797/1206/714
f 741/1178/714 797/1206/714 799/1207/714
f 741/1178/714 799/1207/714 801/1208/714
f 741/1178/714 801/1208/714 803/1209/714
o PlayerPart_8
s 0
f 805/1210/715 806/1211/715 808/1212/715
f 805/1210/715 808/1212/715 807/1213/715
f 807/1213/716 808/1212/716 810/1214/716
f 807/1213/716 810/1214/716 809/1215/716
f 809/1215/717 810/1214/717 812/1216/717
f 809/1215/717 812/1216/717 811/1217/717
f 811/1217/718 812/1216/718 814/1218/718
f 811/1217/718 814/1218/718 813/1219/718
f 808/1220/719 806/1221/719 816/1222/719
f 808/1220/719 816/1222/719 814/1223/719
f 808/1220/719 814/1223/719 812/1224/719
f 808/1220/719 812/1224/719 810/1225/719
f 813/1219/720 814/1218/720 816/1226/720
f 813/1219/720 816/1226/720 815/1227/720
f 815/1227/721 816/1226/721 806/1228/721
f 815/1227/721 806/1228/721 805/1229/721
f 805/1230/722 807/1231/722 809/1232/722
f 805/1230/722 809/1232/722 811/1233/722
f 805/1230/722 811/1233/722 813/1234/722
f 805/1230/722 813/1234/722 815/1235/722
o PlayerPart_9
s 0
f 817/1236/723 818/1237/723 820/1238/723
f 817/1236/723 820/1238/723 819/1239/723
f 819/1239/724 820/1238/724 822/1240/724
f 819/1239/724 822/1240/724 821/1241/724
f 821/1241/725 822/1240/725 824/1242/725
f 821/1241/725 824/1242/725 823/1243/725
f 823/1243/726 824/1242/726 826/1244/726
f 823/1243/726 826/1244/726 825/1245/726
f 820/1246/727 818/1247/727 828/1248/727
f 820/1246/727 828/1248/727 826/1249/727
f 820/1246/727 826/1249/727 824/1250/727
f 820/1246/727 824/1250/727 822/1251/727
f 825/1245/728 826/1244/728 828/1252/728
f 825/1245/728 828/1252/728 827/1253/728
f 827/1253/729 828/1252/729 818/1254/729
f 827/1253/729 818/1254/729 817/1255/729
f 817/1256/730 819/1257/730 821/1258/730
f 817/1256/730 821/1258/730 823/1259/730
f 817/1256/730 823/1259/730 825/1260/730
f 817/1256/730 825/1260/730 827/1261/730
o PlayerPart_10
s 0
f 829/1262/731 830/1263/731 832/1264/731
f 829/1262/731 832/1264/731 831/1265/731
f 831/1265/732 832/1264/732 834/1266/732
f 831/1265/732 834/1266/732 833/1267/732
f 833/1267/733 834/1266/733 836/1268/733
f 833/1267/733 836/1268/733 835/1269/733
f 835/1269/734 836/1268/734 838/1270/734
f 835/1269/734 838/1270/734 837/1271/734
f 832/1272/735 830/1273/735 840/1274/735
f 832/1272/735 840/1274/735 838/1275/735
f 832/1272/735 838/1275/735 836/1276/735
f 832/1272/735 836/1276/735 834/1277/735
f 837/1271/736 838/1270/736 840/1278/736
f 837/1271/736 840/1278/736 839/1279/736
f 839/1279/737 840/1278/737 830/1280/737
f 839/1279/737 830/1280/737 829/1281/737
f 829/1282/738 831/1283/738 833/1284/738
f 829/1282/738 833/1284/738 835/1285/738
f 829/1282/738 835/1285/738 837/1286/738
f 829/1282/738 837/1286/738 839/1287/738
o PlayerPart_11
s 0
f 841/1288/739 842/1289/739 844/1290/739
f 841/1288/739 844/1290/739 843/1291/739
f 843/1291/740 844/1290/740 846/1292/740
f 843/1291/740 846/1292/740 845/1293/740
f 845/1293/741 846/1292/741 848/1294/741
f 845/1293/741 848/1294/741 847/1295/741
f 847/1295/742 848/1294/742 850/1296/742
f 847/1295/742 850/1296/742 849/1297/742
f 844/1298/743 842/1299/743 852/1300/743
f 844/1298/743 852/1300/743 850/1301/743
f 844/1298/743 850/1301/743 848/1302/743
f 844/1298/743 848/1302/743 846/1303/743
f 849/1297/744 850/1296/744 852/1304/744
f 849/1297/744 852/1304/744 851/1305/744
f 851/1305/745 852/1304/745 842/1306/745
f 851/1305/745 842/1306/745 841/1307/745
f 841/1308/746 843/1309/746 845/1310/746
f 841/1308/746 845/1310/746 847/1311/746
f 841/1308/746 847/1311/746 849/1312/746
f 841/1308/746 849/1312/746 851/1313/746
o PlayerPart_12
s 0
f 853/1314/747 854/1315/747 855/1316/747
f 856/1317/748 857/1318/748 858/1319/748
f 859/1320/749 860/1321/749 861/1322/749
f 862/1323/750 863/1324/750 864/1325/750
f 865/1326/751 866/1327/751 867/1328/751
f 868/1329/752 869/1330/752 870/1331/752
f 871/1332/753 872/1333/753 873/1334/753
f 874/1335/754 875/1336/754 876/1337/754
f 877/1338/755 878/1339/755 879/1340/755
f 880/1341/756 881/1342/756 882/1343/756
f 883/1344/757 884/1345/757 885/1346/757
f 886/1347/758 887/1348/758 888/1349/758
f 855/1316/759 860/1321/759 859/1320/759
f 855/1316/759 859/1320/759 853/1314/759
f 864/1325/760 857/1318/760 856/1317/760
f 864/1325/760 856/1317/760 862/1323/760
f 854/1350/761 858/1351/761 857/1352/761
f 854/1350/761 857/1352/761 855/1353/761
f 863/1354/762 861/1355/762 860/1356/762
f 863/1354/762 860/1356/762 864/1357/762
f 861/1322/763 866/1327/763 865/1326/763
f 861/1322/763 865/1326/763 859/1320/763
f 870/1331/764 863/1324/764 862/1323/764
f 870/1331/764 862/1323/764 868/1329/764
f 869/1358/765 867/1359/765 866/1360/765
f 869/1358/765 866/1360/765 870/1361/765
f 867/1328/766 872/1333/766 871/1332/766
f 867/1328/766 871/1332/766 865/1326/766
f 876/1337/767 869/1330/767 868/1329/767
f 876/1337/767 868/1329/767 874/1335/767
f 875/1362/768 873/1363/768 872/1364/768
f 875/1362/768 872/1364/768 876/1365/768
f 873/1334/769 878/1339/769 877/1338/769
f 873/1334/769 877/1338/769 871/1332/769
f 882/1343/770 875/1336/770 874/1335/770
f 882/1343/770 874/1335/770 880/1341/770
f 881/1366/771 879/1367/771 878/1368/771
f 881/1366/771 878/1368/771 882/1369/771
f 879/1340/772 884/1345/772 883/1344/772
f 879/1340/772 883/1344/772 877/1338/772
f 888/1349/773 881/1342/773 880/1341/773
f 888/1349/773 880/1341/773 886/1347/773
f 887/1370/774 885/1371/774 884/1372/774
f 887/1370/774 884/1372/774 888/1373/774
f 885/1346/775 854/1315/775 853/1314/775
f 885/1346/775 853/1314/775 883/1344/775
f 858/1319/776 887/1348/776 886/1347/776
f 858/1319/776 886/1347/776 856/1317/776
f 853/1314/777 859/1320/777 865/1326/777
f 853/1314/777 865/1326/777 871/1332/777
f 853/1314/777 871/1332/777 877/1338/777
f 853/1314/777 877/1338/777 883/1344/777
f 855/1374/778 857/1375/778 864/1357/778
f 855/1374/778 864/1357/778 860/1356/778
f 885/1371/779 887/1370/779 858/1351/779
f 885/1371/779 858/1351/779 854/1350/779
f 862/1323/780 856/1317/780 886/1347/780
f 862/1323/780 886/1347/780 880/1341/780
f 862/1323/780 880/1341/780 874/1335/780
f 862/1323/780 874/1335/780 868/1329/780
f 861/1355/781 863/1354/781 870/1361/781
f 861/1355/781 870/1361/781 866/1360/781
f 867/1359/782 869/1358/782 876/1365/782
f 867/1359/782 876/1365/782 872/1364/782
f 873/1363/783 875/1362/783 882/1369/783
f 873/1363/783 882/1369/783 878/1368/783
f 879/1367/784 881/1366/784 888/1373/784
f 879/1367/784 888/1373/784 884/1372/784
o PlayerPart_13
s 0
usemtl Jetpack_Blue
f 889/1376/785 891/1379/785 892/1378/785
f 889/1376/785 892/1378/785 890/1377/785
f 891/1379/786 895/1381/786 896/1380/786
f 891/1379/786 896/1380/786 892/1378/786
f 895/1381/787 893/1383/787 894/1382/787
f 895/1381/787 894/1382/787 896/1380/787
f 893/1383/788 889/1385/788 890/1384/788
f 893/1383/788 890/1384/788 894/1382/788
f 891/1386/789 889/1387/789 893/1383/789
f 891/1386/789 893/1383/789 895/1381/789
f 896/1380/790 894/1382/790 890/1389/790
f 896/1380/790 890/1389/790 892/1388/790
o PlayerPart_14
s 0
f 941/1390/791 942/1391/791 945/1392/791
f 941/1390/791 945/1392/791 944/1393/791
f 942/1391/792 943/1394/792 946/1395/792
f 942/1391/792 946/1395/792 945/1392/792
f 944/1393/793 945/1392/793 948/1396/793
f 944/1393/793 948/1396/793 947/1397/793
f 945/1392/794 946/1395/794 949/1398/794
f 945/1392/794 949/1398/794 948/1396/794
f 897/1399/795 908/1400/795 941/1390/795
f 897/1399/795 941/1390/795 907/1401/795
f 908/1400/796 909/1402/796 942/1391/796
f 908/1400/796 942/1391/796 941/1390/796
f 909/1402/797 910/1403/797 943/1394/797
f 909/1402/797 943/1394/797 942/1391/797
f 910/1403/798 898/1404/798 911/1405/798
f 910/1403/798 911/1405/798 943/1394/798
f 943/1394/799 911/1405/799 912/1406/799
f 943/1394/799 912/1406/799 946/1395/799
f 946/1395/800 912/1406/800 913/1407/800
f 946/1395/800 913/1407/800 949/1398/800
f 949/1398/801 913/1407/801 900/1408/801
f 949/1398/801 900/1408/801 914/1409/801
f 948/1396/802 949/1398/802 914/1409/802
f 948/1396/802 914/1409/802 915/1410/802
f 947/1397/803 948/1396/803 915/1410/803
f 947/1397/803 915/1410/803 916/1411/803
f 905/1412/804 947/1397/804 916/1411/804
f 905/1412/804 916/1411/804 899/1413/804
f 906/1414/805 944/1393/805 947/1397/805
f 906/1414/805 947/1397/805 905/1412/805
f 907/1401/806 941/1390/806 944/1393/806
f 907/1401/806 944/1393/806 906/1414/806
f 950/1415/807 951/1416/807 954/1417/807
f 950/1415/807 954/1417/807 953/1418/807
f 951/1416/808 952/1419/808 955/1420/808
f 951/1416/808 955/1420/808 954/1417/808
f 953/1418/809 954/1417/809 957/1421/809
f 953/1418/809 957/1421/809 956/1422/809
f 954/1417/810 955/1420/810 958/1423/810
f 954/1417/810 958/1423/810 957/1421/810
f 899/1413/811 916/1411/811 950/1415/811
f 899/1413/811 950/1415/811 919/1424/811
f 916/1411/812 915/1410/812 951/1416/812
f 916/1411/812 951/1416/812 950/1415/812
f 915/1410/813 914/1409/813 952/1419/813
f 915/1410/813 952/1419/813 951/1416/813
f 914/1409/814 900/1408/814 920/1425/814
f 914/1409/814 920/1425/814 952/1419/814
f 952/1419/815 920/1425/815 921/1426/815
f 952/1419/815 921/1426/815 955/1420/815
f 955/1420/816 921/1426/816 922/1427/816
f 955/1420/816 922/1427/816 958/1423/816
f 958/1423/817 922/1427/817 904/1428/817
f 958/1423/817 904/1428/817 923/1429/817
f 957/1421/818 958/1423/818 923/1429/818
f 957/1421/818 923/1429/818 924/1430/818
f 956/1422/819 957/1421/819 924/1430/819
f 956/1422/819 924/1430/819 925/1431/819
f 917/1432/820 956/1422/820 925/1431/820
f 917/1432/820 925/1431/820 903/1433/820
f 918/1434/821 953/1418/821 956/1422/821
f 918/1434/821 956/1422/821 917/1432/821
f 919/1424/822 950/1415/822 953/1418/822
f 919/1424/822 953/1418/822 918/1434/822
f 959/1435/823 960/1436/823 963/1437/823
f 959/1435/823 963/1437/823 962/1438/823
f 960/1436/824 961/1439/824 964/1440/824
f 960/1436/824 964/1440/824 963/1437/824
f 962/1438/825 963/1437/825 966/1441/825
f 962/1438/825 966/1441/825 965/1442/825
f 963/1437/826 964/1440/826 967/1443/826
f 963/1437/826 967/1443/826 966/1441/826
f 903/1433/827 925/1431/827 959/1435/827
f 903/1433/827 959/1435/827 928/1444/827
f 925/1431/828 924/1430/828 960/1436/828
f 925/1431/828 960/1436/828 959/1435/828
f 924/1430/829 923/1429/829 961/1439/829
f 924/1430/829 961/1439/829 960/1436/829
f 923/1429/830 904/1428/830 929/1445/830
f 923/1429/830 929/1445/830 961/1439/830
f 961/1439/831 929/1445/831 930/1446/831
f 961/1439/831 930/1446/831 964/1440/831
f 964/1440/832 930/1446/832 931/1447/832
f 964/1440/832 931/1447/832 967/1443/832
f 967/1443/833 931/1447/833 902/1448/833
f 967/1443/833 902/1448/833 932/1449/833
f 966/1441/834 967/1443/834 932/1449/834
f 966/1441/834 932/1449/834 933/1450/834
f 965/1442/835 966/1441/835 933/1450/835
f 965/1442/835 933/1450/835 934/1451/835
f 926/1452/836 965/1442/836 934/1451/836
f 926/1452/836 934/1451/836 901/1453/836
f 927/1454/837 962/1438/837 965/1442/837
f 927/1454/837 965/1442/837 926/1452/837
f 928/1444/838 959/1435/838 962/1438/838
f 928/1444/838 962/1438/838 927/1454/838
f 968/1455/839 969/1456/839 972/1457/839
f 968/1455/839 972/1457/839 971/1458/839
f 969/1456/840 970/1459/840 973/1460/840
f 969/1456/840 973/1460/840 972/1457/840
f 971/1458/841 972/1457/841 975/1461/841
f 971/1458/841 975/1461/841 974/1462/841
f 972/1457/842 973/1460/842 976/1463/842
f 972/1457/842 976/1463/842 975/1461/842
f 901/1453/843 934/1451/843 968/1455/843
f 901/1453/843 968/1455/843 937/1464/843
f 934/1451/844 933/1450/844 969/1456/844
f 934/1451/844 969/1456/844 968/1455/844
f 933/1450/845 932/1449/845 970/1459/845
f 933/1450/845 970/1459/845 969/1456/845
f 932/1449/846 902/1448/846 938/1465/846
f 932/1449/846 938/1465/846 970/1459/846
f 970/1459/847 938/1465/847 939/1466/847
f 970/1459/847 939/1466/847 973/1460/847
f 973/1460/848 939/1466/848 940/1467/848
f 973/1460/848 940/1467/848 976/1463/848
f 976/1463/849 940/1467/849 898/1468/849
f 976/1463/849 898/1468/849 910/1469/849
f 975/1461/850 976/1463/850 910/1469/850
f 975/1461/850 910/1469/850 909/1470/850
f 974/1462/851 975/1461/851 909/1470/851
f 974/1462/851 909/1470/851 908/1471/851
f 935/1472/852 974/1462/852 908/1471/852
f 935/1472/852 908/1471/852 897/1473/852
f 936/1474/853 971/1458/853 974/1462/853
f 936/1474/853 974/1462/853 935/1472/853
f 937/1464/854 968/1455/854 971/1458/854
f 937/1464/854 971/1458/854 936/1474/854
f 977/1475/855 978/1476/855 981/1477/855
f 977/1475/855 981/1477/855 980/1478/855
f 978/1476/856 979/1479/856 982/1480/856
f 978/1476/856 982/1480/856 981/1477/856
f 980/1478/857 981/1477/857 984/1481/857
f 980/1478/857 984/1481/857 983/1482/857
f 981/1477/858 982/1480/858 985/1483/858
f 981/1477/858 985/1483/858 984/1481/858
f 899/1484/859 919/1485/859 977/1475/859
f 899/1484/859 977/1475/859 905/1486/859
f 919/1485/860 918/1487/860 978/1476/860
f 919/1485/860 978/1476/860 977/1475/860
f 918/1487/861 917/1488/861 979/1479/861
f 918/1487/861 979/1479/861 978/1476/861
f 917/1488/862 903/1433/862 928/1444/862
f 917/1488/862 928/1444/862 979/1479/862
f 979/1479/863 928/1444/863 927/1454/863
f 979/1479/863 927/1454/863 982/1480/863
f 982/1480/864 927/1454/864 926/1452/864
f 982/1480/864 926/1452/864 985/1483/864
f 985/1483/865 926/1452/865 901/1453/865
f 985/1483/865 901/1453/865 937/1489/865
f 984/1481/866 985/1483/866 937/1489/866
f 984/1481/866 937/1489/866 936/1490/866
f 983/1482/867 984/1481/867 936/1490/867
f 983/1482/867 936/1490/867 935/1491/867
f 907/1492/868 983/1482/868 935/1491/868
f 907/1492/868 935/1491/868 897/1493/868
f 906/1494/869 980/1478/869 983/1482/869
f 906/1494/869 983/1482/869 907/1492/869
f 905/1486/870 977/1475/870 980/1478/870
f 905/1486/870 980/1478/870 906/1494/870
f 986/1495/871 987/1496/871 990/1497/871
f 986/1495/871 990/1497/871 989/1498/871
f 987/1496/872 988/1499/872 991/1500/872
f 987/1496/872 991/1500/872 990/1497/872
f 989/1498/873 990/1497/873 993/1501/873
f 989/1498/873 993/1501/873 992/1502/873
f 990/1497/874 991/1500/874 994/1503/874
f 990/1497/874 994/1503/874 993/1501/874
f 904/1428/875 922/1504/875 986/1495/875
f 904/1428/875 986/1495/875 929/1445/875
f 922/1504/876 921/1505/876 987/1496/876
f 922/1504/876 987/1496/876 986/1495/876
f 921/1505/877 920/1506/877 988/1499/877
f 921/1505/877 988/1499/877 987/1496/877
f 920/1506/878 900/1507/878 913/1508/878
f 920/1506/878 913/1508/878 988/1499/878
f 988/1499/879 913/1508/879 912/1509/879
f 988/1499/879 912/1509/879 991/1500/879
f 991/1500/880 912/1509/880 911/1510/880
f 991/1500/880 911/1510/880 994/1503/880
f 994/1503/881 911/1510/881 898/1511/881
f 994/1503/881 898/1511/881 940/1512/881
f 993/1501/882 994/1503/882 940/1512/882
f 993/1501/882 940/1512/882 939/1513/882
f 992/1502/883 993/1501/883 939/1513/883
f 992/1502/883 939/1513/883 938/1514/883
f 931/1447/884 992/1502/884 938/1514/884
f 931/1447/884 938/1514/884 902/1448/884
f 930/1446/885 989/1498/885 992/1502/885
f 930/1446/885 992/1502/885 931/1447/885
f 929/1445/886 986/1495/886 989/1498/886
f 929/1445/886 989/1498/886 930/1446/886
o PlayerPart_15
s 0
usemtl Material_1
f 997/1515/887 1470/1516/887 1006/1517/887
f 997/1515/887 1006/1517/887 1007/1518/887
f 1474/1519/888 1473/1520/888 1014/1521/888
f 1474/1519/888 1014/1521/888 1015/1522/888
f 1471/1523/889 997/1515/889 1007/1518/889
f 1471/1523/889 1007/1518/889 1008/1524/889
f 1475/1525/890 1474/1519/890 1015/1522/890
f 1475/1525/890 1015/1522/890 1016/1526/890
f 998/1527/891 1471/1523/891 1008/1524/891
f 998/1527/891 1008/1524/891 1009/1528/891
f 1476/1529/892 1475/1525/892 1016/1526/892
f 1476/1529/892 1016/1526/892 1017/1530/892
f 999/1531/893 998/1527/893 1009/1528/893
f 999/1531/893 1009/1528/893 1010/1532/893
f 1468/1533/894 995/1534/894 1003/1535/894
f 1002/1536/895 1476/1529/895 1017/1530/895
f 1000/1537/896 999/1531/896 1010/1532/896
f 1000/1537/896 1010/1532/896 1011/1538/896
f 1469/1539/897 1468/1533/897 1003/1535/897
f 1469/1539/897 1003/1535/897 1004/1540/897
f 1472/1541/898 1000/1537/898 1011/1538/898
f 1472/1541/898 1011/1538/898 1012/1542/898
f 996/1543/899 1469/1539/899 1004/1540/899
f 996/1543/899 1004/1540/899 1005/1544/899
f 1001/1545/900 1472/1541/900 1012/1542/900
f 1001/1545/900 1012/1542/900 1013/1546/900
f 1470/1516/901 996/1543/901 1005/1544/901
f 1470/1516/901 1005/1544/901 1006/1517/901
f 1473/1520/902 1001/1545/902 1013/1546/902
f 1473/1520/902 1013/1546/902 1014/1521/902
f 1006/1517/903 1005/1544/903 1020/1547/903
f 1006/1517/903 1020/1547/903 1021/1548/903
f 1014/1521/904 1013/1546/904 1028/1549/904
f 1014/1521/904 1028/1549/904 1029/1550/904
f 1007/1518/905 1006/1517/905 1021/1548/905
f 1007/1518/905 1021/1548/905 1022/1551/905
f 1015/1522/906 1014/1521/906 1029/1550/906
f 1015/1522/906 1029/1550/906 1030/1552/906
f 1008/1524/907 1007/1518/907 1022/1551/907
f 1008/1524/907 1022/1551/907 1023/1553/907
f 1016/1526/908 1015/1522/908 1030/1552/908
f 1016/1526/908 1030/1552/908 1031/1554/908
f 1009/1528/909 1008/1524/909 1023/1553/909
f 1009/1528/909 1023/1553/909 1024/1555/909
f 1017/1530/910 1016/1526/910 1031/1554/910
f 1017/1530/910 1031/1554/910 1032/1556/910
f 1010/1532/911 1009/1528/911 1024/1555/911
f 1010/1532/911 1024/1555/911 1025/1557/911
f 1003/1535/912 995/1558/912 1018/1559/912
f 1002/1560/913 1017/1530/913 1032/1556/913
f 1011/1538/914 1010/1532/914 1025/1557/914
f 1011/1538/914 1025/1557/914 1026/1561/914
f 1004/1540/915 1003/1535/915 1018/1559/915
f 1004/1540/915 1018/1559/915 1019/1562/915
f 1012/1542/916 1011/1538/916 1026/1561/916
f 1012/1542/916 1026/1561/916 1027/1563/916
f 1005/1544/917 1004/1540/917 1019/1562/917
f 1005/1544/917 1019/1562/917 1020/1547/917
f 1013/1546/918 1012/1542/918 1027/1563/918
f 1013/1546/918 1027/1563/918 1028/1549/918
f 1025/1557/919 1024/1555/919 1039/1564/919
f 1025/1557/919 1039/1564/919 1040/1565/919
f 1018/1559/920 995/1566/920 1033/1567/920
f 1002/1568/921 1032/1556/921 1047/1569/921
f 1026/1561/922 1025/1557/922 1040/1565/922
f 1026/1561/922 1040/1565/922 1041/1570/922
f 1019/1562/923 1018/1559/923 1033/1567/923
f 1019/1562/923 1033/1567/923 1034/1571/923
f 1027/1563/924 1026/1561/924 1041/1570/924
f 1027/1563/924 1041/1570/924 1042/1572/924
f 1020/1547/925 1019/1562/925 1034/1571/925
f 1020/1547/925 1034/1571/925 1035/1573/925
f 1028/1549/926 1027/1563/926 1042/1572/926
f 1028/1549/926 1042/1572/926 1043/1574/926
f 1021/1548/927 1020/1547/927 1035/1573/927
f 1021/1548/927 1035/1573/927 1036/1575/927
f 1029/1550/928 1028/1549/928 1043/1574/928
f 1029/1550/928 1043/1574/928 1044/1576/928
f 1022/1551/929 1021/1548/929 1036/1575/929
f 1022/1551/929 1036/1575/929 1037/1577/929
f 1030/1552/930 1029/1550/930 1044/1576/930
f 1030/1552/930 1044/1576/930 1045/1578/930
f 1023/1553/931 1022/1551/931 1037/1577/931
f 1023/1553/931 1037/1577/931 1038/1579/931
f 1031/1554/932 1030/1552/932 1045/1578/932
f 1031/1554/932 1045/1578/932 1046/1580/932
f 1024/1555/933 1023/1553/933 1038/1579/933
f 1024/1555/933 1038/1579/933 1039/1564/933
f 1032/1556/934 1031/1554/934 1046/1580/934
f 1032/1556/934 1046/1580/934 1047/1569/934
f 1044/1576/935 1043/1574/935 1058/1581/935
f 1044/1576/935 1058/1581/935 1059/1582/935
f 1037/1577/936 1036/1575/936 1051/1583/936
f 1037/1577/936 1051/1583/936 1052/1584/936
f 1045/1578/937 1044/1576/937 1059/1582/937
f 1045/1578/937 1059/1582/937 1060/1585/937
f 1038/1579/938 1037/1577/938 1052/1584/938
f 1038/1579/938 1052/1584/938 1053/1586/938
f 1046/1580/939 1045/1578/939 1060/1585/939
f 1046/1580/939 1060/1585/939 1061/1587/939
f 1039/1564/940 1038/1579/940 1053/1586/940
f 1039/1564/940 1053/1586/940 1054/1588/940
f 1047/1569/941 1046/1580/941 1061/1587/941
f 1047/1569/941 1061/1587/941 1062/1589/941
f 1040/1565/942 1039/1564/942 1054/1588/942
f 1040/1565/942 1054/1588/942 1055/1590/942
f 1033/1567/943 995/1591/943 1048/1592/943
f 1002/1593/944 1047/1569/944 1062/1589/944
f 1041/1570/945 1040/1565/945 1055/1590/945
f 1041/1570/945 1055/1590/945 1056/1594/945
f 1034/1571/946 1033/1567/946 1048/1592/946
f 1034/1571/946 1048/1592/946 1049/1595/946
f 1042/1572/947 1041/1570/947 1056/1594/947
f 1042/1572/947 1056/1594/947 1057/1596/947
f 1035/1573/948 1034/1571/948 1049/1595/948
f 1035/1573/948 1049/1595/948 1050/1597/948
f 1043/1574/949 1042/1572/949 1057/1596/949
f 1043/1574/949 1057/1596/949 1058/1581/949
f 1036/1575/950 1035/1573/950 1050/1597/950
f 1036/1575/950 1050/1597/950 1051/1583/950
f 1048/1592/951 995/1598/951 1063/1599/951
f 1002/1600/952 1062/1589/952 1077/1601/952
f 1056/1594/953 1055/1590/953 1070/1602/953
f 1056/1594/953 1070/1602/953 1071/1603/953
f 1049/1595/954 1048/1592/954 1063/1599/954
f 1049/1595/954 1063/1599/954 1064/1604/954
f 1057/1596/955 1056/1594/955 1071/1603/955
f 1057/1596/955 1071/1603/955 1072/1605/955
f 1050/1597/956 1049/1595/956 1064/1604/956
f 1050/1597/956 1064/1604/956 1065/1606/956
f 1058/1581/957 1057/1596/957 1072/1605/957
f 1058/1581/957 1072/1605/957 1073/1607/957
f 1051/1583/958 1050/1597/958 1065/1606/958
f 1051/1583/958 1065/1606/958 1066/1608/958
f 1059/1582/959 1058/1581/959 1073/1607/959
f 1059/1582/959 1073/1607/959 1074/1609/959
f 1052/1584/960 1051/1583/960 1066/1608/960
f 1052/1584/960 1066/1608/960 1067/1610/960
f 1060/1585/961 1059/1582/961 1074/1609/961
f 1060/1585/961 1074/1609/961 1075/1611/961
f 1053/1586/962 1052/1584/962 1067/1610/962
f 1053/1586/962 1067/1610/962 1068/1612/962
f 1061/1587/963 1060/1585/963 1075/1611/963
f 1061/1587/963 1075/1611/963 1076/1613/963
f 1054/1588/964 1053/1586/964 1068/1612/964
f 1054/1588/964 1068/1612/964 1069/1614/964
f 1062/1589/965 1061/1587/965 1076/1613/965
f 1062/1589/965 1076/1613/965 1077/1601/965
f 1055/1590/966 1054/1588/966 1069/1614/966
f 1055/1590/966 1069/1614/966 1070/1602/966
f 1067/1610/967 1066/1608/967 1081/1615/967
f 1067/1610/967 1081/1615/967 1082/1616/967
f 1075/1611/968 1074/1609/968 1089/1617/968
f 1075/1611/968 1089/1617/968 1090/1618/968
f 1068/1612/969 1067/1610/969 1082/1616/969
f 1068/1612/969 1082/1616/969 1083/1619/969
f 1076/1613/970 1075/1611/970 1090/1618/970
f 1076/1613/970 1090/1618/970 1091/1620/970
f 1069/1614/971 1068/1612/971 1083/1619/971
f 1069/1614/971 1083/1619/971 1084/1621/971
f 1077/1601/972 1076/1613/972 1091/1620/972
f 1077/1601/972 1091/1620/972 1092/1622/972
f 1070/1602/973 1069/1614/973 1084/1621/973
f 1070/1602/973 1084/1621/973 1085/1623/973
f 1063/1599/974 995/1624/974 1078/1625/974
f 1002/1626/975 1077/1601/975 1092/1622/975
f 1071/1603/976 1070/1602/976 1085/1623/976
f 1071/1603/976 1085/1623/976 1086/1627/976
f 1064/1604/977 1063/1599/977 1078/1625/977
f 1064/1604/977 1078/1625/977 1079/1628/977
f 1072/1605/978 1071/1603/978 1086/1627/978
f 1072/1605/978 1086/1627/978 1087/1629/978
f 1065/1606/979 1064/1604/979 1079/1628/979
f 1065/1606/979 1079/1628/979 1080/1630/979
f 1073/1607/980 1072/1605/980 1087/1629/980
f 1073/1607/980 1087/1629/980 1088/1631/980
f 1066/1608/981 1065/1606/981 1080/1630/981
f 1066/1608/981 1080/1630/981 1081/1615/981
f 1074/1609/982 1073/1607/982 1088/1631/982
f 1074/1609/982 1088/1631/982 1089/1617/982
f 1086/1627/983 1085/1623/983 1100/1632/983
f 1086/1627/983 1100/1632/983 1101/1633/983
f 1079/1628/984 1078/1625/984 1093/1634/984
f 1079/1628/984 1093/1634/984 1094/1635/984
f 1087/1629/985 1086/1627/985 1101/1633/985
f 1087/1629/985 1101/1633/985 1102/1636/985
f 1080/1630/986 1079/1628/986 1094/1635/986
f 1080/1630/986 1094/1635/986 1095/1637/986
f 1088/1631/987 1087/1629/987 1102/1636/987
f 1088/1631/987 1102/1636/987 1103/1638/987
f 1081/1615/988 1080/1630/988 1095/1637/988
f 1081/1615/988 1095/1637/988 1096/1639/988
f 1089/1617/989 1088/1631/989 1103/1638/989
f 1089/1617/989 1103/1638/989 1104/1640/989
f 1082/1616/990 1081/1615/990 1096/1639/990
f 1082/1616/990 1096/1639/990 1097/1641/990
f 1090/1618/991 1089/1617/991 1104/1640/991
f 1090/1618/991 1104/1640/991 1105/1642/991
f 1083/1619/992 1082/1616/992 1097/1641/992
f 1083/1619/992 1097/1641/992 1098/1643/992
f 1091/1620/993 1090/1618/993 1105/1642/993
f 1091/1620/993 1105/1642/993 1106/1644/993
f 1084/1621/994 1083/1619/994 1098/1643/994
f 1084/1621/994 1098/1643/994 1099/1645/994
f 1092/1622/995 1091/1620/995 1106/1644/995
f 1092/1622/995 1106/1644/995 1107/1646/995
f 1085/1623/996 1084/1621/996 1099/1645/996
f 1085/1623/996 1099/1645/996 1100/1632/996
f 1078/1625/997 995/1647/997 1093/1634/997
f 1002/1648/998 1092/1622/998 1107/1646/998
f 1105/1642/999 1104/1640/999 1119/1649/999
f 1105/1642/999 1119/1649/999 1120/1650/999
f 1098/1643/1000 1097/1641/1000 1112/1651/1000
f 1098/1643/1000 1112/1651/1000 1113/1652/1000
f 1106/1644/1001 1105/1642/1001 1120/1650/1001
f 1106/1644/1001 1120/1650/1001 1121/1653/1001
f 1099/1645/1002 1098/1643/1002 1113/1652/1002
f 1099/1645/1002 1113/1652/1002 1114/1654/1002
f 1107/1646/1003 1106/1644/1003 1121/1653/1003
f 1107/1646/1003 1121/1653/1003 1122/1655/1003
f 1100/1632/1004 1099/1645/1004 1114/1654/1004
f 1100/1632/1004 1114/1654/1004 1115/1656/1004
f 1093/1634/1005 995/1657/1005 1108/1658/1005
f 1002/1659/1006 1107/1646/1006 1122/1655/1006
f 1101/1633/1007 1100/1632/1007 1115/1656/1007
f 1101/1633/1007 1115/1656/1007 1116/1660/1007
f 1094/1635/1008 1093/1634/1008 1108/1658/1008
f 1094/1635/1008 1108/1658/1008 1109/1661/1008
f 1102/1636/1009 1101/1633/1009 1116/1660/1009
f 1102/1636/1009 1116/1660/1009 1117/1662/1009
f 1095/1637/1010 1094/1635/1010 1109/1661/1010
f 1095/1637/1010 1109/1661/1010 1110/1663/1010
f 1103/1638/1011 1102/1636/1011 1117/1662/1011
f 1103/1638/1011 1117/1662/1011 1118/1664/1011
f 1096/1639/1012 1095/1637/1012 1110/1663/1012
f 1096/1639/1012 1110/1663/1012 1111/1665/1012
f 1104/1640/1013 1103/1638/1013 1118/1664/1013
f 1104/1640/1013 1118/1664/1013 1119/1649/1013
f 1097/1641/1014 1096/1639/1014 1111/1665/1014
f 1097/1641/1014 1111/1665/1014 1112/1651/1014
f 1117/1662/1015 1116/1660/1015 1131/1666/1015
f 1117/1662/1015 1131/1666/1015 1132/1667/1015
f 1110/1663/1016 1109/1661/1016 1124/1668/1016
f 1110/1663/1016 1124/1668/1016 1125/1669/1016
f 1118/1664/1017 1117/1662/1017 1132/1667/1017
f 1118/1664/1017 1132/1667/1017 1133/1670/1017
f 1111/1665/1018 1110/1663/1018 1125/1669/1018
f 1111/1665/1018 1125/1669/1018 1126/1671/1018
f 1119/1649/1019 1118/1664/1019 1133/1670/1019
f 1119/1649/1019 1133/1670/1019 1134/1672/1019
f 1112/1651/1020 1111/1665/1020 1126/1671/1020
f 1112/1651/1020 1126/1671/1020 1127/1673/1020
f 1120/1650/1021 1119/1649/1021 1134/1672/1021
f 1120/1650/1021 1134/1672/1021 1135/1674/1021
f 1113/1652/1022 1112/1651/1022 1127/1673/1022
f 1113/1652/1022 1127/1673/1022 1128/1675/1022
f 1121/1653/1023 1120/1650/1023 1135/1674/1023
f 1121/1653/1023 1135/1674/1023 1136/1676/1023
f 1114/1654/1024 1113/1652/1024 1128/1675/1024
f 1114/1654/1024 1128/1675/1024 1129/1677/1024
f 1122/1655/1025 1121/1653/1025 1136/1676/1025
f 1122/1655/1025 1136/1676/1025 1137/1678/1025
f 1115/1656/1026 1114/1654/1026 1129/1677/1026
f 1115/1656/1026 1129/1677/1026 1130/1679/1026
f 1108/1658/1027 995/1680/1027 1123/1681/1027
f 1002/1682/1028 1122/1655/1028 1137/1678/1028
f 1116/1660/1029 1115/1656/1029 1130/1679/1029
f 1116/1660/1029 1130/1679/1029 1131/1666/1029
f 1109/1661/1030 1108/1658/1030 1123/1681/1030
f 1109/1661/1030 1123/1681/1030 1124/1668/1030
f 1136/1676/1031 1135/1674/1031 1150/1683/1031
f 1136/1676/1031 1150/1683/1031 1151/1684/1031
f 1129/1677/1032 1128/1675/1032 1143/1685/1032
f 1129/1677/1032 1143/1685/1032 1144/1686/1032
f 1137/1678/1033 1136/1676/1033 1151/1684/1033
f 1137/1678/1033 1151/1684/1033 1152/1687/1033
f 1130/1679/1034 1129/1677/1034 1144/1686/1034
f 1130/1679/1034 1144/1686/1034 1145/1688/1034
f 1123/1681/1035 995/1689/1035 1138/1690/1035
f 1002/1691/1036 1137/1678/1036 1152/1687/1036
f 1131/1666/1037 1130/1679/1037 1145/1688/1037
f 1131/1666/1037 1145/1688/1037 1146/1692/1037
f 1124/1668/1038 1123/1681/1038 1138/1690/1038
f 1124/1668/1038 1138/1690/1038 1139/1693/1038
f 1132/1667/1039 1131/1666/1039 1146/1692/1039
f 1132/1667/1039 1146/1692/1039 1147/1694/1039
f 1125/1669/1040 1124/1668/1040 1139/1693/1040
f 1125/1669/1040 1139/1693/1040 1140/1695/1040
f 1133/1670/1041 1132/1667/1041 1147/1694/1041
f 1133/1670/1041 1147/1694/1041 1148/1696/1041
f 1126/1671/1042 1125/1669/1042 1140/1695/1042
f 1126/1671/1042 1140/1695/1042 1141/1697/1042
f 1134/1672/1043 1133/1670/1043 1148/1696/1043
f 1134/1672/1043 1148/1696/1043 1149/1698/1043
f 1127/1673/1044 1126/1671/1044 1141/1697/1044
f 1127/1673/1044 1141/1697/1044 1142/1699/1044
f 1135/1674/1045 1134/1672/1045 1149/1698/1045
f 1135/1674/1045 1149/1698/1045 1150/1683/1045
f 1128/1675/1046 1127/1673/1046 1142/1699/1046
f 1128/1675/1046 1142/1699/1046 1143/1685/1046
f 1140/1695/1047 1139/1693/1047 1154/1700/1047
f 1140/1695/1047 1154/1700/1047 1155/1701/1047
f 1148/1696/1048 1147/1694/1048 1162/1702/1048
f 1148/1696/1048 1162/1702/1048 1163/1703/1048
f 1141/1697/1049 1140/1695/1049 1155/1701/1049
f 1141/1697/1049 1155/1701/1049 1156/1704/1049
f 1149/1698/1050 1148/1696/1050 1163/1703/1050
f 1149/1698/1050 1163/1703/1050 1164/1705/1050
f 1142/1699/1051 1141/1697/1051 1156/1704/1051
f 1142/1699/1051 1156/1704/1051 1157/1706/1051
f 1150/1683/1052 1149/1698/1052 1164/1705/1052
f 1150/1683/1052 1164/1705/1052 1165/1707/1052
f 1143/1685/1053 1142/1699/1053 1157/1706/1053
f 1143/1685/1053 1157/1706/1053 1158/1708/1053
f 1151/1684/1054 1150/1683/1054 1165/1707/1054
f 1151/1684/1054 1165/1707/1054 1166/1709/1054
f 1144/1686/1055 1143/1685/1055 1158/1708/1055
f 1144/1686/1055 1158/1708/1055 1159/1710/1055
f 1152/1687/1056 1151/1684/1056 1166/1709/1056
f 1152/1687/1056 1166/1709/1056 1167/1711/1056
f 1145/1688/1057 1144/1686/1057 1159/1710/1057
f 1145/1688/1057 1159/1710/1057 1160/1712/1057
f 1138/1690/1058 995/1713/1058 1153/1714/1058
f 1002/1715/1059 1152/1687/1059 1167/1711/1059
f 1146/1692/1060 1145/1688/1060 1160/1712/1060
f 1146/1692/1060 1160/1712/1060 1161/1716/1060
f 1139/1693/1061 1138/1690/1061 1153/1714/1061
f 1139/1693/1061 1153/1714/1061 1154/1700/1061
f 1147/1694/1062 1146/1692/1062 1161/1716/1062
f 1147/1694/1062 1161/1716/1062 1162/1702/1062
f 1159/1710/1063 1158/1708/1063 1173/1717/1063
f 1159/1710/1063 1173/1717/1063 1174/1718/1063
f 1167/1711/1064 1166/1709/1064 1181/1719/1064
f 1167/1711/1064 1181/1719/1064 1182/1720/1064
f 1160/1712/1065 1159/1710/1065 1174/1718/1065
f 1160/1712/1065 1174/1718/1065 1175/1721/1065
f 1153/1714/1066 995/1722/1066 1168/1723/1066
f 1002/1724/1067 1167/1711/1067 1182/1720/1067
f 1161/1716/1068 1160/1712/1068 1175/1721/1068
f 1161/1716/1068 1175/1721/1068 1176/1725/1068
f 1154/1700/1069 1153/1714/1069 1168/1723/1069
f 1154/1700/1069 1168/1723/1069 1169/1726/1069
f 1162/1702/1070 1161/1716/1070 1176/1725/1070
f 1162/1702/1070 1176/1725/1070 1177/1727/1070
f 1155/1701/1071 1154/1700/1071 1169/1726/1071
f 1155/1701/1071 1169/1726/1071 1170/1728/1071
f 1163/1703/1072 1162/1702/1072 1177/1727/1072
f 1163/1703/1072 1177/1727/1072 1178/1729/1072
f 1156/1704/1073 1155/1701/1073 1170/1728/1073
f 1156/1704/1073 1170/1728/1073 1171/1730/1073
f 1164/1705/1074 1163/1703/1074 1178/1729/1074
f 1164/1705/1074 1178/1729/1074 1179/1731/1074
f 1157/1706/1075 1156/1704/1075 1171/1730/1075
f 1157/1706/1075 1171/1730/1075 1172/1732/1075
f 1165/1707/1076 1164/1705/1076 1179/1731/1076
f 1165/1707/1076 1179/1731/1076 1180/1733/1076
f 1158/1708/1077 1157/1706/1077 1172/1732/1077
f 1158/1708/1077 1172/1732/1077 1173/1717/1077
f 1166/1709/1078 1165/1707/1078 1180/1733/1078
f 1166/1709/1078 1180/1733/1078 1181/1719/1078
f 1178/1729/1079 1177/1727/1079 1192/1734/1079
f 1178/1729/1079 1192/1734/1079 1193/1735/1079
f 1171/1730/1080 1170/1728/1080 1185/1736/1080
f 1171/1730/1080 1185/1736/1080 1186/1737/1080
f 1179/1731/1081 1178/1729/1081 1193/1735/1081
f 1179/1731/1081 1193/1735/1081 1194/1738/1081
f 1172/1732/1082 1171/1730/1082 1186/1737/1082
f 1172/1732/1082 1186/1737/1082 1187/1739/1082
f 1180/1733/1083 1179/1731/1083 1194/1738/1083
f 1180/1733/1083 1194/1738/1083 1195/1740/1083
f 1173/1717/1084 1172/1732/1084 1187/1739/1084
f 1173/1717/1084 1187/1739/1084 1188/1741/1084
f 1181/1719/1085 1180/1733/1085 1195/1740/1085
f 1181/1719/1085 1195/1740/1085 1196/1742/1085
f 1174/1718/1086 1173/1717/1086 1188/1741/1086
f 1174/1718/1086 1188/1741/1086 1189/1743/1086
f 1182/1720/1087 1181/1719/1087 1196/1742/1087
f 1182/1720/1087 1196/1742/1087 1197/1744/1087
f 1175/1721/1088 1174/1718/1088 1189/1743/1088
f 1175/1721/1088 1189/1743/1088 1190/1745/1088
f 1168/1723/1089 995/1746/1089 1183/1747/1089
f 1002/1748/1090 1182/1720/1090 1197/1744/1090
f 1176/1725/1091 1175/1721/1091 1190/1745/1091
f 1176/1725/1091 1190/1745/1091 1191/1749/1091
f 1169/1726/1092 1168/1723/1092 1183/1747/1092
f 1169/1726/1092 1183/1747/1092 1184/1750/1092
f 1177/1727/1093 1176/1725/1093 1191/1749/1093
f 1177/1727/1093 1191/1749/1093 1192/1734/1093
f 1170/1728/1094 1169/1726/1094 1184/1750/1094
f 1170/1728/1094 1184/1750/1094 1185/1736/1094
f 1197/1744/1095 1196/1742/1095 1211/1751/1095
f 1197/1744/1095 1211/1751/1095 1212/1752/1095
f 1190/1745/1096 1189/1743/1096 1204/1753/1096
f 1190/1745/1096 1204/1753/1096 1205/1754/1096
f 1183/1747/1097 995/1755/1097 1198/1756/1097
f 1002/1757/1098 1197/1744/1098 1212/1752/1098
f 1191/1749/1099 1190/1745/1099 1205/1754/1099
f 1191/1749/1099 1205/1754/1099 1206/1758/1099
f 1184/1750/1100 1183/1747/1100 1198/1756/1100
f 1184/1750/1100 1198/1756/1100 1199/1759/1100
f 1192/1734/1101 1191/1749/1101 1206/1758/1101
f 1192/1734/1101 1206/1758/1101 1207/1760/1101
f 1185/1736/1102 1184/1750/1102 1199/1759/1102
f 1185/1736/1102 1199/1759/1102 1200/1761/1102
f 1193/1735/1103 1192/1734/1103 1207/1760/1103
f 1193/1735/1103 1207/1760/1103 1208/1762/1103
f 1186/1737/1104 1185/1736/1104 1200/1761/1104
f 1186/1737/1104 1200/1761/1104 1201/1763/1104
f 1194/1738/1105 1193/1735/1105 1208/1762/1105
f 1194/1738/1105 1208/1762/1105 1209/1764/1105
f 1187/1739/1106 1186/1737/1106 1201/1763/1106
f 1187/1739/1106 1201/1763/1106 1202/1765/1106
f 1195/1740/1107 1194/1738/1107 1209/1764/1107
f 1195/1740/1107 1209/1764/1107 1210/1766/1107
f 1188/1741/1108 1187/1739/1108 1202/1765/1108
f 1188/1741/1108 1202/1765/1108 1203/1767/1108
f 1196/1742/1109 1195/1740/1109 1210/1766/1109
f 1196/1742/1109 1210/1766/1109 1211/1751/1109
f 1189/1743/1110 1188/1741/1110 1203/1767/1110
f 1189/1743/1110 1203/1767/1110 1204/1753/1110
f 1201/1763/1111 1200/1761/1111 1215/1768/1111
f 1201/1763/1111 1215/1768/1111 1216/1769/1111
f 1209/1764/1112 1208/1762/1112 1223/1770/1112
f 1209/1764/1112 1223/1770/1112 1224/1771/1112
f 1202/1765/1113 1201/1763/1113 1216/1769/1113
f 1202/1765/1113 1216/1769/1113 1217/1772/1113
f 1210/1766/1114 1209/1764/1114 1224/1771/1114
f 1210/1766/1114 1224/1771/1114 1225/1773/1114
f 1203/1767/1115 1202/1765/1115 1217/1772/1115
f 1203/1767/1115 1217/1772/1115 1218/1774/1115
f 1211/1751/1116 1210/1766/1116 1225/1773/1116
f 1211/1751/1116 1225/1773/1116 1226/1775/1116
f 1204/1753/1117 1203/1767/1117 1218/1774/1117
f 1204/1753/1117 1218/1774/1117 1219/1776/1117
f 1212/1752/1118 1211/1751/1118 1226/1775/1118
f 1212/1752/1118 1226/1775/1118 1227/1777/1118
f 1205/1754/1119 1204/1753/1119 1219/1776/1119
f 1205/1754/1119 1219/1776/1119 1220/1778/1119
f 1198/1756/1120 995/1779/1120 1213/1780/1120
f 1002/1781/1121 1212/1752/1121 1227/1777/1121
f 1206/1758/1122 1205/1754/1122 1220/1778/1122
f 1206/1758/1122 1220/1778/1122 1221/1782/1122
f 1199/1759/1123 1198/1756/1123 1213/1780/1123
f 1199/1759/1123 1213/1780/1123 1214/1783/1123
f 1207/1760/1124 1206/1758/1124 1221/1782/1124
f 1207/1760/1124 1221/1782/1124 1222/1784/1124
f 1200/1761/1125 1199/1759/1125 1214/1783/1125
f 1200/1761/1125 1214/1783/1125 1215/1768/1125
f 1208/1762/1126 1207/1760/1126 1222/1784/1126
f 1208/1762/1126 1222/1784/1126 1223/1770/1126
f 1220/1778/1127 1219/1776/1127 1234/1785/1127
f 1220/1778/1127 1234/1785/1127 1235/1786/1127
f 1213/1780/1128 995/1787/1128 1228/1788/1128
f 1002/1789/1129 1227/1777/1129 1242/1790/1129
f 1221/1782/1130 1220/1778/1130 1235/1786/1130
f 1221/1782/1130 1235/1786/1130 1236/1791/1130
f 1214/1783/1131 1213/1780/1131 1228/1788/1131
f 1214/1783/1131 1228/1788/1131 1229/1792/1131
f 1222/1784/1132 1221/1782/1132 1236/1791/1132
f 1222/1784/1132 1236/1791/1132 1237/1793/1132
f 1215/1768/1133 1214/1783/1133 1229/1792/1133
f 1215/1768/1133 1229/1792/1133 1230/1794/1133
f 1223/1770/1134 1222/1784/1134 1237/1793/1134
f 1223/1770/1134 1237/1793/1134 1238/1795/1134
f 1216/1769/1135 1215/1768/1135 1230/1794/1135
f 1216/1769/1135 1230/1794/1135 1231/1796/1135
f 1224/1771/1136 1223/1770/1136 1238/1795/1136
f 1224/1771/1136 1238/1795/1136 1239/1797/1136
f 1217/1772/1137 1216/1769/1137 1231/1796/1137
f 1217/1772/1137 1231/1796/1137 1232/1798/1137
f 1225/1773/1138 1224/1771/1138 1239/1797/1138
f 1225/1773/1138 1239/1797/1138 1240/1799/1138
f 1218/1774/1139 1217/1772/1139 1232/1798/1139
f 1218/1774/1139 1232/1798/1139 1233/1800/1139
f 1226/1775/1140 1225/1773/1140 1240/1799/1140
f 1226/1775/1140 1240/1799/1140 1241/1801/1140
f 1219/1776/1141 1218/1774/1141 1233/1800/1141
f 1219/1776/1141 1233/1800/1141 1234/1785/1141
f 1227/1777/1142 1226/1775/1142 1241/1801/1142
f 1227/1777/1142 1241/1801/1142 1242/1790/1142
f 1239/1797/1143 1238/1795/1143 1253/1802/1143
f 1239/1797/1143 1253/1802/1143 1254/1803/1143
f 1232/1798/1144 1231/1796/1144 1246/1804/1144
f 1232/1798/1144 1246/1804/1144 1247/1805/1144
f 1240/1799/1145 1239/1797/1145 1254/1803/1145
f 1240/1799/1145 1254/1803/1145 1255/1806/1145
f 1233/1800/1146 1232/1798/1146 1247/1805/1146
f 1233/1800/1146 1247/1805/1146 1248/1807/1146
f 1241/1801/1147 1240/1799/1147 1255/1806/1147
f 1241/1801/1147 1255/1806/1147 1256/1808/1147
f 1234/1785/1148 1233/1800/1148 1248/1807/1148
f 1234/1785/1148 1248/1807/1148 1249/1809/1148
f 1242/1790/1149 1241/1801/1149 1256/1808/1149
f 1242/1790/1149 1256/1808/1149 1257/1810/1149
f 1235/1786/1150 1234/1785/1150 1249/1809/1150
f 1235/1786/1150 1249/1809/1150 1250/1811/1150
f 1228/1788/1151 995/1812/1151 1243/1813/1151
f 1002/1814/1152 1242/1790/1152 1257/1810/1152
f 1236/1791/1153 1235/1786/1153 1250/1811/1153
f 1236/1791/1153 1250/1811/1153 1251/1815/1153
f 1229/1792/1154 1228/1788/1154 1243/1813/1154
f 1229/1792/1154 1243/1813/1154 1244/1816/1154
f 1237/1793/1155 1236/1791/1155 1251/1815/1155
f 1237/1793/1155 1251/1815/1155 1252/1817/1155
f 1230/1794/1156 1229/1792/1156 1244/1816/1156
f 1230/1794/1156 1244/1816/1156 1245/1818/1156
f 1238/1795/1157 1237/1793/1157 1252/1817/1157
f 1238/1795/1157 1252/1817/1157 1253/1802/1157
f 1231/1796/1158 1230/1794/1158 1245/1818/1158
f 1231/1796/1158 1245/1818/1158 1246/1804/1158
f 1002/1819/1159 1257/1810/1159 1272/1820/1159
f 1251/1815/1160 1250/1811/1160 1265/1821/1160
f 1251/1815/1160 1265/1821/1160 1266/1822/1160
f 1244/1816/1161 1243/1813/1161 1258/1823/1161
f 1244/1816/1161 1258/1823/1161 1259/1824/1161
f 1252/1817/1162 1251/1815/1162 1266/1822/1162
f 1252/1817/1162 1266/1822/1162 1267/1825/1162
f 1245/1818/1163 1244/1816/1163 1259/1824/1163
f 1245/1818/1163 1259/1824/1163 1260/1826/1163
f 1253/1802/1164 1252/1817/1164 1267/1825/1164
f 1253/1802/1164 1267/1825/1164 1268/1827/1164
f 1246/1804/1165 1245/1818/1165 1260/1826/1165
f 1246/1804/1165 1260/1826/1165 1261/1828/1165
f 1254/1803/1166 1253/1802/1166 1268/1827/1166
f 1254/1803/1166 1268/1827/1166 1269/1829/1166
f 1247/1805/1167 1246/1804/1167 1261/1828/1167
f 1247/1805/1167 1261/1828/1167 1262/1830/1167
f 1255/1806/1168 1254/1803/1168 1269/1829/1168
f 1255/1806/1168 1269/1829/1168 1270/1831/1168
f 1248/1807/1169 1247/1805/1169 1262/1830/1169
f 1248/1807/1169 1262/1830/1169 1263/1832/1169
f 1256/1808/1170 1255/1806/1170 1270/1831/1170
f 1256/1808/1170 1270/1831/1170 1271/1833/1170
f 1249/1809/1171 1248/1807/1171 1263/1832/1171
f 1249/1809/1171 1263/1832/1171 1264/1834/1171
f 1257/1810/1172 1256/1808/1172 1271/1833/1172
f 1257/1810/1172 1271/1833/1172 1272/1820/1172
f 1250/1811/1173 1249/1809/1173 1264/1834/1173
f 1250/1811/1173 1264/1834/1173 1265/1821/1173
f 1243/1813/1174 995/1835/1174 1258/1823/1174
f 1270/1831/1175 1269/1829/1175 1284/1836/1175
f 1270/1831/1175 1284/1836/1175 1285/1837/1175
f 1263/1832/1176 1262/1830/1176 1277/1838/1176
f 1263/1832/1176 1277/1838/1176 1278/1839/1176
f 1271/1833/1177 1270/1831/1177 1285/1837/1177
f 1271/1833/1177 1285/1837/1177 1286/1840/1177
f 1264/1834/1178 1263/1832/1178 1278/1839/1178
f 1264/1834/1178 1278/1839/1178 1279/1841/1178
f 1272/1820/1179 1271/1833/1179 1286/1840/1179
f 1272/1820/1179 1286/1840/1179 1287/1842/1179
f 1265/1821/1180 1264/1834/1180 1279/1841/1180
f 1265/1821/1180 1279/1841/1180 1280/1843/1180
f 1258/1823/1181 995/1844/1181 1273/1845/1181
f 1002/1846/1182 1272/1820/1182 1287/1842/1182
f 1266/1822/1183 1265/1821/1183 1280/1843/1183
f 1266/1822/1183 1280/1843/1183 1281/1847/1183
f 1259/1824/1184 1258/1823/1184 1273/1845/1184
f 1259/1824/1184 1273/1845/1184 1274/1848/1184
f 1267/1825/1185 1266/1822/1185 1281/1847/1185
f 1267/1825/1185 1281/1847/1185 1282/1849/1185
f 1260/1826/1186 1259/1824/1186 1274/1848/1186
f 1260/1826/1186 1274/1848/1186 1275/1850/1186
f 1268/1827/1187 1267/1825/1187 1282/1849/1187
f 1268/1827/1187 1282/1849/1187 1283/1851/1187
f 1261/1828/1188 1260/1826/1188 1275/1850/1188
f 1261/1828/1188 1275/1850/1188 1276/1852/1188
f 1269/1829/1189 1268/1827/1189 1283/1851/1189
f 1269/1829/1189 1283/1851/1189 1284/1836/1189
f 1262/1830/1190 1261/1828/1190 1276/1852/1190
f 1262/1830/1190 1276/1852/1190 1277/1838/1190
f 1274/1848/1191 1273/1845/1191 1288/1853/1191
f 1274/1848/1191 1288/1853/1191 1289/1854/1191
f 1282/1849/1192 1281/1847/1192 1296/1855/1192
f 1282/1849/1192 1296/1855/1192 1297/1856/1192
f 1275/1850/1193 1274/1848/1193 1289/1854/1193
f 1275/1850/1193 1289/1854/1193 1290/1857/1193
f 1283/1851/1194 1282/1849/1194 1297/1856/1194
f 1283/1851/1194 1297/1856/1194 1298/1858/1194
f 1276/1852/1195 1275/1850/1195 1290/1857/1195
f 1276/1852/1195 1290/1857/1195 1291/1859/1195
f 1284/1836/1196 1283/1851/1196 1298/1858/1196
f 1284/1836/1196 1298/1858/1196 1299/1860/1196
f 1277/1838/1197 1276/1852/1197 1291/1859/1197
f 1277/1838/1197 1291/1859/1197 1292/1861/1197
f 1285/1837/1198 1284/1836/1198 1299/1860/1198
f 1285/1837/1198 1299/1860/1198 1300/1862/1198
f 1278/1839/1199 1277/1838/1199 1292/1861/1199
f 1278/1839/1199 1292/1861/1199 1293/1863/1199
f 1286/1840/1200 1285/1837/1200 1300/1862/1200
f 1286/1840/1200 1300/1862/1200 1301/1864/1200
f 1279/1841/1201 1278/1839/1201 1293/1863/1201
f 1279/1841/1201 1293/1863/1201 1294/1865/1201
f 1287/1842/1202 1286/1840/1202 1301/1864/1202
f 1287/1842/1202 1301/1864/1202 1302/1866/1202
f 1280/1843/1203 1279/1841/1203 1294/1865/1203
f 1280/1843/1203 1294/1865/1203 1295/1867/1203
f 1273/1845/1204 995/1868/1204 1288/1853/1204
f 1002/1869/1205 1287/1842/1205 1302/1866/1205
f 1281/1847/1206 1280/1843/1206 1295/1867/1206
f 1281/1847/1206 1295/1867/1206 1296/1855/1206
f 1293/1863/1207 1292/1861/1207 1307/1870/1207
f 1293/1863/1207 1307/1870/1207 1308/1871/1207
f 1301/1864/1208 1300/1862/1208 1315/1872/1208
f 1301/1864/1208 1315/1872/1208 1316/1873/1208
f 1294/1865/1209 1293/1863/1209 1308/1871/1209
f 1294/1865/1209 1308/1871/1209 1309/1874/1209
f 1302/1866/1210 1301/1864/1210 1316/1873/1210
f 1302/1866/1210 1316/1873/1210 1317/1875/1210
f 1295/1867/1211 1294/1865/1211 1309/1874/1211
f 1295/1867/1211 1309/1874/1211 1310/1876/1211
f 1288/1853/1212 995/1877/1212 1303/1878/1212
f 1002/1879/1213 1302/1866/1213 1317/1875/1213
f 1296/1855/1214 1295/1867/1214 1310/1876/1214
f 1296/1855/1214 1310/1876/1214 1311/1880/1214
f 1289/1854/1215 1288/1853/1215 1303/1878/1215
f 1289/1854/1215 1303/1878/1215 1304/1881/1215
f 1297/1856/1216 1296/1855/1216 1311/1880/1216
f 1297/1856/1216 1311/1880/1216 1312/1882/1216
f 1290/1857/1217 1289/1854/1217 1304/1881/1217
f 1290/1857/1217 1304/1881/1217 1305/1883/1217
f 1298/1858/1218 1297/1856/1218 1312/1882/1218
f 1298/1858/1218 1312/1882/1218 1313/1884/1218
f 1291/1859/1219 1290/1857/1219 1305/1883/1219
f 1291/1859/1219 1305/1883/1219 1306/1885/1219
f 1299/1860/1220 1298/1858/1220 1313/1884/1220
f 1299/1860/1220 1313/1884/1220 1314/1886/1220
f 1292/1861/1221 1291/1859/1221 1306/1885/1221
f 1292/1861/1221 1306/1885/1221 1307/1870/1221
f 1300/1862/1222 1299/1860/1222 1314/1886/1222
f 1300/1862/1222 1314/1886/1222 1315/1872/1222
f 1312/1882/1223 1311/1880/1223 1326/1887/1223
f 1312/1882/1223 1326/1887/1223 1327/1888/1223
f 1305/1883/1224 1304/1881/1224 1319/1889/1224
f 1305/1883/1224 1319/1889/1224 1320/1890/1224
f 1313/1884/1225 1312/1882/1225 1327/1888/1225
f 1313/1884/1225 1327/1888/1225 1328/1891/1225
f 1306/1885/1226 1305/1883/1226 1320/1890/1226
f 1306/1885/1226 1320/1890/1226 1321/1892/1226
f 1314/1886/1227 1313/1884/1227 1328/1891/1227
f 1314/1886/1227 1328/1891/1227 1329/1893/1227
f 1307/1870/1228 1306/1885/1228 1321/1892/1228
f 1307/1870/1228 1321/1892/1228 1322/1894/1228
f 1315/1872/1229 1314/1886/1229 1329/1893/1229
f 1315/1872/1229 1329/1893/1229 1330/1895/1229
f 1308/1871/1230 1307/1870/1230 1322/1894/1230
f 1308/1871/1230 1322/1894/1230 1323/1896/1230
f 1316/1873/1231 1315/1872/1231 1330/1895/1231
f 1316/1873/1231 1330/1895/1231 1331/1897/1231
f 1309/1874/1232 1308/1871/1232 1323/1896/1232
f 1309/1874/1232 1323/1896/1232 1324/1898/1232
f 1317/1875/1233 1316/1873/1233 1331/1897/1233
f 1317/1875/1233 1331/1897/1233 1332/1899/1233
f 1310/1876/1234 1309/1874/1234 1324/1898/1234
f 1310/1876/1234 1324/1898/1234 1325/1900/1234
f 1303/1878/1235 995/1901/1235 1318/1902/1235
f 1002/1903/1236 1317/1875/1236 1332/1899/1236
f 1311/1880/1237 1310/1876/1237 1325/1900/1237
f 1311/1880/1237 1325/1900/1237 1326/1887/1237
f 1304/1881/1238 1303/1878/1238 1318/1902/1238
f 1304/1881/1238 1318/1902/1238 1319/1889/1238
f 1331/1897/1239 1330/1895/1239 1345/1904/1239
f 1331/1897/1239 1345/1904/1239 1346/1905/1239
f 1324/1898/1240 1323/1896/1240 1338/1906/1240
f 1324/1898/1240 1338/1906/1240 1339/1907/1240
f 1332/1899/1241 1331/1897/1241 1346/1905/1241
f 1332/1899/1241 1346/1905/1241 1347/1908/1241
f 1325/1900/1242 1324/1898/1242 1339/1907/1242
f 1325/1900/1242 1339/1907/1242 1340/1909/1242
f 1318/1902/1243 995/1910/1243 1333/1911/1243
f 1002/1912/1244 1332/1899/1244 1347/1908/1244
f 1326/1887/1245 1325/1900/1245 1340/1909/1245
f 1326/1887/1245 1340/1909/1245 1341/1913/1245
f 1319/1889/1246 1318/1902/1246 1333/1911/1246
f 1319/1889/1246 1333/1911/1246 1334/1914/1246
f 1327/1888/1247 1326/1887/1247 1341/1913/1247
f 1327/1888/1247 1341/1913/1247 1342/1915/1247
f 1320/1890/1248 1319/1889/1248 1334/1914/1248
f 1320/1890/1248 1334/1914/1248 1335/1916/1248
f 1328/1891/1249 1327/1888/1249 1342/1915/1249
f 1328/1891/1249 1342/1915/1249 1343/1917/1249
f 1321/1892/1250 1320/1890/1250 1335/1916/1250
f 1321/1892/1250 1335/1916/1250 1336/1918/1250
f 1329/1893/1251 1328/1891/1251 1343/1917/1251
f 1329/1893/1251 1343/1917/1251 1344/1919/1251
f 1322/1894/1252 1321/1892/1252 1336/1918/1252
f 1322/1894/1252 1336/1918/1252 1337/1920/1252
f 1330/1895/1253 1329/1893/1253 1344/1919/1253
f 1330/1895/1253 1344/1919/1253 1345/1904/1253
f 1323/1896/1254 1322/1894/1254 1337/1920/1254
f 1323/1896/1254 1337/1920/1254 1338/1906/1254
f 1335/1916/1255 1334/1914/1255 1349/1921/1255
f 1335/1916/1255 1349/1921/1255 1350/1922/1255
f 1343/1917/1256 1342/1915/1256 1357/1923/1256
f 1343/1917/1256 1357/1923/1256 1358/1924/1256
f 1336/1918/1257 1335/1916/1257 1350/1922/1257
f 1336/1918/1257 1350/1922/1257 1351/1925/1257
f 1344/1919/1258 1343/1917/1258 1358/1924/1258
f 1344/1919/1258 1358/1924/1258 1359/1926/1258
f 1337/1920/1259 1336/1918/1259 1351/1925/1259
f 1337/1920/1259 1351/1925/1259 1352/1927/1259
f 1345/1904/1260 1344/1919/1260 1359/1926/1260
f 1345/1904/1260 1359/1926/1260 1360/1928/1260
f 1338/1906/1261 1337/1920/1261 1352/1927/1261
f 1338/1906/1261 1352/1927/1261 1353/1929/1261
f 1346/1905/1262 1345/1904/1262 1360/1928/1262
f 1346/1905/1262 1360/1928/1262 1361/1930/1262
f 1339/1907/1263 1338/1906/1263 1353/1929/1263
f 1339/1907/1263 1353/1929/1263 1354/1931/1263
f 1347/1908/1264 1346/1905/1264 1361/1930/1264
f 1347/1908/1264 1361/1930/1264 1362/1932/1264
f 1340/1909/1265 1339/1907/1265 1354/1931/1265
f 1340/1909/1265 1354/1931/1265 1355/1933/1265
f 1333/1911/1266 995/1934/1266 1348/1935/1266
f 1002/1936/1267 1347/1908/1267 1362/1932/1267
f 1341/1913/1268 1340/1909/1268 1355/1933/1268
f 1341/1913/1268 1355/1933/1268 1356/1937/1268
f 1334/1914/1269 1333/1911/1269 1348/1935/1269
f 1334/1914/1269 1348/1935/1269 1349/1921/1269
f 1342/1915/1270 1341/1913/1270 1356/1937/1270
f 1342/1915/1270 1356/1937/1270 1357/1923/1270
f 1354/1938/1271 1353/1939/1271 1368/1940/1271
f 1354/1938/1271 1368/1940/1271 1369/1941/1271
f 1362/1942/1272 1361/1943/1272 1376/1944/1272
f 1362/1942/1272 1376/1944/1272 1377/1945/1272
f 1355/1946/1273 1354/1938/1273 1369/1941/1273
f 1355/1946/1273 1369/1941/1273 1370/1947/1273
f 1348/1948/1274 995/1949/1274 1363/1950/1274
f 1002/1951/1275 1362/1942/1275 1377/1945/1275
f 1356/1952/1276 1355/1946/1276 1370/1947/1276
f 1356/1952/1276 1370/1947/1276 1371/1953/1276
f 1349/1954/1277 1348/1948/1277 1363/1950/1277
f 1349/1954/1277 1363/1950/1277 1364/1955/1277
f 1357/1956/1278 1356/1952/1278 1371/1953/1278
f 1357/1956/1278 1371/1953/1278 1372/1957/1278
f 1350/1958/1279 1349/1954/1279 1364/1955/1279
f 1350/1958/1279 1364/1955/1279 1365/1959/1279
f 1358/1960/1280 1357/1956/1280 1372/1957/1280
f 1358/1960/1280 1372/1957/1280 1373/1961/1280
f 1351/1962/1281 1350/1958/1281 1365/1959/1281
f 1351/1962/1281 1365/1959/1281 1366/1963/1281
f 1359/1964/1282 1358/1960/1282 1373/1961/1282
f 1359/1964/1282 1373/1961/1282 1374/1965/1282
f 1352/1966/1283 1351/1962/1283 1366/1963/1283
f 1352/1966/1283 1366/1963/1283 1367/1967/1283
f 1360/1968/1284 1359/1964/1284 1374/1965/1284
f 1360/1968/1284 1374/1965/1284 1375/1969/1284
f 1353/1939/1285 1352/1966/1285 1367/1967/1285
f 1353/1939/1285 1367/1967/1285 1368/1940/1285
f 1361/1943/1286 1360/1968/1286 1375/1969/1286
f 1361/1943/1286 1375/1969/1286 1376/1944/1286
f 1373/1961/1287 1372/1957/1287 1387/1970/1287
f 1373/1961/1287 1387/1970/1287 1388/1971/1287
f 1366/1963/1288 1365/1959/1288 1380/1972/1288
f 1366/1963/1288 1380/1972/1288 1381/1973/1288
f 1374/1965/1289 1373/1961/1289 1388/1971/1289
f 1374/1965/1289 1388/1971/1289 1389/1974/1289
f 1367/1967/1290 1366/1963/1290 1381/1973/1290
f 1367/1967/1290 1381/1973/1290 1382/1975/1290
f 1375/1969/1291 1374/1965/1291 1389/1974/1291
f 1375/1969/1291 1389/1974/1291 1390/1976/1291
f 1368/1940/1292 1367/1967/1292 1382/1975/1292
f 1368/1940/1292 1382/1975/1292 1383/1977/1292
f 1376/1944/1293 1375/1969/1293 1390/1976/1293
f 1376/1944/1293 1390/1976/1293 1391/1978/1293
f 1369/1941/1294 1368/1940/1294 1383/1977/1294
f 1369/1941/1294 1383/1977/1294 1384/1979/1294
f 1377/1945/1295 1376/1944/1295 1391/1978/1295
f 1377/1945/1295 1391/1978/1295 1392/1980/1295
f 1370/1947/1296 1369/1941/1296 1384/1979/1296
f 1370/1947/1296 1384/1979/1296 1385/1981/1296
f 1363/1950/1297 995/1982/1297 1378/1983/1297
f 1002/1984/1298 1377/1945/1298 1392/1980/1298
f 1371/1953/1299 1370/1947/1299 1385/1981/1299
f 1371/1953/1299 1385/1981/1299 1386/1985/1299
f 1364/1955/1300 1363/1950/1300 1378/1983/1300
f 1364/1955/1300 1378/1983/1300 1379/1986/1300
f 1372/1957/1301 1371/1953/1301 1386/1985/1301
f 1372/1957/1301 1386/1985/1301 1387/1970/1301
f 1365/1959/1302 1364/1955/1302 1379/1986/1302
f 1365/1959/1302 1379/1986/1302 1380/1972/1302
f 1392/1980/1303 1391/1978/1303 1406/1987/1303
f 1392/1980/1303 1406/1987/1303 1407/1988/1303
f 1385/1981/1304 1384/1979/1304 1399/1989/1304
f 1385/1981/1304 1399/1989/1304 1400/1990/1304
f 1378/1983/1305 995/1991/1305 1393/1992/1305
f 1002/1993/1306 1392/1980/1306 1407/1988/1306
f 1386/1985/1307 1385/1981/1307 1400/1990/1307
f 1386/1985/1307 1400/1990/1307 1401/1994/1307
f 1379/1986/1308 1378/1983/1308 1393/1992/1308
f 1379/1986/1308 1393/1992/1308 1394/1995/1308
f 1387/1970/1309 1386/1985/1309 1401/1994/1309
f 1387/1970/1309 1401/1994/1309 1402/1996/1309
f 1380/1972/1310 1379/1986/1310 1394/1995/1310
f 1380/1972/1310 1394/1995/1310 1395/1997/1310
f 1388/1971/1311 1387/1970/1311 1402/1996/1311
f 1388/1971/1311 1402/1996/1311 1403/1998/1311
f 1381/1973/1312 1380/1972/1312 1395/1997/1312
f 1381/1973/1312 1395/1997/1312 1396/1999/1312
f 1389/1974/1313 1388/1971/1313 1403/1998/1313
f 1389/1974/1313 1403/1998/1313 1404/2000/1313
f 1382/1975/1314 1381/1973/1314 1396/1999/1314
f 1382/1975/1314 1396/1999/1314 1397/2001/1314
f 1390/1976/1315 1389/1974/1315 1404/2000/1315
f 1390/1976/1315 1404/2000/1315 1405/2002/1315
f 1383/1977/1316 1382/1975/1316 1397/2001/1316
f 1383/1977/1316 1397/2001/1316 1398/2003/1316
f 1391/1978/1317 1390/1976/1317 1405/2002/1317
f 1391/1978/1317 1405/2002/1317 1406/1987/1317
f 1384/1979/1318 1383/1977/1318 1398/2003/1318
f 1384/1979/1318 1398/2003/1318 1399/1989/1318
f 1404/2000/1319 1403/1998/1319 1418/2004/1319
f 1404/2000/1319 1418/2004/1319 1419/2005/1319
f 1397/2001/1320 1396/1999/1320 1411/2006/1320
f 1397/2001/1320 1411/2006/1320 1412/2007/1320
f 1405/2002/1321 1404/2000/1321 1419/2005/1321
f 1405/2002/1321 1419/2005/1321 1420/2008/1321
f 1398/2003/1322 1397/2001/1322 1412/2007/1322
f 1398/2003/1322 1412/2007/1322 1413/2009/1322
f 1406/1987/1323 1405/2002/1323 1420/2008/1323
f 1406/1987/1323 1420/2008/1323 1421/2010/1323
f 1399/1989/1324 1398/2003/1324 1413/2009/1324
f 1399/1989/1324 1413/2009/1324 1414/2011/1324
f 1407/1988/1325 1406/1987/1325 1421/2010/1325
f 1407/1988/1325 1421/2010/1325 1422/2012/1325
f 1400/1990/1326 1399/1989/1326 1414/2011/1326
f 1400/1990/1326 1414/2011/1326 1415/2013/1326
f 1393/1992/1327 995/2014/1327 1408/2015/1327
f 1002/2016/1328 1407/1988/1328 1422/2012/1328
f 1401/1994/1329 1400/1990/1329 1415/2013/1329
f 1401/1994/1329 1415/2013/1329 1416/2017/1329
f 1394/1995/1330 1393/1992/1330 1408/2015/1330
f 1394/1995/1330 1408/2015/1330 1409/2018/1330
f 1402/1996/1331 1401/1994/1331 1416/2017/1331
f 1402/1996/1331 1416/2017/1331 1417/2019/1331
f 1395/1997/1332 1394/1995/1332 1409/2018/1332
f 1395/1997/1332 1409/2018/1332 1410/2020/1332
f 1403/1998/1333 1402/1996/1333 1417/2019/1333
f 1403/1998/1333 1417/2019/1333 1418/2004/1333
f 1396/1999/1334 1395/1997/1334 1410/2020/1334
f 1396/1999/1334 1410/2020/1334 1411/2006/1334
f 1408/2015/1335 995/2021/1335 1423/2022/1335
f 1002/2023/1336 1422/2012/1336 1437/2024/1336
f 1416/2017/1337 1415/2013/1337 1430/2025/1337
f 1416/2017/1337 1430/2025/1337 1431/2026/1337
f 1409/2018/1338 1408/2015/1338 1423/2022/1338
f 1409/2018/1338 1423/2022/1338 1424/2027/1338
f 1417/2019/1339 1416/2017/1339 1431/2026/1339
f 1417/2019/1339 1431/2026/1339 1432/2028/1339
f 1410/2020/1340 1409/2018/1340 1424/2027/1340
f 1410/2020/1340 1424/2027/1340 1425/2029/1340
f 1418/2004/1341 1417/2019/1341 1432/2028/1341
f 1418/2004/1341 1432/2028/1341 1433/2030/1341
f 1411/2006/1342 1410/2020/1342 1425/2029/1342
f 1411/2006/1342 1425/2029/1342 1426/2031/1342
f 1419/2005/1343 1418/2004/1343 1433/2030/1343
f 1419/2005/1343 1433/2030/1343 1434/2032/1343
f 1412/2007/1344 1411/2006/1344 1426/2031/1344
f 1412/2007/1344 1426/2031/1344 1427/2033/1344
f 1420/2008/1345 1419/2005/1345 1434/2032/1345
f 1420/2008/1345 1434/2032/1345 1435/2034/1345
f 1413/2009/1346 1412/2007/1346 1427/2033/1346
f 1413/2009/1346 1427/2033/1346 1428/2035/1346
f 1421/2010/1347 1420/2008/1347 1435/2034/1347
f 1421/2010/1347 1435/2034/1347 1436/2036/1347
f 1414/2011/1348 1413/2009/1348 1428/2035/1348
f 1414/2011/1348 1428/2035/1348 1429/2037/1348
f 1422/2012/1349 1421/2010/1349 1436/2036/1349
f 1422/2012/1349 1436/2036/1349 1437/2024/1349
f 1415/2013/1350 1414/2011/1350 1429/2037/1350
f 1415/2013/1350 1429/2037/1350 1430/2025/1350
f 1427/2033/1351 1426/2031/1351 1441/2038/1351
f 1427/2033/1351 1441/2038/1351 1442/2039/1351
f 1435/2034/1352 1434/2032/1352 1449/2040/1352
f 1435/2034/1352 1449/2040/1352 1450/2041/1352
f 1428/2035/1353 1427/2033/1353 1442/2039/1353
f 1428/2035/1353 1442/2039/1353 1443/2042/1353
f 1436/2036/1354 1435/2034/1354 1450/2041/1354
f 1436/2036/1354 1450/2041/1354 1451/2043/1354
f 1429/2037/1355 1428/2035/1355 1443/2042/1355
f 1429/2037/1355 1443/2042/1355 1444/2044/1355
f 1437/2024/1356 1436/2036/1356 1451/2043/1356
f 1437/2024/1356 1451/2043/1356 1452/2045/1356
f 1430/2025/1357 1429/2037/1357 1444/2044/1357
f 1430/2025/1357 1444/2044/1357 1445/2046/1357
f 1423/2022/1358 995/2047/1358 1438/2048/1358
f 1002/2049/1359 1437/2024/1359 1452/2045/1359
f 1431/2026/1360 1430/2025/1360 1445/2046/1360
f 1431/2026/1360 1445/2046/1360 1446/2050/1360
f 1424/2027/1361 1423/2022/1361 1438/2048/1361
f 1424/2027/1361 1438/2048/1361 1439/2051/1361
f 1432/2028/1362 1431/2026/1362 1446/2050/1362
f 1432/2028/1362 1446/2050/1362 1447/2052/1362
f 1425/2029/1363 1424/2027/1363 1439/2051/1363
f 1425/2029/1363 1439/2051/1363 1440/2053/1363
f 1433/2030/1364 1432/2028/1364 1447/2052/1364
f 1433/2030/1364 1447/2052/1364 1448/2054/1364
f 1426/2031/1365 1425/2029/1365 1440/2053/1365
f 1426/2031/1365 1440/2053/1365 1441/2038/1365
f 1434/2032/1366 1433/2030/1366 1448/2054/1366
f 1434/2032/1366 1448/2054/1366 1449/2040/1366
f 1446/2050/1367 1445/2046/1367 1460/2055/1367
f 1446/2050/1367 1460/2055/1367 1461/2056/1367
f 1439/2051/1368 1438/2048/1368 1453/2057/1368
f 1439/2051/1368 1453/2057/1368 1454/2058/1368
f 1447/2052/1369 1446/2050/1369 1461/2056/1369
f 1447/2052/1369 1461/2056/1369 1462/2059/1369
f 1440/2053/1370 1439/2051/1370 1454/2058/1370
f 1440/2053/1370 1454/2058/1370 1455/2060/1370
f 1448/2054/1371 1447/2052/1371 1462/2059/1371
f 1448/2054/1371 1462/2059/1371 1463/2061/1371
f 1441/2038/1372 1440/2053/1372 1455/2060/1372
f 1441/2038/1372 1455/2060/1372 1456/2062/1372
f 1449/2040/1373 1448/2054/1373 1463/2061/1373
f 1449/2040/1373 1463/2061/1373 1464/2063/1373
f 1442/2039/1374 1441/2038/1374 1456/2062/1374
f 1442/2039/1374 1456/2062/1374 1457/2064/1374
f 1450/2041/1375 1449/2040/1375 1464/2063/1375
f 1450/2041/1375 1464/2063/1375 1465/2065/1375
f 1443/2042/1376 1442/2039/1376 1457/2064/1376
f 1443/2042/1376 1457/2064/1376 1458/2066/1376
f 1451/2043/1377 1450/2041/1377 1465/2065/1377
f 1451/2043/1377 1465/2065/1377 1466/2067/1377
f 1444/2044/1378 1443/2042/1378 1458/2066/1378
f 1444/2044/1378 1458/2066/1378 1459/2068/1378
f 1452/2045/1379 1451/2043/1379 1466/2067/1379
f 1452/2045/1379 1466/2067/1379 1467/2069/1379
f 1445/2046/1380 1444/2044/1380 1459/2068/1380
f 1445/2046/1380 1459/2068/1380 1460/2055/1380
f 1438/2048/1381 995/2070/1381 1453/2057/1381
f 1002/2071/1382 1452/2045/1382 1467/2069/1382
f 1465/2065/1383 1464/2063/1383 1473/1520/1383
f 1465/2065/1383 1473/1520/1383 1474/1519/1383
f 1458/2066/1384 1457/2064/1384 997/1515/1384
f 1458/2066/1384 997/1515/1384 1471/1523/1384
f 1466/2067/1385 1465/2065/1385 1474/1519/1385
f 1466/2067/1385 1474/1519/1385 1475/1525/1385
f 1459/2068/1386 1458/2066/1386 1471/1523/1386
f 1459/2068/1386 1471/1523/1386 998/1527/1386
f 1467/2069/1387 1466/2067/1387 1475/1525/1387
f 1467/2069/1387 1475/1525/1387 1476/1529/1387
f 1460/2055/1388 1459/2068/1388 998/1527/1388
f 1460/2055/1388 998/1527/1388 999/1531/1388
f 1453/2057/1389 995/2072/1389 1468/1533/1389
f 1002/2073/1390 1467/2069/1390 1476/1529/1390
f 1461/2056/1391 1460/2055/1391 999/1531/1391
f 1461/2056/1391 999/1531/1391 1000/1537/1391
f 1454/2058/1392 1453/2057/1392 1468/1533/1392
f 1454/2058/1392 1468/1533/1392 1469/1539/1392
f 1462/2059/1393 1461/2056/1393 1000/1537/1393
f 1462/2059/1393 1000/1537/1393 1472/1541/1393
f 1455/2060/1394 1454/2058/1394 1469/1539/1394
f 1455/2060/1394 1469/1539/1394 996/1543/1394
f 1463/2061/1395 1462/2059/1395 1472/1541/1395
f 1463/2061/1395 1472/1541/1395 1001/1545/1395
f 1456/2062/1396 1455/2060/1396 996/1543/1396
f 1456/2062/1396 996/1543/1396 1470/1516/1396
f 1464/2063/1397 1463/2061/1397 1001/1545/1397
f 1464/2063/1397 1001/1545/1397 1473/1520/1397
f 1457/2064/1398 1456/2062/1398 1470/1516/1398
f 1457/2064/1398 1470/1516/1398 997/1515/1398
o PlayerPart_16
s 0
usemtl Material_2
f 1479/2074/1399 1952/2075/1399 1488/2076/1399
f 1479/2074/1399 1488/2076/1399 1489/2077/1399
f 1956/2078/1400 1955/2079/1400 1496/2080/1400
f 1956/2078/1400 1496/2080/1400 1497/2081/1400
f 1953/2082/1401 1479/2074/1401 1489/2077/1401
f 1953/2082/1401 1489/2077/1401 1490/2083/1401
f 1957/2084/1402 1956/2078/1402 1497/2081/1402
f 1957/2084/1402 1497/2081/1402 1498/2085/1402
f 1480/2086/1403 1953/2082/1403 1490/2083/1403
f 1480/2086/1403 1490/2083/1403 1491/2087/1403
f 1958/2088/1404 1957/2084/1404 1498/2085/1404
f 1958/2088/1404 1498/2085/1404 1499/2089/1404
f 1481/2090/1405 1480/2086/1405 1491/2087/1405
f 1481/2090/1405 1491/2087/1405 1492/2091/1405
f 1950/2092/1406 1477/2093/1406 1485/2094/1406
f 1484/2095/1407 1958/2088/1407 1499/2089/1407
f 1482/2096/1408 1481/2090/1408 1492/2091/1408
f 1482/2096/1408 1492/2091/1408 1493/2097/1408
f 1951/2098/1409 1950/2092/1409 1485/2094/1409
f 1951/2098/1409 1485/2094/1409 1486/2099/1409
f 1954/2100/1410 1482/2096/1410 1493/2097/1410
f 1954/2100/1410 1493/2097/1410 1494/2101/1410
f 1478/2102/1411 1951/2098/1411 1486/2099/1411
f 1478/2102/1411 1486/2099/1411 1487/2103/1411
f 1483/2104/1412 1954/2100/1412 1494/2101/1412
f 1483/2104/1412 1494/2101/1412 1495/2105/1412
f 1952/2075/1413 1478/2102/1413 1487/2103/1413
f 1952/2075/1413 1487/2103/1413 1488/2076/1413
f 1955/2079/1414 1483/2104/1414 1495/2105/1414
f 1955/2079/1414 1495/2105/1414 1496/2080/1414
f 1488/2076/1415 1487/2103/1415 1502/2106/1415
f 1488/2076/1415 1502/2106/1415 1503/2107/1415
f 1496/2080/1416 1495/2105/1416 1510/2108/1416
f 1496/2080/1416 1510/2108/1416 1511/2109/1416
f 1489/2077/1417 1488/2076/1417 1503/2107/1417
f 1489/2077/1417 1503/2107/1417 1504/2110/1417
f 1497/2081/1418 1496/2080/1418 1511/2109/1418
f 1497/2081/1418 1511/2109/1418 1512/2111/1418
f 1490/2083/1419 1489/2077/1419 1504/2110/1419
f 1490/2083/1419 1504/2110/1419 1505/2112/1419
f 1498/2085/1420 1497/2081/1420 1512/2111/1420
f 1498/2085/1420 1512/2111/1420 1513/2113/1420
f 1491/2087/1421 1490/2083/1421 1505/2112/1421
f 1491/2087/1421 1505/2112/1421 1506/2114/1421
f 1499/2089/1422 1498/2085/1422 1513/2113/1422
f 1499/2089/1422 1513/2113/1422 1514/2115/1422
f 1492/2091/1423 1491/2087/1423 1506/2114/1423
f 1492/2091/1423 1506/2114/1423 1507/2116/1423
f 1485/2094/1424 1477/2117/1424 1500/2118/1424
f 1484/2119/1425 1499/2089/1425 1514/2115/1425
f 1493/2097/1426 1492/2091/1426 1507/2116/1426
f 1493/2097/1426 1507/2116/1426 1508/2120/1426
f 1486/2099/1427 1485/2094/1427 1500/2118/1427
f 1486/2099/1427 1500/2118/1427 1501/2121/1427
f 1494/2101/1428 1493/2097/1428 1508/2120/1428
f 1494/2101/1428 1508/2120/1428 1509/2122/1428
f 1487/2103/1429 1486/2099/1429 1501/2121/1429
f 1487/2103/1429 1501/2121/1429 1502/2106/1429
f 1495/2105/1430 1494/2101/1430 1509/2122/1430
f 1495/2105/1430 1509/2122/1430 1510/2108/1430
f 1507/2116/1431 1506/2114/1431 1521/2123/1431
f 1507/2116/1431 1521/2123/1431 1522/2124/1431
f 1500/2118/1432 1477/2125/1432 1515/2126/1432
f 1484/2127/1433 1514/2115/1433 1529/2128/1433
f 1508/2120/1434 1507/2116/1434 1522/2124/1434
f 1508/2120/1434 1522/2124/1434 1523/2129/1434
f 1501/2121/1435 1500/2118/1435 1515/2126/1435
f 1501/2121/1435 1515/2126/1435 1516/2130/1435
f 1509/2122/1436 1508/2120/1436 1523/2129/1436
f 1509/2122/1436 1523/2129/1436 1524/2131/1436
f 1502/2106/1437 1501/2121/1437 1516/2130/1437
f 1502/2106/1437 1516/2130/1437 1517/2132/1437
f 1510/2108/1438 1509/2122/1438 1524/2131/1438
f 1510/2108/1438 1524/2131/1438 1525/2133/1438
f 1503/2107/1439 1502/2106/1439 1517/2132/1439
f 1503/2107/1439 1517/2132/1439 1518/2134/1439
f 1511/2109/1440 1510/2108/1440 1525/2133/1440
f 1511/2109/1440 1525/2133/1440 1526/2135/1440
f 1504/2110/1441 1503/2107/1441 1518/2134/1441
f 1504/2110/1441 1518/2134/1441 1519/2136/1441
f 1512/2111/1442 1511/2109/1442 1526/2135/1442
f 1512/2111/1442 1526/2135/1442 1527/2137/1442
f 1505/2112/1443 1504/2110/1443 1519/2136/1443
f 1505/2112/1443 1519/2136/1443 1520/2138/1443
f 1513/2113/1444 1512/2111/1444 1527/2137/1444
f 1513/2113/1444 1527/2137/1444 1528/2139/1444
f 1506/2114/1445 1505/2112/1445 1520/2138/1445
f 1506/2114/1445 1520/2138/1445 1521/2123/1445
f 1514/2115/1446 1513/2113/1446 1528/2139/1446
f 1514/2115/1446 1528/2139/1446 1529/2128/1446
f 1526/2135/1447 1525/2133/1447 1540/2140/1447
f 1526/2135/1447 1540/2140/1447 1541/2141/1447
f 1519/2136/1448 1518/2134/1448 1533/2142/1448
f 1519/2136/1448 1533/2142/1448 1534/2143/1448
f 1527/2137/1449 1526/2135/1449 1541/2141/1449
f 1527/2137/1449 1541/2141/1449 1542/2144/1449
f 1520/2138/1450 1519/2136/1450 1534/2143/1450
f 1520/2138/1450 1534/2143/1450 1535/2145/1450
f 1528/2139/1451 1527/2137/1451 1542/2144/1451
f 1528/2139/1451 1542/2144/1451 1543/2146/1451
f 1521/2123/1452 1520/2138/1452 1535/2145/1452
f 1521/2123/1452 1535/2145/1452 1536/2147/1452
f 1529/2128/1453 1528/2139/1453 1543/2146/1453
f 1529/2128/1453 1543/2146/1453 1544/2148/1453
f 1522/2124/1454 1521/2123/1454 1536/2147/1454
f 1522/2124/1454 1536/2147/1454 1537/2149/1454
f 1515/2126/1455 1477/2150/1455 1530/2151/1455
f 1484/2152/1456 1529/2128/1456 1544/2148/1456
f 1523/2129/1457 1522/2124/1457 1537/2149/1457
f 1523/2129/1457 1537/2149/1457 1538/2153/1457
f 1516/2130/1458 1515/2126/1458 1530/2151/1458
f 1516/2130/1458 1530/2151/1458 1531/2154/1458
f 1524/2131/1459 1523/2129/1459 1538/2153/1459
f 1524/2131/1459 1538/2153/1459 1539/2155/1459
f 1517/2132/1460 1516/2130/1460 1531/2154/1460
f 1517/2132/1460 1531/2154/1460 1532/2156/1460
f 1525/2133/1461 1524/2131/1461 1539/2155/1461
f 1525/2133/1461 1539/2155/1461 1540/2140/1461
f 1518/2134/1462 1517/2132/1462 1532/2156/1462
f 1518/2134/1462 1532/2156/1462 1533/2142/1462
f 1530/2151/1463 1477/2157/1463 1545/2158/1463
f 1484/2159/1464 1544/2148/1464 1559/2160/1464
f 1538/2153/1465 1537/2149/1465 1552/2161/1465
f 1538/2153/1465 1552/2161/1465 1553/2162/1465
f 1531/2154/1466 1530/2151/1466 1545/2158/1466
f 1531/2154/1466 1545/2158/1466 1546/2163/1466
f 1539/2155/1467 1538/2153/1467 1553/2162/1467
f 1539/2155/1467 1553/2162/1467 1554/2164/1467
f 1532/2156/1468 1531/2154/1468 1546/2163/1468
f 1532/2156/1468 1546/2163/1468 1547/2165/1468
f 1540/2140/1469 1539/2155/1469 1554/2164/1469
f 1540/2140/1469 1554/2164/1469 1555/2166/1469
f 1533/2142/1470 1532/2156/1470 1547/2165/1470
f 1533/2142/1470 1547/2165/1470 1548/2167/1470
f 1541/2141/1471 1540/2140/1471 1555/2166/1471
f 1541/2141/1471 1555/2166/1471 1556/2168/1471
f 1534/2143/1472 1533/2142/1472 1548/2167/1472
f 1534/2143/1472 1548/2167/1472 1549/2169/1472
f 1542/2144/1473 1541/2141/1473 1556/2168/1473
f 1542/2144/1473 1556/2168/1473 1557/2170/1473
f 1535/2145/1474 1534/2143/1474 1549/2169/1474
f 1535/2145/1474 1549/2169/1474 1550/2171/1474
f 1543/2146/1475 1542/2144/1475 1557/2170/1475
f 1543/2146/1475 1557/2170/1475 1558/2172/1475
f 1536/2147/1476 1535/2145/1476 1550/2171/1476
f 1536/2147/1476 1550/2171/1476 1551/2173/1476
f 1544/2148/1477 1543/2146/1477 1558/2172/1477
f 1544/2148/1477 1558/2172/1477 1559/2160/1477
f 1537/2149/1478 1536/2147/1478 1551/2173/1478
f 1537/2149/1478 1551/2173/1478 1552/2161/1478
f 1549/2169/1479 1548/2167/1479 1563/2174/1479
f 1549/2169/1479 1563/2174/1479 1564/2175/1479
f 1557/2170/1480 1556/2168/1480 1571/2176/1480
f 1557/2170/1480 1571/2176/1480 1572/2177/1480
f 1550/2171/1481 1549/2169/1481 1564/2175/1481
f 1550/2171/1481 1564/2175/1481 1565/2178/1481
f 1558/2172/1482 1557/2170/1482 1572/2177/1482
f 1558/2172/1482 1572/2177/1482 1573/2179/1482
f 1551/2173/1483 1550/2171/1483 1565/2178/1483
f 1551/2173/1483 1565/2178/1483 1566/2180/1483
f 1559/2160/1484 1558/2172/1484 1573/2179/1484
f 1559/2160/1484 1573/2179/1484 1574/2181/1484
f 1552/2161/1485 1551/2173/1485 1566/2180/1485
f 1552/2161/1485 1566/2180/1485 1567/2182/1485
f 1545/2158/1486 1477/2183/1486 1560/2184/1486
f 1484/2185/1487 1559/2160/1487 1574/2181/1487
f 1553/2162/1488 1552/2161/1488 1567/2182/1488
f 1553/2162/1488 1567/2182/1488 1568/2186/1488
f 1546/2163/1489 1545/2158/1489 1560/2184/1489
f 1546/2163/1489 1560/2184/1489 1561/2187/1489
f 1554/2164/1490 1553/2162/1490 1568/2186/1490
f 1554/2164/1490 1568/2186/1490 1569/2188/1490
f 1547/2165/1491 1546/2163/1491 1561/2187/1491
f 1547/2165/1491 1561/2187/1491 1562/2189/1491
f 1555/2166/1492 1554/2164/1492 1569/2188/1492
f 1555/2166/1492 1569/2188/1492 1570/2190/1492
f 1548/2167/1493 1547/2165/1493 1562/2189/1493
f 1548/2167/1493 1562/2189/1493 1563/2174/1493
f 1556/2168/1494 1555/2166/1494 1570/2190/1494
f 1556/2168/1494 1570/2190/1494 1571/2176/1494
f 1568/2186/1495 1567/2182/1495 1582/2191/1495
f 1568/2186/1495 1582/2191/1495 1583/2192/1495
f 1561/2187/1496 1560/2184/1496 1575/2193/1496
f 1561/2187/1496 1575/2193/1496 1576/2194/1496
f 1569/2188/1497 1568/2186/1497 1583/2192/1497
f 1569/2188/1497 1583/2192/1497 1584/2195/1497
f 1562/2189/1498 1561/2187/1498 1576/2194/1498
f 1562/2189/1498 1576/2194/1498 1577/2196/1498
f 1570/2190/1499 1569/2188/1499 1584/2195/1499
f 1570/2190/1499 1584/2195/1499 1585/2197/1499
f 1563/2174/1500 1562/2189/1500 1577/2196/1500
f 1563/2174/1500 1577/2196/1500 1578/2198/1500
f 1571/2176/1501 1570/2190/1501 1585/2197/1501
f 1571/2176/1501 1585/2197/1501 1586/2199/1501
f 1564/2175/1502 1563/2174/1502 1578/2198/1502
f 1564/2175/1502 1578/2198/1502 1579/2200/1502
f 1572/2177/1503 1571/2176/1503 1586/2199/1503
f 1572/2177/1503 1586/2199/1503 1587/2201/1503
f 1565/2178/1504 1564/2175/1504 1579/2200/1504
f 1565/2178/1504 1579/2200/1504 1580/2202/1504
f 1573/2179/1505 1572/2177/1505 1587/2201/1505
f 1573/2179/1505 1587/2201/1505 1588/2203/1505
f 1566/2180/1506 1565/2178/1506 1580/2202/1506
f 1566/2180/1506 1580/2202/1506 1581/2204/1506
f 1574/2181/1507 1573/2179/1507 1588/2203/1507
f 1574/2181/1507 1588/2203/1507 1589/2205/1507
f 1567/2182/1508 1566/2180/1508 1581/2204/1508
f 1567/2182/1508 1581/2204/1508 1582/2191/1508
f 1560/2184/1509 1477/2206/1509 1575/2193/1509
f 1484/2207/1510 1574/2181/1510 1589/2205/1510
f 1587/2201/1511 1586/2199/1511 1601/2208/1511
f 1587/2201/1511 1601/2208/1511 1602/2209/1511
f 1580/2202/1512 1579/2200/1512 1594/2210/1512
f 1580/2202/1512 1594/2210/1512 1595/2211/1512
f 1588/2203/1513 1587/2201/1513 1602/2209/1513
f 1588/2203/1513 1602/2209/1513 1603/2212/1513
f 1581/2204/1514 1580/2202/1514 1595/2211/1514
f 1581/2204/1514 1595/2211/1514 1596/2213/1514
f 1589/2205/1515 1588/2203/1515 1603/2212/1515
f 1589/2205/1515 1603/2212/1515 1604/2214/1515
f 1582/2191/1516 1581/2204/1516 1596/2213/1516
f 1582/2191/1516 1596/2213/1516 1597/2215/1516
f 1575/2193/1517 1477/2216/1517 1590/2217/1517
f 1484/2218/1518 1589/2205/1518 1604/2214/1518
f 1583/2192/1519 1582/2191/1519 1597/2215/1519
f 1583/2192/1519 1597/2215/1519 1598/2219/1519
f 1576/2194/1520 1575/2193/1520 1590/2217/1520
f 1576/2194/1520 1590/2217/1520 1591/2220/1520
f 1584/2195/1521 1583/2192/1521 1598/2219/1521
f 1584/2195/1521 1598/2219/1521 1599/2221/1521
f 1577/2196/1522 1576/2194/1522 1591/2220/1522
f 1577/2196/1522 1591/2220/1522 1592/2222/1522
f 1585/2197/1523 1584/2195/1523 1599/2221/1523
f 1585/2197/1523 1599/2221/1523 1600/2223/1523
f 1578/2198/1524 1577/2196/1524 1592/2222/1524
f 1578/2198/1524 1592/2222/1524 1593/2224/1524
f 1586/2199/1525 1585/2197/1525 1600/2223/1525
f 1586/2199/1525 1600/2223/1525 1601/2208/1525
f 1579/2200/1526 1578/2198/1526 1593/2224/1526
f 1579/2200/1526 1593/2224/1526 1594/2210/1526
f 1599/2221/1527 1598/2219/1527 1613/2225/1527
f 1599/2221/1527 1613/2225/1527 1614/2226/1527
f 1592/2222/1528 1591/2220/1528 1606/2227/1528
f 1592/2222/1528 1606/2227/1528 1607/2228/1528
f 1600/2223/1529 1599/2221/1529 1614/2226/1529
f 1600/2223/1529 1614/2226/1529 1615/2229/1529
f 1593/2224/1530 1592/2222/1530 1607/2228/1530
f 1593/2224/1530 1607/2228/1530 1608/2230/1530
f 1601/2208/1531 1600/2223/1531 1615/2229/1531
f 1601/2208/1531 1615/2229/1531 1616/2231/1531
f 1594/2210/1532 1593/2224/1532 1608/2230/1532
f 1594/2210/1532 1608/2230/1532 1609/2232/1532
f 1602/2209/1533 1601/2208/1533 1616/2231/1533
f 1602/2209/1533 1616/2231/1533 1617/2233/1533
f 1595/2211/1534 1594/2210/1534 1609/2232/1534
f 1595/2211/1534 1609/2232/1534 1610/2234/1534
f 1603/2212/1535 1602/2209/1535 1617/2233/1535
f 1603/2212/1535 1617/2233/1535 1618/2235/1535
f 1596/2213/1536 1595/2211/1536 1610/2234/1536
f 1596/2213/1536 1610/2234/1536 1611/2236/1536
f 1604/2214/1537 1603/2212/1537 1618/2235/1537
f 1604/2214/1537 1618/2235/1537 1619/2237/1537
f 1597/2215/1538 1596/2213/1538 1611/2236/1538
f 1597/2215/1538 1611/2236/1538 1612/2238/1538
f 1590/2217/1539 1477/2239/1539 1605/2240/1539
f 1484/2241/1540 1604/2214/1540 1619/2237/1540
f 1598/2219/1541 1597/2215/1541 1612/2238/1541
f 1598/2219/1541 1612/2238/1541 1613/2225/1541
f 1591/2220/1542 1590/2217/1542 1605/2240/1542
f 1591/2220/1542 1605/2240/1542 1606/2227/1542
f 1618/2235/1543 1617/2233/1543 1632/2242/1543
f 1618/2235/1543 1632/2242/1543 1633/2243/1543
f 1611/2236/1544 1610/2234/1544 1625/2244/1544
f 1611/2236/1544 1625/2244/1544 1626/2245/1544
f 1619/2237/1545 1618/2235/1545 1633/2243/1545
f 1619/2237/1545 1633/2243/1545 1634/2246/1545
f 1612/2238/1546 1611/2236/1546 1626/2245/1546
f 1612/2238/1546 1626/2245/1546 1627/2247/1546
f 1605/2240/1547 1477/2248/1547 1620/2249/1547
f 1484/2250/1548 1619/2237/1548 1634/2246/1548
f 1613/2225/1549 1612/2238/1549 1627/2247/1549
f 1613/2225/1549 1627/2247/1549 1628/2251/1549
f 1606/2227/1550 1605/2240/1550 1620/2249/1550
f 1606/2227/1550 1620/2249/1550 1621/2252/1550
f 1614/2226/1551 1613/2225/1551 1628/2251/1551
f 1614/2226/1551 1628/2251/1551 1629/2253/1551
f 1607/2228/1552 1606/2227/1552 1621/2252/1552
f 1607/2228/1552 1621/2252/1552 1622/2254/1552
f 1615/2229/1553 1614/2226/1553 1629/2253/1553
f 1615/2229/1553 1629/2253/1553 1630/2255/1553
f 1608/2230/1554 1607/2228/1554 1622/2254/1554
f 1608/2230/1554 1622/2254/1554 1623/2256/1554
f 1616/2231/1555 1615/2229/1555 1630/2255/1555
f 1616/2231/1555 1630/2255/1555 1631/2257/1555
f 1609/2232/1556 1608/2230/1556 1623/2256/1556
f 1609/2232/1556 1623/2256/1556 1624/2258/1556
f 1617/2233/1557 1616/2231/1557 1631/2257/1557
f 1617/2233/1557 1631/2257/1557 1632/2242/1557
f 1610/2234/1558 1609/2232/1558 1624/2258/1558
f 1610/2234/1558 1624/2258/1558 1625/2244/1558
f 1622/2254/1559 1621/2252/1559 1636/2259/1559
f 1622/2254/1559 1636/2259/1559 1637/2260/1559
f 1630/2255/1560 1629/2253/1560 1644/2261/1560
f 1630/2255/1560 1644/2261/1560 1645/2262/1560
f 1623/2256/1561 1622/2254/1561 1637/2260/1561
f 1623/2256/1561 1637/2260/1561 1638/2263/1561
f 1631/2257/1562 1630/2255/1562 1645/2262/1562
f 1631/2257/1562 1645/2262/1562 1646/2264/1562
f 1624/2258/1563 1623/2256/1563 1638/2263/1563
f 1624/2258/1563 1638/2263/1563 1639/2265/1563
f 1632/2242/1564 1631/2257/1564 1646/2264/1564
f 1632/2242/1564 1646/2264/1564 1647/2266/1564
f 1625/2244/1565 1624/2258/1565 1639/2265/1565
f 1625/2244/1565 1639/2265/1565 1640/2267/1565
f 1633/2243/1566 1632/2242/1566 1647/2266/1566
f 1633/2243/1566 1647/2266/1566 1648/2268/1566
f 1626/2245/1567 1625/2244/1567 1640/2267/1567
f 1626/2245/1567 1640/2267/1567 1641/2269/1567
f 1634/2246/1568 1633/2243/1568 1648/2268/1568
f 1634/2246/1568 1648/2268/1568 1649/2270/1568
f 1627/2247/1569 1626/2245/1569 1641/2269/1569
f 1627/2247/1569 1641/2269/1569 1642/2271/1569
f 1620/2249/1570 1477/2272/1570 1635/2273/1570
f 1484/2274/1571 1634/2246/1571 1649/2270/1571
f 1628/2251/1572 1627/2247/1572 1642/2271/1572
f 1628/2251/1572 1642/2271/1572 1643/2275/1572
f 1621/2252/1573 1620/2249/1573 1635/2273/1573
f 1621/2252/1573 1635/2273/1573 1636/2259/1573
f 1629/2253/1574 1628/2251/1574 1643/2275/1574
f 1629/2253/1574 1643/2275/1574 1644/2261/1574
f 1641/2269/1575 1640/2267/1575 1655/2276/1575
f 1641/2269/1575 1655/2276/1575 1656/2277/1575
f 1649/2270/1576 1648/2268/1576 1663/2278/1576
f 1649/2270/1576 1663/2278/1576 1664/2279/1576
f 1642/2271/1577 1641/2269/1577 1656/2277/1577
f 1642/2271/1577 1656/2277/1577 1657/2280/1577
f 1635/2273/1578 1477/2281/1578 1650/2282/1578
f 1484/2283/1579 1649/2270/1579 1664/2279/1579
f 1643/2275/1580 1642/2271/1580 1657/2280/1580
f 1643/2275/1580 1657/2280/1580 1658/2284/1580
f 1636/2259/1581 1635/2273/1581 1650/2282/1581
f 1636/2259/1581 1650/2282/1581 1651/2285/1581
f 1644/2261/1582 1643/2275/1582 1658/2284/1582
f 1644/2261/1582 1658/2284/1582 1659/2286/1582
f 1637/2260/1583 1636/2259/1583 1651/2285/1583
f 1637/2260/1583 1651/2285/1583 1652/2287/1583
f 1645/2262/1584 1644/2261/1584 1659/2286/1584
f 1645/2262/1584 1659/2286/1584 1660/2288/1584
f 1638/2263/1585 1637/2260/1585 1652/2287/1585
f 1638/2263/1585 1652/2287/1585 1653/2289/1585
f 1646/2264/1586 1645/2262/1586 1660/2288/1586
f 1646/2264/1586 1660/2288/1586 1661/2290/1586
f 1639/2265/1587 1638/2263/1587 1653/2289/1587
f 1639/2265/1587 1653/2289/1587 1654/2291/1587
f 1647/2266/1588 1646/2264/1588 1661/2290/1588
f 1647/2266/1588 1661/2290/1588 1662/2292/1588
f 1640/2267/1589 1639/2265/1589 1654/2291/1589
f 1640/2267/1589 1654/2291/1589 1655/2276/1589
f 1648/2268/1590 1647/2266/1590 1662/2292/1590
f 1648/2268/1590 1662/2292/1590 1663/2278/1590
f 1660/2288/1591 1659/2286/1591 1674/2293/1591
f 1660/2288/1591 1674/2293/1591 1675/2294/1591
f 1653/2289/1592 1652/2287/1592 1667/2295/1592
f 1653/2289/1592 1667/2295/1592 1668/2296/1592
f 1661/2290/1593 1660/2288/1593 1675/2294/1593
f 1661/2290/1593 1675/2294/1593 1676/2297/1593
f 1654/2291/1594 1653/2289/1594 1668/2296/1594
f 1654/2291/1594 1668/2296/1594 1669/2298/1594
f 1662/2292/1595 1661/2290/1595 1676/2297/1595
f 1662/2292/1595 1676/2297/1595 1677/2299/1595
f 1655/2276/1596 1654/2291/1596 1669/2298/1596
f 1655/2276/1596 1669/2298/1596 1670/2300/1596
f 1663/2278/1597 1662/2292/1597 1677/2299/1597
f 1663/2278/1597 1677/2299/1597 1678/2301/1597
f 1656/2277/1598 1655/2276/1598 1670/2300/1598
f 1656/2277/1598 1670/2300/1598 1671/2302/1598
f 1664/2279/1599 1663/2278/1599 1678/2301/1599
f 1664/2279/1599 1678/2301/1599 1679/2303/1599
f 1657/2280/1600 1656/2277/1600 1671/2302/1600
f 1657/2280/1600 1671/2302/1600 1672/2304/1600
f 1650/2282/1601 1477/2305/1601 1665/2306/1601
f 1484/2307/1602 1664/2279/1602 1679/2303/1602
f 1658/2284/1603 1657/2280/1603 1672/2304/1603
f 1658/2284/1603 1672/2304/1603 1673/2308/1603
f 1651/2285/1604 1650/2282/1604 1665/2306/1604
f 1651/2285/1604 1665/2306/1604 1666/2309/1604
f 1659/2286/1605 1658/2284/1605 1673/2308/1605
f 1659/2286/1605 1673/2308/1605 1674/2293/1605
f 1652/2287/1606 1651/2285/1606 1666/2309/1606
f 1652/2287/1606 1666/2309/1606 1667/2295/1606
f 1679/2303/1607 1678/2301/1607 1693/2310/1607
f 1679/2303/1607 1693/2310/1607 1694/2311/1607
f 1672/2304/1608 1671/2302/1608 1686/2312/1608
f 1672/2304/1608 1686/2312/1608 1687/2313/1608
f 1665/2306/1609 1477/2314/1609 1680/2315/1609
f 1484/2316/1610 1679/2303/1610 1694/2311/1610
f 1673/2308/1611 1672/2304/1611 1687/2313/1611
f 1673/2308/1611 1687/2313/1611 1688/2317/1611
f 1666/2309/1612 1665/2306/1612 1680/2315/1612
f 1666/2309/1612 1680/2315/1612 1681/2318/1612
f 1674/2293/1613 1673/2308/1613 1688/2317/1613
f 1674/2293/1613 1688/2317/1613 1689/2319/1613
f 1667/2295/1614 1666/2309/1614 1681/2318/1614
f 1667/2295/1614 1681/2318/1614 1682/2320/1614
f 1675/2294/1615 1674/2293/1615 1689/2319/1615
f 1675/2294/1615 1689/2319/1615 1690/2321/1615
f 1668/2296/1616 1667/2295/1616 1682/2320/1616
f 1668/2296/1616 1682/2320/1616 1683/2322/1616
f 1676/2297/1617 1675/2294/1617 1690/2321/1617
f 1676/2297/1617 1690/2321/1617 1691/2323/1617
f 1669/2298/1618 1668/2296/1618 1683/2322/1618
f 1669/2298/1618 1683/2322/1618 1684/2324/1618
f 1677/2299/1619 1676/2297/1619 1691/2323/1619
f 1677/2299/1619 1691/2323/1619 1692/2325/1619
f 1670/2300/1620 1669/2298/1620 1684/2324/1620
f 1670/2300/1620 1684/2324/1620 1685/2326/1620
f 1678/2301/1621 1677/2299/1621 1692/2325/1621
f 1678/2301/1621 1692/2325/1621 1693/2310/1621
f 1671/2302/1622 1670/2300/1622 1685/2326/1622
f 1671/2302/1622 1685/2326/1622 1686/2312/1622
f 1683/2322/1623 1682/2320/1623 1697/2327/1623
f 1683/2322/1623 1697/2327/1623 1698/2328/1623
f 1691/2323/1624 1690/2321/1624 1705/2329/1624
f 1691/2323/1624 1705/2329/1624 1706/2330/1624
f 1684/2324/1625 1683/2322/1625 1698/2328/1625
f 1684/2324/1625 1698/2328/1625 1699/2331/1625
f 1692/2325/1626 1691/2323/1626 1706/2330/1626
f 1692/2325/1626 1706/2330/1626 1707/2332/1626
f 1685/2326/1627 1684/2324/1627 1699/2331/1627
f 1685/2326/1627 1699/2331/1627 1700/2333/1627
f 1693/2310/1628 1692/2325/1628 1707/2332/1628
f 1693/2310/1628 1707/2332/1628 1708/2334/1628
f 1686/2312/1629 1685/2326/1629 1700/2333/1629
f 1686/2312/1629 1700/2333/1629 1701/2335/1629
f 1694/2311/1630 1693/2310/1630 1708/2334/1630
f 1694/2311/1630 1708/2334/1630 1709/2336/1630
f 1687/2313/1631 1686/2312/1631 1701/2335/1631
f 1687/2313/1631 1701/2335/1631 1702/2337/1631
f 1680/2315/1632 1477/2338/1632 1695/2339/1632
f 1484/2340/1633 1694/2311/1633 1709/2336/1633
f 1688/2317/1634 1687/2313/1634 1702/2337/1634
f 1688/2317/1634 1702/2337/1634 1703/2341/1634
f 1681/2318/1635 1680/2315/1635 1695/2339/1635
f 1681/2318/1635 1695/2339/1635 1696/2342/1635
f 1689/2319/1636 1688/2317/1636 1703/2341/1636
f 1689/2319/1636 1703/2341/1636 1704/2343/1636
f 1682/2320/1637 1681/2318/1637 1696/2342/1637
f 1682/2320/1637 1696/2342/1637 1697/2327/1637
f 1690/2321/1638 1689/2319/1638 1704/2343/1638
f 1690/2321/1638 1704/2343/1638 1705/2329/1638
f 1702/2337/1639 1701/2335/1639 1716/2344/1639
f 1702/2337/1639 1716/2344/1639 1717/2345/1639
f 1695/2339/1640 1477/2346/1640 1710/2347/1640
f 1484/2348/1641 1709/2336/1641 1724/2349/1641
f 1703/2341/1642 1702/2337/1642 1717/2345/1642
f 1703/2341/1642 1717/2345/1642 1718/2350/1642
f 1696/2342/1643 1695/2339/1643 1710/2347/1643
f 1696/2342/1643 1710/2347/1643 1711/2351/1643
f 1704/2343/1644 1703/2341/1644 1718/2350/1644
f 1704/2343/1644 1718/2350/1644 1719/2352/1644
f 1697/2327/1645 1696/2342/1645 1711/2351/1645
f 1697/2327/1645 1711/2351/1645 1712/2353/1645
f 1705/2329/1646 1704/2343/1646 1719/2352/1646
f 1705/2329/1646 1719/2352/1646 1720/2354/1646
f 1698/2328/1647 1697/2327/1647 1712/2353/1647
f 1698/2328/1647 1712/2353/1647 1713/2355/1647
f 1706/2330/1648 1705/2329/1648 1720/2354/1648
f 1706/2330/1648 1720/2354/1648 1721/2356/1648
f 1699/2331/1649 1698/2328/1649 1713/2355/1649
f 1699/2331/1649 1713/2355/1649 1714/2357/1649
f 1707/2332/1650 1706/2330/1650 1721/2356/1650
f 1707/2332/1650 1721/2356/1650 1722/2358/1650
f 1700/2333/1651 1699/2331/1651 1714/2357/1651
f 1700/2333/1651 1714/2357/1651 1715/2359/1651
f 1708/2334/1652 1707/2332/1652 1722/2358/1652
f 1708/2334/1652 1722/2358/1652 1723/2360/1652
f 1701/2335/1653 1700/2333/1653 1715/2359/1653
f 1701/2335/1653 1715/2359/1653 1716/2344/1653
f 1709/2336/1654 1708/2334/1654 1723/2360/1654
f 1709/2336/1654 1723/2360/1654 1724/2349/1654
f 1721/2356/1655 1720/2354/1655 1735/2361/1655
f 1721/2356/1655 1735/2361/1655 1736/2362/1655
f 1714/2357/1656 1713/2355/1656 1728/2363/1656
f 1714/2357/1656 1728/2363/1656 1729/2364/1656
f 1722/2358/1657 1721/2356/1657 1736/2362/1657
f 1722/2358/1657 1736/2362/1657 1737/2365/1657
f 1715/2359/1658 1714/2357/1658 1729/2364/1658
f 1715/2359/1658 1729/2364/1658 1730/2366/1658
f 1723/2360/1659 1722/2358/1659 1737/2365/1659
f 1723/2360/1659 1737/2365/1659 1738/2367/1659
f 1716/2344/1660 1715/2359/1660 1730/2366/1660
f 1716/2344/1660 1730/2366/1660 1731/2368/1660
f 1724/2349/1661 1723/2360/1661 1738/2367/1661
f 1724/2349/1661 1738/2367/1661 1739/2369/1661
f 1717/2345/1662 1716/2344/1662 1731/2368/1662
f 1717/2345/1662 1731/2368/1662 1732/2370/1662
f 1710/2347/1663 1477/2371/1663 1725/2372/1663
f 1484/2373/1664 1724/2349/1664 1739/2369/1664
f 1718/2350/1665 1717/2345/1665 1732/2370/1665
f 1718/2350/1665 1732/2370/1665 1733/2374/1665
f 1711/2351/1666 1710/2347/1666 1725/2372/1666
f 1711/2351/1666 1725/2372/1666 1726/2375/1666
f 1719/2352/1667 1718/2350/1667 1733/2374/1667
f 1719/2352/1667 1733/2374/1667 1734/2376/1667
f 1712/2353/1668 1711/2351/1668 1726/2375/1668
f 1712/2353/1668 1726/2375/1668 1727/2377/1668
f 1720/2354/1669 1719/2352/1669 1734/2376/1669
f 1720/2354/1669 1734/2376/1669 1735/2361/1669
f 1713/2355/1670 1712/2353/1670 1727/2377/1670
f 1713/2355/1670 1727/2377/1670 1728/2363/1670
f 1484/2378/1671 1739/2369/1671 1754/2379/1671
f 1733/2374/1672 1732/2370/1672 1747/2380/1672
f 1733/2374/1672 1747/2380/1672 1748/2381/1672
f 1726/2375/1673 1725/2372/1673 1740/2382/1673
f 1726/2375/1673 1740/2382/1673 1741/2383/1673
f 1734/2376/1674 1733/2374/1674 1748/2381/1674
f 1734/2376/1674 1748/2381/1674 1749/2384/1674
f 1727/2377/1675 1726/2375/1675 1741/2383/1675
f 1727/2377/1675 1741/2383/1675 1742/2385/1675
f 1735/2361/1676 1734/2376/1676 1749/2384/1676
f 1735/2361/1676 1749/2384/1676 1750/2386/1676
f 1728/2363/1677 1727/2377/1677 1742/2385/1677
f 1728/2363/1677 1742/2385/1677 1743/2387/1677
f 1736/2362/1678 1735/2361/1678 1750/2386/1678
f 1736/2362/1678 1750/2386/1678 1751/2388/1678
f 1729/2364/1679 1728/2363/1679 1743/2387/1679
f 1729/2364/1679 1743/2387/1679 1744/2389/1679
f 1737/2365/1680 1736/2362/1680 1751/2388/1680
f 1737/2365/1680 1751/2388/1680 1752/2390/1680
f 1730/2366/1681 1729/2364/1681 1744/2389/1681
f 1730/2366/1681 1744/2389/1681 1745/2391/1681
f 1738/2367/1682 1737/2365/1682 1752/2390/1682
f 1738/2367/1682 1752/2390/1682 1753/2392/1682
f 1731/2368/1683 1730/2366/1683 1745/2391/1683
f 1731/2368/1683 1745/2391/1683 1746/2393/1683
f 1739/2369/1684 1738/2367/1684 1753/2392/1684
f 1739/2369/1684 1753/2392/1684 1754/2379/1684
f 1732/2370/1685 1731/2368/1685 1746/2393/1685
f 1732/2370/1685 1746/2393/1685 1747/2380/1685
f 1725/2372/1686 1477/2394/1686 1740/2382/1686
f 1752/2390/1687 1751/2388/1687 1766/2395/1687
f 1752/2390/1687 1766/2395/1687 1767/2396/1687
f 1745/2391/1688 1744/2389/1688 1759/2397/1688
f 1745/2391/1688 1759/2397/1688 1760/2398/1688
f 1753/2392/1689 1752/2390/1689 1767/2396/1689
f 1753/2392/1689 1767/2396/1689 1768/2399/1689
f 1746/2393/1690 1745/2391/1690 1760/2398/1690
f 1746/2393/1690 1760/2398/1690 1761/2400/1690
f 1754/2379/1691 1753/2392/1691 1768/2399/1691
f 1754/2379/1691 1768/2399/1691 1769/2401/1691
f 1747/2380/1692 1746/2393/1692 1761/2400/1692
f 1747/2380/1692 1761/2400/1692 1762/2402/1692
f 1740/2382/1693 1477/2403/1693 1755/2404/1693
f 1484/2405/1694 1754/2379/1694 1769/2401/1694
f 1748/2381/1695 1747/2380/1695 1762/2402/1695
f 1748/2381/1695 1762/2402/1695 1763/2406/1695
f 1741/2383/1696 1740/2382/1696 1755/2404/1696
f 1741/2383/1696 1755/2404/1696 1756/2407/1696
f 1749/2384/1697 1748/2381/1697 1763/2406/1697
f 1749/2384/1697 1763/2406/1697 1764/2408/1697
f 1742/2385/1698 1741/2383/1698 1756/2407/1698
f 1742/2385/1698 1756/2407/1698 1757/2409/1698
f 1750/2386/1699 1749/2384/1699 1764/2408/1699
f 1750/2386/1699 1764/2408/1699 1765/2410/1699
f 1743/2387/1700 1742/2385/1700 1757/2409/1700
f 1743/2387/1700 1757/2409/1700 1758/2411/1700
f 1751/2388/1701 1750/2386/1701 1765/2410/1701
f 1751/2388/1701 1765/2410/1701 1766/2395/1701
f 1744/2389/1702 1743/2387/1702 1758/2411/1702
f 1744/2389/1702 1758/2411/1702 1759/2397/1702
f 1756/2407/1703 1755/2404/1703 1770/2412/1703
f 1756/2407/1703 1770/2412/1703 1771/2413/1703
f 1764/2408/1704 1763/2406/1704 1778/2414/1704
f 1764/2408/1704 1778/2414/1704 1779/2415/1704
f 1757/2409/1705 1756/2407/1705 1771/2413/1705
f 1757/2409/1705 1771/2413/1705 1772/2416/1705
f 1765/2410/1706 1764/2408/1706 1779/2415/1706
f 1765/2410/1706 1779/2415/1706 1780/2417/1706
f 1758/2411/1707 1757/2409/1707 1772/2416/1707
f 1758/2411/1707 1772/2416/1707 1773/2418/1707
f 1766/2395/1708 1765/2410/1708 1780/2417/1708
f 1766/2395/1708 1780/2417/1708 1781/2419/1708
f 1759/2397/1709 1758/2411/1709 1773/2418/1709
f 1759/2397/1709 1773/2418/1709 1774/2420/1709
f 1767/2396/1710 1766/2395/1710 1781/2419/1710
f 1767/2396/1710 1781/2419/1710 1782/2421/1710
f 1760/2398/1711 1759/2397/1711 1774/2420/1711
f 1760/2398/1711 1774/2420/1711 1775/2422/1711
f 1768/2399/1712 1767/2396/1712 1782/2421/1712
f 1768/2399/1712 1782/2421/1712 1783/2423/1712
f 1761/2400/1713 1760/2398/1713 1775/2422/1713
f 1761/2400/1713 1775/2422/1713 1776/2424/1713
f 1769/2401/1714 1768/2399/1714 1783/2423/1714
f 1769/2401/1714 1783/2423/1714 1784/2425/1714
f 1762/2402/1715 1761/2400/1715 1776/2424/1715
f 1762/2402/1715 1776/2424/1715 1777/2426/1715
f 1755/2404/1716 1477/2427/1716 1770/2412/1716
f 1484/2428/1717 1769/2401/1717 1784/2425/1717
f 1763/2406/1718 1762/2402/1718 1777/2426/1718
f 1763/2406/1718 1777/2426/1718 1778/2414/1718
f 1775/2422/1719 1774/2420/1719 1789/2429/1719
f 1775/2422/1719 1789/2429/1719 1790/2430/1719
f 1783/2423/1720 1782/2421/1720 1797/2431/1720
f 1783/2423/1720 1797/2431/1720 1798/2432/1720
f 1776/2424/1721 1775/2422/1721 1790/2430/1721
f 1776/2424/1721 1790/2430/1721 1791/2433/1721
f 1784/2425/1722 1783/2423/1722 1798/2432/1722
f 1784/2425/1722 1798/2432/1722 1799/2434/1722
f 1777/2426/1723 1776/2424/1723 1791/2433/1723
f 1777/2426/1723 1791/2433/1723 1792/2435/1723
f 1770/2412/1724 1477/2436/1724 1785/2437/1724
f 1484/2438/1725 1784/2425/1725 1799/2434/1725
f 1778/2414/1726 1777/2426/1726 1792/2435/1726
f 1778/2414/1726 1792/2435/1726 1793/2439/1726
f 1771/2413/1727 1770/2412/1727 1785/2437/1727
f 1771/2413/1727 1785/2437/1727 1786/2440/1727
f 1779/2415/1728 1778/2414/1728 1793/2439/1728
f 1779/2415/1728 1793/2439/1728 1794/2441/1728
f 1772/2416/1729 1771/2413/1729 1786/2440/1729
f 1772/2416/1729 1786/2440/1729 1787/2442/1729
f 1780/2417/1730 1779/2415/1730 1794/2441/1730
f 1780/2417/1730 1794/2441/1730 1795/2443/1730
f 1773/2418/1731 1772/2416/1731 1787/2442/1731
f 1773/2418/1731 1787/2442/1731 1788/2444/1731
f 1781/2419/1732 1780/2417/1732 1795/2443/1732
f 1781/2419/1732 1795/2443/1732 1796/2445/1732
f 1774/2420/1733 1773/2418/1733 1788/2444/1733
f 1774/2420/1733 1788/2444/1733 1789/2429/1733
f 1782/2421/1734 1781/2419/1734 1796/2445/1734
f 1782/2421/1734 1796/2445/1734 1797/2431/1734
f 1794/2441/1735 1793/2439/1735 1808/2446/1735
f 1794/2441/1735 1808/2446/1735 1809/2447/1735
f 1787/2442/1736 1786/2440/1736 1801/2448/1736
f 1787/2442/1736 1801/2448/1736 1802/2449/1736
f 1795/2443/1737 1794/2441/1737 1809/2447/1737
f 1795/2443/1737 1809/2447/1737 1810/2450/1737
f 1788/2444/1738 1787/2442/1738 1802/2449/1738
f 1788/2444/1738 1802/2449/1738 1803/2451/1738
f 1796/2445/1739 1795/2443/1739 1810/2450/1739
f 1796/2445/1739 1810/2450/1739 1811/2452/1739
f 1789/2429/1740 1788/2444/1740 1803/2451/1740
f 1789/2429/1740 1803/2451/1740 1804/2453/1740
f 1797/2431/1741 1796/2445/1741 1811/2452/1741
f 1797/2431/1741 1811/2452/1741 1812/2454/1741
f 1790/2430/1742 1789/2429/1742 1804/2453/1742
f 1790/2430/1742 1804/2453/1742 1805/2455/1742
f 1798/2432/1743 1797/2431/1743 1812/2454/1743
f 1798/2432/1743 1812/2454/1743 1813/2456/1743
f 1791/2433/1744 1790/2430/1744 1805/2455/1744
f 1791/2433/1744 1805/2455/1744 1806/2457/1744
f 1799/2434/1745 1798/2432/1745 1813/2456/1745
f 1799/2434/1745 1813/2456/1745 1814/2458/1745
f 1792/2435/1746 1791/2433/1746 1806/2457/1746
f 1792/2435/1746 1806/2457/1746 1807/2459/1746
f 1785/2437/1747 1477/2460/1747 1800/2461/1747
f 1484/2462/1748 1799/2434/1748 1814/2458/1748
f 1793/2439/1749 1792/2435/1749 1807/2459/1749
f 1793/2439/1749 1807/2459/1749 1808/2446/1749
f 1786/2440/1750 1785/2437/1750 1800/2461/1750
f 1786/2440/1750 1800/2461/1750 1801/2448/1750
f 1813/2456/1751 1812/2454/1751 1827/2463/1751
f 1813/2456/1751 1827/2463/1751 1828/2464/1751
f 1806/2457/1752 1805/2455/1752 1820/2465/1752
f 1806/2457/1752 1820/2465/1752 1821/2466/1752
f 1814/2458/1753 1813/2456/1753 1828/2464/1753
f 1814/2458/1753 1828/2464/1753 1829/2467/1753
f 1807/2459/1754 1806/2457/1754 1821/2466/1754
f 1807/2459/1754 1821/2466/1754 1822/2468/1754
f 1800/2461/1755 1477/2469/1755 1815/2470/1755
f 1484/2471/1756 1814/2458/1756 1829/2467/1756
f 1808/2446/1757 1807/2459/1757 1822/2468/1757
f 1808/2446/1757 1822/2468/1757 1823/2472/1757
f 1801/2448/1758 1800/2461/1758 1815/2470/1758
f 1801/2448/1758 1815/2470/1758 1816/2473/1758
f 1809/2447/1759 1808/2446/1759 1823/2472/1759
f 1809/2447/1759 1823/2472/1759 1824/2474/1759
f 1802/2449/1760 1801/2448/1760 1816/2473/1760
f 1802/2449/1760 1816/2473/1760 1817/2475/1760
f 1810/2450/1761 1809/2447/1761 1824/2474/1761
f 1810/2450/1761 1824/2474/1761 1825/2476/1761
f 1803/2451/1762 1802/2449/1762 1817/2475/1762
f 1803/2451/1762 1817/2475/1762 1818/2477/1762
f 1811/2452/1763 1810/2450/1763 1825/2476/1763
f 1811/2452/1763 1825/2476/1763 1826/2478/1763
f 1804/2453/1764 1803/2451/1764 1818/2477/1764
f 1804/2453/1764 1818/2477/1764 1819/2479/1764
f 1812/2454/1765 1811/2452/1765 1826/2478/1765
f 1812/2454/1765 1826/2478/1765 1827/2463/1765
f 1805/2455/1766 1804/2453/1766 1819/2479/1766
f 1805/2455/1766 1819/2479/1766 1820/2465/1766
f 1817/2475/1767 1816/2473/1767 1831/2480/1767
f 1817/2475/1767 1831/2480/1767 1832/2481/1767
f 1825/2476/1768 1824/2474/1768 1839/2482/1768
f 1825/2476/1768 1839/2482/1768 1840/2483/1768
f 1818/2477/1769 1817/2475/1769 1832/2481/1769
f 1818/2477/1769 1832/2481/1769 1833/2484/1769
f 1826/2478/1770 1825/2476/1770 1840/2483/1770
f 1826/2478/1770 1840/2483/1770 1841/2485/1770
f 1819/2479/1771 1818/2477/1771 1833/2484/1771
f 1819/2479/1771 1833/2484/1771 1834/2486/1771
f 1827/2463/1772 1826/2478/1772 1841/2485/1772
f 1827/2463/1772 1841/2485/1772 1842/2487/1772
f 1820/2465/1773 1819/2479/1773 1834/2486/1773
f 1820/2465/1773 1834/2486/1773 1835/2488/1773
f 1828/2464/1774 1827/2463/1774 1842/2487/1774
f 1828/2464/1774 1842/2487/1774 1843/2489/1774
f 1821/2466/1775 1820/2465/1775 1835/2488/1775
f 1821/2466/1775 1835/2488/1775 1836/2490/1775
f 1829/2467/1776 1828/2464/1776 1843/2489/1776
f 1829/2467/1776 1843/2489/1776 1844/2491/1776
f 1822/2468/1777 1821/2466/1777 1836/2490/1777
f 1822/2468/1777 1836/2490/1777 1837/2492/1777
f 1815/2470/1778 1477/2493/1778 1830/2494/1778
f 1484/2495/1779 1829/2467/1779 1844/2491/1779
f 1823/2472/1780 1822/2468/1780 1837/2492/1780
f 1823/2472/1780 1837/2492/1780 1838/2496/1780
f 1816/2473/1781 1815/2470/1781 1830/2494/1781
f 1816/2473/1781 1830/2494/1781 1831/2480/1781
f 1824/2474/1782 1823/2472/1782 1838/2496/1782
f 1824/2474/1782 1838/2496/1782 1839/2482/1782
f 1836/2497/1783 1835/2498/1783 1850/2499/1783
f 1836/2497/1783 1850/2499/1783 1851/2500/1783
f 1844/2501/1784 1843/2502/1784 1858/2503/1784
f 1844/2501/1784 1858/2503/1784 1859/2504/1784
f 1837/2505/1785 1836/2497/1785 1851/2500/1785
f 1837/2505/1785 1851/2500/1785 1852/2506/1785
f 1830/2507/1786 1477/2508/1786 1845/2509/1786
f 1484/2510/1787 1844/2501/1787 1859/2504/1787
f 1838/2511/1788 1837/2505/1788 1852/2506/1788
f 1838/2511/1788 1852/2506/1788 1853/2512/1788
f 1831/2513/1789 1830/2507/1789 1845/2509/1789
f 1831/2513/1789 1845/2509/1789 1846/2514/1789
f 1839/2515/1790 1838/2511/1790 1853/2512/1790
f 1839/2515/1790 1853/2512/1790 1854/2516/1790
f 1832/2517/1791 1831/2513/1791 1846/2514/1791
f 1832/2517/1791 1846/2514/1791 1847/2518/1791
f 1840/2519/1792 1839/2515/1792 1854/2516/1792
f 1840/2519/1792 1854/2516/1792 1855/2520/1792
f 1833/2521/1793 1832/2517/1793 1847/2518/1793
f 1833/2521/1793 1847/2518/1793 1848/2522/1793
f 1841/2523/1794 1840/2519/1794 1855/2520/1794
f 1841/2523/1794 1855/2520/1794 1856/2524/1794
f 1834/2525/1795 1833/2521/1795 1848/2522/1795
f 1834/2525/1795 1848/2522/1795 1849/2526/1795
f 1842/2527/1796 1841/2523/1796 1856/2524/1796
f 1842/2527/1796 1856/2524/1796 1857/2528/1796
f 1835/2498/1797 1834/2525/1797 1849/2526/1797
f 1835/2498/1797 1849/2526/1797 1850/2499/1797
f 1843/2502/1798 1842/2527/1798 1857/2528/1798
f 1843/2502/1798 1857/2528/1798 1858/2503/1798
f 1855/2520/1799 1854/2516/1799 1869/2529/1799
f 1855/2520/1799 1869/2529/1799 1870/2530/1799
f 1848/2522/1800 1847/2518/1800 1862/2531/1800
f 1848/2522/1800 1862/2531/1800 1863/2532/1800
f 1856/2524/1801 1855/2520/1801 1870/2530/1801
f 1856/2524/1801 1870/2530/1801 1871/2533/1801
f 1849/2526/1802 1848/2522/1802 1863/2532/1802
f 1849/2526/1802 1863/2532/1802 1864/2534/1802
f 1857/2528/1803 1856/2524/1803 1871/2533/1803
f 1857/2528/1803 1871/2533/1803 1872/2535/1803
f 1850/2499/1804 1849/2526/1804 1864/2534/1804
f 1850/2499/1804 1864/2534/1804 1865/2536/1804
f 1858/2503/1805 1857/2528/1805 1872/2535/1805
f 1858/2503/1805 1872/2535/1805 1873/2537/1805
f 1851/2500/1806 1850/2499/1806 1865/2536/1806
f 1851/2500/1806 1865/2536/1806 1866/2538/1806
f 1859/2504/1807 1858/2503/1807 1873/2537/1807
f 1859/2504/1807 1873/2537/1807 1874/2539/1807
f 1852/2506/1808 1851/2500/1808 1866/2538/1808
f 1852/2506/1808 1866/2538/1808 1867/2540/1808
f 1845/2509/1809 1477/2541/1809 1860/2542/1809
f 1484/2543/1810 1859/2504/1810 1874/2539/1810
f 1853/2512/1811 1852/2506/1811 1867/2540/1811
f 1853/2512/1811 1867/2540/1811 1868/2544/1811
f 1846/2514/1812 1845/2509/1812 1860/2542/1812
f 1846/2514/1812 1860/2542/1812 1861/2545/1812
f 1854/2516/1813 1853/2512/1813 1868/2544/1813
f 1854/2516/1813 1868/2544/1813 1869/2529/1813
f 1847/2518/1814 1846/2514/1814 1861/2545/1814
f 1847/2518/1814 1861/2545/1814 1862/2531/1814
f 1874/2539/1815 1873/2537/1815 1888/2546/1815
f 1874/2539/1815 1888/2546/1815 1889/2547/1815
f 1867/2540/1816 1866/2538/1816 1881/2548/1816
f 1867/2540/1816 1881/2548/1816 1882/2549/1816
f 1860/2542/1817 1477/2550/1817 1875/2551/1817
f 1484/2552/1818 1874/2539/1818 1889/2547/1818
f 1868/2544/1819 1867/2540/1819 1882/2549/1819
f 1868/2544/1819 1882/2549/1819 1883/2553/1819
f 1861/2545/1820 1860/2542/1820 1875/2551/1820
f 1861/2545/1820 1875/2551/1820 1876/2554/1820
f 1869/2529/1821 1868/2544/1821 1883/2553/1821
f 1869/2529/1821 1883/2553/1821 1884/2555/1821
f 1862/2531/1822 1861/2545/1822 1876/2554/1822
f 1862/2531/1822 1876/2554/1822 1877/2556/1822
f 1870/2530/1823 1869/2529/1823 1884/2555/1823
f 1870/2530/1823 1884/2555/1823 1885/2557/1823
f 1863/2532/1824 1862/2531/1824 1877/2556/1824
f 1863/2532/1824 1877/2556/1824 1878/2558/1824
f 1871/2533/1825 1870/2530/1825 1885/2557/1825
f 1871/2533/1825 1885/2557/1825 1886/2559/1825
f 1864/2534/1826 1863/2532/1826 1878/2558/1826
f 1864/2534/1826 1878/2558/1826 1879/2560/1826
f 1872/2535/1827 1871/2533/1827 1886/2559/1827
f 1872/2535/1827 1886/2559/1827 1887/2561/1827
f 1865/2536/1828 1864/2534/1828 1879/2560/1828
f 1865/2536/1828 1879/2560/1828 1880/2562/1828
f 1873/2537/1829 1872/2535/1829 1887/2561/1829
f 1873/2537/1829 1887/2561/1829 1888/2546/1829
f 1866/2538/1830 1865/2536/1830 1880/2562/1830
f 1866/2538/1830 1880/2562/1830 1881/2548/1830
f 1886/2559/1831 1885/2557/1831 1900/2563/1831
f 1886/2559/1831 1900/2563/1831 1901/2564/1831
f 1879/2560/1832 1878/2558/1832 1893/2565/1832
f 1879/2560/1832 1893/2565/1832 1894/2566/1832
f 1887/2561/1833 1886/2559/1833 1901/2564/1833
f 1887/2561/1833 1901/2564/1833 1902/2567/1833
f 1880/2562/1834 1879/2560/1834 1894/2566/1834
f 1880/2562/1834 1894/2566/1834 1895/2568/1834
f 1888/2546/1835 1887/2561/1835 1902/2567/1835
f 1888/2546/1835 1902/2567/1835 1903/2569/1835
f 1881/2548/1836 1880/2562/1836 1895/2568/1836
f 1881/2548/1836 1895/2568/1836 1896/2570/1836
f 1889/2547/1837 1888/2546/1837 1903/2569/1837
f 1889/2547/1837 1903/2569/1837 1904/2571/1837
f 1882/2549/1838 1881/2548/1838 1896/2570/1838
f 1882/2549/1838 1896/2570/1838 1897/2572/1838
f 1875/2551/1839 1477/2573/1839 1890/2574/1839
f 1484/2575/1840 1889/2547/1840 1904/2571/1840
f 1883/2553/1841 1882/2549/1841 1897/2572/1841
f 1883/2553/1841 1897/2572/1841 1898/2576/1841
f 1876/2554/1842 1875/2551/1842 1890/2574/1842
f 1876/2554/1842 1890/2574/1842 1891/2577/1842
f 1884/2555/1843 1883/2553/1843 1898/2576/1843
f 1884/2555/1843 1898/2576/1843 1899/2578/1843
f 1877/2556/1844 1876/2554/1844 1891/2577/1844
f 1877/2556/1844 1891/2577/1844 1892/2579/1844
f 1885/2557/1845 1884/2555/1845 1899/2578/1845
f 1885/2557/1845 1899/2578/1845 1900/2563/1845
f 1878/2558/1846 1877/2556/1846 1892/2579/1846
f 1878/2558/1846 1892/2579/1846 1893/2565/1846
f 1890/2574/1847 1477/2580/1847 1905/2581/1847
f 1484/2582/1848 1904/2571/1848 1919/2583/1848
f 1898/2576/1849 1897/2572/1849 1912/2584/1849
f 1898/2576/1849 1912/2584/1849 1913/2585/1849
f 1891/2577/1850 1890/2574/1850 1905/2581/1850
f 1891/2577/1850 1905/2581/1850 1906/2586/1850
f 1899/2578/1851 1898/2576/1851 1913/2585/1851
f 1899/2578/1851 1913/2585/1851 1914/2587/1851
f 1892/2579/1852 1891/2577/1852 1906/2586/1852
f 1892/2579/1852 1906/2586/1852 1907/2588/1852
f 1900/2563/1853 1899/2578/1853 1914/2587/1853
f 1900/2563/1853 1914/2587/1853 1915/2589/1853
f 1893/2565/1854 1892/2579/1854 1907/2588/1854
f 1893/2565/1854 1907/2588/1854 1908/2590/1854
f 1901/2564/1855 1900/2563/1855 1915/2589/1855
f 1901/2564/1855 1915/2589/1855 1916/2591/1855
f 1894/2566/1856 1893/2565/1856 1908/2590/1856
f 1894/2566/1856 1908/2590/1856 1909/2592/1856
f 1902/2567/1857 1901/2564/1857 1916/2591/1857
f 1902/2567/1857 1916/2591/1857 1917/2593/1857
f 1895/2568/1858 1894/2566/1858 1909/2592/1858
f 1895/2568/1858 1909/2592/1858 1910/2594/1858
f 1903/2569/1859 1902/2567/1859 1917/2593/1859
f 1903/2569/1859 1917/2593/1859 1918/2595/1859
f 1896/2570/1860 1895/2568/1860 1910/2594/1860
f 1896/2570/1860 1910/2594/1860 1911/2596/1860
f 1904/2571/1861 1903/2569/1861 1918/2595/1861
f 1904/2571/1861 1918/2595/1861 1919/2583/1861
f 1897/2572/1862 1896/2570/1862 1911/2596/1862
f 1897/2572/1862 1911/2596/1862 1912/2584/1862
f 1909/2592/1863 1908/2590/1863 1923/2597/1863
f 1909/2592/1863 1923/2597/1863 1924/2598/1863
f 1917/2593/1864 1916/2591/1864 1931/2599/1864
f 1917/2593/1864 1931/2599/1864 1932/2600/1864
f 1910/2594/1865 1909/2592/1865 1924/2598/1865
f 1910/2594/1865 1924/2598/1865 1925/2601/1865
f 1918/2595/1866 1917/2593/1866 1932/2600/1866
f 1918/2595/1866 1932/2600/1866 1933/2602/1866
f 1911/2596/1867 1910/2594/1867 1925/2601/1867
f 1911/2596/1867 1925/2601/1867 1926/2603/1867
f 1919/2583/1868 1918/2595/1868 1933/2602/1868
f 1919/2583/1868 1933/2602/1868 1934/2604/1868
f 1912/2584/1869 1911/2596/1869 1926/2603/1869
f 1912/2584/1869 1926/2603/1869 1927/2605/1869
f 1905/2581/1870 1477/2606/1870 1920/2607/1870
f 1484/2608/1871 1919/2583/1871 1934/2604/1871
f 1913/2585/1872 1912/2584/1872 1927/2605/1872
f 1913/2585/1872 1927/2605/1872 1928/2609/1872
f 1906/2586/1873 1905/2581/1873 1920/2607/1873
f 1906/2586/1873 1920/2607/1873 1921/2610/1873
f 1914/2587/1874 1913/2585/1874 1928/2609/1874
f 1914/2587/1874 1928/2609/1874 1929/2611/1874
f 1907/2588/1875 1906/2586/1875 1921/2610/1875
f 1907/2588/1875 1921/2610/1875 1922/2612/1875
f 1915/2589/1876 1914/2587/1876 1929/2611/1876
f 1915/2589/1876 1929/2611/1876 1930/2613/1876
f 1908/2590/1877 1907/2588/1877 1922/2612/1877
f 1908/2590/1877 1922/2612/1877 1923/2597/1877
f 1916/2591/1878 1915/2589/1878 1930/2613/1878
f 1916/2591/1878 1930/2613/1878 1931/2599/1878
f 1928/2609/1879 1927/2605/1879 1942/2614/1879
f 1928/2609/1879 1942/2614/1879 1943/2615/1879
f 1921/2610/1880 1920/2607/1880 1935/2616/1880
f 1921/2610/1880 1935/2616/1880 1936/2617/1880
f 1929/2611/1881 1928/2609/1881 1943/2615/1881
f 1929/2611/1881 1943/2615/1881 1944/2618/1881
f 1922/2612/1882 1921/2610/1882 1936/2617/1882
f 1922/2612/1882 1936/2617/1882 1937/2619/1882
f 1930/2613/1883 1929/2611/1883 1944/2618/1883
f 1930/2613/1883 1944/2618/1883 1945/2620/1883
f 1923/2597/1884 1922/2612/1884 1937/2619/1884
f 1923/2597/1884 1937/2619/1884 1938/2621/1884
f 1931/2599/1885 1930/2613/1885 1945/2620/1885
f 1931/2599/1885 1945/2620/1885 1946/2622/1885
f 1924/2598/1886 1923/2597/1886 1938/2621/1886
f 1924/2598/1886 1938/2621/1886 1939/2623/1886
f 1932/2600/1887 1931/2599/1887 1946/2622/1887
f 1932/2600/1887 1946/2622/1887 1947/2624/1887
f 1925/2601/1888 1924/2598/1888 1939/2623/1888
f 1925/2601/1888 1939/2623/1888 1940/2625/1888
f 1933/2602/1889 1932/2600/1889 1947/2624/1889
f 1933/2602/1889 1947/2624/1889 1948/2626/1889
f 1926/2603/1890 1925/2601/1890 1940/2625/1890
f 1926/2603/1890 1940/2625/1890 1941/2627/1890
f 1934/2604/1891 1933/2602/1891 1948/2626/1891
f 1934/2604/1891 1948/2626/1891 1949/2628/1891
f 1927/2605/1892 1926/2603/1892 1941/2627/1892
f 1927/2605/1892 1941/2627/1892 1942/2614/1892
f 1920/2607/1893 1477/2629/1893 1935/2616/1893
f 1484/2630/1894 1934/2604/1894 1949/2628/1894
f 1947/2624/1895 1946/2622/1895 1955/2079/1895
f 1947/2624/1895 1955/2079/1895 1956/2078/1895
f 1940/2625/1896 1939/2623/1896 1479/2074/1896
f 1940/2625/1896 1479/2074/1896 1953/2082/1896
f 1948/2626/1897 1947/2624/1897 1956/2078/1897
f 1948/2626/1897 1956/2078/1897 1957/2084/1897
f 1941/2627/1898 1940/2625/1898 1953/2082/1898
f 1941/2627/1898 1953/2082/1898 1480/2086/1898
f 1949/2628/1899 1948/2626/1899 1957/2084/1899
f 1949/2628/1899 1957/2084/1899 1958/2088/1899
f 1942/2614/1900 1941/2627/1900 1480/2086/1900
f 1942/2614/1900 1480/2086/1900 1481/2090/1900
f 1935/2616/1901 1477/2631/1901 1950/2092/1901
f 1484/2632/1902 1949/2628/1902 1958/2088/1902
f 1943/2615/1903 1942/2614/1903 1481/2090/1903
f 1943/2615/1903 1481/2090/1903 1482/2096/1903
f 1936/2617/1904 1935/2616/1904 1950/2092/1904
f 1936/2617/1904 1950/2092/1904 1951/2098/1904
f 1944/2618/1905 1943/2615/1905 1482/2096/1905
f 1944/2618/1905 1482/2096/1905 1954/2100/1905
f 1937/2619/1906 1936/2617/1906 1951/2098/1906
f 1937/2619/1906 1951/2098/1906 1478/2102/1906
f 1945/2620/1907 1944/2618/1907 1954/2100/1907
f 1945/2620/1907 1954/2100/1907 1483/2104/1907
f 1938/2621/1908 1937/2619/1908 1478/2102/1908
f 1938/2621/1908 1478/2102/1908 1952/2075/1908
f 1946/2622/1909 1945/2620/1909 1483/2104/1909
f 1946/2622/1909 1483/2104/1909 1955/2079/1909
f 1939/2623/1910 1938/2621/1910 1952/2075/1910
f 1939/2623/1910 1952/2075/1910 1479/2074/1910
o PlayerPart_17
s 0
usemtl Material_3
f 1959/2633/1911 1991/2634/1911 1960/2635/1911
f 1960/2635/1912 1991/2634/1912 1961/2636/1912
f 1961/2636/1913 1991/2634/1913 1962/2637/1913
f 1962/2637/1914 1991/2634/1914 1963/2638/1914
f 1963/2638/1915 1991/2634/1915 1964/2639/1915
f 1964/2639/1916 1991/2634/1916 1965/2640/1916
f 1965/2640/1917 1991/2634/1917 1966/2641/1917
f 1966/2641/1918 1991/2634/1918 1967/2642/1918
f 1967/2642/1919 1991/2634/1919 1968/2643/1919
f 1968/2643/1920 1991/2634/1920 1969/2644/1920
f 1969/2644/1921 1991/2634/1921 1970/2645/1921
f 1970/2645/1922 1991/2634/1922 1971/2646/1922
f 1971/2646/1923 1991/2634/1923 1972/2647/1923
f 1972/2647/1924 1991/2634/1924 1973/2648/1924
f 1973/2648/1925 1991/2634/1925 1974/2649/1925
f 1974/2649/1926 1991/2634/1926 1975/2650/1926
f 1975/2650/1927 1991/2634/1927 1976/2651/1927
f 1976/2651/1928 1991/2634/1928 1977/2652/1928
f 1977/2652/1929 1991/2634/1929 1978/2653/1929
f 1978/2653/1930 1991/2634/1930 1979/2654/1930
f 1979/2654/1931 1991/2634/1931 1980/2655/1931
f 1980/2655/1932 1991/2634/1932 1981/2656/1932
f 1981/2656/1933 1991/2634/1933 1982/2657/1933
f 1982/2657/1934 1991/2634/1934 1983/2658/1934
f 1983/2658/1935 1991/2634/1935 1984/2659/1935
f 1984/2659/1936 1991/2634/1936 1985/2660/1936
f 1985/2660/1937 1991/2634/1937 1986/2661/1937
f 1986/2661/1938 1991/2634/1938 1987/2662/1938
f 1987/2662/1939 1991/2634/1939 1988/2663/1939
f 1988/2663/1940 1991/2634/1940 1989/2664/1940
f 1959/2665/1941 1960/2666/1941 1961/2667/1941
f 1959/2665/1941 1961/2667/1941 1962/2668/1941
f 1959/2665/1941 1962/2668/1941 1963/2669/1941
f 1959/2665/1941 1963/2669/1941 1964/2670/1941
f 1959/2665/1941 1964/2670/1941 1965/2671/1941
f 1959/2665/1941 1965/2671/1941 1966/2672/1941
f 1959/2665/1941 1966/2672/1941 1967/2673/1941
f 1959/2665/1941 1967/2673/1941 1968/2674/1941
f 1959/2665/1941 1968/2674/1941 1969/2675/1941
f 1959/2665/1941 1969/2675/1941 1970/2676/1941
f 1959/2665/1941 1970/2676/1941 1971/2677/1941
f 1959/2665/1941 1971/2677/1941 1972/2678/1941
f 1959/2665/1941 1972/2678/1941 1973/2679/1941
f 1959/2665/1941 1973/2679/1941 1974/2680/1941
f 1959/2665/1941 1974/2680/1941 1975/2681/1941
f 1959/2665/1941 1975/2681/1941 1976/2682/1941
f 1959/2665/1941 1976/2682/1941 1977/2683/1941
f 1959/2665/1941 1977/2683/1941 1978/2684/1941
f 1959/2665/1941 1978/2684/1941 1979/2685/1941
f 1959/2665/1941 1979/2685/1941 1980/2686/1941
f 1959/2665/1941 1980/2686/1941 1981/2687/1941
f 1959/2665/1941 1981/2687/1941 1982/2688/1941
f 1959/2665/1941 1982/2688/1941 1983/2689/1941
f 1959/2665/1941 1983/2689/1941 1984/2690/1941
f 1959/2665/1941 1984/2690/1941 1985/2691/1941
f 1959/2665/1941 1985/2691/1941 1986/2692/1941
f 1959/2665/1941 1986/2692/1941 1987/2693/1941
f 1959/2665/1941 1987/2693/1941 1988/2694/1941
f 1959/2665/1941 1988/2694/1941 1989/2695/1941
f 1959/2665/1941 1989/2695/1941 1990/2696/1941
f 1989/2664/1942 1991/2634/1942 1990/2697/1942
f 1990/2697/1943 1991/2634/1943 1959/2633/1943
o PlayerPart_18
s 0
usemtl Nozzle_Gray
f 1992/2698/1944 1993/2699/1944 1995/2700/1944
f 1992/2698/1944 1995/2700/1944 1994/2701/1944
f 1994/2701/1945 1995/2700/1945 1997/2702/1945
f 1994/2701/1945 1997/2702/1945 1996/2703/1945
f 1996/2703/1946 1997/2702/1946 1999/2704/1946
f 1996/2703/1946 1999/2704/1946 1998/2705/1946
f 1998/2705/1947 1999/2704/1947 2001/2706/1947
f 1998/2705/1947 2001/2706/1947 2000/2707/1947
f 1995/2708/1948 1993/2709/1948 2003/2710/1948
f 1995/2708/1948 2003/2710/1948 2001/2711/1948
f 1995/2708/1948 2001/2711/1948 1999/2712/1948
f 1995/2708/1948 1999/2712/1948 1997/2713/1948
f 2000/2707/1949 2001/2706/1949 2003/2714/1949
f 2000/2707/1949 2003/2714/1949 2002/2715/1949
f 2002/2715/1950 2003/2714/1950 1993/2716/1950
f 2002/2715/1950 1993/2716/1950 1992/2717/1950
usemtl Nozzle_Black
f 1992/2718/1951 1994/2719/1951 1996/2720/1951
f 1992/2718/1951 1996/2720/1951 1998/2721/1951
f 1992/2718/1951 1998/2721/1951 2000/2722/1951
f 1992/2718/1951 2000/2722/1951 2002/2723/1951
o PlayerPart_19
s 0
usemtl Nozzle_Gray
f 2004/2724/1952 2005/2725/1952 2007/2726/1952
f 2004/2724/1952 2007/2726/1952 2006/2727/1952
f 2006/2727/1953 2007/2726/1953 2009/2728/1953
f 2006/2727/1953 2009/2728/1953 2008/2729/1953
f 2008/2729/1954 2009/2728/1954 2011/2730/1954
f 2008/2729/1954 2011/2730/1954 2010/2731/1954
f 2010/2731/1955 2011/2730/1955 2013/2732/1955
f 2010/2731/1955 2013/2732/1955 2012/2733/1955
f 2007/2734/1956 2005/2735/1956 2015/2736/1956
f 2007/2734/1956 2015/2736/1956 2013/2737/1956
f 2007/2734/1956 2013/2737/1956 2011/2738/1956
f 2007/2734/1956 2011/2738/1956 2009/2739/1956
f 2012/2733/1957 2013/2732/1957 2015/2740/1957
f 2012/2733/1957 2015/2740/1957 2014/2741/1957
f 2014/2741/1958 2015/2740/1958 2005/2742/1958
f 2014/2741/1958 2005/2742/1958 2004/2743/1958
usemtl Nozzle_Black
f 2004/2744/1959 2006/2745/1959 2008/2746/1959
f 2004/2744/1959 2008/2746/1959 2010/2747/1959
f 2004/2744/1959 2010/2747/1959 2012/2748/1959
f 2004/2744/1959 2012/2748/1959 2014/2749/1959
o PlayerPart_20
s 0
f 2497/2750/1960 2496/2751/1960 2037/2752/1960
f 2497/2750/1960 2037/2752/1960 2038/2753/1960
f 2020/2754/1961 2019/2755/1961 2030/2756/1961
f 2020/2754/1961 2030/2756/1961 2031/2757/1961
f 2489/2758/1962 2016/2759/1962 2024/2760/1962
f 2023/2761/1963 2497/2750/1963 2038/2753/1963
f 2021/2762/1964 2020/2754/1964 2031/2757/1964
f 2021/2762/1964 2031/2757/1964 2032/2763/1964
f 2490/2764/1965 2489/2758/1965 2024/2760/1965
f 2490/2764/1965 2024/2760/1965 2025/2765/1965
f 2493/2766/1966 2021/2762/1966 2032/2763/1966
f 2493/2766/1966 2032/2763/1966 2033/2767/1966
f 2017/2768/1967 2490/2764/1967 2025/2765/1967
f 2017/2768/1967 2025/2765/1967 2026/2769/1967
f 2022/2770/1968 2493/2766/1968 2033/2767/1968
f 2022/2770/1968 2033/2767/1968 2034/2771/1968
f 2491/2772/1969 2017/2768/1969 2026/2769/1969
f 2491/2772/1969 2026/2769/1969 2027/2773/1969
f 2494/2774/1970 2022/2770/1970 2034/2771/1970
f 2494/2774/1970 2034/2771/1970 2035/2775/1970
f 2018/2776/1971 2491/2772/1971 2027/2773/1971
f 2018/2776/1971 2027/2773/1971 2028/2777/1971
f 2495/2778/1972 2494/2774/1972 2035/2775/1972
f 2495/2778/1972 2035/2775/1972 2036/2779/1972
f 2492/2780/1973 2018/2776/1973 2028/2777/1973
f 2492/2780/1973 2028/2777/1973 2029/2781/1973
f 2496/2751/1974 2495/2778/1974 2036/2779/1974
f 2496/2751/1974 2036/2779/1974 2037/2752/1974
f 2019/2755/1975 2492/2780/1975 2029/2781/1975
f 2019/2755/1975 2029/2781/1975 2030/2756/1975
f 2029/2781/1976 2028/2777/1976 2043/2782/1976
f 2029/2781/1976 2043/2782/1976 2044/2783/1976
f 2037/2752/1977 2036/2779/1977 2051/2784/1977
f 2037/2752/1977 2051/2784/1977 2052/2785/1977
f 2030/2756/1978 2029/2781/1978 2044/2783/1978
f 2030/2756/1978 2044/2783/1978 2045/2786/1978
f 2038/2753/1979 2037/2752/1979 2052/2785/1979
f 2038/2753/1979 2052/2785/1979 2053/2787/1979
f 2031/2757/1980 2030/2756/1980 2045/2786/1980
f 2031/2757/1980 2045/2786/1980 2046/2788/1980
f 2024/2760/1981 2016/2789/1981 2039/2790/1981
f 2023/2791/1982 2038/2753/1982 2053/2787/1982
f 2032/2763/1983 2031/2757/1983 2046/2788/1983
f 2032/2763/1983 2046/2788/1983 2047/2792/1983
f 2025/2765/1984 2024/2760/1984 2039/2790/1984
f 2025/2765/1984 2039/2790/1984 2040/2793/1984
f 2033/2767/1985 2032/2763/1985 2047/2792/1985
f 2033/2767/1985 2047/2792/1985 2048/2794/1985
f 2026/2769/1986 2025/2765/1986 2040/2793/1986
f 2026/2769/1986 2040/2793/1986 2041/2795/1986
f 2034/2771/1987 2033/2767/1987 2048/2794/1987
f 2034/2771/1987 2048/2794/1987 2049/2796/1987
f 2027/2773/1988 2026/2769/1988 2041/2795/1988
f 2027/2773/1988 2041/2795/1988 2042/2797/1988
f 2035/2775/1989 2034/2771/1989 2049/2796/1989
f 2035/2775/1989 2049/2796/1989 2050/2798/1989
f 2028/2777/1990 2027/2773/1990 2042/2797/1990
f 2028/2777/1990 2042/2797/1990 2043/2782/1990
f 2036/2779/1991 2035/2775/1991 2050/2798/1991
f 2036/2779/1991 2050/2798/1991 2051/2784/1991
f 2048/2794/1992 2047/2792/1992 2062/2799/1992
f 2048/2794/1992 2062/2799/1992 2063/2800/1992
f 2041/2795/1993 2040/2793/1993 2055/2801/1993
f 2041/2795/1993 2055/2801/1993 2056/2802/1993
f 2049/2796/1994 2048/2794/1994 2063/2800/1994
f 2049/2796/1994 2063/2800/1994 2064/2803/1994
f 2042/2797/1995 2041/2795/1995 2056/2802/1995
f 2042/2797/1995 2056/2802/1995 2057/2804/1995
f 2050/2798/1996 2049/2796/1996 2064/2803/1996
f 2050/2798/1996 2064/2803/1996 2065/2805/1996
f 2043/2782/1997 2042/2797/1997 2057/2804/1997
f 2043/2782/1997 2057/2804/1997 2058/2806/1997
f 2051/2784/1998 2050/2798/1998 2065/2805/1998
f 2051/2784/1998 2065/2805/1998 2066/2807/1998
f 2044/2783/1999 2043/2782/1999 2058/2806/1999
f 2044/2783/1999 2058/2806/1999 2059/2808/1999
f 2052/2785/2000 2051/2784/2000 2066/2807/2000
f 2052/2785/2000 2066/2807/2000 2067/2809/2000
f 2045/2786/2001 2044/2783/2001 2059/2808/2001
f 2045/2786/2001 2059/2808/2001 2060/2810/2001
f 2053/2787/2002 2052/2785/2002 2067/2809/2002
f 2053/2787/2002 2067/2809/2002 2068/2811/2002
f 2046/2788/2003 2045/2786/2003 2060/2810/2003
f 2046/2788/2003 2060/2810/2003 2061/2812/2003
f 2039/2790/2004 2016/2813/2004 2054/2814/2004
f 2023/2815/2005 2053/2787/2005 2068/2811/2005
f 2047/2792/2006 2046/2788/2006 2061/2812/2006
f 2047/2792/2006 2061/2812/2006 2062/2799/2006
f 2040/2793/2007 2039/2790/2007 2054/2814/2007
f 2040/2793/2007 2054/2814/2007 2055/2801/2007
f 2067/2809/2008 2066/2807/2008 2081/2816/2008
f 2067/2809/2008 2081/2816/2008 2082/2817/2008
f 2060/2810/2009 2059/2808/2009 2074/2818/2009
f 2060/2810/2009 2074/2818/2009 2075/2819/2009
f 2068/2811/2010 2067/2809/2010 2082/2817/2010
f 2068/2811/2010 2082/2817/2010 2083/2820/2010
f 2061/2812/2011 2060/2810/2011 2075/2819/2011
f 2061/2812/2011 2075/2819/2011 2076/2821/2011
f 2054/2814/2012 2016/2822/2012 2069/2823/2012
f 2023/2824/2013 2068/2811/2013 2083/2820/2013
f 2062/2799/2014 2061/2812/2014 2076/2821/2014
f 2062/2799/2014 2076/2821/2014 2077/2825/2014
f 2055/2801/2015 2054/2814/2015 2069/2823/2015
f 2055/2801/2015 2069/2823/2015 2070/2826/2015
f 2063/2800/2016 2062/2799/2016 2077/2825/2016
f 2063/2800/2016 2077/2825/2016 2078/2827/2016
f 2056/2802/2017 2055/2801/2017 2070/2826/2017
f 2056/2802/2017 2070/2826/2017 2071/2828/2017
f 2064/2803/2018 2063/2800/2018 2078/2827/2018
f 2064/2803/2018 2078/2827/2018 2079/2829/2018
f 2057/2804/2019 2056/2802/2019 2071/2828/2019
f 2057/2804/2019 2071/2828/2019 2072/2830/2019
f 2065/2805/2020 2064/2803/2020 2079/2829/2020
f 2065/2805/2020 2079/2829/2020 2080/2831/2020
f 2058/2806/2021 2057/2804/2021 2072/2830/2021
f 2058/2806/2021 2072/2830/2021 2073/2832/2021
f 2066/2807/2022 2065/2805/2022 2080/2831/2022
f 2066/2807/2022 2080/2831/2022 2081/2816/2022
f 2059/2808/2023 2058/2806/2023 2073/2832/2023
f 2059/2808/2023 2073/2832/2023 2074/2818/2023
f 2079/2829/2024 2078/2827/2024 2093/2833/2024
f 2079/2829/2024 2093/2833/2024 2094/2834/2024
f 2072/2830/2025 2071/2828/2025 2086/2835/2025
f 2072/2830/2025 2086/2835/2025 2087/2836/2025
f 2080/2831/2026 2079/2829/2026 2094/2834/2026
f 2080/2831/2026 2094/2834/2026 2095/2837/2026
f 2073/2832/2027 2072/2830/2027 2087/2836/2027
f 2073/2832/2027 2087/2836/2027 2088/2838/2027
f 2081/2816/2028 2080/2831/2028 2095/2837/2028
f 2081/2816/2028 2095/2837/2028 2096/2839/2028
f 2074/2818/2029 2073/2832/2029 2088/2838/2029
f 2074/2818/2029 2088/2838/2029 2089/2840/2029
f 2082/2817/2030 2081/2816/2030 2096/2839/2030
f 2082/2817/2030 2096/2839/2030 2097/2841/2030
f 2075/2819/2031 2074/2818/2031 2089/2840/2031
f 2075/2819/2031 2089/2840/2031 2090/2842/2031
f 2083/2820/2032 2082/2817/2032 2097/2841/2032
f 2083/2820/2032 2097/2841/2032 2098/2843/2032
f 2076/2821/2033 2075/2819/2033 2090/2842/2033
f 2076/2821/2033 2090/2842/2033 2091/2844/2033
f 2069/2823/2034 2016/2845/2034 2084/2846/2034
f 2023/2847/2035 2083/2820/2035 2098/2843/2035
f 2077/2825/2036 2076/2821/2036 2091/2844/2036
f 2077/2825/2036 2091/2844/2036 2092/2848/2036
f 2070/2826/2037 2069/2823/2037 2084/2846/2037
f 2070/2826/2037 2084/2846/2037 2085/2849/2037
f 2078/2827/2038 2077/2825/2038 2092/2848/2038
f 2078/2827/2038 2092/2848/2038 2093/2833/2038
f 2071/2828/2039 2070/2826/2039 2085/2849/2039
f 2071/2828/2039 2085/2849/2039 2086/2835/2039
f 2098/2843/2040 2097/2841/2040 2112/2850/2040
f 2098/2843/2040 2112/2850/2040 2113/2851/2040
f 2091/2844/2041 2090/2842/2041 2105/2852/2041
f 2091/2844/2041 2105/2852/2041 2106/2853/2041
f 2084/2846/2042 2016/2854/2042 2099/2855/2042
f 2023/2856/2043 2098/2843/2043 2113/2851/2043
f 2092/2848/2044 2091/2844/2044 2106/2853/2044
f 2092/2848/2044 2106/2853/2044 2107/2857/2044
f 2085/2849/2045 2084/2846/2045 2099/2855/2045
f 2085/2849/2045 2099/2855/2045 2100/2858/2045
f 2093/2833/2046 2092/2848/2046 2107/2857/2046
f 2093/2833/2046 2107/2857/2046 2108/2859/2046
f 2086/2835/2047 2085/2849/2047 2100/2858/2047
f 2086/2835/2047 2100/2858/2047 2101/2860/2047
f 2094/2834/2048 2093/2833/2048 2108/2859/2048
f 2094/2834/2048 2108/2859/2048 2109/2861/2048
f 2087/2836/2049 2086/2835/2049 2101/2860/2049
f 2087/2836/2049 2101/2860/2049 2102/2862/2049
f 2095/2837/2050 2094/2834/2050 2109/2861/2050
f 2095/2837/2050 2109/2861/2050 2110/2863/2050
f 2088/2838/2051 2087/2836/2051 2102/2862/2051
f 2088/2838/2051 2102/2862/2051 2103/2864/2051
f 2096/2839/2052 2095/2837/2052 2110/2863/2052
f 2096/2839/2052 2110/2863/2052 2111/2865/2052
f 2089/2840/2053 2088/2838/2053 2103/2864/2053
f 2089/2840/2053 2103/2864/2053 2104/2866/2053
f 2097/2841/2054 2096/2839/2054 2111/2865/2054
f 2097/2841/2054 2111/2865/2054 2112/2850/2054
f 2090/2842/2055 2089/2840/2055 2104/2866/2055
f 2090/2842/2055 2104/2866/2055 2105/2852/2055
f 2102/2862/2056 2101/2860/2056 2116/2867/2056
f 2102/2862/2056 2116/2867/2056 2117/2868/2056
f 2110/2863/2057 2109/2861/2057 2124/2869/2057
f 2110/2863/2057 2124/2869/2057 2125/2870/2057
f 2103/2864/2058 2102/2862/2058 2117/2868/2058
f 2103/2864/2058 2117/2868/2058 2118/2871/2058
f 2111/2865/2059 2110/2863/2059 2125/2870/2059
f 2111/2865/2059 2125/2870/2059 2126/2872/2059
f 2104/2866/2060 2103/2864/2060 2118/2871/2060
f 2104/2866/2060 2118/2871/2060 2119/2873/2060
f 2112/2850/2061 2111/2865/2061 2126/2872/2061
f 2112/2850/2061 2126/2872/2061 2127/2874/2061
f 2105/2852/2062 2104/2866/2062 2119/2873/2062
f 2105/2852/2062 2119/2873/2062 2120/2875/2062
f 2113/2851/2063 2112/2850/2063 2127/2874/2063
f 2113/2851/2063 2127/2874/2063 2128/2876/2063
f 2106/2853/2064 2105/2852/2064 2120/2875/2064
f 2106/2853/2064 2120/2875/2064 2121/2877/2064
f 2099/2855/2065 2016/2878/2065 2114/2879/2065
f 2023/2880/2066 2113/2851/2066 2128/2876/2066
f 2107/2857/2067 2106/2853/2067 2121/2877/2067
f 2107/2857/2067 2121/2877/2067 2122/2881/2067
f 2100/2858/2068 2099/2855/2068 2114/2879/2068
f 2100/2858/2068 2114/2879/2068 2115/2882/2068
f 2108/2859/2069 2107/2857/2069 2122/2881/2069
f 2108/2859/2069 2122/2881/2069 2123/2883/2069
f 2101/2860/2070 2100/2858/2070 2115/2882/2070
f 2101/2860/2070 2115/2882/2070 2116/2867/2070
f 2109/2861/2071 2108/2859/2071 2123/2883/2071
f 2109/2861/2071 2123/2883/2071 2124/2869/2071
f 2121/2877/2072 2120/2875/2072 2135/2884/2072
f 2121/2877/2072 2135/2884/2072 2136/2885/2072
f 2114/2879/2073 2016/2886/2073 2129/2887/2073
f 2023/2888/2074 2128/2876/2074 2143/2889/2074
f 2122/2881/2075 2121/2877/2075 2136/2885/2075
f 2122/2881/2075 2136/2885/2075 2137/2890/2075
f 2115/2882/2076 2114/2879/2076 2129/2887/2076
f 2115/2882/2076 2129/2887/2076 2130/2891/2076
f 2123/2883/2077 2122/2881/2077 2137/2890/2077
f 2123/2883/2077 2137/2890/2077 2138/2892/2077
f 2116/2867/2078 2115/2882/2078 2130/2891/2078
f 2116/2867/2078 2130/2891/2078 2131/2893/2078
f 2124/2869/2079 2123/2883/2079 2138/2892/2079
f 2124/2869/2079 2138/2892/2079 2139/2894/2079
f 2117/2868/2080 2116/2867/2080 2131/2893/2080
f 2117/2868/2080 2131/2893/2080 2132/2895/2080
f 2125/2870/2081 2124/2869/2081 2139/2894/2081
f 2125/2870/2081 2139/2894/2081 2140/2896/2081
f 2118/2871/2082 2117/2868/2082 2132/2895/2082
f 2118/2871/2082 2132/2895/2082 2133/2897/2082
f 2126/2872/2083 2125/2870/2083 2140/2896/2083
f 2126/2872/2083 2140/2896/2083 2141/2898/2083
f 2119/2873/2084 2118/2871/2084 2133/2897/2084
f 2119/2873/2084 2133/2897/2084 2134/2899/2084
f 2127/2874/2085 2126/2872/2085 2141/2898/2085
f 2127/2874/2085 2141/2898/2085 2142/2900/2085
f 2120/2875/2086 2119/2873/2086 2134/2899/2086
f 2120/2875/2086 2134/2899/2086 2135/2884/2086
f 2128/2876/2087 2127/2874/2087 2142/2900/2087
f 2128/2876/2087 2142/2900/2087 2143/2889/2087
f 2140/2896/2088 2139/2894/2088 2154/2901/2088
f 2140/2896/2088 2154/2901/2088 2155/2902/2088
f 2133/2897/2089 2132/2895/2089 2147/2903/2089
f 2133/2897/2089 2147/2903/2089 2148/2904/2089
f 2141/2898/2090 2140/2896/2090 2155/2902/2090
f 2141/2898/2090 2155/2902/2090 2156/2905/2090
f 2134/2899/2091 2133/2897/2091 2148/2904/2091
f 2134/2899/2091 2148/2904/2091 2149/2906/2091
f 2142/2900/2092 2141/2898/2092 2156/2905/2092
f 2142/2900/2092 2156/2905/2092 2157/2907/2092
f 2135/2884/2093 2134/2899/2093 2149/2906/2093
f 2135/2884/2093 2149/2906/2093 2150/2908/2093
f 2143/2889/2094 2142/2900/2094 2157/2907/2094
f 2143/2889/2094 2157/2907/2094 2158/2909/2094
f 2136/2885/2095 2135/2884/2095 2150/2908/2095
f 2136/2885/2095 2150/2908/2095 2151/2910/2095
f 2129/2887/2096 2016/2911/2096 2144/2912/2096
f 2023/2913/2097 2143/2889/2097 2158/2909/2097
f 2137/2890/2098 2136/2885/2098 2151/2910/2098
f 2137/2890/2098 2151/2910/2098 2152/2914/2098
f 2130/2891/2099 2129/2887/2099 2144/2912/2099
f 2130/2891/2099 2144/2912/2099 2145/2915/2099
f 2138/2892/2100 2137/2890/2100 2152/2914/2100
f 2138/2892/2100 2152/2914/2100 2153/2916/2100
f 2131/2893/2101 2130/2891/2101 2145/2915/2101
f 2131/2893/2101 2145/2915/2101 2146/2917/2101
f 2139/2894/2102 2138/2892/2102 2153/2916/2102
f 2139/2894/2102 2153/2916/2102 2154/2901/2102
f 2132/2895/2103 2131/2893/2103 2146/2917/2103
f 2132/2895/2103 2146/2917/2103 2147/2903/2103
f 2144/2912/2104 2016/2918/2104 2159/2919/2104
f 2023/2920/2105 2158/2909/2105 2173/2921/2105
f 2152/2914/2106 2151/2910/2106 2166/2922/2106
f 2152/2914/2106 2166/2922/2106 2167/2923/2106
f 2145/2915/2107 2144/2912/2107 2159/2919/2107
f 2145/2915/2107 2159/2919/2107 2160/2924/2107
f 2153/2916/2108 2152/2914/2108 2167/2923/2108
f 2153/2916/2108 2167/2923/2108 2168/2925/2108
f 2146/2917/2109 2145/2915/2109 2160/2924/2109
f 2146/2917/2109 2160/2924/2109 2161/2926/2109
f 2154/2901/2110 2153/2916/2110 2168/2925/2110
f 2154/2901/2110 2168/2925/2110 2169/2927/2110
f 2147/2903/2111 2146/2917/2111 2161/2926/2111
f 2147/2903/2111 2161/2926/2111 2162/2928/2111
f 2155/2902/2112 2154/2901/2112 2169/2927/2112
f 2155/2902/2112 2169/2927/2112 2170/2929/2112
f 2148/2904/2113 2147/2903/2113 2162/2928/2113
f 2148/2904/2113 2162/2928/2113 2163/2930/2113
f 2156/2905/2114 2155/2902/2114 2170/2929/2114
f 2156/2905/2114 2170/2929/2114 2171/2931/2114
f 2149/2906/2115 2148/2904/2115 2163/2930/2115
f 2149/2906/2115 2163/2930/2115 2164/2932/2115
f 2157/2907/2116 2156/2905/2116 2171/2931/2116
f 2157/2907/2116 2171/2931/2116 2172/2933/2116
f 2150/2908/2117 2149/2906/2117 2164/2932/2117
f 2150/2908/2117 2164/2932/2117 2165/2934/2117
f 2158/2909/2118 2157/2907/2118 2172/2933/2118
f 2158/2909/2118 2172/2933/2118 2173/2921/2118
f 2151/2910/2119 2150/2908/2119 2165/2934/2119
f 2151/2910/2119 2165/2934/2119 2166/2922/2119
f 2163/2930/2120 2162/2928/2120 2177/2935/2120
f 2163/2930/2120 2177/2935/2120 2178/2936/2120
f 2171/2931/2121 2170/2929/2121 2185/2937/2121
f 2171/2931/2121 2185/2937/2121 2186/2938/2121
f 2164/2932/2122 2163/2930/2122 2178/2936/2122
f 2164/2932/2122 2178/2936/2122 2179/2939/2122
f 2172/2933/2123 2171/2931/2123 2186/2938/2123
f 2172/2933/2123 2186/2938/2123 2187/2940/2123
f 2165/2934/2124 2164/2932/2124 2179/2939/2124
f 2165/2934/2124 2179/2939/2124 2180/2941/2124
f 2173/2921/2125 2172/2933/2125 2187/2940/2125
f 2173/2921/2125 2187/2940/2125 2188/2942/2125
f 2166/2922/2126 2165/2934/2126 2180/2941/2126
f 2166/2922/2126 2180/2941/2126 2181/2943/2126
f 2159/2919/2127 2016/2944/2127 2174/2945/2127
f 2023/2946/2128 2173/2921/2128 2188/2942/2128
f 2167/2923/2129 2166/2922/2129 2181/2943/2129
f 2167/2923/2129 2181/2943/2129 2182/2947/2129
f 2160/2924/2130 2159/2919/2130 2174/2945/2130
f 2160/2924/2130 2174/2945/2130 2175/2948/2130
f 2168/2925/2131 2167/2923/2131 2182/2947/2131
f 2168/2925/2131 2182/2947/2131 2183/2949/2131
f 2161/2926/2132 2160/2924/2132 2175/2948/2132
f 2161/2926/2132 2175/2948/2132 2176/2950/2132
f 2169/2927/2133 2168/2925/2133 2183/2949/2133
f 2169/2927/2133 2183/2949/2133 2184/2951/2133
f 2162/2928/2134 2161/2926/2134 2176/2950/2134
f 2162/2928/2134 2176/2950/2134 2177/2935/2134
f 2170/2929/2135 2169/2927/2135 2184/2951/2135
f 2170/2929/2135 2184/2951/2135 2185/2937/2135
f 2182/2947/2136 2181/2943/2136 2196/2952/2136
f 2182/2947/2136 2196/2952/2136 2197/2953/2136
f 2175/2948/2137 2174/2945/2137 2189/2954/2137
f 2175/2948/2137 2189/2954/2137 2190/2955/2137
f 2183/2949/2138 2182/2947/2138 2197/2953/2138
f 2183/2949/2138 2197/2953/2138 2198/2956/2138
f 2176/2950/2139 2175/2948/2139 2190/2955/2139
f 2176/2950/2139 2190/2955/2139 2191/2957/2139
f 2184/2951/2140 2183/2949/2140 2198/2956/2140
f 2184/2951/2140 2198/2956/2140 2199/2958/2140
f 2177/2935/2141 2176/2950/2141 2191/2957/2141
f 2177/2935/2141 2191/2957/2141 2192/2959/2141
f 2185/2937/2142 2184/2951/2142 2199/2958/2142
f 2185/2937/2142 2199/2958/2142 2200/2960/2142
f 2178/2936/2143 2177/2935/2143 2192/2959/2143
f 2178/2936/2143 2192/2959/2143 2193/2961/2143
f 2186/2938/2144 2185/2937/2144 2200/2960/2144
f 2186/2938/2144 2200/2960/2144 2201/2962/2144
f 2179/2939/2145 2178/2936/2145 2193/2961/2145
f 2179/2939/2145 2193/2961/2145 2194/2963/2145
f 2187/2940/2146 2186/2938/2146 2201/2962/2146
f 2187/2940/2146 2201/2962/2146 2202/2964/2146
f 2180/2941/2147 2179/2939/2147 2194/2963/2147
f 2180/2941/2147 2194/2963/2147 2195/2965/2147
f 2188/2942/2148 2187/2940/2148 2202/2964/2148
f 2188/2942/2148 2202/2964/2148 2203/2966/2148
f 2181/2943/2149 2180/2941/2149 2195/2965/2149
f 2181/2943/2149 2195/2965/2149 2196/2952/2149
f 2174/2945/2150 2016/2967/2150 2189/2954/2150
f 2023/2968/2151 2188/2942/2151 2203/2966/2151
f 2201/2962/2152 2200/2960/2152 2215/2969/2152
f 2201/2962/2152 2215/2969/2152 2216/2970/2152
f 2194/2963/2153 2193/2961/2153 2208/2971/2153
f 2194/2963/2153 2208/2971/2153 2209/2972/2153
f 2202/2964/2154 2201/2962/2154 2216/2970/2154
f 2202/2964/2154 2216/2970/2154 2217/2973/2154
f 2195/2965/2155 2194/2963/2155 2209/2972/2155
f 2195/2965/2155 2209/2972/2155 2210/2974/2155
f 2203/2966/2156 2202/2964/2156 2217/2973/2156
f 2203/2966/2156 2217/2973/2156 2218/2975/2156
f 2196/2952/2157 2195/2965/2157 2210/2974/2157
f 2196/2952/2157 2210/2974/2157 2211/2976/2157
f 2189/2954/2158 2016/2977/2158 2204/2978/2158
f 2023/2979/2159 2203/2966/2159 2218/2975/2159
f 2197/2953/2160 2196/2952/2160 2211/2976/2160
f 2197/2953/2160 2211/2976/2160 2212/2980/2160
f 2190/2955/2161 2189/2954/2161 2204/2978/2161
f 2190/2955/2161 2204/2978/2161 2205/2981/2161
f 2198/2956/2162 2197/2953/2162 2212/2980/2162
f 2198/2956/2162 2212/2980/2162 2213/2982/2162
f 2191/2957/2163 2190/2955/2163 2205/2981/2163
f 2191/2957/2163 2205/2981/2163 2206/2983/2163
f 2199/2958/2164 2198/2956/2164 2213/2982/2164
f 2199/2958/2164 2213/2982/2164 2214/2984/2164
f 2192/2959/2165 2191/2957/2165 2206/2983/2165
f 2192/2959/2165 2206/2983/2165 2207/2985/2165
f 2200/2960/2166 2199/2958/2166 2214/2984/2166
f 2200/2960/2166 2214/2984/2166 2215/2969/2166
f 2193/2961/2167 2192/2959/2167 2207/2985/2167
f 2193/2961/2167 2207/2985/2167 2208/2971/2167
f 2213/2982/2168 2212/2980/2168 2227/2986/2168
f 2213/2982/2168 2227/2986/2168 2228/2987/2168
f 2206/2983/2169 2205/2981/2169 2220/2988/2169
f 2206/2983/2169 2220/2988/2169 2221/2989/2169
f 2214/2984/2170 2213/2982/2170 2228/2987/2170
f 2214/2984/2170 2228/2987/2170 2229/2990/2170
f 2207/2985/2171 2206/2983/2171 2221/2989/2171
f 2207/2985/2171 2221/2989/2171 2222/2991/2171
f 2215/2969/2172 2214/2984/2172 2229/2990/2172
f 2215/2969/2172 2229/2990/2172 2230/2992/2172
f 2208/2971/2173 2207/2985/2173 2222/2991/2173
f 2208/2971/2173 2222/2991/2173 2223/2993/2173
f 2216/2970/2174 2215/2969/2174 2230/2992/2174
f 2216/2970/2174 2230/2992/2174 2231/2994/2174
f 2209/2972/2175 2208/2971/2175 2223/2993/2175
f 2209/2972/2175 2223/2993/2175 2224/2995/2175
f 2217/2973/2176 2216/2970/2176 2231/2994/2176
f 2217/2973/2176 2231/2994/2176 2232/2996/2176
f 2210/2974/2177 2209/2972/2177 2224/2995/2177
f 2210/2974/2177 2224/2995/2177 2225/2997/2177
f 2218/2975/2178 2217/2973/2178 2232/2996/2178
f 2218/2975/2178 2232/2996/2178 2233/2998/2178
f 2211/2976/2179 2210/2974/2179 2225/2997/2179
f 2211/2976/2179 2225/2997/2179 2226/2999/2179
f 2204/2978/2180 2016/3000/2180 2219/3001/2180
f 2023/3002/2181 2218/2975/2181 2233/2998/2181
f 2212/2980/2182 2211/2976/2182 2226/2999/2182
f 2212/2980/2182 2226/2999/2182 2227/2986/2182
f 2205/2981/2183 2204/2978/2183 2219/3001/2183
f 2205/2981/2183 2219/3001/2183 2220/2988/2183
f 2232/2996/2184 2231/2994/2184 2246/3003/2184
f 2232/2996/2184 2246/3003/2184 2247/3004/2184
f 2225/2997/2185 2224/2995/2185 2239/3005/2185
f 2225/2997/2185 2239/3005/2185 2240/3006/2185
f 2233/2998/2186 2232/2996/2186 2247/3004/2186
f 2233/2998/2186 2247/3004/2186 2248/3007/2186
f 2226/2999/2187 2225/2997/2187 2240/3006/2187
f 2226/2999/2187 2240/3006/2187 2241/3008/2187
f 2219/3001/2188 2016/3009/2188 2234/3010/2188
f 2023/3011/2189 2233/2998/2189 2248/3007/2189
f 2227/2986/2190 2226/2999/2190 2241/3008/2190
f 2227/2986/2190 2241/3008/2190 2242/3012/2190
f 2220/2988/2191 2219/3001/2191 2234/3010/2191
f 2220/2988/2191 2234/3010/2191 2235/3013/2191
f 2228/2987/2192 2227/2986/2192 2242/3012/2192
f 2228/2987/2192 2242/3012/2192 2243/3014/2192
f 2221/2989/2193 2220/2988/2193 2235/3013/2193
f 2221/2989/2193 2235/3013/2193 2236/3015/2193
f 2229/2990/2194 2228/2987/2194 2243/3014/2194
f 2229/2990/2194 2243/3014/2194 2244/3016/2194
f 2222/2991/2195 2221/2989/2195 2236/3015/2195
f 2222/2991/2195 2236/3015/2195 2237/3017/2195
f 2230/2992/2196 2229/2990/2196 2244/3016/2196
f 2230/2992/2196 2244/3016/2196 2245/3018/2196
f 2223/2993/2197 2222/2991/2197 2237/3017/2197
f 2223/2993/2197 2237/3017/2197 2238/3019/2197
f 2231/2994/2198 2230/2992/2198 2245/3018/2198
f 2231/2994/2198 2245/3018/2198 2246/3003/2198
f 2224/2995/2199 2223/2993/2199 2238/3019/2199
f 2224/2995/2199 2238/3019/2199 2239/3005/2199
f 2236/3015/2200 2235/3013/2200 2250/3020/2200
f 2236/3015/2200 2250/3020/2200 2251/3021/2200
f 2244/3016/2201 2243/3014/2201 2258/3022/2201
f 2244/3016/2201 2258/3022/2201 2259/3023/2201
f 2237/3017/2202 2236/3015/2202 2251/3021/2202
f 2237/3017/2202 2251/3021/2202 2252/3024/2202
f 2245/3018/2203 2244/3016/2203 2259/3023/2203
f 2245/3018/2203 2259/3023/2203 2260/3025/2203
f 2238/3019/2204 2237/3017/2204 2252/3024/2204
f 2238/3019/2204 2252/3024/2204 2253/3026/2204
f 2246/3003/2205 2245/3018/2205 2260/3025/2205
f 2246/3003/2205 2260/3025/2205 2261/3027/2205
f 2239/3005/2206 2238/3019/2206 2253/3026/2206
f 2239/3005/2206 2253/3026/2206 2254/3028/2206
f 2247/3004/2207 2246/3003/2207 2261/3027/2207
f 2247/3004/2207 2261/3027/2207 2262/3029/2207
f 2240/3006/2208 2239/3005/2208 2254/3028/2208
f 2240/3006/2208 2254/3028/2208 2255/3030/2208
f 2248/3007/2209 2247/3004/2209 2262/3029/2209
f 2248/3007/2209 2262/3029/2209 2263/3031/2209
f 2241/3008/2210 2240/3006/2210 2255/3030/2210
f 2241/3008/2210 2255/3030/2210 2256/3032/2210
f 2234/3010/2211 2016/3033/2211 2249/3034/2211
f 2023/3035/2212 2248/3007/2212 2263/3031/2212
f 2242/3012/2213 2241/3008/2213 2256/3032/2213
f 2242/3012/2213 2256/3032/2213 2257/3036/2213
f 2235/3013/2214 2234/3010/2214 2249/3034/2214
f 2235/3013/2214 2249/3034/2214 2250/3020/2214
f 2243/3014/2215 2242/3012/2215 2257/3036/2215
f 2243/3014/2215 2257/3036/2215 2258/3022/2215
f 2255/3030/2216 2254/3028/2216 2269/3037/2216
f 2255/3030/2216 2269/3037/2216 2270/3038/2216
f 2263/3031/2217 2262/3029/2217 2277/3039/2217
f 2263/3031/2217 2277/3039/2217 2278/3040/2217
f 2256/3032/2218 2255/3030/2218 2270/3038/2218
f 2256/3032/2218 2270/3038/2218 2271/3041/2218
f 2249/3034/2219 2016/3042/2219 2264/3043/2219
f 2023/3044/2220 2263/3031/2220 2278/3040/2220
f 2257/3036/2221 2256/3032/2221 2271/3041/2221
f 2257/3036/2221 2271/3041/2221 2272/3045/2221
f 2250/3020/2222 2249/3034/2222 2264/3043/2222
f 2250/3020/2222 2264/3043/2222 2265/3046/2222
f 2258/3022/2223 2257/3036/2223 2272/3045/2223
f 2258/3022/2223 2272/3045/2223 2273/3047/2223
f 2251/3021/2224 2250/3020/2224 2265/3046/2224
f 2251/3021/2224 2265/3046/2224 2266/3048/2224
f 2259/3023/2225 2258/3022/2225 2273/3047/2225
f 2259/3023/2225 2273/3047/2225 2274/3049/2225
f 2252/3024/2226 2251/3021/2226 2266/3048/2226
f 2252/3024/2226 2266/3048/2226 2267/3050/2226
f 2260/3025/2227 2259/3023/2227 2274/3049/2227
f 2260/3025/2227 2274/3049/2227 2275/3051/2227
f 2253/3026/2228 2252/3024/2228 2267/3050/2228
f 2253/3026/2228 2267/3050/2228 2268/3052/2228
f 2261/3027/2229 2260/3025/2229 2275/3051/2229
f 2261/3027/2229 2275/3051/2229 2276/3053/2229
f 2254/3028/2230 2253/3026/2230 2268/3052/2230
f 2254/3028/2230 2268/3052/2230 2269/3037/2230
f 2262/3029/2231 2261/3027/2231 2276/3053/2231
f 2262/3029/2231 2276/3053/2231 2277/3039/2231
f 2274/3049/2232 2273/3047/2232 2288/3054/2232
f 2274/3049/2232 2288/3054/2232 2289/3055/2232
f 2267/3050/2233 2266/3048/2233 2281/3056/2233
f 2267/3050/2233 2281/3056/2233 2282/3057/2233
f 2275/3051/2234 2274/3049/2234 2289/3055/2234
f 2275/3051/2234 2289/3055/2234 2290/3058/2234
f 2268/3052/2235 2267/3050/2235 2282/3057/2235
f 2268/3052/2235 2282/3057/2235 2283/3059/2235
f 2276/3053/2236 2275/3051/2236 2290/3058/2236
f 2276/3053/2236 2290/3058/2236 2291/3060/2236
f 2269/3037/2237 2268/3052/2237 2283/3059/2237
f 2269/3037/2237 2283/3059/2237 2284/3061/2237
f 2277/3039/2238 2276/3053/2238 2291/3060/2238
f 2277/3039/2238 2291/3060/2238 2292/3062/2238
f 2270/3038/2239 2269/3037/2239 2284/3061/2239
f 2270/3038/2239 2284/3061/2239 2285/3063/2239
f 2278/3040/2240 2277/3039/2240 2292/3062/2240
f 2278/3040/2240 2292/3062/2240 2293/3064/2240
f 2271/3041/2241 2270/3038/2241 2285/3063/2241
f 2271/3041/2241 2285/3063/2241 2286/3065/2241
f 2264/3043/2242 2016/3066/2242 2279/3067/2242
f 2023/3068/2243 2278/3040/2243 2293/3064/2243
f 2272/3045/2244 2271/3041/2244 2286/3065/2244
f 2272/3045/2244 2286/3065/2244 2287/3069/2244
f 2265/3046/2245 2264/3043/2245 2279/3067/2245
f 2265/3046/2245 2279/3067/2245 2280/3070/2245
f 2273/3047/2246 2272/3045/2246 2287/3069/2246
f 2273/3047/2246 2287/3069/2246 2288/3054/2246
f 2266/3048/2247 2265/3046/2247 2280/3070/2247
f 2266/3048/2247 2280/3070/2247 2281/3056/2247
f 2293/3064/2248 2292/3062/2248 2307/3071/2248
f 2293/3064/2248 2307/3071/2248 2308/3072/2248
f 2286/3065/2249 2285/3063/2249 2300/3073/2249
f 2286/3065/2249 2300/3073/2249 2301/3074/2249
f 2279/3067/2250 2016/3075/2250 2294/3076/2250
f 2023/3077/2251 2293/3064/2251 2308/3072/2251
f 2287/3069/2252 2286/3065/2252 2301/3074/2252
f 2287/3069/2252 2301/3074/2252 2302/3078/2252
f 2280/3070/2253 2279/3067/2253 2294/3076/2253
f 2280/3070/2253 2294/3076/2253 2295/3079/2253
f 2288/3054/2254 2287/3069/2254 2302/3078/2254
f 2288/3054/2254 2302/3078/2254 2303/3080/2254
f 2281/3056/2255 2280/3070/2255 2295/3079/2255
f 2281/3056/2255 2295/3079/2255 2296/3081/2255
f 2289/3055/2256 2288/3054/2256 2303/3080/2256
f 2289/3055/2256 2303/3080/2256 2304/3082/2256
f 2282/3057/2257 2281/3056/2257 2296/3081/2257
f 2282/3057/2257 2296/3081/2257 2297/3083/2257
f 2290/3058/2258 2289/3055/2258 2304/3082/2258
f 2290/3058/2258 2304/3082/2258 2305/3084/2258
f 2283/3059/2259 2282/3057/2259 2297/3083/2259
f 2283/3059/2259 2297/3083/2259 2298/3085/2259
f 2291/3060/2260 2290/3058/2260 2305/3084/2260
f 2291/3060/2260 2305/3084/2260 2306/3086/2260
f 2284/3061/2261 2283/3059/2261 2298/3085/2261
f 2284/3061/2261 2298/3085/2261 2299/3087/2261
f 2292/3062/2262 2291/3060/2262 2306/3086/2262
f 2292/3062/2262 2306/3086/2262 2307/3071/2262
f 2285/3063/2263 2284/3061/2263 2299/3087/2263
f 2285/3063/2263 2299/3087/2263 2300/3073/2263
f 2297/3083/2264 2296/3081/2264 2311/3088/2264
f 2297/3083/2264 2311/3088/2264 2312/3089/2264
f 2305/3084/2265 2304/3082/2265 2319/3090/2265
f 2305/3084/2265 2319/3090/2265 2320/3091/2265
f 2298/3085/2266 2297/3083/2266 2312/3089/2266
f 2298/3085/2266 2312/3089/2266 2313/3092/2266
f 2306/3086/2267 2305/3084/2267 2320/3091/2267
f 2306/3086/2267 2320/3091/2267 2321/3093/2267
f 2299/3087/2268 2298/3085/2268 2313/3092/2268
f 2299/3087/2268 2313/3092/2268 2314/3094/2268
f 2307/3071/2269 2306/3086/2269 2321/3093/2269
f 2307/3071/2269 2321/3093/2269 2322/3095/2269
f 2300/3073/2270 2299/3087/2270 2314/3094/2270
f 2300/3073/2270 2314/3094/2270 2315/3096/2270
f 2308/3072/2271 2307/3071/2271 2322/3095/2271
f 2308/3072/2271 2322/3095/2271 2323/3097/2271
f 2301/3074/2272 2300/3073/2272 2315/3096/2272
f 2301/3074/2272 2315/3096/2272 2316/3098/2272
f 2294/3076/2273 2016/3099/2273 2309/3100/2273
f 2023/3101/2274 2308/3072/2274 2323/3097/2274
f 2302/3078/2275 2301/3074/2275 2316/3098/2275
f 2302/3078/2275 2316/3098/2275 2317/3102/2275
f 2295/3079/2276 2294/3076/2276 2309/3100/2276
f 2295/3079/2276 2309/3100/2276 2310/3103/2276
f 2303/3080/2277 2302/3078/2277 2317/3102/2277
f 2303/3080/2277 2317/3102/2277 2318/3104/2277
f 2296/3081/2278 2295/3079/2278 2310/3103/2278
f 2296/3081/2278 2310/3103/2278 2311/3088/2278
f 2304/3082/2279 2303/3080/2279 2318/3104/2279
f 2304/3082/2279 2318/3104/2279 2319/3090/2279
f 2316/3098/2280 2315/3096/2280 2330/3105/2280
f 2316/3098/2280 2330/3105/2280 2331/3106/2280
f 2309/3100/2281 2016/3107/2281 2324/3108/2281
f 2023/3109/2282 2323/3097/2282 2338/3110/2282
f 2317/3102/2283 2316/3098/2283 2331/3106/2283
f 2317/3102/2283 2331/3106/2283 2332/3111/2283
f 2310/3103/2284 2309/3100/2284 2324/3108/2284
f 2310/3103/2284 2324/3108/2284 2325/3112/2284
f 2318/3104/2285 2317/3102/2285 2332/3111/2285
f 2318/3104/2285 2332/3111/2285 2333/3113/2285
f 2311/3088/2286 2310/3103/2286 2325/3112/2286
f 2311/3088/2286 2325/3112/2286 2326/3114/2286
f 2319/3090/2287 2318/3104/2287 2333/3113/2287
f 2319/3090/2287 2333/3113/2287 2334/3115/2287
f 2312/3089/2288 2311/3088/2288 2326/3114/2288
f 2312/3089/2288 2326/3114/2288 2327/3116/2288
f 2320/3091/2289 2319/3090/2289 2334/3115/2289
f 2320/3091/2289 2334/3115/2289 2335/3117/2289
f 2313/3092/2290 2312/3089/2290 2327/3116/2290
f 2313/3092/2290 2327/3116/2290 2328/3118/2290
f 2321/3093/2291 2320/3091/2291 2335/3117/2291
f 2321/3093/2291 2335/3117/2291 2336/3119/2291
f 2314/3094/2292 2313/3092/2292 2328/3118/2292
f 2314/3094/2292 2328/3118/2292 2329/3120/2292
f 2322/3095/2293 2321/3093/2293 2336/3119/2293
f 2322/3095/2293 2336/3119/2293 2337/3121/2293
f 2315/3096/2294 2314/3094/2294 2329/3120/2294
f 2315/3096/2294 2329/3120/2294 2330/3105/2294
f 2323/3097/2295 2322/3095/2295 2337/3121/2295
f 2323/3097/2295 2337/3121/2295 2338/3110/2295
f 2335/3117/2296 2334/3115/2296 2349/3122/2296
f 2335/3117/2296 2349/3122/2296 2350/3123/2296
f 2328/3118/2297 2327/3116/2297 2342/3124/2297
f 2328/3118/2297 2342/3124/2297 2343/3125/2297
f 2336/3119/2298 2335/3117/2298 2350/3123/2298
f 2336/3119/2298 2350/3123/2298 2351/3126/2298
f 2329/3120/2299 2328/3118/2299 2343/3125/2299
f 2329/3120/2299 2343/3125/2299 2344/3127/2299
f 2337/3121/2300 2336/3119/2300 2351/3126/2300
f 2337/3121/2300 2351/3126/2300 2352/3128/2300
f 2330/3105/2301 2329/3120/2301 2344/3127/2301
f 2330/3105/2301 2344/3127/2301 2345/3129/2301
f 2338/3110/2302 2337/3121/2302 2352/3128/2302
f 2338/3110/2302 2352/3128/2302 2353/3130/2302
f 2331/3106/2303 2330/3105/2303 2345/3129/2303
f 2331/3106/2303 2345/3129/2303 2346/3131/2303
f 2324/3108/2304 2016/3132/2304 2339/3133/2304
f 2023/3134/2305 2338/3110/2305 2353/3130/2305
f 2332/3111/2306 2331/3106/2306 2346/3131/2306
f 2332/3111/2306 2346/3131/2306 2347/3135/2306
f 2325/3112/2307 2324/3108/2307 2339/3133/2307
f 2325/3112/2307 2339/3133/2307 2340/3136/2307
f 2333/3113/2308 2332/3111/2308 2347/3135/2308
f 2333/3113/2308 2347/3135/2308 2348/3137/2308
f 2326/3114/2309 2325/3112/2309 2340/3136/2309
f 2326/3114/2309 2340/3136/2309 2341/3138/2309
f 2334/3115/2310 2333/3113/2310 2348/3137/2310
f 2334/3115/2310 2348/3137/2310 2349/3122/2310
f 2327/3116/2311 2326/3114/2311 2341/3138/2311
f 2327/3116/2311 2341/3138/2311 2342/3124/2311
f 2023/3139/2312 2353/3130/2312 2368/3140/2312
f 2347/3135/2313 2346/3131/2313 2361/3141/2313
f 2347/3135/2313 2361/3141/2313 2362/3142/2313
f 2340/3136/2314 2339/3133/2314 2354/3143/2314
f 2340/3136/2314 2354/3143/2314 2355/3144/2314
f 2348/3137/2315 2347/3135/2315 2362/3142/2315
f 2348/3137/2315 2362/3142/2315 2363/3145/2315
f 2341/3138/2316 2340/3136/2316 2355/3144/2316
f 2341/3138/2316 2355/3144/2316 2356/3146/2316
f 2349/3122/2317 2348/3137/2317 2363/3145/2317
f 2349/3122/2317 2363/3145/2317 2364/3147/2317
f 2342/3124/2318 2341/3138/2318 2356/3146/2318
f 2342/3124/2318 2356/3146/2318 2357/3148/2318
f 2350/3123/2319 2349/3122/2319 2364/3147/2319
f 2350/3123/2319 2364/3147/2319 2365/3149/2319
f 2343/3125/2320 2342/3124/2320 2357/3148/2320
f 2343/3125/2320 2357/3148/2320 2358/3150/2320
f 2351/3126/2321 2350/3123/2321 2365/3149/2321
f 2351/3126/2321 2365/3149/2321 2366/3151/2321
f 2344/3127/2322 2343/3125/2322 2358/3150/2322
f 2344/3127/2322 2358/3150/2322 2359/3152/2322
f 2352/3128/2323 2351/3126/2323 2366/3151/2323
f 2352/3128/2323 2366/3151/2323 2367/3153/2323
f 2345/3129/2324 2344/3127/2324 2359/3152/2324
f 2345/3129/2324 2359/3152/2324 2360/3154/2324
f 2353/3130/2325 2352/3128/2325 2367/3153/2325
f 2353/3130/2325 2367/3153/2325 2368/3140/2325
f 2346/3131/2326 2345/3129/2326 2360/3154/2326
f 2346/3131/2326 2360/3154/2326 2361/3141/2326
f 2339/3133/2327 2016/3155/2327 2354/3143/2327
f 2366/3151/2328 2365/3149/2328 2380/3156/2328
f 2366/3151/2328 2380/3156/2328 2381/3157/2328
f 2359/3152/2329 2358/3150/2329 2373/3158/2329
f 2359/3152/2329 2373/3158/2329 2374/3159/2329
f 2367/3153/2330 2366/3151/2330 2381/3157/2330
f 2367/3153/2330 2381/3157/2330 2382/3160/2330
f 2360/3154/2331 2359/3152/2331 2374/3159/2331
f 2360/3154/2331 2374/3159/2331 2375/3161/2331
f 2368/3140/2332 2367/3153/2332 2382/3160/2332
f 2368/3140/2332 2382/3160/2332 2383/3162/2332
f 2361/3141/2333 2360/3154/2333 2375/3161/2333
f 2361/3141/2333 2375/3161/2333 2376/3163/2333
f 2354/3143/2334 2016/3164/2334 2369/3165/2334
f 2023/3166/2335 2368/3140/2335 2383/3162/2335
f 2362/3142/2336 2361/3141/2336 2376/3163/2336
f 2362/3142/2336 2376/3163/2336 2377/3167/2336
f 2355/3144/2337 2354/3143/2337 2369/3165/2337
f 2355/3144/2337 2369/3165/2337 2370/3168/2337
f 2363/3145/2338 2362/3142/2338 2377/3167/2338
f 2363/3145/2338 2377/3167/2338 2378/3169/2338
f 2356/3146/2339 2355/3144/2339 2370/3168/2339
f 2356/3146/2339 2370/3168/2339 2371/3170/2339
f 2364/3147/2340 2363/3145/2340 2378/3169/2340
f 2364/3147/2340 2378/3169/2340 2379/3171/2340
f 2357/3148/2341 2356/3146/2341 2371/3170/2341
f 2357/3148/2341 2371/3170/2341 2372/3172/2341
f 2365/3149/2342 2364/3147/2342 2379/3171/2342
f 2365/3149/2342 2379/3171/2342 2380/3156/2342
f 2358/3150/2343 2357/3148/2343 2372/3172/2343
f 2358/3150/2343 2372/3172/2343 2373/3158/2343
f 2370/3173/2344 2369/3174/2344 2384/3175/2344
f 2370/3173/2344 2384/3175/2344 2385/3176/2344
f 2378/3177/2345 2377/3178/2345 2392/3179/2345
f 2378/3177/2345 2392/3179/2345 2393/3180/2345
f 2371/3181/2346 2370/3173/2346 2385/3176/2346
f 2371/3181/2346 2385/3176/2346 2386/3182/2346
f 2379/3183/2347 2378/3177/2347 2393/3180/2347
f 2379/3183/2347 2393/3180/2347 2394/3184/2347
f 2372/3185/2348 2371/3181/2348 2386/3182/2348
f 2372/3185/2348 2386/3182/2348 2387/3186/2348
f 2380/3187/2349 2379/3183/2349 2394/3184/2349
f 2380/3187/2349 2394/3184/2349 2395/3188/2349
f 2373/3189/2350 2372/3185/2350 2387/3186/2350
f 2373/3189/2350 2387/3186/2350 2388/3190/2350
f 2381/3191/2351 2380/3187/2351 2395/3188/2351
f 2381/3191/2351 2395/3188/2351 2396/3192/2351
f 2374/3193/2352 2373/3189/2352 2388/3190/2352
f 2374/3193/2352 2388/3190/2352 2389/3194/2352
f 2382/3195/2353 2381/3191/2353 2396/3192/2353
f 2382/3195/2353 2396/3192/2353 2397/3196/2353
f 2375/3197/2354 2374/3193/2354 2389/3194/2354
f 2375/3197/2354 2389/3194/2354 2390/3198/2354
f 2383/3199/2355 2382/3195/2355 2397/3196/2355
f 2383/3199/2355 2397/3196/2355 2398/3200/2355
f 2376/3201/2356 2375/3197/2356 2390/3198/2356
f 2376/3201/2356 2390/3198/2356 2391/3202/2356
f 2369/3174/2357 2016/3203/2357 2384/3175/2357
f 2023/3204/2358 2383/3199/2358 2398/3200/2358
f 2377/3178/2359 2376/3201/2359 2391/3202/2359
f 2377/3178/2359 2391/3202/2359 2392/3179/2359
f 2389/3194/2360 2388/3190/2360 2403/3205/2360
f 2389/3194/2360 2403/3205/2360 2404/3206/2360
f 2397/3196/2361 2396/3192/2361 2411/3207/2361
f 2397/3196/2361 2411/3207/2361 2412/3208/2361
f 2390/3198/2362 2389/3194/2362 2404/3206/2362
f 2390/3198/2362 2404/3206/2362 2405/3209/2362
f 2398/3200/2363 2397/3196/2363 2412/3208/2363
f 2398/3200/2363 2412/3208/2363 2413/3210/2363
f 2391/3202/2364 2390/3198/2364 2405/3209/2364
f 2391/3202/2364 2405/3209/2364 2406/3211/2364
f 2384/3175/2365 2016/3212/2365 2399/3213/2365
f 2023/3214/2366 2398/3200/2366 2413/3210/2366
f 2392/3179/2367 2391/3202/2367 2406/3211/2367
f 2392/3179/2367 2406/3211/2367 2407/3215/2367
f 2385/3176/2368 2384/3175/2368 2399/3213/2368
f 2385/3176/2368 2399/3213/2368 2400/3216/2368
f 2393/3180/2369 2392/3179/2369 2407/3215/2369
f 2393/3180/2369 2407/3215/2369 2408/3217/2369
f 2386/3182/2370 2385/3176/2370 2400/3216/2370
f 2386/3182/2370 2400/3216/2370 2401/3218/2370
f 2394/3184/2371 2393/3180/2371 2408/3217/2371
f 2394/3184/2371 2408/3217/2371 2409/3219/2371
f 2387/3186/2372 2386/3182/2372 2401/3218/2372
f 2387/3186/2372 2401/3218/2372 2402/3220/2372
f 2395/3188/2373 2394/3184/2373 2409/3219/2373
f 2395/3188/2373 2409/3219/2373 2410/3221/2373
f 2388/3190/2374 2387/3186/2374 2402/3220/2374
f 2388/3190/2374 2402/3220/2374 2403/3205/2374
f 2396/3192/2375 2395/3188/2375 2410/3221/2375
f 2396/3192/2375 2410/3221/2375 2411/3207/2375
f 2408/3217/2376 2407/3215/2376 2422/3222/2376
f 2408/3217/2376 2422/3222/2376 2423/3223/2376
f 2401/3218/2377 2400/3216/2377 2415/3224/2377
f 2401/3218/2377 2415/3224/2377 2416/3225/2377
f 2409/3219/2378 2408/3217/2378 2423/3223/2378
f 2409/3219/2378 2423/3223/2378 2424/3226/2378
f 2402/3220/2379 2401/3218/2379 2416/3225/2379
f 2402/3220/2379 2416/3225/2379 2417/3227/2379
f 2410/3221/2380 2409/3219/2380 2424/3226/2380
f 2410/3221/2380 2424/3226/2380 2425/3228/2380
f 2403/3205/2381 2402/3220/2381 2417/3227/2381
f 2403/3205/2381 2417/3227/2381 2418/3229/2381
f 2411/3207/2382 2410/3221/2382 2425/3228/2382
f 2411/3207/2382 2425/3228/2382 2426/3230/2382
f 2404/3206/2383 2403/3205/2383 2418/3229/2383
f 2404/3206/2383 2418/3229/2383 2419/3231/2383
f 2412/3208/2384 2411/3207/2384 2426/3230/2384
f 2412/3208/2384 2426/3230/2384 2427/3232/2384
f 2405/3209/2385 2404/3206/2385 2419/3231/2385
f 2405/3209/2385 2419/3231/2385 2420/3233/2385
f 2413/3210/2386 2412/3208/2386 2427/3232/2386
f 2413/3210/2386 2427/3232/2386 2428/3234/2386
f 2406/3211/2387 2405/3209/2387 2420/3233/2387
f 2406/3211/2387 2420/3233/2387 2421/3235/2387
f 2399/3213/2388 2016/3236/2388 2414/3237/2388
f 2023/3238/2389 2413/3210/2389 2428/3234/2389
f 2407/3215/2390 2406/3211/2390 2421/3235/2390
f 2407/3215/2390 2421/3235/2390 2422/3222/2390
f 2400/3216/2391 2399/3213/2391 2414/3237/2391
f 2400/3216/2391 2414/3237/2391 2415/3224/2391
f 2427/3232/2392 2426/3230/2392 2441/3239/2392
f 2427/3232/2392 2441/3239/2392 2442/3240/2392
f 2420/3233/2393 2419/3231/2393 2434/3241/2393
f 2420/3233/2393 2434/3241/2393 2435/3242/2393
f 2428/3234/2394 2427/3232/2394 2442/3240/2394
f 2428/3234/2394 2442/3240/2394 2443/3243/2394
f 2421/3235/2395 2420/3233/2395 2435/3242/2395
f 2421/3235/2395 2435/3242/2395 2436/3244/2395
f 2414/3237/2396 2016/3245/2396 2429/3246/2396
f 2023/3247/2397 2428/3234/2397 2443/3243/2397
f 2422/3222/2398 2421/3235/2398 2436/3244/2398
f 2422/3222/2398 2436/3244/2398 2437/3248/2398
f 2415/3224/2399 2414/3237/2399 2429/3246/2399
f 2415/3224/2399 2429/3246/2399 2430/3249/2399
f 2423/3223/2400 2422/3222/2400 2437/3248/2400
f 2423/3223/2400 2437/3248/2400 2438/3250/2400
f 2416/3225/2401 2415/3224/2401 2430/3249/2401
f 2416/3225/2401 2430/3249/2401 2431/3251/2401
f 2424/3226/2402 2423/3223/2402 2438/3250/2402
f 2424/3226/2402 2438/3250/2402 2439/3252/2402
f 2417/3227/2403 2416/3225/2403 2431/3251/2403
f 2417/3227/2403 2431/3251/2403 2432/3253/2403
f 2425/3228/2404 2424/3226/2404 2439/3252/2404
f 2425/3228/2404 2439/3252/2404 2440/3254/2404
f 2418/3229/2405 2417/3227/2405 2432/3253/2405
f 2418/3229/2405 2432/3253/2405 2433/3255/2405
f 2426/3230/2406 2425/3228/2406 2440/3254/2406
f 2426/3230/2406 2440/3254/2406 2441/3239/2406
f 2419/3231/2407 2418/3229/2407 2433/3255/2407
f 2419/3231/2407 2433/3255/2407 2434/3241/2407
f 2431/3251/2408 2430/3249/2408 2445/3256/2408
f 2431/3251/2408 2445/3256/2408 2446/3257/2408
f 2439/3252/2409 2438/3250/2409 2453/3258/2409
f 2439/3252/2409 2453/3258/2409 2454/3259/2409
f 2432/3253/2410 2431/3251/2410 2446/3257/2410
f 2432/3253/2410 2446/3257/2410 2447/3260/2410
f 2440/3254/2411 2439/3252/2411 2454/3259/2411
f 2440/3254/2411 2454/3259/2411 2455/3261/2411
f 2433/3255/2412 2432/3253/2412 2447/3260/2412
f 2433/3255/2412 2447/3260/2412 2448/3262/2412
f 2441/3239/2413 2440/3254/2413 2455/3261/2413
f 2441/3239/2413 2455/3261/2413 2456/3263/2413
f 2434/3241/2414 2433/3255/2414 2448/3262/2414
f 2434/3241/2414 2448/3262/2414 2449/3264/2414
f 2442/3240/2415 2441/3239/2415 2456/3263/2415
f 2442/3240/2415 2456/3263/2415 2457/3265/2415
f 2435/3242/2416 2434/3241/2416 2449/3264/2416
f 2435/3242/2416 2449/3264/2416 2450/3266/2416
f 2443/3243/2417 2442/3240/2417 2457/3265/2417
f 2443/3243/2417 2457/3265/2417 2458/3267/2417
f 2436/3244/2418 2435/3242/2418 2450/3266/2418
f 2436/3244/2418 2450/3266/2418 2451/3268/2418
f 2429/3246/2419 2016/3269/2419 2444/3270/2419
f 2023/3271/2420 2443/3243/2420 2458/3267/2420
f 2437/3248/2421 2436/3244/2421 2451/3268/2421
f 2437/3248/2421 2451/3268/2421 2452/3272/2421
f 2430/3249/2422 2429/3246/2422 2444/3270/2422
f 2430/3249/2422 2444/3270/2422 2445/3256/2422
f 2438/3250/2423 2437/3248/2423 2452/3272/2423
f 2438/3250/2423 2452/3272/2423 2453/3258/2423
f 2450/3266/2424 2449/3264/2424 2464/3273/2424
f 2450/3266/2424 2464/3273/2424 2465/3274/2424
f 2458/3267/2425 2457/3265/2425 2472/3275/2425
f 2458/3267/2425 2472/3275/2425 2473/3276/2425
f 2451/3268/2426 2450/3266/2426 2465/3274/2426
f 2451/3268/2426 2465/3274/2426 2466/3277/2426
f 2444/3270/2427 2016/3278/2427 2459/3279/2427
f 2023/3280/2428 2458/3267/2428 2473/3276/2428
f 2452/3272/2429 2451/3268/2429 2466/3277/2429
f 2452/3272/2429 2466/3277/2429 2467/3281/2429
f 2445/3256/2430 2444/3270/2430 2459/3279/2430
f 2445/3256/2430 2459/3279/2430 2460/3282/2430
f 2453/3258/2431 2452/3272/2431 2467/3281/2431
f 2453/3258/2431 2467/3281/2431 2468/3283/2431
f 2446/3257/2432 2445/3256/2432 2460/3282/2432
f 2446/3257/2432 2460/3282/2432 2461/3284/2432
f 2454/3259/2433 2453/3258/2433 2468/3283/2433
f 2454/3259/2433 2468/3283/2433 2469/3285/2433
f 2447/3260/2434 2446/3257/2434 2461/3284/2434
f 2447/3260/2434 2461/3284/2434 2462/3286/2434
f 2455/3261/2435 2454/3259/2435 2469/3285/2435
f 2455/3261/2435 2469/3285/2435 2470/3287/2435
f 2448/3262/2436 2447/3260/2436 2462/3286/2436
f 2448/3262/2436 2462/3286/2436 2463/3288/2436
f 2456/3263/2437 2455/3261/2437 2470/3287/2437
f 2456/3263/2437 2470/3287/2437 2471/3289/2437
f 2449/3264/2438 2448/3262/2438 2463/3288/2438
f 2449/3264/2438 2463/3288/2438 2464/3273/2438
f 2457/3265/2439 2456/3263/2439 2471/3289/2439
f 2457/3265/2439 2471/3289/2439 2472/3275/2439
f 2469/3285/2440 2468/3283/2440 2483/3290/2440
f 2469/3285/2440 2483/3290/2440 2484/3291/2440
f 2462/3286/2441 2461/3284/2441 2476/3292/2441
f 2462/3286/2441 2476/3292/2441 2477/3293/2441
f 2470/3287/2442 2469/3285/2442 2484/3291/2442
f 2470/3287/2442 2484/3291/2442 2485/3294/2442
f 2463/3288/2443 2462/3286/2443 2477/3293/2443
f 2463/3288/2443 2477/3293/2443 2478/3295/2443
f 2471/3289/2444 2470/3287/2444 2485/3294/2444
f 2471/3289/2444 2485/3294/2444 2486/3296/2444
f 2464/3273/2445 2463/3288/2445 2478/3295/2445
f 2464/3273/2445 2478/3295/2445 2479/3297/2445
f 2472/3275/2446 2471/3289/2446 2486/3296/2446
f 2472/3275/2446 2486/3296/2446 2487/3298/2446
f 2465/3274/2447 2464/3273/2447 2479/3297/2447
f 2465/3274/2447 2479/3297/2447 2480/3299/2447
f 2473/3276/2448 2472/3275/2448 2487/3298/2448
f 2473/3276/2448 2487/3298/2448 2488/3300/2448
f 2466/3277/2449 2465/3274/2449 2480/3299/2449
f 2466/3277/2449 2480/3299/2449 2481/3301/2449
f 2459/3279/2450 2016/3302/2450 2474/3303/2450
f 2023/3304/2451 2473/3276/2451 2488/3300/2451
f 2467/3281/2452 2466/3277/2452 2481/3301/2452
f 2467/3281/2452 2481/3301/2452 2482/3305/2452
f 2460/3282/2453 2459/3279/2453 2474/3303/2453
f 2460/3282/2453 2474/3303/2453 2475/3306/2453
f 2468/3283/2454 2467/3281/2454 2482/3305/2454
f 2468/3283/2454 2482/3305/2454 2483/3290/2454
f 2461/3284/2455 2460/3282/2455 2475/3306/2455
f 2461/3284/2455 2475/3306/2455 2476/3292/2455
f 2488/3300/2456 2487/3298/2456 2496/2751/2456
f 2488/3300/2456 2496/2751/2456 2497/2750/2456
f 2481/3301/2457 2480/3299/2457 2019/2755/2457
f 2481/3301/2457 2019/2755/2457 2020/2754/2457
f 2474/3303/2458 2016/3307/2458 2489/2758/2458
f 2023/3308/2459 2488/3300/2459 2497/2750/2459
f 2482/3305/2460 2481/3301/2460 2020/2754/2460
f 2482/3305/2460 2020/2754/2460 2021/2762/2460
f 2475/3306/2461 2474/3303/2461 2489/2758/2461
f 2475/3306/2461 2489/2758/2461 2490/2764/2461
f 2483/3290/2462 2482/3305/2462 2021/2762/2462
f 2483/3290/2462 2021/2762/2462 2493/2766/2462
f 2476/3292/2463 2475/3306/2463 2490/2764/2463
f 2476/3292/2463 2490/2764/2463 2017/2768/2463
f 2484/3291/2464 2483/3290/2464 2493/2766/2464
f 2484/3291/2464 2493/2766/2464 2022/2770/2464
f 2477/3293/2465 2476/3292/2465 2017/2768/2465
f 2477/3293/2465 2017/2768/2465 2491/2772/2465
f 2485/3294/2466 2484/3291/2466 2022/2770/2466
f 2485/3294/2466 2022/2770/2466 2494/2774/2466
f 2478/3295/2467 2477/3293/2467 2491/2772/2467
f 2478/3295/2467 2491/2772/2467 2018/2776/2467
f 2486/3296/2468 2485/3294/2468 2494/2774/2468
f 2486/3296/2468 2494/2774/2468 2495/2778/2468
f 2479/3297/2469 2478/3295/2469 2018/2776/2469
f 2479/3297/2469 2018/2776/2469 2492/2780/2469
f 2487/3298/2470 2486/3296/2470 2495/2778/2470
f 2487/3298/2470 2495/2778/2470 2496/2751/2470
f 2480/3299/2471 2479/3297/2471 2492/2780/2471
f 2480/3299/2471 2492/2780/2471 2019/2755/2471
o PlayerPart_21
s 0
f 2979/3309/2472 2978/3310/2472 2519/3311/2472
f 2979/3309/2472 2519/3311/2472 2520/3312/2472
f 2502/3313/2473 2501/3314/2473 2512/3315/2473
f 2502/3313/2473 2512/3315/2473 2513/3316/2473
f 2971/3317/2474 2498/3318/2474 2506/3319/2474
f 2505/3320/2475 2979/3309/2475 2520/3312/2475
f 2503/3321/2476 2502/3313/2476 2513/3316/2476
f 2503/3321/2476 2513/3316/2476 2514/3322/2476
f 2972/3323/2477 2971/3317/2477 2506/3319/2477
f 2972/3323/2477 2506/3319/2477 2507/3324/2477
f 2975/3325/2478 2503/3321/2478 2514/3322/2478
f 2975/3325/2478 2514/3322/2478 2515/3326/2478
f 2499/3327/2479 2972/3323/2479 2507/3324/2479
f 2499/3327/2479 2507/3324/2479 2508/3328/2479
f 2504/3329/2480 2975/3325/2480 2515/3326/2480
f 2504/3329/2480 2515/3326/2480 2516/3330/2480
f 2973/3331/2481 2499/3327/2481 2508/3328/2481
f 2973/3331/2481 2508/3328/2481 2509/3332/2481
f 2976/3333/2482 2504/3329/2482 2516/3330/2482
f 2976/3333/2482 2516/3330/2482 2517/3334/2482
f 2500/3335/2483 2973/3331/2483 2509/3332/2483
f 2500/3335/2483 2509/3332/2483 2510/3336/2483
f 2977/3337/2484 2976/3333/2484 2517/3334/2484
f 2977/3337/2484 2517/3334/2484 2518/3338/2484
f 2974/3339/2485 2500/3335/2485 2510/3336/2485
f 2974/3339/2485 2510/3336/2485 2511/3340/2485
f 2978/3310/2486 2977/3337/2486 2518/3338/2486
f 2978/3310/2486 2518/3338/2486 2519/3311/2486
f 2501/3314/2487 2974/3339/2487 2511/3340/2487
f 2501/3314/2487 2511/3340/2487 2512/3315/2487
f 2511/3340/2488 2510/3336/2488 2525/3341/2488
f 2511/3340/2488 2525/3341/2488 2526/3342/2488
f 2519/3311/2489 2518/3338/2489 2533/3343/2489
f 2519/3311/2489 2533/3343/2489 2534/3344/2489
f 2512/3315/2490 2511/3340/2490 2526/3342/2490
f 2512/3315/2490 2526/3342/2490 2527/3345/2490
f 2520/3312/2491 2519/3311/2491 2534/3344/2491
f 2520/3312/2491 2534/3344/2491 2535/3346/2491
f 2513/3316/2492 2512/3315/2492 2527/3345/2492
f 2513/3316/2492 2527/3345/2492 2528/3347/2492
f 2506/3319/2493 2498/3348/2493 2521/3349/2493
f 2505/3350/2494 2520/3312/2494 2535/3346/2494
f 2514/3322/2495 2513/3316/2495 2528/3347/2495
f 2514/3322/2495 2528/3347/2495 2529/3351/2495
f 2507/3324/2496 2506/3319/2496 2521/3349/2496
f 2507/3324/2496 2521/3349/2496 2522/3352/2496
f 2515/3326/2497 2514/3322/2497 2529/3351/2497
f 2515/3326/2497 2529/3351/2497 2530/3353/2497
f 2508/3328/2498 2507/3324/2498 2522/3352/2498
f 2508/3328/2498 2522/3352/2498 2523/3354/2498
f 2516/3330/2499 2515/3326/2499 2530/3353/2499
f 2516/3330/2499 2530/3353/2499 2531/3355/2499
f 2509/3332/2500 2508/3328/2500 2523/3354/2500
f 2509/3332/2500 2523/3354/2500 2524/3356/2500
f 2517/3334/2501 2516/3330/2501 2531/3355/2501
f 2517/3334/2501 2531/3355/2501 2532/3357/2501
f 2510/3336/2502 2509/3332/2502 2524/3356/2502
f 2510/3336/2502 2524/3356/2502 2525/3341/2502
f 2518/3338/2503 2517/3334/2503 2532/3357/2503
f 2518/3338/2503 2532/3357/2503 2533/3343/2503
f 2530/3353/2504 2529/3351/2504 2544/3358/2504
f 2530/3353/2504 2544/3358/2504 2545/3359/2504
f 2523/3354/2505 2522/3352/2505 2537/3360/2505
f 2523/3354/2505 2537/3360/2505 2538/3361/2505
f 2531/3355/2506 2530/3353/2506 2545/3359/2506
f 2531/3355/2506 2545/3359/2506 2546/3362/2506
f 2524/3356/2507 2523/3354/2507 2538/3361/2507
f 2524/3356/2507 2538/3361/2507 2539/3363/2507
f 2532/3357/2508 2531/3355/2508 2546/3362/2508
f 2532/3357/2508 2546/3362/2508 2547/3364/2508
f 2525/3341/2509 2524/3356/2509 2539/3363/2509
f 2525/3341/2509 2539/3363/2509 2540/3365/2509
f 2533/3343/2510 2532/3357/2510 2547/3364/2510
f 2533/3343/2510 2547/3364/2510 2548/3366/2510
f 2526/3342/2511 2525/3341/2511 2540/3365/2511
f 2526/3342/2511 2540/3365/2511 2541/3367/2511
f 2534/3344/2512 2533/3343/2512 2548/3366/2512
f 2534/3344/2512 2548/3366/2512 2549/3368/2512
f 2527/3345/2513 2526/3342/2513 2541/3367/2513
f 2527/3345/2513 2541/3367/2513 2542/3369/2513
f 2535/3346/2514 2534/3344/2514 2549/3368/2514
f 2535/3346/2514 2549/3368/2514 2550/3370/2514
f 2528/3347/2515 2527/3345/2515 2542/3369/2515
f 2528/3347/2515 2542/3369/2515 2543/3371/2515
f 2521/3349/2516 2498/3372/2516 2536/3373/2516
f 2505/3374/2517 2535/3346/2517 2550/3370/2517
f 2529/3351/2518 2528/3347/2518 2543/3371/2518
f 2529/3351/2518 2543/3371/2518 2544/3358/2518
f 2522/3352/2519 2521/3349/2519 2536/3373/2519
f 2522/3352/2519 2536/3373/2519 2537/3360/2519
f 2549/3368/2520 2548/3366/2520 2563/3375/2520
f 2549/3368/2520 2563/3375/2520 2564/3376/2520
f 2542/3369/2521 2541/3367/2521 2556/3377/2521
f 2542/3369/2521 2556/3377/2521 2557/3378/2521
f 2550/3370/2522 2549/3368/2522 2564/3376/2522
f 2550/3370/2522 2564/3376/2522 2565/3379/2522
f 2543/3371/2523 2542/3369/2523 2557/3378/2523
f 2543/3371/2523 2557/3378/2523 2558/3380/2523
f 2536/3373/2524 2498/3381/2524 2551/3382/2524
f 2505/3383/2525 2550/3370/2525 2565/3379/2525
f 2544/3358/2526 2543/3371/2526 2558/3380/2526
f 2544/3358/2526 2558/3380/2526 2559/3384/2526
f 2537/3360/2527 2536/3373/2527 2551/3382/2527
f 2537/3360/2527 2551/3382/2527 2552/3385/2527
f 2545/3359/2528 2544/3358/2528 2559/3384/2528
f 2545/3359/2528 2559/3384/2528 2560/3386/2528
f 2538/3361/2529 2537/3360/2529 2552/3385/2529
f 2538/3361/2529 2552/3385/2529 2553/3387/2529
f 2546/3362/2530 2545/3359/2530 2560/3386/2530
f 2546/3362/2530 2560/3386/2530 2561/3388/2530
f 2539/3363/2531 2538/3361/2531 2553/3387/2531
f 2539/3363/2531 2553/3387/2531 2554/3389/2531
f 2547/3364/2532 2546/3362/2532 2561/3388/2532
f 2547/3364/2532 2561/3388/2532 2562/3390/2532
f 2540/3365/2533 2539/3363/2533 2554/3389/2533
f 2540/3365/2533 2554/3389/2533 2555/3391/2533
f 2548/3366/2534 2547/3364/2534 2562/3390/2534
f 2548/3366/2534 2562/3390/2534 2563/3375/2534
f 2541/3367/2535 2540/3365/2535 2555/3391/2535
f 2541/3367/2535 2555/3391/2535 2556/3377/2535
f 2561/3388/2536 2560/3386/2536 2575/3392/2536
f 2561/3388/2536 2575/3392/2536 2576/3393/2536
f 2554/3389/2537 2553/3387/2537 2568/3394/2537
f 2554/3389/2537 2568/3394/2537 2569/3395/2537
f 2562/3390/2538 2561/3388/2538 2576/3393/2538
f 2562/3390/2538 2576/3393/2538 2577/3396/2538
f 2555/3391/2539 2554/3389/2539 2569/3395/2539
f 2555/3391/2539 2569/3395/2539 2570/3397/2539
f 2563/3375/2540 2562/3390/2540 2577/3396/2540
f 2563/3375/2540 2577/3396/2540 2578/3398/2540
f 2556/3377/2541 2555/3391/2541 2570/3397/2541
f 2556/3377/2541 2570/3397/2541 2571/3399/2541
f 2564/3376/2542 2563/3375/2542 2578/3398/2542
f 2564/3376/2542 2578/3398/2542 2579/3400/2542
f 2557/3378/2543 2556/3377/2543 2571/3399/2543
f 2557/3378/2543 2571/3399/2543 2572/3401/2543
f 2565/3379/2544 2564/3376/2544 2579/3400/2544
f 2565/3379/2544 2579/3400/2544 2580/3402/2544
f 2558/3380/2545 2557/3378/2545 2572/3401/2545
f 2558/3380/2545 2572/3401/2545 2573/3403/2545
f 2551/3382/2546 2498/3404/2546 2566/3405/2546
f 2505/3406/2547 2565/3379/2547 2580/3402/2547
f 2559/3384/2548 2558/3380/2548 2573/3403/2548
f 2559/3384/2548 2573/3403/2548 2574/3407/2548
f 2552/3385/2549 2551/3382/2549 2566/3405/2549
f 2552/3385/2549 2566/3405/2549 2567/3408/2549
f 2560/3386/2550 2559/3384/2550 2574/3407/2550
f 2560/3386/2550 2574/3407/2550 2575/3392/2550
f 2553/3387/2551 2552/3385/2551 2567/3408/2551
f 2553/3387/2551 2567/3408/2551 2568/3394/2551
f 2580/3402/2552 2579/3400/2552 2594/3409/2552
f 2580/3402/2552 2594/3409/2552 2595/3410/2552
f 2573/3403/2553 2572/3401/2553 2587/3411/2553
f 2573/3403/2553 2587/3411/2553 2588/3412/2553
f 2566/3405/2554 2498/3413/2554 2581/3414/2554
f 2505/3415/2555 2580/3402/2555 2595/3410/2555
f 2574/3407/2556 2573/3403/2556 2588/3412/2556
f 2574/3407/2556 2588/3412/2556 2589/3416/2556
f 2567/3408/2557 2566/3405/2557 2581/3414/2557
f 2567/3408/2557 2581/3414/2557 2582/3417/2557
f 2575/3392/2558 2574/3407/2558 2589/3416/2558
f 2575/3392/2558 2589/3416/2558 2590/3418/2558
f 2568/3394/2559 2567/3408/2559 2582/3417/2559
f 2568/3394/2559 2582/3417/2559 2583/3419/2559
f 2576/3393/2560 2575/3392/2560 2590/3418/2560
f 2576/3393/2560 2590/3418/2560 2591/3420/2560
f 2569/3395/2561 2568/3394/2561 2583/3419/2561
f 2569/3395/2561 2583/3419/2561 2584/3421/2561
f 2577/3396/2562 2576/3393/2562 2591/3420/2562
f 2577/3396/2562 2591/3420/2562 2592/3422/2562
f 2570/3397/2563 2569/3395/2563 2584/3421/2563
f 2570/3397/2563 2584/3421/2563 2585/3423/2563
f 2578/3398/2564 2577/3396/2564 2592/3422/2564
f 2578/3398/2564 2592/3422/2564 2593/3424/2564
f 2571/3399/2565 2570/3397/2565 2585/3423/2565
f 2571/3399/2565 2585/3423/2565 2586/3425/2565
f 2579/3400/2566 2578/3398/2566 2593/3424/2566
f 2579/3400/2566 2593/3424/2566 2594/3409/2566
f 2572/3401/2567 2571/3399/2567 2586/3425/2567
f 2572/3401/2567 2586/3425/2567 2587/3411/2567
f 2584/3421/2568 2583/3419/2568 2598/3426/2568
f 2584/3421/2568 2598/3426/2568 2599/3427/2568
f 2592/3422/2569 2591/3420/2569 2606/3428/2569
f 2592/3422/2569 2606/3428/2569 2607/3429/2569
f 2585/3423/2570 2584/3421/2570 2599/3427/2570
f 2585/3423/2570 2599/3427/2570 2600/3430/2570
f 2593/3424/2571 2592/3422/2571 2607/3429/2571
f 2593/3424/2571 2607/3429/2571 2608/3431/2571
f 2586/3425/2572 2585/3423/2572 2600/3430/2572
f 2586/3425/2572 2600/3430/2572 2601/3432/2572
f 2594/3409/2573 2593/3424/2573 2608/3431/2573
f 2594/3409/2573 2608/3431/2573 2609/3433/2573
f 2587/3411/2574 2586/3425/2574 2601/3432/2574
f 2587/3411/2574 2601/3432/2574 2602/3434/2574
f 2595/3410/2575 2594/3409/2575 2609/3433/2575
f 2595/3410/2575 2609/3433/2575 2610/3435/2575
f 2588/3412/2576 2587/3411/2576 2602/3434/2576
f 2588/3412/2576 2602/3434/2576 2603/3436/2576
f 2581/3414/2577 2498/3437/2577 2596/3438/2577
f 2505/3439/2578 2595/3410/2578 2610/3435/2578
f 2589/3416/2579 2588/3412/2579 2603/3436/2579
f 2589/3416/2579 2603/3436/2579 2604/3440/2579
f 2582/3417/2580 2581/3414/2580 2596/3438/2580
f 2582/3417/2580 2596/3438/2580 2597/3441/2580
f 2590/3418/2581 2589/3416/2581 2604/3440/2581
f 2590/3418/2581 2604/3440/2581 2605/3442/2581
f 2583/3419/2582 2582/3417/2582 2597/3441/2582
f 2583/3419/2582 2597/3441/2582 2598/3426/2582
f 2591/3420/2583 2590/3418/2583 2605/3442/2583
f 2591/3420/2583 2605/3442/2583 2606/3428/2583
f 2603/3436/2584 2602/3434/2584 2617/3443/2584
f 2603/3436/2584 2617/3443/2584 2618/3444/2584
f 2596/3438/2585 2498/3445/2585 2611/3446/2585
f 2505/3447/2586 2610/3435/2586 2625/3448/2586
f 2604/3440/2587 2603/3436/2587 2618/3444/2587
f 2604/3440/2587 2618/3444/2587 2619/3449/2587
f 2597/3441/2588 2596/3438/2588 2611/3446/2588
f 2597/3441/2588 2611/3446/2588 2612/3450/2588
f 2605/3442/2589 2604/3440/2589 2619/3449/2589
f 2605/3442/2589 2619/3449/2589 2620/3451/2589
f 2598/3426/2590 2597/3441/2590 2612/3450/2590
f 2598/3426/2590 2612/3450/2590 2613/3452/2590
f 2606/3428/2591 2605/3442/2591 2620/3451/2591
f 2606/3428/2591 2620/3451/2591 2621/3453/2591
f 2599/3427/2592 2598/3426/2592 2613/3452/2592
f 2599/3427/2592 2613/3452/2592 2614/3454/2592
f 2607/3429/2593 2606/3428/2593 2621/3453/2593
f 2607/3429/2593 2621/3453/2593 2622/3455/2593
f 2600/3430/2594 2599/3427/2594 2614/3454/2594
f 2600/3430/2594 2614/3454/2594 2615/3456/2594
f 2608/3431/2595 2607/3429/2595 2622/3455/2595
f 2608/3431/2595 2622/3455/2595 2623/3457/2595
f 2601/3432/2596 2600/3430/2596 2615/3456/2596
f 2601/3432/2596 2615/3456/2596 2616/3458/2596
f 2609/3433/2597 2608/3431/2597 2623/3457/2597
f 2609/3433/2597 2623/3457/2597 2624/3459/2597
f 2602/3434/2598 2601/3432/2598 2616/3458/2598
f 2602/3434/2598 2616/3458/2598 2617/3443/2598
f 2610/3435/2599 2609/3433/2599 2624/3459/2599
f 2610/3435/2599 2624/3459/2599 2625/3448/2599
f 2622/3455/2600 2621/3453/2600 2636/3460/2600
f 2622/3455/2600 2636/3460/2600 2637/3461/2600
f 2615/3456/2601 2614/3454/2601 2629/3462/2601
f 2615/3456/2601 2629/3462/2601 2630/3463/2601
f 2623/3457/2602 2622/3455/2602 2637/3461/2602
f 2623/3457/2602 2637/3461/2602 2638/3464/2602
f 2616/3458/2603 2615/3456/2603 2630/3463/2603
f 2616/3458/2603 2630/3463/2603 2631/3465/2603
f 2624/3459/2604 2623/3457/2604 2638/3464/2604
f 2624/3459/2604 2638/3464/2604 2639/3466/2604
f 2617/3443/2605 2616/3458/2605 2631/3465/2605
f 2617/3443/2605 2631/3465/2605 2632/3467/2605
f 2625/3448/2606 2624/3459/2606 2639/3466/2606
f 2625/3448/2606 2639/3466/2606 2640/3468/2606
f 2618/3444/2607 2617/3443/2607 2632/3467/2607
f 2618/3444/2607 2632/3467/2607 2633/3469/2607
f 2611/3446/2608 2498/3470/2608 2626/3471/2608
f 2505/3472/2609 2625/3448/2609 2640/3468/2609
f 2619/3449/2610 2618/3444/2610 2633/3469/2610
f 2619/3449/2610 2633/3469/2610 2634/3473/2610
f 2612/3450/2611 2611/3446/2611 2626/3471/2611
f 2612/3450/2611 2626/3471/2611 2627/3474/2611
f 2620/3451/2612 2619/3449/2612 2634/3473/2612
f 2620/3451/2612 2634/3473/2612 2635/3475/2612
f 2613/3452/2613 2612/3450/2613 2627/3474/2613
f 2613/3452/2613 2627/3474/2613 2628/3476/2613
f 2621/3453/2614 2620/3451/2614 2635/3475/2614
f 2621/3453/2614 2635/3475/2614 2636/3460/2614
f 2614/3454/2615 2613/3452/2615 2628/3476/2615
f 2614/3454/2615 2628/3476/2615 2629/3462/2615
f 2626/3471/2616 2498/3477/2616 2641/3478/2616
f 2505/3479/2617 2640/3468/2617 2655/3480/2617
f 2634/3473/2618 2633/3469/2618 2648/3481/2618
f 2634/3473/2618 2648/3481/2618 2649/3482/2618
f 2627/3474/2619 2626/3471/2619 2641/3478/2619
f 2627/3474/2619 2641/3478/2619 2642/3483/2619
f 2635/3475/2620 2634/3473/2620 2649/3482/2620
f 2635/3475/2620 2649/3482/2620 2650/3484/2620
f 2628/3476/2621 2627/3474/2621 2642/3483/2621
f 2628/3476/2621 2642/3483/2621 2643/3485/2621
f 2636/3460/2622 2635/3475/2622 2650/3484/2622
f 2636/3460/2622 2650/3484/2622 2651/3486/2622
f 2629/3462/2623 2628/3476/2623 2643/3485/2623
f 2629/3462/2623 2643/3485/2623 2644/3487/2623
f 2637/3461/2624 2636/3460/2624 2651/3486/2624
f 2637/3461/2624 2651/3486/2624 2652/3488/2624
f 2630/3463/2625 2629/3462/2625 2644/3487/2625
f 2630/3463/2625 2644/3487/2625 2645/3489/2625
f 2638/3464/2626 2637/3461/2626 2652/3488/2626
f 2638/3464/2626 2652/3488/2626 2653/3490/2626
f 2631/3465/2627 2630/3463/2627 2645/3489/2627
f 2631/3465/2627 2645/3489/2627 2646/3491/2627
f 2639/3466/2628 2638/3464/2628 2653/3490/2628
f 2639/3466/2628 2653/3490/2628 2654/3492/2628
f 2632/3467/2629 2631/3465/2629 2646/3491/2629
f 2632/3467/2629 2646/3491/2629 2647/3493/2629
f 2640/3468/2630 2639/3466/2630 2654/3492/2630
f 2640/3468/2630 2654/3492/2630 2655/3480/2630
f 2633/3469/2631 2632/3467/2631 2647/3493/2631
f 2633/3469/2631 2647/3493/2631 2648/3481/2631
f 2645/3489/2632 2644/3487/2632 2659/3494/2632
f 2645/3489/2632 2659/3494/2632 2660/3495/2632
f 2653/3490/2633 2652/3488/2633 2667/3496/2633
f 2653/3490/2633 2667/3496/2633 2668/3497/2633
f 2646/3491/2634 2645/3489/2634 2660/3495/2634
f 2646/3491/2634 2660/3495/2634 2661/3498/2634
f 2654/3492/2635 2653/3490/2635 2668/3497/2635
f 2654/3492/2635 2668/3497/2635 2669/3499/2635
f 2647/3493/2636 2646/3491/2636 2661/3498/2636
f 2647/3493/2636 2661/3498/2636 2662/3500/2636
f 2655/3480/2637 2654/3492/2637 2669/3499/2637
f 2655/3480/2637 2669/3499/2637 2670/3501/2637
f 2648/3481/2638 2647/3493/2638 2662/3500/2638
f 2648/3481/2638 2662/3500/2638 2663/3502/2638
f 2641/3478/2639 2498/3503/2639 2656/3504/2639
f 2505/3505/2640 2655/3480/2640 2670/3501/2640
f 2649/3482/2641 2648/3481/2641 2663/3502/2641
f 2649/3482/2641 2663/3502/2641 2664/3506/2641
f 2642/3483/2642 2641/3478/2642 2656/3504/2642
f 2642/3483/2642 2656/3504/2642 2657/3507/2642
f 2650/3484/2643 2649/3482/2643 2664/3506/2643
f 2650/3484/2643 2664/3506/2643 2665/3508/2643
f 2643/3485/2644 2642/3483/2644 2657/3507/2644
f 2643/3485/2644 2657/3507/2644 2658/3509/2644
f 2651/3486/2645 2650/3484/2645 2665/3508/2645
f 2651/3486/2645 2665/3508/2645 2666/3510/2645
f 2644/3487/2646 2643/3485/2646 2658/3509/2646
f 2644/3487/2646 2658/3509/2646 2659/3494/2646
f 2652/3488/2647 2651/3486/2647 2666/3510/2647
f 2652/3488/2647 2666/3510/2647 2667/3496/2647
f 2664/3506/2648 2663/3502/2648 2678/3511/2648
f 2664/3506/2648 2678/3511/2648 2679/3512/2648
f 2657/3507/2649 2656/3504/2649 2671/3513/2649
f 2657/3507/2649 2671/3513/2649 2672/3514/2649
f 2665/3508/2650 2664/3506/2650 2679/3512/2650
f 2665/3508/2650 2679/3512/2650 2680/3515/2650
f 2658/3509/2651 2657/3507/2651 2672/3514/2651
f 2658/3509/2651 2672/3514/2651 2673/3516/2651
f 2666/3510/2652 2665/3508/2652 2680/3515/2652
f 2666/3510/2652 2680/3515/2652 2681/3517/2652
f 2659/3494/2653 2658/3509/2653 2673/3516/2653
f 2659/3494/2653 2673/3516/2653 2674/3518/2653
f 2667/3496/2654 2666/3510/2654 2681/3517/2654
f 2667/3496/2654 2681/3517/2654 2682/3519/2654
f 2660/3495/2655 2659/3494/2655 2674/3518/2655
f 2660/3495/2655 2674/3518/2655 2675/3520/2655
f 2668/3497/2656 2667/3496/2656 2682/3519/2656
f 2668/3497/2656 2682/3519/2656 2683/3521/2656
f 2661/3498/2657 2660/3495/2657 2675/3520/2657
f 2661/3498/2657 2675/3520/2657 2676/3522/2657
f 2669/3499/2658 2668/3497/2658 2683/3521/2658
f 2669/3499/2658 2683/3521/2658 2684/3523/2658
f 2662/3500/2659 2661/3498/2659 2676/3522/2659
f 2662/3500/2659 2676/3522/2659 2677/3524/2659
f 2670/3501/2660 2669/3499/2660 2684/3523/2660
f 2670/3501/2660 2684/3523/2660 2685/3525/2660
f 2663/3502/2661 2662/3500/2661 2677/3524/2661
f 2663/3502/2661 2677/3524/2661 2678/3511/2661
f 2656/3504/2662 2498/3526/2662 2671/3513/2662
f 2505/3527/2663 2670/3501/2663 2685/3525/2663
f 2683/3521/2664 2682/3519/2664 2697/3528/2664
f 2683/3521/2664 2697/3528/2664 2698/3529/2664
f 2676/3522/2665 2675/3520/2665 2690/3530/2665
f 2676/3522/2665 2690/3530/2665 2691/3531/2665
f 2684/3523/2666 2683/3521/2666 2698/3529/2666
f 2684/3523/2666 2698/3529/2666 2699/3532/2666
f 2677/3524/2667 2676/3522/2667 2691/3531/2667
f 2677/3524/2667 2691/3531/2667 2692/3533/2667
f 2685/3525/2668 2684/3523/2668 2699/3532/2668
f 2685/3525/2668 2699/3532/2668 2700/3534/2668
f 2678/3511/2669 2677/3524/2669 2692/3533/2669
f 2678/3511/2669 2692/3533/2669 2693/3535/2669
f 2671/3513/2670 2498/3536/2670 2686/3537/2670
f 2505/3538/2671 2685/3525/2671 2700/3534/2671
f 2679/3512/2672 2678/3511/2672 2693/3535/2672
f 2679/3512/2672 2693/3535/2672 2694/3539/2672
f 2672/3514/2673 2671/3513/2673 2686/3537/2673
f 2672/3514/2673 2686/3537/2673 2687/3540/2673
f 2680/3515/2674 2679/3512/2674 2694/3539/2674
f 2680/3515/2674 2694/3539/2674 2695/3541/2674
f 2673/3516/2675 2672/3514/2675 2687/3540/2675
f 2673/3516/2675 2687/3540/2675 2688/3542/2675
f 2681/3517/2676 2680/3515/2676 2695/3541/2676
f 2681/3517/2676 2695/3541/2676 2696/3543/2676
f 2674/3518/2677 2673/3516/2677 2688/3542/2677
f 2674/3518/2677 2688/3542/2677 2689/3544/2677
f 2682/3519/2678 2681/3517/2678 2696/3543/2678
f 2682/3519/2678 2696/3543/2678 2697/3528/2678
f 2675/3520/2679 2674/3518/2679 2689/3544/2679
f 2675/3520/2679 2689/3544/2679 2690/3530/2679
f 2695/3541/2680 2694/3539/2680 2709/3545/2680
f 2695/3541/2680 2709/3545/2680 2710/3546/2680
f 2688/3542/2681 2687/3540/2681 2702/3547/2681
f 2688/3542/2681 2702/3547/2681 2703/3548/2681
f 2696/3543/2682 2695/3541/2682 2710/3546/2682
f 2696/3543/2682 2710/3546/2682 2711/3549/2682
f 2689/3544/2683 2688/3542/2683 2703/3548/2683
f 2689/3544/2683 2703/3548/2683 2704/3550/2683
f 2697/3528/2684 2696/3543/2684 2711/3549/2684
f 2697/3528/2684 2711/3549/2684 2712/3551/2684
f 2690/3530/2685 2689/3544/2685 2704/3550/2685
f 2690/3530/2685 2704/3550/2685 2705/3552/2685
f 2698/3529/2686 2697/3528/2686 2712/3551/2686
f 2698/3529/2686 2712/3551/2686 2713/3553/2686
f 2691/3531/2687 2690/3530/2687 2705/3552/2687
f 2691/3531/2687 2705/3552/2687 2706/3554/2687
f 2699/3532/2688 2698/3529/2688 2713/3553/2688
f 2699/3532/2688 2713/3553/2688 2714/3555/2688
f 2692/3533/2689 2691/3531/2689 2706/3554/2689
f 2692/3533/2689 2706/3554/2689 2707/3556/2689
f 2700/3534/2690 2699/3532/2690 2714/3555/2690
f 2700/3534/2690 2714/3555/2690 2715/3557/2690
f 2693/3535/2691 2692/3533/2691 2707/3556/2691
f 2693/3535/2691 2707/3556/2691 2708/3558/2691
f 2686/3537/2692 2498/3559/2692 2701/3560/2692
f 2505/3561/2693 2700/3534/2693 2715/3557/2693
f 2694/3539/2694 2693/3535/2694 2708/3558/2694
f 2694/3539/2694 2708/3558/2694 2709/3545/2694
f 2687/3540/2695 2686/3537/2695 2701/3560/2695
f 2687/3540/2695 2701/3560/2695 2702/3547/2695
f 2714/3555/2696 2713/3553/2696 2728/3562/2696
f 2714/3555/2696 2728/3562/2696 2729/3563/2696
f 2707/3556/2697 2706/3554/2697 2721/3564/2697
f 2707/3556/2697 2721/3564/2697 2722/3565/2697
f 2715/3557/2698 2714/3555/2698 2729/3563/2698
f 2715/3557/2698 2729/3563/2698 2730/3566/2698
f 2708/3558/2699 2707/3556/2699 2722/3565/2699
f 2708/3558/2699 2722/3565/2699 2723/3567/2699
f 2701/3560/2700 2498/3568/2700 2716/3569/2700
f 2505/3570/2701 2715/3557/2701 2730/3566/2701
f 2709/3545/2702 2708/3558/2702 2723/3567/2702
f 2709/3545/2702 2723/3567/2702 2724/3571/2702
f 2702/3547/2703 2701/3560/2703 2716/3569/2703
f 2702/3547/2703 2716/3569/2703 2717/3572/2703
f 2710/3546/2704 2709/3545/2704 2724/3571/2704
f 2710/3546/2704 2724/3571/2704 2725/3573/2704
f 2703/3548/2705 2702/3547/2705 2717/3572/2705
f 2703/3548/2705 2717/3572/2705 2718/3574/2705
f 2711/3549/2706 2710/3546/2706 2725/3573/2706
f 2711/3549/2706 2725/3573/2706 2726/3575/2706
f 2704/3550/2707 2703/3548/2707 2718/3574/2707
f 2704/3550/2707 2718/3574/2707 2719/3576/2707
f 2712/3551/2708 2711/3549/2708 2726/3575/2708
f 2712/3551/2708 2726/3575/2708 2727/3577/2708
f 2705/3552/2709 2704/3550/2709 2719/3576/2709
f 2705/3552/2709 2719/3576/2709 2720/3578/2709
f 2713/3553/2710 2712/3551/2710 2727/3577/2710
f 2713/3553/2710 2727/3577/2710 2728/3562/2710
f 2706/3554/2711 2705/3552/2711 2720/3578/2711
f 2706/3554/2711 2720/3578/2711 2721/3564/2711
f 2718/3574/2712 2717/3572/2712 2732/3579/2712
f 2718/3574/2712 2732/3579/2712 2733/3580/2712
f 2726/3575/2713 2725/3573/2713 2740/3581/2713
f 2726/3575/2713 2740/3581/2713 2741/3582/2713
f 2719/3576/2714 2718/3574/2714 2733/3580/2714
f 2719/3576/2714 2733/3580/2714 2734/3583/2714
f 2727/3577/2715 2726/3575/2715 2741/3582/2715
f 2727/3577/2715 2741/3582/2715 2742/3584/2715
f 2720/3578/2716 2719/3576/2716 2734/3583/2716
f 2720/3578/2716 2734/3583/2716 2735/3585/2716
f 2728/3562/2717 2727/3577/2717 2742/3584/2717
f 2728/3562/2717 2742/3584/2717 2743/3586/2717
f 2721/3564/2718 2720/3578/2718 2735/3585/2718
f 2721/3564/2718 2735/3585/2718 2736/3587/2718
f 2729/3563/2719 2728/3562/2719 2743/3586/2719
f 2729/3563/2719 2743/3586/2719 2744/3588/2719
f 2722/3565/2720 2721/3564/2720 2736/3587/2720
f 2722/3565/2720 2736/3587/2720 2737/3589/2720
f 2730/3566/2721 2729/3563/2721 2744/3588/2721
f 2730/3566/2721 2744/3588/2721 2745/3590/2721
f 2723/3567/2722 2722/3565/2722 2737/3589/2722
f 2723/3567/2722 2737/3589/2722 2738/3591/2722
f 2716/3569/2723 2498/3592/2723 2731/3593/2723
f 2505/3594/2724 2730/3566/2724 2745/3590/2724
f 2724/3571/2725 2723/3567/2725 2738/3591/2725
f 2724/3571/2725 2738/3591/2725 2739/3595/2725
f 2717/3572/2726 2716/3569/2726 2731/3593/2726
f 2717/3572/2726 2731/3593/2726 2732/3579/2726
f 2725/3573/2727 2724/3571/2727 2739/3595/2727
f 2725/3573/2727 2739/3595/2727 2740/3581/2727
f 2737/3589/2728 2736/3587/2728 2751/3596/2728
f 2737/3589/2728 2751/3596/2728 2752/3597/2728
f 2745/3590/2729 2744/3588/2729 2759/3598/2729
f 2745/3590/2729 2759/3598/2729 2760/3599/2729
f 2738/3591/2730 2737/3589/2730 2752/3597/2730
f 2738/3591/2730 2752/3597/2730 2753/3600/2730
f 2731/3593/2731 2498/3601/2731 2746/3602/2731
f 2505/3603/2732 2745/3590/2732 2760/3599/2732
f 2739/3595/2733 2738/3591/2733 2753/3600/2733
f 2739/3595/2733 2753/3600/2733 2754/3604/2733
f 2732/3579/2734 2731/3593/2734 2746/3602/2734
f 2732/3579/2734 2746/3602/2734 2747/3605/2734
f 2740/3581/2735 2739/3595/2735 2754/3604/2735
f 2740/3581/2735 2754/3604/2735 2755/3606/2735
f 2733/3580/2736 2732/3579/2736 2747/3605/2736
f 2733/3580/2736 2747/3605/2736 2748/3607/2736
f 2741/3582/2737 2740/3581/2737 2755/3606/2737
f 2741/3582/2737 2755/3606/2737 2756/3608/2737
f 2734/3583/2738 2733/3580/2738 2748/3607/2738
f 2734/3583/2738 2748/3607/2738 2749/3609/2738
f 2742/3584/2739 2741/3582/2739 2756/3608/2739
f 2742/3584/2739 2756/3608/2739 2757/3610/2739
f 2735/3585/2740 2734/3583/2740 2749/3609/2740
f 2735/3585/2740 2749/3609/2740 2750/3611/2740
f 2743/3586/2741 2742/3584/2741 2757/3610/2741
f 2743/3586/2741 2757/3610/2741 2758/3612/2741
f 2736/3587/2742 2735/3585/2742 2750/3611/2742
f 2736/3587/2742 2750/3611/2742 2751/3596/2742
f 2744/3588/2743 2743/3586/2743 2758/3612/2743
f 2744/3588/2743 2758/3612/2743 2759/3598/2743
f 2756/3608/2744 2755/3606/2744 2770/3613/2744
f 2756/3608/2744 2770/3613/2744 2771/3614/2744
f 2749/3609/2745 2748/3607/2745 2763/3615/2745
f 2749/3609/2745 2763/3615/2745 2764/3616/2745
f 2757/3610/2746 2756/3608/2746 2771/3614/2746
f 2757/3610/2746 2771/3614/2746 2772/3617/2746
f 2750/3611/2747 2749/3609/2747 2764/3616/2747
f 2750/3611/2747 2764/3616/2747 2765/3618/2747
f 2758/3612/2748 2757/3610/2748 2772/3617/2748
f 2758/3612/2748 2772/3617/2748 2773/3619/2748
f 2751/3596/2749 2750/3611/2749 2765/3618/2749
f 2751/3596/2749 2765/3618/2749 2766/3620/2749
f 2759/3598/2750 2758/3612/2750 2773/3619/2750
f 2759/3598/2750 2773/3619/2750 2774/3621/2750
f 2752/3597/2751 2751/3596/2751 2766/3620/2751
f 2752/3597/2751 2766/3620/2751 2767/3622/2751
f 2760/3599/2752 2759/3598/2752 2774/3621/2752
f 2760/3599/2752 2774/3621/2752 2775/3623/2752
f 2753/3600/2753 2752/3597/2753 2767/3622/2753
f 2753/3600/2753 2767/3622/2753 2768/3624/2753
f 2746/3602/2754 2498/3625/2754 2761/3626/2754
f 2505/3627/2755 2760/3599/2755 2775/3623/2755
f 2754/3604/2756 2753/3600/2756 2768/3624/2756
f 2754/3604/2756 2768/3624/2756 2769/3628/2756
f 2747/3605/2757 2746/3602/2757 2761/3626/2757
f 2747/3605/2757 2761/3626/2757 2762/3629/2757
f 2755/3606/2758 2754/3604/2758 2769/3628/2758
f 2755/3606/2758 2769/3628/2758 2770/3613/2758
f 2748/3607/2759 2747/3605/2759 2762/3629/2759
f 2748/3607/2759 2762/3629/2759 2763/3615/2759
f 2775/3623/2760 2774/3621/2760 2789/3630/2760
f 2775/3623/2760 2789/3630/2760 2790/3631/2760
f 2768/3624/2761 2767/3622/2761 2782/3632/2761
f 2768/3624/2761 2782/3632/2761 2783/3633/2761
f 2761/3626/2762 2498/3634/2762 2776/3635/2762
f 2505/3636/2763 2775/3623/2763 2790/3631/2763
f 2769/3628/2764 2768/3624/2764 2783/3633/2764
f 2769/3628/2764 2783/3633/2764 2784/3637/2764
f 2762/3629/2765 2761/3626/2765 2776/3635/2765
f 2762/3629/2765 2776/3635/2765 2777/3638/2765
f 2770/3613/2766 2769/3628/2766 2784/3637/2766
f 2770/3613/2766 2784/3637/2766 2785/3639/2766
f 2763/3615/2767 2762/3629/2767 2777/3638/2767
f 2763/3615/2767 2777/3638/2767 2778/3640/2767
f 2771/3614/2768 2770/3613/2768 2785/3639/2768
f 2771/3614/2768 2785/3639/2768 2786/3641/2768
f 2764/3616/2769 2763/3615/2769 2778/3640/2769
f 2764/3616/2769 2778/3640/2769 2779/3642/2769
f 2772/3617/2770 2771/3614/2770 2786/3641/2770
f 2772/3617/2770 2786/3641/2770 2787/3643/2770
f 2765/3618/2771 2764/3616/2771 2779/3642/2771
f 2765/3618/2771 2779/3642/2771 2780/3644/2771
f 2773/3619/2772 2772/3617/2772 2787/3643/2772
f 2773/3619/2772 2787/3643/2772 2788/3645/2772
f 2766/3620/2773 2765/3618/2773 2780/3644/2773
f 2766/3620/2773 2780/3644/2773 2781/3646/2773
f 2774/3621/2774 2773/3619/2774 2788/3645/2774
f 2774/3621/2774 2788/3645/2774 2789/3630/2774
f 2767/3622/2775 2766/3620/2775 2781/3646/2775
f 2767/3622/2775 2781/3646/2775 2782/3632/2775
f 2779/3642/2776 2778/3640/2776 2793/3647/2776
f 2779/3642/2776 2793/3647/2776 2794/3648/2776
f 2787/3643/2777 2786/3641/2777 2801/3649/2777
f 2787/3643/2777 2801/3649/2777 2802/3650/2777
f 2780/3644/2778 2779/3642/2778 2794/3648/2778
f 2780/3644/2778 2794/3648/2778 2795/3651/2778
f 2788/3645/2779 2787/3643/2779 2802/3650/2779
f 2788/3645/2779 2802/3650/2779 2803/3652/2779
f 2781/3646/2780 2780/3644/2780 2795/3651/2780
f 2781/3646/2780 2795/3651/2780 2796/3653/2780
f 2789/3630/2781 2788/3645/2781 2803/3652/2781
f 2789/3630/2781 2803/3652/2781 2804/3654/2781
f 2782/3632/2782 2781/3646/2782 2796/3653/2782
f 2782/3632/2782 2796/3653/2782 2797/3655/2782
f 2790/3631/2783 2789/3630/2783 2804/3654/2783
f 2790/3631/2783 2804/3654/2783 2805/3656/2783
f 2783/3633/2784 2782/3632/2784 2797/3655/2784
f 2783/3633/2784 2797/3655/2784 2798/3657/2784
f 2776/3635/2785 2498/3658/2785 2791/3659/2785
f 2505/3660/2786 2790/3631/2786 2805/3656/2786
f 2784/3637/2787 2783/3633/2787 2798/3657/2787
f 2784/3637/2787 2798/3657/2787 2799/3661/2787
f 2777/3638/2788 2776/3635/2788 2791/3659/2788
f 2777/3638/2788 2791/3659/2788 2792/3662/2788
f 2785/3639/2789 2784/3637/2789 2799/3661/2789
f 2785/3639/2789 2799/3661/2789 2800/3663/2789
f 2778/3640/2790 2777/3638/2790 2792/3662/2790
f 2778/3640/2790 2792/3662/2790 2793/3647/2790
f 2786/3641/2791 2785/3639/2791 2800/3663/2791
f 2786/3641/2791 2800/3663/2791 2801/3649/2791
f 2798/3657/2792 2797/3655/2792 2812/3664/2792
f 2798/3657/2792 2812/3664/2792 2813/3665/2792
f 2791/3659/2793 2498/3666/2793 2806/3667/2793
f 2505/3668/2794 2805/3656/2794 2820/3669/2794
f 2799/3661/2795 2798/3657/2795 2813/3665/2795
f 2799/3661/2795 2813/3665/2795 2814/3670/2795
f 2792/3662/2796 2791/3659/2796 2806/3667/2796
f 2792/3662/2796 2806/3667/2796 2807/3671/2796
f 2800/3663/2797 2799/3661/2797 2814/3670/2797
f 2800/3663/2797 2814/3670/2797 2815/3672/2797
f 2793/3647/2798 2792/3662/2798 2807/3671/2798
f 2793/3647/2798 2807/3671/2798 2808/3673/2798
f 2801/3649/2799 2800/3663/2799 2815/3672/2799
f 2801/3649/2799 2815/3672/2799 2816/3674/2799
f 2794/3648/2800 2793/3647/2800 2808/3673/2800
f 2794/3648/2800 2808/3673/2800 2809/3675/2800
f 2802/3650/2801 2801/3649/2801 2816/3674/2801
f 2802/3650/2801 2816/3674/2801 2817/3676/2801
f 2795/3651/2802 2794/3648/2802 2809/3675/2802
f 2795/3651/2802 2809/3675/2802 2810/3677/2802
f 2803/3652/2803 2802/3650/2803 2817/3676/2803
f 2803/3652/2803 2817/3676/2803 2818/3678/2803
f 2796/3653/2804 2795/3651/2804 2810/3677/2804
f 2796/3653/2804 2810/3677/2804 2811/3679/2804
f 2804/3654/2805 2803/3652/2805 2818/3678/2805
f 2804/3654/2805 2818/3678/2805 2819/3680/2805
f 2797/3655/2806 2796/3653/2806 2811/3679/2806
f 2797/3655/2806 2811/3679/2806 2812/3664/2806
f 2805/3656/2807 2804/3654/2807 2819/3680/2807
f 2805/3656/2807 2819/3680/2807 2820/3669/2807
f 2817/3676/2808 2816/3674/2808 2831/3681/2808
f 2817/3676/2808 2831/3681/2808 2832/3682/2808
f 2810/3677/2809 2809/3675/2809 2824/3683/2809
f 2810/3677/2809 2824/3683/2809 2825/3684/2809
f 2818/3678/2810 2817/3676/2810 2832/3682/2810
f 2818/3678/2810 2832/3682/2810 2833/3685/2810
f 2811/3679/2811 2810/3677/2811 2825/3684/2811
f 2811/3679/2811 2825/3684/2811 2826/3686/2811
f 2819/3680/2812 2818/3678/2812 2833/3685/2812
f 2819/3680/2812 2833/3685/2812 2834/3687/2812
f 2812/3664/2813 2811/3679/2813 2826/3686/2813
f 2812/3664/2813 2826/3686/2813 2827/3688/2813
f 2820/3669/2814 2819/3680/2814 2834/3687/2814
f 2820/3669/2814 2834/3687/2814 2835/3689/2814
f 2813/3665/2815 2812/3664/2815 2827/3688/2815
f 2813/3665/2815 2827/3688/2815 2828/3690/2815
f 2806/3667/2816 2498/3691/2816 2821/3692/2816
f 2505/3693/2817 2820/3669/2817 2835/3689/2817
f 2814/3670/2818 2813/3665/2818 2828/3690/2818
f 2814/3670/2818 2828/3690/2818 2829/3694/2818
f 2807/3671/2819 2806/3667/2819 2821/3692/2819
f 2807/3671/2819 2821/3692/2819 2822/3695/2819
f 2815/3672/2820 2814/3670/2820 2829/3694/2820
f 2815/3672/2820 2829/3694/2820 2830/3696/2820
f 2808/3673/2821 2807/3671/2821 2822/3695/2821
f 2808/3673/2821 2822/3695/2821 2823/3697/2821
f 2816/3674/2822 2815/3672/2822 2830/3696/2822
f 2816/3674/2822 2830/3696/2822 2831/3681/2822
f 2809/3675/2823 2808/3673/2823 2823/3697/2823
f 2809/3675/2823 2823/3697/2823 2824/3683/2823
f 2505/3698/2824 2835/3689/2824 2850/3699/2824
f 2829/3694/2825 2828/3690/2825 2843/3700/2825
f 2829/3694/2825 2843/3700/2825 2844/3701/2825
f 2822/3695/2826 2821/3692/2826 2836/3702/2826
f 2822/3695/2826 2836/3702/2826 2837/3703/2826
f 2830/3696/2827 2829/3694/2827 2844/3701/2827
f 2830/3696/2827 2844/3701/2827 2845/3704/2827
f 2823/3697/2828 2822/3695/2828 2837/3703/2828
f 2823/3697/2828 2837/3703/2828 2838/3705/2828
f 2831/3681/2829 2830/3696/2829 2845/3704/2829
f 2831/3681/2829 2845/3704/2829 2846/3706/2829
f 2824/3683/2830 2823/3697/2830 2838/3705/2830
f 2824/3683/2830 2838/3705/2830 2839/3707/2830
f 2832/3682/2831 2831/3681/2831 2846/3706/2831
f 2832/3682/2831 2846/3706/2831 2847/3708/2831
f 2825/3684/2832 2824/3683/2832 2839/3707/2832
f 2825/3684/2832 2839/3707/2832 2840/3709/2832
f 2833/3685/2833 2832/3682/2833 2847/3708/2833
f 2833/3685/2833 2847/3708/2833 2848/3710/2833
f 2826/3686/2834 2825/3684/2834 2840/3709/2834
f 2826/3686/2834 2840/3709/2834 2841/3711/2834
f 2834/3687/2835 2833/3685/2835 2848/3710/2835
f 2834/3687/2835 2848/3710/2835 2849/3712/2835
f 2827/3688/2836 2826/3686/2836 2841/3711/2836
f 2827/3688/2836 2841/3711/2836 2842/3713/2836
f 2835/3689/2837 2834/3687/2837 2849/3712/2837
f 2835/3689/2837 2849/3712/2837 2850/3699/2837
f 2828/3690/2838 2827/3688/2838 2842/3713/2838
f 2828/3690/2838 2842/3713/2838 2843/3700/2838
f 2821/3692/2839 2498/3714/2839 2836/3702/2839
f 2848/3710/2840 2847/3708/2840 2862/3715/2840
f 2848/3710/2840 2862/3715/2840 2863/3716/2840
f 2841/3711/2841 2840/3709/2841 2855/3717/2841
f 2841/3711/2841 2855/3717/2841 2856/3718/2841
f 2849/3712/2842 2848/3710/2842 2863/3716/2842
f 2849/3712/2842 2863/3716/2842 2864/3719/2842
f 2842/3713/2843 2841/3711/2843 2856/3718/2843
f 2842/3713/2843 2856/3718/2843 2857/3720/2843
f 2850/3699/2844 2849/3712/2844 2864/3719/2844
f 2850/3699/2844 2864/3719/2844 2865/3721/2844
f 2843/3700/2845 2842/3713/2845 2857/3720/2845
f 2843/3700/2845 2857/3720/2845 2858/3722/2845
f 2836/3702/2846 2498/3723/2846 2851/3724/2846
f 2505/3725/2847 2850/3699/2847 2865/3721/2847
f 2844/3701/2848 2843/3700/2848 2858/3722/2848
f 2844/3701/2848 2858/3722/2848 2859/3726/2848
f 2837/3703/2849 2836/3702/2849 2851/3724/2849
f 2837/3703/2849 2851/3724/2849 2852/3727/2849
f 2845/3704/2850 2844/3701/2850 2859/3726/2850
f 2845/3704/2850 2859/3726/2850 2860/3728/2850
f 2838/3705/2851 2837/3703/2851 2852/3727/2851
f 2838/3705/2851 2852/3727/2851 2853/3729/2851
f 2846/3706/2852 2845/3704/2852 2860/3728/2852
f 2846/3706/2852 2860/3728/2852 2861/3730/2852
f 2839/3707/2853 2838/3705/2853 2853/3729/2853
f 2839/3707/2853 2853/3729/2853 2854/3731/2853
f 2847/3708/2854 2846/3706/2854 2861/3730/2854
f 2847/3708/2854 2861/3730/2854 2862/3715/2854
f 2840/3709/2855 2839/3707/2855 2854/3731/2855
f 2840/3709/2855 2854/3731/2855 2855/3717/2855
f 2852/3732/2856 2851/3733/2856 2866/3734/2856
f 2852/3732/2856 2866/3734/2856 2867/3735/2856
f 2860/3736/2857 2859/3737/2857 2874/3738/2857
f 2860/3736/2857 2874/3738/2857 2875/3739/2857
f 2853/3740/2858 2852/3732/2858 2867/3735/2858
f 2853/3740/2858 2867/3735/2858 2868/3741/2858
f 2861/3742/2859 2860/3736/2859 2875/3739/2859
f 2861/3742/2859 2875/3739/2859 2876/3743/2859
f 2854/3744/2860 2853/3740/2860 2868/3741/2860
f 2854/3744/2860 2868/3741/2860 2869/3745/2860
f 2862/3746/2861 2861/3742/2861 2876/3743/2861
f 2862/3746/2861 2876/3743/2861 2877/3747/2861
f 2855/3748/2862 2854/3744/2862 2869/3745/2862
f 2855/3748/2862 2869/3745/2862 2870/3749/2862
f 2863/3750/2863 2862/3746/2863 2877/3747/2863
f 2863/3750/2863 2877/3747/2863 2878/3751/2863
f 2856/3752/2864 2855/3748/2864 2870/3749/2864
f 2856/3752/2864 2870/3749/2864 2871/3753/2864
f 2864/3754/2865 2863/3750/2865 2878/3751/2865
f 2864/3754/2865 2878/3751/2865 2879/3755/2865
f 2857/3756/2866 2856/3752/2866 2871/3753/2866
f 2857/3756/2866 2871/3753/2866 2872/3757/2866
f 2865/3758/2867 2864/3754/2867 2879/3755/2867
f 2865/3758/2867 2879/3755/2867 2880/3759/2867
f 2858/3760/2868 2857/3756/2868 2872/3757/2868
f 2858/3760/2868 2872/3757/2868 2873/3761/2868
f 2851/3733/2869 2498/3762/2869 2866/3734/2869
f 2505/3763/2870 2865/3758/2870 2880/3759/2870
f 2859/3737/2871 2858/3760/2871 2873/3761/2871
f 2859/3737/2871 2873/3761/2871 2874/3738/2871
f 2871/3753/2872 2870/3749/2872 2885/3764/2872
f 2871/3753/2872 2885/3764/2872 2886/3765/2872
f 2879/3755/2873 2878/3751/2873 2893/3766/2873
f 2879/3755/2873 2893/3766/2873 2894/3767/2873
f 2872/3757/2874 2871/3753/2874 2886/3765/2874
f 2872/3757/2874 2886/3765/2874 2887/3768/2874
f 2880/3759/2875 2879/3755/2875 2894/3767/2875
f 2880/3759/2875 2894/3767/2875 2895/3769/2875
f 2873/3761/2876 2872/3757/2876 2887/3768/2876
f 2873/3761/2876 2887/3768/2876 2888/3770/2876
f 2866/3734/2877 2498/3771/2877 2881/3772/2877
f 2505/3773/2878 2880/3759/2878 2895/3769/2878
f 2874/3738/2879 2873/3761/2879 2888/3770/2879
f 2874/3738/2879 2888/3770/2879 2889/3774/2879
f 2867/3735/2880 2866/3734/2880 2881/3772/2880
f 2867/3735/2880 2881/3772/2880 2882/3775/2880
f 2875/3739/2881 2874/3738/2881 2889/3774/2881
f 2875/3739/2881 2889/3774/2881 2890/3776/2881
f 2868/3741/2882 2867/3735/2882 2882/3775/2882
f 2868/3741/2882 2882/3775/2882 2883/3777/2882
f 2876/3743/2883 2875/3739/2883 2890/3776/2883
f 2876/3743/2883 2890/3776/2883 2891/3778/2883
f 2869/3745/2884 2868/3741/2884 2883/3777/2884
f 2869/3745/2884 2883/3777/2884 2884/3779/2884
f 2877/3747/2885 2876/3743/2885 2891/3778/2885
f 2877/3747/2885 2891/3778/2885 2892/3780/2885
f 2870/3749/2886 2869/3745/2886 2884/3779/2886
f 2870/3749/2886 2884/3779/2886 2885/3764/2886
f 2878/3751/2887 2877/3747/2887 2892/3780/2887
f 2878/3751/2887 2892/3780/2887 2893/3766/2887
f 2890/3776/2888 2889/3774/2888 2904/3781/2888
f 2890/3776/2888 2904/3781/2888 2905/3782/2888
f 2883/3777/2889 2882/3775/2889 2897/3783/2889
f 2883/3777/2889 2897/3783/2889 2898/3784/2889
f 2891/3778/2890 2890/3776/2890 2905/3782/2890
f 2891/3778/2890 2905/3782/2890 2906/3785/2890
f 2884/3779/2891 2883/3777/2891 2898/3784/2891
f 2884/3779/2891 2898/3784/2891 2899/3786/2891
f 2892/3780/2892 2891/3778/2892 2906/3785/2892
f 2892/3780/2892 2906/3785/2892 2907/3787/2892
f 2885/3764/2893 2884/3779/2893 2899/3786/2893
f 2885/3764/2893 2899/3786/2893 2900/3788/2893
f 2893/3766/2894 2892/3780/2894 2907/3787/2894
f 2893/3766/2894 2907/3787/2894 2908/3789/2894
f 2886/3765/2895 2885/3764/2895 2900/3788/2895
f 2886/3765/2895 2900/3788/2895 2901/3790/2895
f 2894/3767/2896 2893/3766/2896 2908/3789/2896
f 2894/3767/2896 2908/3789/2896 2909/3791/2896
f 2887/3768/2897 2886/3765/2897 2901/3790/2897
f 2887/3768/2897 2901/3790/2897 2902/3792/2897
f 2895/3769/2898 2894/3767/2898 2909/3791/2898
f 2895/3769/2898 2909/3791/2898 2910/3793/2898
f 2888/3770/2899 2887/3768/2899 2902/3792/2899
f 2888/3770/2899 2902/3792/2899 2903/3794/2899
f 2881/3772/2900 2498/3795/2900 2896/3796/2900
f 2505/3797/2901 2895/3769/2901 2910/3793/2901
f 2889/3774/2902 2888/3770/2902 2903/3794/2902
f 2889/3774/2902 2903/3794/2902 2904/3781/2902
f 2882/3775/2903 2881/3772/2903 2896/3796/2903
f 2882/3775/2903 2896/3796/2903 2897/3783/2903
f 2909/3791/2904 2908/3789/2904 2923/3798/2904
f 2909/3791/2904 2923/3798/2904 2924/3799/2904
f 2902/3792/2905 2901/3790/2905 2916/3800/2905
f 2902/3792/2905 2916/3800/2905 2917/3801/2905
f 2910/3793/2906 2909/3791/2906 2924/3799/2906
f 2910/3793/2906 2924/3799/2906 2925/3802/2906
f 2903/3794/2907 2902/3792/2907 2917/3801/2907
f 2903/3794/2907 2917/3801/2907 2918/3803/2907
f 2896/3796/2908 2498/3804/2908 2911/3805/2908
f 2505/3806/2909 2910/3793/2909 2925/3802/2909
f 2904/3781/2910 2903/3794/2910 2918/3803/2910
f 2904/3781/2910 2918/3803/2910 2919/3807/2910
f 2897/3783/2911 2896/3796/2911 2911/3805/2911
f 2897/3783/2911 2911/3805/2911 2912/3808/2911
f 2905/3782/2912 2904/3781/2912 2919/3807/2912
f 2905/3782/2912 2919/3807/2912 2920/3809/2912
f 2898/3784/2913 2897/3783/2913 2912/3808/2913
f 2898/3784/2913 2912/3808/2913 2913/3810/2913
f 2906/3785/2914 2905/3782/2914 2920/3809/2914
f 2906/3785/2914 2920/3809/2914 2921/3811/2914
f 2899/3786/2915 2898/3784/2915 2913/3810/2915
f 2899/3786/2915 2913/3810/2915 2914/3812/2915
f 2907/3787/2916 2906/3785/2916 2921/3811/2916
f 2907/3787/2916 2921/3811/2916 2922/3813/2916
f 2900/3788/2917 2899/3786/2917 2914/3812/2917
f 2900/3788/2917 2914/3812/2917 2915/3814/2917
f 2908/3789/2918 2907/3787/2918 2922/3813/2918
f 2908/3789/2918 2922/3813/2918 2923/3798/2918
f 2901/3790/2919 2900/3788/2919 2915/3814/2919
f 2901/3790/2919 2915/3814/2919 2916/3800/2919
f 2913/3810/2920 2912/3808/2920 2927/3815/2920
f 2913/3810/2920 2927/3815/2920 2928/3816/2920
f 2921/3811/2921 2920/3809/2921 2935/3817/2921
f 2921/3811/2921 2935/3817/2921 2936/3818/2921
f 2914/3812/2922 2913/3810/2922 2928/3816/2922
f 2914/3812/2922 2928/3816/2922 2929/3819/2922
f 2922/3813/2923 2921/3811/2923 2936/3818/2923
f 2922/3813/2923 2936/3818/2923 2937/3820/2923
f 2915/3814/2924 2914/3812/2924 2929/3819/2924
f 2915/3814/2924 2929/3819/2924 2930/3821/2924
f 2923/3798/2925 2922/3813/2925 2937/3820/2925
f 2923/3798/2925 2937/3820/2925 2938/3822/2925
f 2916/3800/2926 2915/3814/2926 2930/3821/2926
f 2916/3800/2926 2930/3821/2926 2931/3823/2926
f 2924/3799/2927 2923/3798/2927 2938/3822/2927
f 2924/3799/2927 2938/3822/2927 2939/3824/2927
f 2917/3801/2928 2916/3800/2928 2931/3823/2928
f 2917/3801/2928 2931/3823/2928 2932/3825/2928
f 2925/3802/2929 2924/3799/2929 2939/3824/2929
f 2925/3802/2929 2939/3824/2929 2940/3826/2929
f 2918/3803/2930 2917/3801/2930 2932/3825/2930
f 2918/3803/2930 2932/3825/2930 2933/3827/2930
f 2911/3805/2931 2498/3828/2931 2926/3829/2931
f 2505/3830/2932 2925/3802/2932 2940/3826/2932
f 2919/3807/2933 2918/3803/2933 2933/3827/2933
f 2919/3807/2933 2933/3827/2933 2934/3831/2933
f 2912/3808/2934 2911/3805/2934 2926/3829/2934
f 2912/3808/2934 2926/3829/2934 2927/3815/2934
f 2920/3809/2935 2919/3807/2935 2934/3831/2935
f 2920/3809/2935 2934/3831/2935 2935/3817/2935
f 2932/3825/2936 2931/3823/2936 2946/3832/2936
f 2932/3825/2936 2946/3832/2936 2947/3833/2936
f 2940/3826/2937 2939/3824/2937 2954/3834/2937
f 2940/3826/2937 2954/3834/2937 2955/3835/2937
f 2933/3827/2938 2932/3825/2938 2947/3833/2938
f 2933/3827/2938 2947/3833/2938 2948/3836/2938
f 2926/3829/2939 2498/3837/2939 2941/3838/2939
f 2505/3839/2940 2940/3826/2940 2955/3835/2940
f 2934/3831/2941 2933/3827/2941 2948/3836/2941
f 2934/3831/2941 2948/3836/2941 2949/3840/2941
f 2927/3815/2942 2926/3829/2942 2941/3838/2942
f 2927/3815/2942 2941/3838/2942 2942/3841/2942
f 2935/3817/2943 2934/3831/2943 2949/3840/2943
f 2935/3817/2943 2949/3840/2943 2950/3842/2943
f 2928/3816/2944 2927/3815/2944 2942/3841/2944
f 2928/3816/2944 2942/3841/2944 2943/3843/2944
f 2936/3818/2945 2935/3817/2945 2950/3842/2945
f 2936/3818/2945 2950/3842/2945 2951/3844/2945
f 2929/3819/2946 2928/3816/2946 2943/3843/2946
f 2929/3819/2946 2943/3843/2946 2944/3845/2946
f 2937/3820/2947 2936/3818/2947 2951/3844/2947
f 2937/3820/2947 2951/3844/2947 2952/3846/2947
f 2930/3821/2948 2929/3819/2948 2944/3845/2948
f 2930/3821/2948 2944/3845/2948 2945/3847/2948
f 2938/3822/2949 2937/3820/2949 2952/3846/2949
f 2938/3822/2949 2952/3846/2949 2953/3848/2949
f 2931/3823/2950 2930/3821/2950 2945/3847/2950
f 2931/3823/2950 2945/3847/2950 2946/3832/2950
f 2939/3824/2951 2938/3822/2951 2953/3848/2951
f 2939/3824/2951 2953/3848/2951 2954/3834/2951
f 2951/3844/2952 2950/3842/2952 2965/3849/2952
f 2951/3844/2952 2965/3849/2952 2966/3850/2952
f 2944/3845/2953 2943/3843/2953 2958/3851/2953
f 2944/3845/2953 2958/3851/2953 2959/3852/2953
f 2952/3846/2954 2951/3844/2954 2966/3850/2954
f 2952/3846/2954 2966/3850/2954 2967/3853/2954
f 2945/3847/2955 2944/3845/2955 2959/3852/2955
f 2945/3847/2955 2959/3852/2955 2960/3854/2955
f 2953/3848/2956 2952/3846/2956 2967/3853/2956
f 2953/3848/2956 2967/3853/2956 2968/3855/2956
f 2946/3832/2957 2945/3847/2957 2960/3854/2957
f 2946/3832/2957 2960/3854/2957 2961/3856/2957
f 2954/3834/2958 2953/3848/2958 2968/3855/2958
f 2954/3834/2958 2968/3855/2958 2969/3857/2958
f 2947/3833/2959 2946/3832/2959 2961/3856/2959
f 2947/3833/2959 2961/3856/2959 2962/3858/2959
f 2955/3835/2960 2954/3834/2960 2969/3857/2960
f 2955/3835/2960 2969/3857/2960 2970/3859/2960
f 2948/3836/2961 2947/3833/2961 2962/3858/2961
f 2948/3836/2961 2962/3858/2961 2963/3860/2961
f 2941/3838/2962 2498/3861/2962 2956/3862/2962
f 2505/3863/2963 2955/3835/2963 2970/3859/2963
f 2949/3840/2964 2948/3836/2964 2963/3860/2964
f 2949/3840/2964 2963/3860/2964 2964/3864/2964
f 2942/3841/2965 2941/3838/2965 2956/3862/2965
f 2942/3841/2965 2956/3862/2965 2957/3865/2965
f 2950/3842/2966 2949/3840/2966 2964/3864/2966
f 2950/3842/2966 2964/3864/2966 2965/3849/2966
f 2943/3843/2967 2942/3841/2967 2957/3865/2967
f 2943/3843/2967 2957/3865/2967 2958/3851/2967
f 2970/3859/2968 2969/3857/2968 2978/3310/2968
f 2970/3859/2968 2978/3310/2968 2979/3309/2968
f 2963/3860/2969 2962/3858/2969 2501/3314/2969
f 2963/3860/2969 2501/3314/2969 2502/3313/2969
f 2956/3862/2970 2498/3866/2970 2971/3317/2970
f 2505/3867/2971 2970/3859/2971 2979/3309/2971
f 2964/3864/2972 2963/3860/2972 2502/3313/2972
f 2964/3864/2972 2502/3313/2972 2503/3321/2972
f 2957/3865/2973 2956/3862/2973 2971/3317/2973
f 2957/3865/2973 2971/3317/2973 2972/3323/2973
f 2965/3849/2974 2964/3864/2974 2503/3321/2974
f 2965/3849/2974 2503/3321/2974 2975/3325/2974
f 2958/3851/2975 2957/3865/2975 2972/3323/2975
f 2958/3851/2975 2972/3323/2975 2499/3327/2975
f 2966/3850/2976 2965/3849/2976 2975/3325/2976
f 2966/3850/2976 2975/3325/2976 2504/3329/2976
f 2959/3852/2977 2958/3851/2977 2499/3327/2977
f 2959/3852/2977 2499/3327/2977 2973/3331/2977
f 2967/3853/2978 2966/3850/2978 2504/3329/2978
f 2967/3853/2978 2504/3329/2978 2976/3333/2978
f 2960/3854/2979 2959/3852/2979 2973/3331/2979
f 2960/3854/2979 2973/3331/2979 2500/3335/2979
f 2968/3855/2980 2967/3853/2980 2976/3333/2980
f 2968/3855/2980 2976/3333/2980 2977/3337/2980
f 2961/3856/2981 2960/3854/2981 2500/3335/2981
f 2961/3856/2981 2500/3335/2981 2974/3339/2981
f 2969/3857/2982 2968/3855/2982 2977/3337/2982
f 2969/3857/2982 2977/3337/2982 2978/3310/2982
f 2962/3858/2983 2961/3856/2983 2974/3339/2983
f 2962/3858/2983 2974/3339/2983 2501/3314/2983
o PlayerPart_22
s 0
f 3461/3868/2984 3460/3869/2984 3001/3870/2984
f 3461/3868/2984 3001/3870/2984 3002/3871/2984
f 2984/3872/2985 2983/3873/2985 2994/3874/2985
f 2984/3872/2985 2994/3874/2985 2995/3875/2985
f 3453/3876/2986 2980/3877/2986 2988/3878/2986
f 2987/3879/2987 3461/3868/2987 3002/3871/2987
f 2985/3880/2988 2984/3872/2988 2995/3875/2988
f 2985/3880/2988 2995/3875/2988 2996/3881/2988
f 3454/3882/2989 3453/3876/2989 2988/3878/2989
f 3454/3882/2989 2988/3878/2989 2989/3883/2989
f 3457/3884/2990 2985/3880/2990 2996/3881/2990
f 3457/3884/2990 2996/3881/2990 2997/3885/2990
f 2981/3886/2991 3454/3882/2991 2989/3883/2991
f 2981/3886/2991 2989/3883/2991 2990/3887/2991
f 2986/3888/2992 3457/3884/2992 2997/3885/2992
f 2986/3888/2992 2997/3885/2992 2998/3889/2992
f 3455/3890/2993 2981/3886/2993 2990/3887/2993
f 3455/3890/2993 2990/3887/2993 2991/3891/2993
f 3458/3892/2994 2986/3888/2994 2998/3889/2994
f 3458/3892/2994 2998/3889/2994 2999/3893/2994
f 2982/3894/2995 3455/3890/2995 2991/3891/2995
f 2982/3894/2995 2991/3891/2995 2992/3895/2995
f 3459/3896/2996 3458/3892/2996 2999/3893/2996
f 3459/3896/2996 2999/3893/2996 3000/3897/2996
f 3456/3898/2997 2982/3894/2997 2992/3895/2997
f 3456/3898/2997 2992/3895/2997 2993/3899/2997
f 3460/3869/2998 3459/3896/2998 3000/3897/2998
f 3460/3869/2998 3000/3897/2998 3001/3870/2998
f 2983/3873/2999 3456/3898/2999 2993/3899/2999
f 2983/3873/2999 2993/3899/2999 2994/3874/2999
f 2993/3899/3000 2992/3895/3000 3007/3900/3000
f 2993/3899/3000 3007/3900/3000 3008/3901/3000
f 3001/3870/3001 3000/3897/3001 3015/3902/3001
f 3001/3870/3001 3015/3902/3001 3016/3903/3001
f 2994/3874/3002 2993/3899/3002 3008/3901/3002
f 2994/3874/3002 3008/3901/3002 3009/3904/3002
f 3002/3871/3003 3001/3870/3003 3016/3903/3003
f 3002/3871/3003 3016/3903/3003 3017/3905/3003
f 2995/3875/3004 2994/3874/3004 3009/3904/3004
f 2995/3875/3004 3009/3904/3004 3010/3906/3004
f 2988/3878/3005 2980/3907/3005 3003/3908/3005
f 2987/3909/3006 3002/3871/3006 3017/3905/3006
f 2996/3881/3007 2995/3875/3007 3010/3906/3007
f 2996/3881/3007 3010/3906/3007 3011/3910/3007
f 2989/3883/3008 2988/3878/3008 3003/3908/3008
f 2989/3883/3008 3003/3908/3008 3004/3911/3008
f 2997/3885/3009 2996/3881/3009 3011/3910/3009
f 2997/3885/3009 3011/3910/3009 3012/3912/3009
f 2990/3887/3010 2989/3883/3010 3004/3911/3010
f 2990/3887/3010 3004/3911/3010 3005/3913/3010
f 2998/3889/3011 2997/3885/3011 3012/3912/3011
f 2998/3889/3011 3012/3912/3011 3013/3914/3011
f 2991/3891/3012 2990/3887/3012 3005/3913/3012
f 2991/3891/3012 3005/3913/3012 3006/3915/3012
f 2999/3893/3013 2998/3889/3013 3013/3914/3013
f 2999/3893/3013 3013/3914/3013 3014/3916/3013
f 2992/3895/3014 2991/3891/3014 3006/3915/3014
f 2992/3895/3014 3006/3915/3014 3007/3900/3014
f 3000/3897/3015 2999/3893/3015 3014/3916/3015
f 3000/3897/3015 3014/3916/3015 3015/3902/3015
f 3012/3912/3016 3011/3910/3016 3026/3917/3016
f 3012/3912/3016 3026/3917/3016 3027/3918/3016
f 3005/3913/3017 3004/3911/3017 3019/3919/3017
f 3005/3913/3017 3019/3919/3017 3020/3920/3017
f 3013/3914/3018 3012/3912/3018 3027/3918/3018
f 3013/3914/3018 3027/3918/3018 3028/3921/3018
f 3006/3915/3019 3005/3913/3019 3020/3920/3019
f 3006/3915/3019 3020/3920/3019 3021/3922/3019
f 3014/3916/3020 3013/3914/3020 3028/3921/3020
f 3014/3916/3020 3028/3921/3020 3029/3923/3020
f 3007/3900/3021 3006/3915/3021 3021/3922/3021
f 3007/3900/3021 3021/3922/3021 3022/3924/3021
f 3015/3902/3022 3014/3916/3022 3029/3923/3022
f 3015/3902/3022 3029/3923/3022 3030/3925/3022
f 3008/3901/3023 3007/3900/3023 3022/3924/3023
f 3008/3901/3023 3022/3924/3023 3023/3926/3023
f 3016/3903/3024 3015/3902/3024 3030/3925/3024
f 3016/3903/3024 3030/3925/3024 3031/3927/3024
f 3009/3904/3025 3008/3901/3025 3023/3926/3025
f 3009/3904/3025 3023/3926/3025 3024/3928/3025
f 3017/3905/3026 3016/3903/3026 3031/3927/3026
f 3017/3905/3026 3031/3927/3026 3032/3929/3026
f 3010/3906/3027 3009/3904/3027 3024/3928/3027
f 3010/3906/3027 3024/3928/3027 3025/3930/3027
f 3003/3908/3028 2980/3931/3028 3018/3932/3028
f 2987/3933/3029 3017/3905/3029 3032/3929/3029
f 3011/3910/3030 3010/3906/3030 3025/3930/3030
f 3011/3910/3030 3025/3930/3030 3026/3917/3030
f 3004/3911/3031 3003/3908/3031 3018/3932/3031
f 3004/3911/3031 3018/3932/3031 3019/3919/3031
f 3031/3927/3032 3030/3925/3032 3045/3934/3032
f 3031/3927/3032 3045/3934/3032 3046/3935/3032
f 3024/3928/3033 3023/3926/3033 3038/3936/3033
f 3024/3928/3033 3038/3936/3033 3039/3937/3033
f 3032/3929/3034 3031/3927/3034 3046/3935/3034
f 3032/3929/3034 3046/3935/3034 3047/3938/3034
f 3025/3930/3035 3024/3928/3035 3039/3937/3035
f 3025/3930/3035 3039/3937/3035 3040/3939/3035
f 3018/3932/3036 2980/3940/3036 3033/3941/3036
f 2987/3942/3037 3032/3929/3037 3047/3938/3037
f 3026/3917/3038 3025/3930/3038 3040/3939/3038
f 3026/3917/3038 3040/3939/3038 3041/3943/3038
f 3019/3919/3039 3018/3932/3039 3033/3941/3039
f 3019/3919/3039 3033/3941/3039 3034/3944/3039
f 3027/3918/3040 3026/3917/3040 3041/3943/3040
f 3027/3918/3040 3041/3943/3040 3042/3945/3040
f 3020/3920/3041 3019/3919/3041 3034/3944/3041
f 3020/3920/3041 3034/3944/3041 3035/3946/3041
f 3028/3921/3042 3027/3918/3042 3042/3945/3042
f 3028/3921/3042 3042/3945/3042 3043/3947/3042
f 3021/3922/3043 3020/3920/3043 3035/3946/3043
f 3021/3922/3043 3035/3946/3043 3036/3948/3043
f 3029/3923/3044 3028/3921/3044 3043/3947/3044
f 3029/3923/3044 3043/3947/3044 3044/3949/3044
f 3022/3924/3045 3021/3922/3045 3036/3948/3045
f 3022/3924/3045 3036/3948/3045 3037/3950/3045
f 3030/3925/3046 3029/3923/3046 3044/3949/3046
f 3030/3925/3046 3044/3949/3046 3045/3934/3046
f 3023/3926/3047 3022/3924/3047 3037/3950/3047
f 3023/3926/3047 3037/3950/3047 3038/3936/3047
f 3043/3947/3048 3042/3945/3048 3057/3951/3048
f 3043/3947/3048 3057/3951/3048 3058/3952/3048
f 3036/3948/3049 3035/3946/3049 3050/3953/3049
f 3036/3948/3049 3050/3953/3049 3051/3954/3049
f 3044/3949/3050 3043/3947/3050 3058/3952/3050
f 3044/3949/3050 3058/3952/3050 3059/3955/3050
f 3037/3950/3051 3036/3948/3051 3051/3954/3051
f 3037/3950/3051 3051/3954/3051 3052/3956/3051
f 3045/3934/3052 3044/3949/3052 3059/3955/3052
f 3045/3934/3052 3059/3955/3052 3060/3957/3052
f 3038/3936/3053 3037/3950/3053 3052/3956/3053
f 3038/3936/3053 3052/3956/3053 3053/3958/3053
f 3046/3935/3054 3045/3934/3054 3060/3957/3054
f 3046/3935/3054 3060/3957/3054 3061/3959/3054
f 3039/3937/3055 3038/3936/3055 3053/3958/3055
f 3039/3937/3055 3053/3958/3055 3054/3960/3055
f 3047/3938/3056 3046/3935/3056 3061/3959/3056
f 3047/3938/3056 3061/3959/3056 3062/3961/3056
f 3040/3939/3057 3039/3937/3057 3054/3960/3057
f 3040/3939/3057 3054/3960/3057 3055/3962/3057
f 3033/3941/3058 2980/3963/3058 3048/3964/3058
f 2987/3965/3059 3047/3938/3059 3062/3961/3059
f 3041/3943/3060 3040/3939/3060 3055/3962/3060
f 3041/3943/3060 3055/3962/3060 3056/3966/3060
f 3034/3944/3061 3033/3941/3061 3048/3964/3061
f 3034/3944/3061 3048/3964/3061 3049/3967/3061
f 3042/3945/3062 3041/3943/3062 3056/3966/3062
f 3042/3945/3062 3056/3966/3062 3057/3951/3062
f 3035/3946/3063 3034/3944/3063 3049/3967/3063
f 3035/3946/3063 3049/3967/3063 3050/3953/3063
f 3062/3961/3064 3061/3959/3064 3076/3968/3064
f 3062/3961/3064 3076/3968/3064 3077/3969/3064
f 3055/3962/3065 3054/3960/3065 3069/3970/3065
f 3055/3962/3065 3069/3970/3065 3070/3971/3065
f 3048/3964/3066 2980/3972/3066 3063/3973/3066
f 2987/3974/3067 3062/3961/3067 3077/3969/3067
f 3056/3966/3068 3055/3962/3068 3070/3971/3068
f 3056/3966/3068 3070/3971/3068 3071/3975/3068
f 3049/3967/3069 3048/3964/3069 3063/3973/3069
f 3049/3967/3069 3063/3973/3069 3064/3976/3069
f 3057/3951/3070 3056/3966/3070 3071/3975/3070
f 3057/3951/3070 3071/3975/3070 3072/3977/3070
f 3050/3953/3071 3049/3967/3071 3064/3976/3071
f 3050/3953/3071 3064/3976/3071 3065/3978/3071
f 3058/3952/3072 3057/3951/3072 3072/3977/3072
f 3058/3952/3072 3072/3977/3072 3073/3979/3072
f 3051/3954/3073 3050/3953/3073 3065/3978/3073
f 3051/3954/3073 3065/3978/3073 3066/3980/3073
f 3059/3955/3074 3058/3952/3074 3073/3979/3074
f 3059/3955/3074 3073/3979/3074 3074/3981/3074
f 3052/3956/3075 3051/3954/3075 3066/3980/3075
f 3052/3956/3075 3066/3980/3075 3067/3982/3075
f 3060/3957/3076 3059/3955/3076 3074/3981/3076
f 3060/3957/3076 3074/3981/3076 3075/3983/3076
f 3053/3958/3077 3052/3956/3077 3067/3982/3077
f 3053/3958/3077 3067/3982/3077 3068/3984/3077
f 3061/3959/3078 3060/3957/3078 3075/3983/3078
f 3061/3959/3078 3075/3983/3078 3076/3968/3078
f 3054/3960/3079 3053/3958/3079 3068/3984/3079
f 3054/3960/3079 3068/3984/3079 3069/3970/3079
f 3066/3980/3080 3065/3978/3080 3080/3985/3080
f 3066/3980/3080 3080/3985/3080 3081/3986/3080
f 3074/3981/3081 3073/3979/3081 3088/3987/3081
f 3074/3981/3081 3088/3987/3081 3089/3988/3081
f 3067/3982/3082 3066/3980/3082 3081/3986/3082
f 3067/3982/3082 3081/3986/3082 3082/3989/3082
f 3075/3983/3083 3074/3981/3083 3089/3988/3083
f 3075/3983/3083 3089/3988/3083 3090/3990/3083
f 3068/3984/3084 3067/3982/3084 3082/3989/3084
f 3068/3984/3084 3082/3989/3084 3083/3991/3084
f 3076/3968/3085 3075/3983/3085 3090/3990/3085
f 3076/3968/3085 3090/3990/3085 3091/3992/3085
f 3069/3970/3086 3068/3984/3086 3083/3991/3086
f 3069/3970/3086 3083/3991/3086 3084/3993/3086
f 3077/3969/3087 3076/3968/3087 3091/3992/3087
f 3077/3969/3087 3091/3992/3087 3092/3994/3087
f 3070/3971/3088 3069/3970/3088 3084/3993/3088
f 3070/3971/3088 3084/3993/3088 3085/3995/3088
f 3063/3973/3089 2980/3996/3089 3078/3997/3089
f 2987/3998/3090 3077/3969/3090 3092/3994/3090
f 3071/3975/3091 3070/3971/3091 3085/3995/3091
f 3071/3975/3091 3085/3995/3091 3086/3999/3091
f 3064/3976/3092 3063/3973/3092 3078/3997/3092
f 3064/3976/3092 3078/3997/3092 3079/4000/3092
f 3072/3977/3093 3071/3975/3093 3086/3999/3093
f 3072/3977/3093 3086/3999/3093 3087/4001/3093
f 3065/3978/3094 3064/3976/3094 3079/4000/3094
f 3065/3978/3094 3079/4000/3094 3080/3985/3094
f 3073/3979/3095 3072/3977/3095 3087/4001/3095
f 3073/3979/3095 3087/4001/3095 3088/3987/3095
f 3085/3995/3096 3084/3993/3096 3099/4002/3096
f 3085/3995/3096 3099/4002/3096 3100/4003/3096
f 3078/3997/3097 2980/4004/3097 3093/4005/3097
f 2987/4006/3098 3092/3994/3098 3107/4007/3098
f 3086/3999/3099 3085/3995/3099 3100/4003/3099
f 3086/3999/3099 3100/4003/3099 3101/4008/3099
f 3079/4000/3100 3078/3997/3100 3093/4005/3100
f 3079/4000/3100 3093/4005/3100 3094/4009/3100
f 3087/4001/3101 3086/3999/3101 3101/4008/3101
f 3087/4001/3101 3101/4008/3101 3102/4010/3101
f 3080/3985/3102 3079/4000/3102 3094/4009/3102
f 3080/3985/3102 3094/4009/3102 3095/4011/3102
f 3088/3987/3103 3087/4001/3103 3102/4010/3103
f 3088/3987/3103 3102/4010/3103 3103/4012/3103
f 3081/3986/3104 3080/3985/3104 3095/4011/3104
f 3081/3986/3104 3095/4011/3104 3096/4013/3104
f 3089/3988/3105 3088/3987/3105 3103/4012/3105
f 3089/3988/3105 3103/4012/3105 3104/4014/3105
f 3082/3989/3106 3081/3986/3106 3096/4013/3106
f 3082/3989/3106 3096/4013/3106 3097/4015/3106
f 3090/3990/3107 3089/3988/3107 3104/4014/3107
f 3090/3990/3107 3104/4014/3107 3105/4016/3107
f 3083/3991/3108 3082/3989/3108 3097/4015/3108
f 3083/3991/3108 3097/4015/3108 3098/4017/3108
f 3091/3992/3109 3090/3990/3109 3105/4016/3109
f 3091/3992/3109 3105/4016/3109 3106/4018/3109
f 3084/3993/3110 3083/3991/3110 3098/4017/3110
f 3084/3993/3110 3098/4017/3110 3099/4002/3110
f 3092/3994/3111 3091/3992/3111 3106/4018/3111
f 3092/3994/3111 3106/4018/3111 3107/4007/3111
f 3104/4014/3112 3103/4012/3112 3118/4019/3112
f 3104/4014/3112 3118/4019/3112 3119/4020/3112
f 3097/4015/3113 3096/4013/3113 3111/4021/3113
f 3097/4015/3113 3111/4021/3113 3112/4022/3113
f 3105/4016/3114 3104/4014/3114 3119/4020/3114
f 3105/4016/3114 3119/4020/3114 3120/4023/3114
f 3098/4017/3115 3097/4015/3115 3112/4022/3115
f 3098/4017/3115 3112/4022/3115 3113/4024/3115
f 3106/4018/3116 3105/4016/3116 3120/4023/3116
f 3106/4018/3116 3120/4023/3116 3121/4025/3116
f 3099/4002/3117 3098/4017/3117 3113/4024/3117
f 3099/4002/3117 3113/4024/3117 3114/4026/3117
f 3107/4007/3118 3106/4018/3118 3121/4025/3118
f 3107/4007/3118 3121/4025/3118 3122/4027/3118
f 3100/4003/3119 3099/4002/3119 3114/4026/3119
f 3100/4003/3119 3114/4026/3119 3115/4028/3119
f 3093/4005/3120 2980/4029/3120 3108/4030/3120
f 2987/4031/3121 3107/4007/3121 3122/4027/3121
f 3101/4008/3122 3100/4003/3122 3115/4028/3122
f 3101/4008/3122 3115/4028/3122 3116/4032/3122
f 3094/4009/3123 3093/4005/3123 3108/4030/3123
f 3094/4009/3123 3108/4030/3123 3109/4033/3123
f 3102/4010/3124 3101/4008/3124 3116/4032/3124
f 3102/4010/3124 3116/4032/3124 3117/4034/3124
f 3095/4011/3125 3094/4009/3125 3109/4033/3125
f 3095/4011/3125 3109/4033/3125 3110/4035/3125
f 3103/4012/3126 3102/4010/3126 3117/4034/3126
f 3103/4012/3126 3117/4034/3126 3118/4019/3126
f 3096/4013/3127 3095/4011/3127 3110/4035/3127
f 3096/4013/3127 3110/4035/3127 3111/4021/3127
f 3108/4030/3128 2980/4036/3128 3123/4037/3128
f 2987/4038/3129 3122/4027/3129 3137/4039/3129
f 3116/4032/3130 3115/4028/3130 3130/4040/3130
f 3116/4032/3130 3130/4040/3130 3131/4041/3130
f 3109/4033/3131 3108/4030/3131 3123/4037/3131
f 3109/4033/3131 3123/4037/3131 3124/4042/3131
f 3117/4034/3132 3116/4032/3132 3131/4041/3132
f 3117/4034/3132 3131/4041/3132 3132/4043/3132
f 3110/4035/3133 3109/4033/3133 3124/4042/3133
f 3110/4035/3133 3124/4042/3133 3125/4044/3133
f 3118/4019/3134 3117/4034/3134 3132/4043/3134
f 3118/4019/3134 3132/4043/3134 3133/4045/3134
f 3111/4021/3135 3110/4035/3135 3125/4044/3135
f 3111/4021/3135 3125/4044/3135 3126/4046/3135
f 3119/4020/3136 3118/4019/3136 3133/4045/3136
f 3119/4020/3136 3133/4045/3136 3134/4047/3136
f 3112/4022/3137 3111/4021/3137 3126/4046/3137
f 3112/4022/3137 3126/4046/3137 3127/4048/3137
f 3120/4023/3138 3119/4020/3138 3134/4047/3138
f 3120/4023/3138 3134/4047/3138 3135/4049/3138
f 3113/4024/3139 3112/4022/3139 3127/4048/3139
f 3113/4024/3139 3127/4048/3139 3128/4050/3139
f 3121/4025/3140 3120/4023/3140 3135/4049/3140
f 3121/4025/3140 3135/4049/3140 3136/4051/3140
f 3114/4026/3141 3113/4024/3141 3128/4050/3141
f 3114/4026/3141 3128/4050/3141 3129/4052/3141
f 3122/4027/3142 3121/4025/3142 3136/4051/3142
f 3122/4027/3142 3136/4051/3142 3137/4039/3142
f 3115/4028/3143 3114/4026/3143 3129/4052/3143
f 3115/4028/3143 3129/4052/3143 3130/4040/3143
f 3127/4048/3144 3126/4046/3144 3141/4053/3144
f 3127/4048/3144 3141/4053/3144 3142/4054/3144
f 3135/4049/3145 3134/4047/3145 3149/4055/3145
f 3135/4049/3145 3149/4055/3145 3150/4056/3145
f 3128/4050/3146 3127/4048/3146 3142/4054/3146
f 3128/4050/3146 3142/4054/3146 3143/4057/3146
f 3136/4051/3147 3135/4049/3147 3150/4056/3147
f 3136/4051/3147 3150/4056/3147 3151/4058/3147
f 3129/4052/3148 3128/4050/3148 3143/4057/3148
f 3129/4052/3148 3143/4057/3148 3144/4059/3148
f 3137/4039/3149 3136/4051/3149 3151/4058/3149
f 3137/4039/3149 3151/4058/3149 3152/4060/3149
f 3130/4040/3150 3129/4052/3150 3144/4059/3150
f 3130/4040/3150 3144/4059/3150 3145/4061/3150
f 3123/4037/3151 2980/4062/3151 3138/4063/3151
f 2987/4064/3152 3137/4039/3152 3152/4060/3152
f 3131/4041/3153 3130/4040/3153 3145/4061/3153
f 3131/4041/3153 3145/4061/3153 3146/4065/3153
f 3124/4042/3154 3123/4037/3154 3138/4063/3154
f 3124/4042/3154 3138/4063/3154 3139/4066/3154
f 3132/4043/3155 3131/4041/3155 3146/4065/3155
f 3132/4043/3155 3146/4065/3155 3147/4067/3155
f 3125/4044/3156 3124/4042/3156 3139/4066/3156
f 3125/4044/3156 3139/4066/3156 3140/4068/3156
f 3133/4045/3157 3132/4043/3157 3147/4067/3157
f 3133/4045/3157 3147/4067/3157 3148/4069/3157
f 3126/4046/3158 3125/4044/3158 3140/4068/3158
f 3126/4046/3158 3140/4068/3158 3141/4053/3158
f 3134/4047/3159 3133/4045/3159 3148/4069/3159
f 3134/4047/3159 3148/4069/3159 3149/4055/3159
f 3146/4065/3160 3145/4061/3160 3160/4070/3160
f 3146/4065/3160 3160/4070/3160 3161/4071/3160
f 3139/4066/3161 3138/4063/3161 3153/4072/3161
f 3139/4066/3161 3153/4072/3161 3154/4073/3161
f 3147/4067/3162 3146/4065/3162 3161/4071/3162
f 3147/4067/3162 3161/4071/3162 3162/4074/3162
f 3140/4068/3163 3139/4066/3163 3154/4073/3163
f 3140/4068/3163 3154/4073/3163 3155/4075/3163
f 3148/4069/3164 3147/4067/3164 3162/4074/3164
f 3148/4069/3164 3162/4074/3164 3163/4076/3164
f 3141/4053/3165 3140/4068/3165 3155/4075/3165
f 3141/4053/3165 3155/4075/3165 3156/4077/3165
f 3149/4055/3166 3148/4069/3166 3163/4076/3166
f 3149/4055/3166 3163/4076/3166 3164/4078/3166
f 3142/4054/3167 3141/4053/3167 3156/4077/3167
f 3142/4054/3167 3156/4077/3167 3157/4079/3167
f 3150/4056/3168 3149/4055/3168 3164/4078/3168
f 3150/4056/3168 3164/4078/3168 3165/4080/3168
f 3143/4057/3169 3142/4054/3169 3157/4079/3169
f 3143/4057/3169 3157/4079/3169 3158/4081/3169
f 3151/4058/3170 3150/4056/3170 3165/4080/3170
f 3151/4058/3170 3165/4080/3170 3166/4082/3170
f 3144/4059/3171 3143/4057/3171 3158/4081/3171
f 3144/4059/3171 3158/4081/3171 3159/4083/3171
f 3152/4060/3172 3151/4058/3172 3166/4082/3172
f 3152/4060/3172 3166/4082/3172 3167/4084/3172
f 3145/4061/3173 3144/4059/3173 3159/4083/3173
f 3145/4061/3173 3159/4083/3173 3160/4070/3173
f 3138/4063/3174 2980/4085/3174 3153/4072/3174
f 2987/4086/3175 3152/4060/3175 3167/4084/3175
f 3165/4080/3176 3164/4078/3176 3179/4087/3176
f 3165/4080/3176 3179/4087/3176 3180/4088/3176
f 3158/4081/3177 3157/4079/3177 3172/4089/3177
f 3158/4081/3177 3172/4089/3177 3173/4090/3177
f 3166/4082/3178 3165/4080/3178 3180/4088/3178
f 3166/4082/3178 3180/4088/3178 3181/4091/3178
f 3159/4083/3179 3158/4081/3179 3173/4090/3179
f 3159/4083/3179 3173/4090/3179 3174/4092/3179
f 3167/4084/3180 3166/4082/3180 3181/4091/3180
f 3167/4084/3180 3181/4091/3180 3182/4093/3180
f 3160/4070/3181 3159/4083/3181 3174/4092/3181
f 3160/4070/3181 3174/4092/3181 3175/4094/3181
f 3153/4072/3182 2980/4095/3182 3168/4096/3182
f 2987/4097/3183 3167/4084/3183 3182/4093/3183
f 3161/4071/3184 3160/4070/3184 3175/4094/3184
f 3161/4071/3184 3175/4094/3184 3176/4098/3184
f 3154/4073/3185 3153/4072/3185 3168/4096/3185
f 3154/4073/3185 3168/4096/3185 3169/4099/3185
f 3162/4074/3186 3161/4071/3186 3176/4098/3186
f 3162/4074/3186 3176/4098/3186 3177/4100/3186
f 3155/4075/3187 3154/4073/3187 3169/4099/3187
f 3155/4075/3187 3169/4099/3187 3170/4101/3187
f 3163/4076/3188 3162/4074/3188 3177/4100/3188
f 3163/4076/3188 3177/4100/3188 3178/4102/3188
f 3156/4077/3189 3155/4075/3189 3170/4101/3189
f 3156/4077/3189 3170/4101/3189 3171/4103/3189
f 3164/4078/3190 3163/4076/3190 3178/4102/3190
f 3164/4078/3190 3178/4102/3190 3179/4087/3190
f 3157/4079/3191 3156/4077/3191 3171/4103/3191
f 3157/4079/3191 3171/4103/3191 3172/4089/3191
f 3177/4100/3192 3176/4098/3192 3191/4104/3192
f 3177/4100/3192 3191/4104/3192 3192/4105/3192
f 3170/4101/3193 3169/4099/3193 3184/4106/3193
f 3170/4101/3193 3184/4106/3193 3185/4107/3193
f 3178/4102/3194 3177/4100/3194 3192/4105/3194
f 3178/4102/3194 3192/4105/3194 3193/4108/3194
f 3171/4103/3195 3170/4101/3195 3185/4107/3195
f 3171/4103/3195 3185/4107/3195 3186/4109/3195
f 3179/4087/3196 3178/4102/3196 3193/4108/3196
f 3179/4087/3196 3193/4108/3196 3194/4110/3196
f 3172/4089/3197 3171/4103/3197 3186/4109/3197
f 3172/4089/3197 3186/4109/3197 3187/4111/3197
f 3180/4088/3198 3179/4087/3198 3194/4110/3198
f 3180/4088/3198 3194/4110/3198 3195/4112/3198
f 3173/4090/3199 3172/4089/3199 3187/4111/3199
f 3173/4090/3199 3187/4111/3199 3188/4113/3199
f 3181/4091/3200 3180/4088/3200 3195/4112/3200
f 3181/4091/3200 3195/4112/3200 3196/4114/3200
f 3174/4092/3201 3173/4090/3201 3188/4113/3201
f 3174/4092/3201 3188/4113/3201 3189/4115/3201
f 3182/4093/3202 3181/4091/3202 3196/4114/3202
f 3182/4093/3202 3196/4114/3202 3197/4116/3202
f 3175/4094/3203 3174/4092/3203 3189/4115/3203
f 3175/4094/3203 3189/4115/3203 3190/4117/3203
f 3168/4096/3204 2980/4118/3204 3183/4119/3204
f 2987/4120/3205 3182/4093/3205 3197/4116/3205
f 3176/4098/3206 3175/4094/3206 3190/4117/3206
f 3176/4098/3206 3190/4117/3206 3191/4104/3206
f 3169/4099/3207 3168/4096/3207 3183/4119/3207
f 3169/4099/3207 3183/4119/3207 3184/4106/3207
f 3196/4114/3208 3195/4112/3208 3210/4121/3208
f 3196/4114/3208 3210/4121/3208 3211/4122/3208
f 3189/4115/3209 3188/4113/3209 3203/4123/3209
f 3189/4115/3209 3203/4123/3209 3204/4124/3209
f 3197/4116/3210 3196/4114/3210 3211/4122/3210
f 3197/4116/3210 3211/4122/3210 3212/4125/3210
f 3190/4117/3211 3189/4115/3211 3204/4124/3211
f 3190/4117/3211 3204/4124/3211 3205/4126/3211
f 3183/4119/3212 2980/4127/3212 3198/4128/3212
f 2987/4129/3213 3197/4116/3213 3212/4125/3213
f 3191/4104/3214 3190/4117/3214 3205/4126/3214
f 3191/4104/3214 3205/4126/3214 3206/4130/3214
f 3184/4106/3215 3183/4119/3215 3198/4128/3215
f 3184/4106/3215 3198/4128/3215 3199/4131/3215
f 3192/4105/3216 3191/4104/3216 3206/4130/3216
f 3192/4105/3216 3206/4130/3216 3207/4132/3216
f 3185/4107/3217 3184/4106/3217 3199/4131/3217
f 3185/4107/3217 3199/4131/3217 3200/4133/3217
f 3193/4108/3218 3192/4105/3218 3207/4132/3218
f 3193/4108/3218 3207/4132/3218 3208/4134/3218
f 3186/4109/3219 3185/4107/3219 3200/4133/3219
f 3186/4109/3219 3200/4133/3219 3201/4135/3219
f 3194/4110/3220 3193/4108/3220 3208/4134/3220
f 3194/4110/3220 3208/4134/3220 3209/4136/3220
f 3187/4111/3221 3186/4109/3221 3201/4135/3221
f 3187/4111/3221 3201/4135/3221 3202/4137/3221
f 3195/4112/3222 3194/4110/3222 3209/4136/3222
f 3195/4112/3222 3209/4136/3222 3210/4121/3222
f 3188/4113/3223 3187/4111/3223 3202/4137/3223
f 3188/4113/3223 3202/4137/3223 3203/4123/3223
f 3200/4133/3224 3199/4131/3224 3214/4138/3224
f 3200/4133/3224 3214/4138/3224 3215/4139/3224
f 3208/4134/3225 3207/4132/3225 3222/4140/3225
f 3208/4134/3225 3222/4140/3225 3223/4141/3225
f 3201/4135/3226 3200/4133/3226 3215/4139/3226
f 3201/4135/3226 3215/4139/3226 3216/4142/3226
f 3209/4136/3227 3208/4134/3227 3223/4141/3227
f 3209/4136/3227 3223/4141/3227 3224/4143/3227
f 3202/4137/3228 3201/4135/3228 3216/4142/3228
f 3202/4137/3228 3216/4142/3228 3217/4144/3228
f 3210/4121/3229 3209/4136/3229 3224/4143/3229
f 3210/4121/3229 3224/4143/3229 3225/4145/3229
f 3203/4123/3230 3202/4137/3230 3217/4144/3230
f 3203/4123/3230 3217/4144/3230 3218/4146/3230
f 3211/4122/3231 3210/4121/3231 3225/4145/3231
f 3211/4122/3231 3225/4145/3231 3226/4147/3231
f 3204/4124/3232 3203/4123/3232 3218/4146/3232
f 3204/4124/3232 3218/4146/3232 3219/4148/3232
f 3212/4125/3233 3211/4122/3233 3226/4147/3233
f 3212/4125/3233 3226/4147/3233 3227/4149/3233
f 3205/4126/3234 3204/4124/3234 3219/4148/3234
f 3205/4126/3234 3219/4148/3234 3220/4150/3234
f 3198/4128/3235 2980/4151/3235 3213/4152/3235
f 2987/4153/3236 3212/4125/3236 3227/4149/3236
f 3206/4130/3237 3205/4126/3237 3220/4150/3237
f 3206/4130/3237 3220/4150/3237 3221/4154/3237
f 3199/4131/3238 3198/4128/3238 3213/4152/3238
f 3199/4131/3238 3213/4152/3238 3214/4138/3238
f 3207/4132/3239 3206/4130/3239 3221/4154/3239
f 3207/4132/3239 3221/4154/3239 3222/4140/3239
f 3219/4148/3240 3218/4146/3240 3233/4155/3240
f 3219/4148/3240 3233/4155/3240 3234/4156/3240
f 3227/4149/3241 3226/4147/3241 3241/4157/3241
f 3227/4149/3241 3241/4157/3241 3242/4158/3241
f 3220/4150/3242 3219/4148/3242 3234/4156/3242
f 3220/4150/3242 3234/4156/3242 3235/4159/3242
f 3213/4152/3243 2980/4160/3243 3228/4161/3243
f 2987/4162/3244 3227/4149/3244 3242/4158/3244
f 3221/4154/3245 3220/4150/3245 3235/4159/3245
f 3221/4154/3245 3235/4159/3245 3236/4163/3245
f 3214/4138/3246 3213/4152/3246 3228/4161/3246
f 3214/4138/3246 3228/4161/3246 3229/4164/3246
f 3222/4140/3247 3221/4154/3247 3236/4163/3247
f 3222/4140/3247 3236/4163/3247 3237/4165/3247
f 3215/4139/3248 3214/4138/3248 3229/4164/3248
f 3215/4139/3248 3229/4164/3248 3230/4166/3248
f 3223/4141/3249 3222/4140/3249 3237/4165/3249
f 3223/4141/3249 3237/4165/3249 3238/4167/3249
f 3216/4142/3250 3215/4139/3250 3230/4166/3250
f 3216/4142/3250 3230/4166/3250 3231/4168/3250
f 3224/4143/3251 3223/4141/3251 3238/4167/3251
f 3224/4143/3251 3238/4167/3251 3239/4169/3251
f 3217/4144/3252 3216/4142/3252 3231/4168/3252
f 3217/4144/3252 3231/4168/3252 3232/4170/3252
f 3225/4145/3253 3224/4143/3253 3239/4169/3253
f 3225/4145/3253 3239/4169/3253 3240/4171/3253
f 3218/4146/3254 3217/4144/3254 3232/4170/3254
f 3218/4146/3254 3232/4170/3254 3233/4155/3254
f 3226/4147/3255 3225/4145/3255 3240/4171/3255
f 3226/4147/3255 3240/4171/3255 3241/4157/3255
f 3238/4167/3256 3237/4165/3256 3252/4172/3256
f 3238/4167/3256 3252/4172/3256 3253/4173/3256
f 3231/4168/3257 3230/4166/3257 3245/4174/3257
f 3231/4168/3257 3245/4174/3257 3246/4175/3257
f 3239/4169/3258 3238/4167/3258 3253/4173/3258
f 3239/4169/3258 3253/4173/3258 3254/4176/3258
f 3232/4170/3259 3231/4168/3259 3246/4175/3259
f 3232/4170/3259 3246/4175/3259 3247/4177/3259
f 3240/4171/3260 3239/4169/3260 3254/4176/3260
f 3240/4171/3260 3254/4176/3260 3255/4178/3260
f 3233/4155/3261 3232/4170/3261 3247/4177/3261
f 3233/4155/3261 3247/4177/3261 3248/4179/3261
f 3241/4157/3262 3240/4171/3262 3255/4178/3262
f 3241/4157/3262 3255/4178/3262 3256/4180/3262
f 3234/4156/3263 3233/4155/3263 3248/4179/3263
f 3234/4156/3263 3248/4179/3263 3249/4181/3263
f 3242/4158/3264 3241/4157/3264 3256/4180/3264
f 3242/4158/3264 3256/4180/3264 3257/4182/3264
f 3235/4159/3265 3234/4156/3265 3249/4181/3265
f 3235/4159/3265 3249/4181/3265 3250/4183/3265
f 3228/4161/3266 2980/4184/3266 3243/4185/3266
f 2987/4186/3267 3242/4158/3267 3257/4182/3267
f 3236/4163/3268 3235/4159/3268 3250/4183/3268
f 3236/4163/3268 3250/4183/3268 3251/4187/3268
f 3229/4164/3269 3228/4161/3269 3243/4185/3269
f 3229/4164/3269 3243/4185/3269 3244/4188/3269
f 3237/4165/3270 3236/4163/3270 3251/4187/3270
f 3237/4165/3270 3251/4187/3270 3252/4172/3270
f 3230/4166/3271 3229/4164/3271 3244/4188/3271
f 3230/4166/3271 3244/4188/3271 3245/4174/3271
f 3257/4182/3272 3256/4180/3272 3271/4189/3272
f 3257/4182/3272 3271/4189/3272 3272/4190/3272
f 3250/4183/3273 3249/4181/3273 3264/4191/3273
f 3250/4183/3273 3264/4191/3273 3265/4192/3273
f 3243/4185/3274 2980/4193/3274 3258/4194/3274
f 2987/4195/3275 3257/4182/3275 3272/4190/3275
f 3251/4187/3276 3250/4183/3276 3265/4192/3276
f 3251/4187/3276 3265/4192/3276 3266/4196/3276
f 3244/4188/3277 3243/4185/3277 3258/4194/3277
f 3244/4188/3277 3258/4194/3277 3259/4197/3277
f 3252/4172/3278 3251/4187/3278 3266/4196/3278
f 3252/4172/3278 3266/4196/3278 3267/4198/3278
f 3245/4174/3279 3244/4188/3279 3259/4197/3279
f 3245/4174/3279 3259/4197/3279 3260/4199/3279
f 3253/4173/3280 3252/4172/3280 3267/4198/3280
f 3253/4173/3280 3267/4198/3280 3268/4200/3280
f 3246/4175/3281 3245/4174/3281 3260/4199/3281
f 3246/4175/3281 3260/4199/3281 3261/4201/3281
f 3254/4176/3282 3253/4173/3282 3268/4200/3282
f 3254/4176/3282 3268/4200/3282 3269/4202/3282
f 3247/4177/3283 3246/4175/3283 3261/4201/3283
f 3247/4177/3283 3261/4201/3283 3262/4203/3283
f 3255/4178/3284 3254/4176/3284 3269/4202/3284
f 3255/4178/3284 3269/4202/3284 3270/4204/3284
f 3248/4179/3285 3247/4177/3285 3262/4203/3285
f 3248/4179/3285 3262/4203/3285 3263/4205/3285
f 3256/4180/3286 3255/4178/3286 3270/4204/3286
f 3256/4180/3286 3270/4204/3286 3271/4189/3286
f 3249/4181/3287 3248/4179/3287 3263/4205/3287
f 3249/4181/3287 3263/4205/3287 3264/4191/3287
f 3261/4201/3288 3260/4199/3288 3275/4206/3288
f 3261/4201/3288 3275/4206/3288 3276/4207/3288
f 3269/4202/3289 3268/4200/3289 3283/4208/3289
f 3269/4202/3289 3283/4208/3289 3284/4209/3289
f 3262/4203/3290 3261/4201/3290 3276/4207/3290
f 3262/4203/3290 3276/4207/3290 3277/4210/3290
f 3270/4204/3291 3269/4202/3291 3284/4209/3291
f 3270/4204/3291 3284/4209/3291 3285/4211/3291
f 3263/4205/3292 3262/4203/3292 3277/4210/3292
f 3263/4205/3292 3277/4210/3292 3278/4212/3292
f 3271/4189/3293 3270/4204/3293 3285/4211/3293
f 3271/4189/3293 3285/4211/3293 3286/4213/3293
f 3264/4191/3294 3263/4205/3294 3278/4212/3294
f 3264/4191/3294 3278/4212/3294 3279/4214/3294
f 3272/4190/3295 3271/4189/3295 3286/4213/3295
f 3272/4190/3295 3286/4213/3295 3287/4215/3295
f 3265/4192/3296 3264/4191/3296 3279/4214/3296
f 3265/4192/3296 3279/4214/3296 3280/4216/3296
f 3258/4194/3297 2980/4217/3297 3273/4218/3297
f 2987/4219/3298 3272/4190/3298 3287/4215/3298
f 3266/4196/3299 3265/4192/3299 3280/4216/3299
f 3266/4196/3299 3280/4216/3299 3281/4220/3299
f 3259/4197/3300 3258/4194/3300 3273/4218/3300
f 3259/4197/3300 3273/4218/3300 3274/4221/3300
f 3267/4198/3301 3266/4196/3301 3281/4220/3301
f 3267/4198/3301 3281/4220/3301 3282/4222/3301
f 3260/4199/3302 3259/4197/3302 3274/4221/3302
f 3260/4199/3302 3274/4221/3302 3275/4206/3302
f 3268/4200/3303 3267/4198/3303 3282/4222/3303
f 3268/4200/3303 3282/4222/3303 3283/4208/3303
f 3280/4216/3304 3279/4214/3304 3294/4223/3304
f 3280/4216/3304 3294/4223/3304 3295/4224/3304
f 3273/4218/3305 2980/4225/3305 3288/4226/3305
f 2987/4227/3306 3287/4215/3306 3302/4228/3306
f 3281/4220/3307 3280/4216/3307 3295/4224/3307
f 3281/4220/3307 3295/4224/3307 3296/4229/3307
f 3274/4221/3308 3273/4218/3308 3288/4226/3308
f 3274/4221/3308 3288/4226/3308 3289/4230/3308
f 3282/4222/3309 3281/4220/3309 3296/4229/3309
f 3282/4222/3309 3296/4229/3309 3297/4231/3309
f 3275/4206/3310 3274/4221/3310 3289/4230/3310
f 3275/4206/3310 3289/4230/3310 3290/4232/3310
f 3283/4208/3311 3282/4222/3311 3297/4231/3311
f 3283/4208/3311 3297/4231/3311 3298/4233/3311
f 3276/4207/3312 3275/4206/3312 3290/4232/3312
f 3276/4207/3312 3290/4232/3312 3291/4234/3312
f 3284/4209/3313 3283/4208/3313 3298/4233/3313
f 3284/4209/3313 3298/4233/3313 3299/4235/3313
f 3277/4210/3314 3276/4207/3314 3291/4234/3314
f 3277/4210/3314 3291/4234/3314 3292/4236/3314
f 3285/4211/3315 3284/4209/3315 3299/4235/3315
f 3285/4211/3315 3299/4235/3315 3300/4237/3315
f 3278/4212/3316 3277/4210/3316 3292/4236/3316
f 3278/4212/3316 3292/4236/3316 3293/4238/3316
f 3286/4213/3317 3285/4211/3317 3300/4237/3317
f 3286/4213/3317 3300/4237/3317 3301/4239/3317
f 3279/4214/3318 3278/4212/3318 3293/4238/3318
f 3279/4214/3318 3293/4238/3318 3294/4223/3318
f 3287/4215/3319 3286/4213/3319 3301/4239/3319
f 3287/4215/3319 3301/4239/3319 3302/4228/3319
f 3299/4235/3320 3298/4233/3320 3313/4240/3320
f 3299/4235/3320 3313/4240/3320 3314/4241/3320
f 3292/4236/3321 3291/4234/3321 3306/4242/3321
f 3292/4236/3321 3306/4242/3321 3307/4243/3321
f 3300/4237/3322 3299/4235/3322 3314/4241/3322
f 3300/4237/3322 3314/4241/3322 3315/4244/3322
f 3293/4238/3323 3292/4236/3323 3307/4243/3323
f 3293/4238/3323 3307/4243/3323 3308/4245/3323
f 3301/4239/3324 3300/4237/3324 3315/4244/3324
f 3301/4239/3324 3315/4244/3324 3316/4246/3324
f 3294/4223/3325 3293/4238/3325 3308/4245/3325
f 3294/4223/3325 3308/4245/3325 3309/4247/3325
f 3302/4228/3326 3301/4239/3326 3316/4246/3326
f 3302/4228/3326 3316/4246/3326 3317/4248/3326
f 3295/4224/3327 3294/4223/3327 3309/4247/3327
f 3295/4224/3327 3309/4247/3327 3310/4249/3327
f 3288/4226/3328 2980/4250/3328 3303/4251/3328
f 2987/4252/3329 3302/4228/3329 3317/4248/3329
f 3296/4229/3330 3295/4224/3330 3310/4249/3330
f 3296/4229/3330 3310/4249/3330 3311/4253/3330
f 3289/4230/3331 3288/4226/3331 3303/4251/3331
f 3289/4230/3331 3303/4251/3331 3304/4254/3331
f 3297/4231/3332 3296/4229/3332 3311/4253/3332
f 3297/4231/3332 3311/4253/3332 3312/4255/3332
f 3290/4232/3333 3289/4230/3333 3304/4254/3333
f 3290/4232/3333 3304/4254/3333 3305/4256/3333
f 3298/4233/3334 3297/4231/3334 3312/4255/3334
f 3298/4233/3334 3312/4255/3334 3313/4240/3334
f 3291/4234/3335 3290/4232/3335 3305/4256/3335
f 3291/4234/3335 3305/4256/3335 3306/4242/3335
f 2987/4257/3336 3317/4248/3336 3332/4258/3336
f 3311/4253/3337 3310/4249/3337 3325/4259/3337
f 3311/4253/3337 3325/4259/3337 3326/4260/3337
f 3304/4254/3338 3303/4251/3338 3318/4261/3338
f 3304/4254/3338 3318/4261/3338 3319/4262/3338
f 3312/4255/3339 3311/4253/3339 3326/4260/3339
f 3312/4255/3339 3326/4260/3339 3327/4263/3339
f 3305/4256/3340 3304/4254/3340 3319/4262/3340
f 3305/4256/3340 3319/4262/3340 3320/4264/3340
f 3313/4240/3341 3312/4255/3341 3327/4263/3341
f 3313/4240/3341 3327/4263/3341 3328/4265/3341
f 3306/4242/3342 3305/4256/3342 3320/4264/3342
f 3306/4242/3342 3320/4264/3342 3321/4266/3342
f 3314/4241/3343 3313/4240/3343 3328/4265/3343
f 3314/4241/3343 3328/4265/3343 3329/4267/3343
f 3307/4243/3344 3306/4242/3344 3321/4266/3344
f 3307/4243/3344 3321/4266/3344 3322/4268/3344
f 3315/4244/3345 3314/4241/3345 3329/4267/3345
f 3315/4244/3345 3329/4267/3345 3330/4269/3345
f 3308/4245/3346 3307/4243/3346 3322/4268/3346
f 3308/4245/3346 3322/4268/3346 3323/4270/3346
f 3316/4246/3347 3315/4244/3347 3330/4269/3347
f 3316/4246/3347 3330/4269/3347 3331/4271/3347
f 3309/4247/3348 3308/4245/3348 3323/4270/3348
f 3309/4247/3348 3323/4270/3348 3324/4272/3348
f 3317/4248/3349 3316/4246/3349 3331/4271/3349
f 3317/4248/3349 3331/4271/3349 3332/4258/3349
f 3310/4249/3350 3309/4247/3350 3324/4272/3350
f 3310/4249/3350 3324/4272/3350 3325/4259/3350
f 3303/4251/3351 2980/4273/3351 3318/4261/3351
f 3330/4269/3352 3329/4267/3352 3344/4274/3352
f 3330/4269/3352 3344/4274/3352 3345/4275/3352
f 3323/4270/3353 3322/4268/3353 3337/4276/3353
f 3323/4270/3353 3337/4276/3353 3338/4277/3353
f 3331/4271/3354 3330/4269/3354 3345/4275/3354
f 3331/4271/3354 3345/4275/3354 3346/4278/3354
f 3324/4272/3355 3323/4270/3355 3338/4277/3355
f 3324/4272/3355 3338/4277/3355 3339/4279/3355
f 3332/4258/3356 3331/4271/3356 3346/4278/3356
f 3332/4258/3356 3346/4278/3356 3347/4280/3356
f 3325/4259/3357 3324/4272/3357 3339/4279/3357
f 3325/4259/3357 3339/4279/3357 3340/4281/3357
f 3318/4261/3358 2980/4282/3358 3333/4283/3358
f 2987/4284/3359 3332/4258/3359 3347/4280/3359
f 3326/4260/3360 3325/4259/3360 3340/4281/3360
f 3326/4260/3360 3340/4281/3360 3341/4285/3360
f 3319/4262/3361 3318/4261/3361 3333/4283/3361
f 3319/4262/3361 3333/4283/3361 3334/4286/3361
f 3327/4263/3362 3326/4260/3362 3341/4285/3362
f 3327/4263/3362 3341/4285/3362 3342/4287/3362
f 3320/4264/3363 3319/4262/3363 3334/4286/3363
f 3320/4264/3363 3334/4286/3363 3335/4288/3363
f 3328/4265/3364 3327/4263/3364 3342/4287/3364
f 3328/4265/3364 3342/4287/3364 3343/4289/3364
f 3321/4266/3365 3320/4264/3365 3335/4288/3365
f 3321/4266/3365 3335/4288/3365 3336/4290/3365
f 3329/4267/3366 3328/4265/3366 3343/4289/3366
f 3329/4267/3366 3343/4289/3366 3344/4274/3366
f 3322/4268/3367 3321/4266/3367 3336/4290/3367
f 3322/4268/3367 3336/4290/3367 3337/4276/3367
f 3334/4291/3368 3333/4292/3368 3348/4293/3368
f 3334/4291/3368 3348/4293/3368 3349/4294/3368
f 3342/4295/3369 3341/4296/3369 3356/4297/3369
f 3342/4295/3369 3356/4297/3369 3357/4298/3369
f 3335/4299/3370 3334/4291/3370 3349/4294/3370
f 3335/4299/3370 3349/4294/3370 3350/4300/3370
f 3343/4301/3371 3342/4295/3371 3357/4298/3371
f 3343/4301/3371 3357/4298/3371 3358/4302/3371
f 3336/4303/3372 3335/4299/3372 3350/4300/3372
f 3336/4303/3372 3350/4300/3372 3351/4304/3372
f 3344/4305/3373 3343/4301/3373 3358/4302/3373
f 3344/4305/3373 3358/4302/3373 3359/4306/3373
f 3337/4307/3374 3336/4303/3374 3351/4304/3374
f 3337/4307/3374 3351/4304/3374 3352/4308/3374
f 3345/4309/3375 3344/4305/3375 3359/4306/3375
f 3345/4309/3375 3359/4306/3375 3360/4310/3375
f 3338/4311/3376 3337/4307/3376 3352/4308/3376
f 3338/4311/3376 3352/4308/3376 3353/4312/3376
f 3346/4313/3377 3345/4309/3377 3360/4310/3377
f 3346/4313/3377 3360/4310/3377 3361/4314/3377
f 3339/4315/3378 3338/4311/3378 3353/4312/3378
f 3339/4315/3378 3353/4312/3378 3354/4316/3378
f 3347/4317/3379 3346/4313/3379 3361/4314/3379
f 3347/4317/3379 3361/4314/3379 3362/4318/3379
f 3340/4319/3380 3339/4315/3380 3354/4316/3380
f 3340/4319/3380 3354/4316/3380 3355/4320/3380
f 3333/4292/3381 2980/4321/3381 3348/4293/3381
f 2987/4322/3382 3347/4317/3382 3362/4318/3382
f 3341/4296/3383 3340/4319/3383 3355/4320/3383
f 3341/4296/3383 3355/4320/3383 3356/4297/3383
f 3353/4312/3384 3352/4308/3384 3367/4323/3384
f 3353/4312/3384 3367/4323/3384 3368/4324/3384
f 3361/4314/3385 3360/4310/3385 3375/4325/3385
f 3361/4314/3385 3375/4325/3385 3376/4326/3385
f 3354/4316/3386 3353/4312/3386 3368/4324/3386
f 3354/4316/3386 3368/4324/3386 3369/4327/3386
f 3362/4318/3387 3361/4314/3387 3376/4326/3387
f 3362/4318/3387 3376/4326/3387 3377/4328/3387
f 3355/4320/3388 3354/4316/3388 3369/4327/3388
f 3355/4320/3388 3369/4327/3388 3370/4329/3388
f 3348/4293/3389 2980/4330/3389 3363/4331/3389
f 2987/4332/3390 3362/4318/3390 3377/4328/3390
f 3356/4297/3391 3355/4320/3391 3370/4329/3391
f 3356/4297/3391 3370/4329/3391 3371/4333/3391
f 3349/4294/3392 3348/4293/3392 3363/4331/3392
f 3349/4294/3392 3363/4331/3392 3364/4334/3392
f 3357/4298/3393 3356/4297/3393 3371/4333/3393
f 3357/4298/3393 3371/4333/3393 3372/4335/3393
f 3350/4300/3394 3349/4294/3394 3364/4334/3394
f 3350/4300/3394 3364/4334/3394 3365/4336/3394
f 3358/4302/3395 3357/4298/3395 3372/4335/3395
f 3358/4302/3395 3372/4335/3395 3373/4337/3395
f 3351/4304/3396 3350/4300/3396 3365/4336/3396
f 3351/4304/3396 3365/4336/3396 3366/4338/3396
f 3359/4306/3397 3358/4302/3397 3373/4337/3397
f 3359/4306/3397 3373/4337/3397 3374/4339/3397
f 3352/4308/3398 3351/4304/3398 3366/4338/3398
f 3352/4308/3398 3366/4338/3398 3367/4323/3398
f 3360/4310/3399 3359/4306/3399 3374/4339/3399
f 3360/4310/3399 3374/4339/3399 3375/4325/3399
f 3372/4335/3400 3371/4333/3400 3386/4340/3400
f 3372/4335/3400 3386/4340/3400 3387/4341/3400
f 3365/4336/3401 3364/4334/3401 3379/4342/3401
f 3365/4336/3401 3379/4342/3401 3380/4343/3401
f 3373/4337/3402 3372/4335/3402 3387/4341/3402
f 3373/4337/3402 3387/4341/3402 3388/4344/3402
f 3366/4338/3403 3365/4336/3403 3380/4343/3403
f 3366/4338/3403 3380/4343/3403 3381/4345/3403
f 3374/4339/3404 3373/4337/3404 3388/4344/3404
f 3374/4339/3404 3388/4344/3404 3389/4346/3404
f 3367/4323/3405 3366/4338/3405 3381/4345/3405
f 3367/4323/3405 3381/4345/3405 3382/4347/3405
f 3375/4325/3406 3374/4339/3406 3389/4346/3406
f 3375/4325/3406 3389/4346/3406 3390/4348/3406
f 3368/4324/3407 3367/4323/3407 3382/4347/3407
f 3368/4324/3407 3382/4347/3407 3383/4349/3407
f 3376/4326/3408 3375/4325/3408 3390/4348/3408
f 3376/4326/3408 3390/4348/3408 3391/4350/3408
f 3369/4327/3409 3368/4324/3409 3383/4349/3409
f 3369/4327/3409 3383/4349/3409 3384/4351/3409
f 3377/4328/3410 3376/4326/3410 3391/4350/3410
f 3377/4328/3410 3391/4350/3410 3392/4352/3410
f 3370/4329/3411 3369/4327/3411 3384/4351/3411
f 3370/4329/3411 3384/4351/3411 3385/4353/3411
f 3363/4331/3412 2980/4354/3412 3378/4355/3412
f 2987/4356/3413 3377/4328/3413 3392/4352/3413
f 3371/4333/3414 3370/4329/3414 3385/4353/3414
f 3371/4333/3414 3385/4353/3414 3386/4340/3414
f 3364/4334/3415 3363/4331/3415 3378/4355/3415
f 3364/4334/3415 3378/4355/3415 3379/4342/3415
f 3391/4350/3416 3390/4348/3416 3405/4357/3416
f 3391/4350/3416 3405/4357/3416 3406/4358/3416
f 3384/4351/3417 3383/4349/3417 3398/4359/3417
f 3384/4351/3417 3398/4359/3417 3399/4360/3417
f 3392/4352/3418 3391/4350/3418 3406/4358/3418
f 3392/4352/3418 3406/4358/3418 3407/4361/3418
f 3385/4353/3419 3384/4351/3419 3399/4360/3419
f 3385/4353/3419 3399/4360/3419 3400/4362/3419
f 3378/4355/3420 2980/4363/3420 3393/4364/3420
f 2987/4365/3421 3392/4352/3421 3407/4361/3421
f 3386/4340/3422 3385/4353/3422 3400/4362/3422
f 3386/4340/3422 3400/4362/3422 3401/4366/3422
f 3379/4342/3423 3378/4355/3423 3393/4364/3423
f 3379/4342/3423 3393/4364/3423 3394/4367/3423
f 3387/4341/3424 3386/4340/3424 3401/4366/3424
f 3387/4341/3424 3401/4366/3424 3402/4368/3424
f 3380/4343/3425 3379/4342/3425 3394/4367/3425
f 3380/4343/3425 3394/4367/3425 3395/4369/3425
f 3388/4344/3426 3387/4341/3426 3402/4368/3426
f 3388/4344/3426 3402/4368/3426 3403/4370/3426
f 3381/4345/3427 3380/4343/3427 3395/4369/3427
f 3381/4345/3427 3395/4369/3427 3396/4371/3427
f 3389/4346/3428 3388/4344/3428 3403/4370/3428
f 3389/4346/3428 3403/4370/3428 3404/4372/3428
f 3382/4347/3429 3381/4345/3429 3396/4371/3429
f 3382/4347/3429 3396/4371/3429 3397/4373/3429
f 3390/4348/3430 3389/4346/3430 3404/4372/3430
f 3390/4348/3430 3404/4372/3430 3405/4357/3430
f 3383/4349/3431 3382/4347/3431 3397/4373/3431
f 3383/4349/3431 3397/4373/3431 3398/4359/3431
f 3395/4369/3432 3394/4367/3432 3409/4374/3432
f 3395/4369/3432 3409/4374/3432 3410/4375/3432
f 3403/4370/3433 3402/4368/3433 3417/4376/3433
f 3403/4370/3433 3417/4376/3433 3418/4377/3433
f 3396/4371/3434 3395/4369/3434 3410/4375/3434
f 3396/4371/3434 3410/4375/3434 3411/4378/3434
f 3404/4372/3435 3403/4370/3435 3418/4377/3435
f 3404/4372/3435 3418/4377/3435 3419/4379/3435
f 3397/4373/3436 3396/4371/3436 3411/4378/3436
f 3397/4373/3436 3411/4378/3436 3412/4380/3436
f 3405/4357/3437 3404/4372/3437 3419/4379/3437
f 3405/4357/3437 3419/4379/3437 3420/4381/3437
f 3398/4359/3438 3397/4373/3438 3412/4380/3438
f 3398/4359/3438 3412/4380/3438 3413/4382/3438
f 3406/4358/3439 3405/4357/3439 3420/4381/3439
f 3406/4358/3439 3420/4381/3439 3421/4383/3439
f 3399/4360/3440 3398/4359/3440 3413/4382/3440
f 3399/4360/3440 3413/4382/3440 3414/4384/3440
f 3407/4361/3441 3406/4358/3441 3421/4383/3441
f 3407/4361/3441 3421/4383/3441 3422/4385/3441
f 3400/4362/3442 3399/4360/3442 3414/4384/3442
f 3400/4362/3442 3414/4384/3442 3415/4386/3442
f 3393/4364/3443 2980/4387/3443 3408/4388/3443
f 2987/4389/3444 3407/4361/3444 3422/4385/3444
f 3401/4366/3445 3400/4362/3445 3415/4386/3445
f 3401/4366/3445 3415/4386/3445 3416/4390/3445
f 3394/4367/3446 3393/4364/3446 3408/4388/3446
f 3394/4367/3446 3408/4388/3446 3409/4374/3446
f 3402/4368/3447 3401/4366/3447 3416/4390/3447
f 3402/4368/3447 3416/4390/3447 3417/4376/3447
f 3414/4384/3448 3413/4382/3448 3428/4391/3448
f 3414/4384/3448 3428/4391/3448 3429/4392/3448
f 3422/4385/3449 3421/4383/3449 3436/4393/3449
f 3422/4385/3449 3436/4393/3449 3437/4394/3449
f 3415/4386/3450 3414/4384/3450 3429/4392/3450
f 3415/4386/3450 3429/4392/3450 3430/4395/3450
f 3408/4388/3451 2980/4396/3451 3423/4397/3451
f 2987/4398/3452 3422/4385/3452 3437/4394/3452
f 3416/4390/3453 3415/4386/3453 3430/4395/3453
f 3416/4390/3453 3430/4395/3453 3431/4399/3453
f 3409/4374/3454 3408/4388/3454 3423/4397/3454
f 3409/4374/3454 3423/4397/3454 3424/4400/3454
f 3417/4376/3455 3416/4390/3455 3431/4399/3455
f 3417/4376/3455 3431/4399/3455 3432/4401/3455
f 3410/4375/3456 3409/4374/3456 3424/4400/3456
f 3410/4375/3456 3424/4400/3456 3425/4402/3456
f 3418/4377/3457 3417/4376/3457 3432/4401/3457
f 3418/4377/3457 3432/4401/3457 3433/4403/3457
f 3411/4378/3458 3410/4375/3458 3425/4402/3458
f 3411/4378/3458 3425/4402/3458 3426/4404/3458
f 3419/4379/3459 3418/4377/3459 3433/4403/3459
f 3419/4379/3459 3433/4403/3459 3434/4405/3459
f 3412/4380/3460 3411/4378/3460 3426/4404/3460
f 3412/4380/3460 3426/4404/3460 3427/4406/3460
f 3420/4381/3461 3419/4379/3461 3434/4405/3461
f 3420/4381/3461 3434/4405/3461 3435/4407/3461
f 3413/4382/3462 3412/4380/3462 3427/4406/3462
f 3413/4382/3462 3427/4406/3462 3428/4391/3462
f 3421/4383/3463 3420/4381/3463 3435/4407/3463
f 3421/4383/3463 3435/4407/3463 3436/4393/3463
f 3433/4403/3464 3432/4401/3464 3447/4408/3464
f 3433/4403/3464 3447/4408/3464 3448/4409/3464
f 3426/4404/3465 3425/4402/3465 3440/4410/3465
f 3426/4404/3465 3440/4410/3465 3441/4411/3465
f 3434/4405/3466 3433/4403/3466 3448/4409/3466
f 3434/4405/3466 3448/4409/3466 3449/4412/3466
f 3427/4406/3467 3426/4404/3467 3441/4411/3467
f 3427/4406/3467 3441/4411/3467 3442/4413/3467
f 3435/4407/3468 3434/4405/3468 3449/4412/3468
f 3435/4407/3468 3449/4412/3468 3450/4414/3468
f 3428/4391/3469 3427/4406/3469 3442/4413/3469
f 3428/4391/3469 3442/4413/3469 3443/4415/3469
f 3436/4393/3470 3435/4407/3470 3450/4414/3470
f 3436/4393/3470 3450/4414/3470 3451/4416/3470
f 3429/4392/3471 3428/4391/3471 3443/4415/3471
f 3429/4392/3471 3443/4415/3471 3444/4417/3471
f 3437/4394/3472 3436/4393/3472 3451/4416/3472
f 3437/4394/3472 3451/4416/3472 3452/4418/3472
f 3430/4395/3473 3429/4392/3473 3444/4417/3473
f 3430/4395/3473 3444/4417/3473 3445/4419/3473
f 3423/4397/3474 2980/4420/3474 3438/4421/3474
f 2987/4422/3475 3437/4394/3475 3452/4418/3475
f 3431/4399/3476 3430/4395/3476 3445/4419/3476
f 3431/4399/3476 3445/4419/3476 3446/4423/3476
f 3424/4400/3477 3423/4397/3477 3438/4421/3477
f 3424/4400/3477 3438/4421/3477 3439/4424/3477
f 3432/4401/3478 3431/4399/3478 3446/4423/3478
f 3432/4401/3478 3446/4423/3478 3447/4408/3478
f 3425/4402/3479 3424/4400/3479 3439/4424/3479
f 3425/4402/3479 3439/4424/3479 3440/4410/3479
f 3452/4418/3480 3451/4416/3480 3460/3869/3480
f 3452/4418/3480 3460/3869/3480 3461/3868/3480
f 3445/4419/3481 3444/4417/3481 2983/3873/3481
f 3445/4419/3481 2983/3873/3481 2984/3872/3481
f 3438/4421/3482 2980/4425/3482 3453/3876/3482
f 2987/4426/3483 3452/4418/3483 3461/3868/3483
f 3446/4423/3484 3445/4419/3484 2984/3872/3484
f 3446/4423/3484 2984/3872/3484 2985/3880/3484
f 3439/4424/3485 3438/4421/3485 3453/3876/3485
f 3439/4424/3485 3453/3876/3485 3454/3882/3485
f 3447/4408/3486 3446/4423/3486 2985/3880/3486
f 3447/4408/3486 2985/3880/3486 3457/3884/3486
f 3440/4410/3487 3439/4424/3487 3454/3882/3487
f 3440/4410/3487 3454/3882/3487 2981/3886/3487
f 3448/4409/3488 3447/4408/3488 3457/3884/3488
f 3448/4409/3488 3457/3884/3488 2986/3888/3488
f 3441/4411/3489 3440/4410/3489 2981/3886/3489
f 3441/4411/3489 2981/3886/3489 3455/3890/3489
f 3449/4412/3490 3448/4409/3490 2986/3888/3490
f 3449/4412/3490 2986/3888/3490 3458/3892/3490
f 3442/4413/3491 3441/4411/3491 3455/3890/3491
f 3442/4413/3491 3455/3890/3491 2982/3894/3491
f 3450/4414/3492 3449/4412/3492 3458/3892/3492
f 3450/4414/3492 3458/3892/3492 3459/3896/3492
f 3443/4415/3493 3442/4413/3493 2982/3894/3493
f 3443/4415/3493 2982/3894/3493 3456/3898/3493
f 3451/4416/3494 3450/4414/3494 3459/3896/3494
f 3451/4416/3494 3459/3896/3494 3460/3869/3494
f 3444/4417/3495 3443/4415/3495 3456/3898/3495
f 3444/4417/3495 3456/3898/3495 2983/3873/3495
o PlayerPart_23
s 0
f 3943/4427/3496 3942/4428/3496 3483/4429/3496
f 3943/4427/3496 3483/4429/3496 3484/4430/3496
f 3466/4431/3497 3465/4432/3497 3476/4433/3497
f 3466/4431/3497 3476/4433/3497 3477/4434/3497
f 3935/4435/3498 3462/4436/3498 3470/4437/3498
f 3469/4438/3499 3943/4427/3499 3484/4430/3499
f 3467/4439/3500 3466/4431/3500 3477/4434/3500
f 3467/4439/3500 3477/4434/3500 3478/4440/3500
f 3936/4441/3501 3935/4435/3501 3470/4437/3501
f 3936/4441/3501 3470/4437/3501 3471/4442/3501
f 3939/4443/3502 3467/4439/3502 3478/4440/3502
f 3939/4443/3502 3478/4440/3502 3479/4444/3502
f 3463/4445/3503 3936/4441/3503 3471/4442/3503
f 3463/4445/3503 3471/4442/3503 3472/4446/3503
f 3468/4447/3504 3939/4443/3504 3479/4444/3504
f 3468/4447/3504 3479/4444/3504 3480/4448/3504
f 3937/4449/3505 3463/4445/3505 3472/4446/3505
f 3937/4449/3505 3472/4446/3505 3473/4450/3505
f 3940/4451/3506 3468/4447/3506 3480/4448/3506
f 3940/4451/3506 3480/4448/3506 3481/4452/3506
f 3464/4453/3507 3937/4449/3507 3473/4450/3507
f 3464/4453/3507 3473/4450/3507 3474/4454/3507
f 3941/4455/3508 3940/4451/3508 3481/4452/3508
f 3941/4455/3508 3481/4452/3508 3482/4456/3508
f 3938/4457/3509 3464/4453/3509 3474/4454/3509
f 3938/4457/3509 3474/4454/3509 3475/4458/3509
f 3942/4428/3510 3941/4455/3510 3482/4456/3510
f 3942/4428/3510 3482/4456/3510 3483/4429/3510
f 3465/4432/3511 3938/4457/3511 3475/4458/3511
f 3465/4432/3511 3475/4458/3511 3476/4433/3511
f 3475/4458/3512 3474/4454/3512 3489/4459/3512
f 3475/4458/3512 3489/4459/3512 3490/4460/3512
f 3483/4429/3513 3482/4456/3513 3497/4461/3513
f 3483/4429/3513 3497/4461/3513 3498/4462/3513
f 3476/4433/3514 3475/4458/3514 3490/4460/3514
f 3476/4433/3514 3490/4460/3514 3491/4463/3514
f 3484/4430/3515 3483/4429/3515 3498/4462/3515
f 3484/4430/3515 3498/4462/3515 3499/4464/3515
f 3477/4434/3516 3476/4433/3516 3491/4463/3516
f 3477/4434/3516 3491/4463/3516 3492/4465/3516
f 3470/4437/3517 3462/4466/3517 3485/4467/3517
f 3469/4468/3518 3484/4430/3518 3499/4464/3518
f 3478/4440/3519 3477/4434/3519 3492/4465/3519
f 3478/4440/3519 3492/4465/3519 3493/4469/3519
f 3471/4442/3520 3470/4437/3520 3485/4467/3520
f 3471/4442/3520 3485/4467/3520 3486/4470/3520
f 3479/4444/3521 3478/4440/3521 3493/4469/3521
f 3479/4444/3521 3493/4469/3521 3494/4471/3521
f 3472/4446/3522 3471/4442/3522 3486/4470/3522
f 3472/4446/3522 3486/4470/3522 3487/4472/3522
f 3480/4448/3523 3479/4444/3523 3494/4471/3523
f 3480/4448/3523 3494/4471/3523 3495/4473/3523
f 3473/4450/3524 3472/4446/3524 3487/4472/3524
f 3473/4450/3524 3487/4472/3524 3488/4474/3524
f 3481/4452/3525 3480/4448/3525 3495/4473/3525
f 3481/4452/3525 3495/4473/3525 3496/4475/3525
f 3474/4454/3526 3473/4450/3526 3488/4474/3526
f 3474/4454/3526 3488/4474/3526 3489/4459/3526
f 3482/4456/3527 3481/4452/3527 3496/4475/3527
f 3482/4456/3527 3496/4475/3527 3497/4461/3527
f 3494/4471/3528 3493/4469/3528 3508/4476/3528
f 3494/4471/3528 3508/4476/3528 3509/4477/3528
f 3487/4472/3529 3486/4470/3529 3501/4478/3529
f 3487/4472/3529 3501/4478/3529 3502/4479/3529
f 3495/4473/3530 3494/4471/3530 3509/4477/3530
f 3495/4473/3530 3509/4477/3530 3510/4480/3530
f 3488/4474/3531 3487/4472/3531 3502/4479/3531
f 3488/4474/3531 3502/4479/3531 3503/4481/3531
f 3496/4475/3532 3495/4473/3532 3510/4480/3532
f 3496/4475/3532 3510/4480/3532 3511/4482/3532
f 3489/4459/3533 3488/4474/3533 3503/4481/3533
f 3489/4459/3533 3503/4481/3533 3504/4483/3533
f 3497/4461/3534 3496/4475/3534 3511/4482/3534
f 3497/4461/3534 3511/4482/3534 3512/4484/3534
f 3490/4460/3535 3489/4459/3535 3504/4483/3535
f 3490/4460/3535 3504/4483/3535 3505/4485/3535
f 3498/4462/3536 3497/4461/3536 3512/4484/3536
f 3498/4462/3536 3512/4484/3536 3513/4486/3536
f 3491/4463/3537 3490/4460/3537 3505/4485/3537
f 3491/4463/3537 3505/4485/3537 3506/4487/3537
f 3499/4464/3538 3498/4462/3538 3513/4486/3538
f 3499/4464/3538 3513/4486/3538 3514/4488/3538
f 3492/4465/3539 3491/4463/3539 3506/4487/3539
f 3492/4465/3539 3506/4487/3539 3507/4489/3539
f 3485/4467/3540 3462/4490/3540 3500/4491/3540
f 3469/4492/3541 3499/4464/3541 3514/4488/3541
f 3493/4469/3542 3492/4465/3542 3507/4489/3542
f 3493/4469/3542 3507/4489/3542 3508/4476/3542
f 3486/4470/3543 3485/4467/3543 3500/4491/3543
f 3486/4470/3543 3500/4491/3543 3501/4478/3543
f 3513/4486/3544 3512/4484/3544 3527/4493/3544
f 3513/4486/3544 3527/4493/3544 3528/4494/3544
f 3506/4487/3545 3505/4485/3545 3520/4495/3545
f 3506/4487/3545 3520/4495/3545 3521/4496/3545
f 3514/4488/3546 3513/4486/3546 3528/4494/3546
f 3514/4488/3546 3528/4494/3546 3529/4497/3546
f 3507/4489/3547 3506/4487/3547 3521/4496/3547
f 3507/4489/3547 3521/4496/3547 3522/4498/3547
f 3500/4491/3548 3462/4499/3548 3515/4500/3548
f 3469/4501/3549 3514/4488/3549 3529/4497/3549
f 3508/4476/3550 3507/4489/3550 3522/4498/3550
f 3508/4476/3550 3522/4498/3550 3523/4502/3550
f 3501/4478/3551 3500/4491/3551 3515/4500/3551
f 3501/4478/3551 3515/4500/3551 3516/4503/3551
f 3509/4477/3552 3508/4476/3552 3523/4502/3552
f 3509/4477/3552 3523/4502/3552 3524/4504/3552
f 3502/4479/3553 3501/4478/3553 3516/4503/3553
f 3502/4479/3553 3516/4503/3553 3517/4505/3553
f 3510/4480/3554 3509/4477/3554 3524/4504/3554
f 3510/4480/3554 3524/4504/3554 3525/4506/3554
f 3503/4481/3555 3502/4479/3555 3517/4505/3555
f 3503/4481/3555 3517/4505/3555 3518/4507/3555
f 3511/4482/3556 3510/4480/3556 3525/4506/3556
f 3511/4482/3556 3525/4506/3556 3526/4508/3556
f 3504/4483/3557 3503/4481/3557 3518/4507/3557
f 3504/4483/3557 3518/4507/3557 3519/4509/3557
f 3512/4484/3558 3511/4482/3558 3526/4508/3558
f 3512/4484/3558 3526/4508/3558 3527/4493/3558
f 3505/4485/3559 3504/4483/3559 3519/4509/3559
f 3505/4485/3559 3519/4509/3559 3520/4495/3559
f 3525/4506/3560 3524/4504/3560 3539/4510/3560
f 3525/4506/3560 3539/4510/3560 3540/4511/3560
f 3518/4507/3561 3517/4505/3561 3532/4512/3561
f 3518/4507/3561 3532/4512/3561 3533/4513/3561
f 3526/4508/3562 3525/4506/3562 3540/4511/3562
f 3526/4508/3562 3540/4511/3562 3541/4514/3562
f 3519/4509/3563 3518/4507/3563 3533/4513/3563
f 3519/4509/3563 3533/4513/3563 3534/4515/3563
f 3527/4493/3564 3526/4508/3564 3541/4514/3564
f 3527/4493/3564 3541/4514/3564 3542/4516/3564
f 3520/4495/3565 3519/4509/3565 3534/4515/3565
f 3520/4495/3565 3534/4515/3565 3535/4517/3565
f 3528/4494/3566 3527/4493/3566 3542/4516/3566
f 3528/4494/3566 3542/4516/3566 3543/4518/3566
f 3521/4496/3567 3520/4495/3567 3535/4517/3567
f 3521/4496/3567 3535/4517/3567 3536/4519/3567
f 3529/4497/3568 3528/4494/3568 3543/4518/3568
f 3529/4497/3568 3543/4518/3568 3544/4520/3568
f 3522/4498/3569 3521/4496/3569 3536/4519/3569
f 3522/4498/3569 3536/4519/3569 3537/4521/3569
f 3515/4500/3570 3462/4522/3570 3530/4523/3570
f 3469/4524/3571 3529/4497/3571 3544/4520/3571
f 3523/4502/3572 3522/4498/3572 3537/4521/3572
f 3523/4502/3572 3537/4521/3572 3538/4525/3572
f 3516/4503/3573 3515/4500/3573 3530/4523/3573
f 3516/4503/3573 3530/4523/3573 3531/4526/3573
f 3524/4504/3574 3523/4502/3574 3538/4525/3574
f 3524/4504/3574 3538/4525/3574 3539/4510/3574
f 3517/4505/3575 3516/4503/3575 3531/4526/3575
f 3517/4505/3575 3531/4526/3575 3532/4512/3575
f 3544/4520/3576 3543/4518/3576 3558/4527/3576
f 3544/4520/3576 3558/4527/3576 3559/4528/3576
f 3537/4521/3577 3536/4519/3577 3551/4529/3577
f 3537/4521/3577 3551/4529/3577 3552/4530/3577
f 3530/4523/3578 3462/4531/3578 3545/4532/3578
f 3469/4533/3579 3544/4520/3579 3559/4528/3579
f 3538/4525/3580 3537/4521/3580 3552/4530/3580
f 3538/4525/3580 3552/4530/3580 3553/4534/3580
f 3531/4526/3581 3530/4523/3581 3545/4532/3581
f 3531/4526/3581 3545/4532/3581 3546/4535/3581
f 3539/4510/3582 3538/4525/3582 3553/4534/3582
f 3539/4510/3582 3553/4534/3582 3554/4536/3582
f 3532/4512/3583 3531/4526/3583 3546/4535/3583
f 3532/4512/3583 3546/4535/3583 3547/4537/3583
f 3540/4511/3584 3539/4510/3584 3554/4536/3584
f 3540/4511/3584 3554/4536/3584 3555/4538/3584
f 3533/4513/3585 3532/4512/3585 3547/4537/3585
f 3533/4513/3585 3547/4537/3585 3548/4539/3585
f 3541/4514/3586 3540/4511/3586 3555/4538/3586
f 3541/4514/3586 3555/4538/3586 3556/4540/3586
f 3534/4515/3587 3533/4513/3587 3548/4539/3587
f 3534/4515/3587 3548/4539/3587 3549/4541/3587
f 3542/4516/3588 3541/4514/3588 3556/4540/3588
f 3542/4516/3588 3556/4540/3588 3557/4542/3588
f 3535/4517/3589 3534/4515/3589 3549/4541/3589
f 3535/4517/3589 3549/4541/3589 3550/4543/3589
f 3543/4518/3590 3542/4516/3590 3557/4542/3590
f 3543/4518/3590 3557/4542/3590 3558/4527/3590
f 3536/4519/3591 3535/4517/3591 3550/4543/3591
f 3536/4519/3591 3550/4543/3591 3551/4529/3591
f 3548/4539/3592 3547/4537/3592 3562/4544/3592
f 3548/4539/3592 3562/4544/3592 3563/4545/3592
f 3556/4540/3593 3555/4538/3593 3570/4546/3593
f 3556/4540/3593 3570/4546/3593 3571/4547/3593
f 3549/4541/3594 3548/4539/3594 3563/4545/3594
f 3549/4541/3594 3563/4545/3594 3564/4548/3594
f 3557/4542/3595 3556/4540/3595 3571/4547/3595
f 3557/4542/3595 3571/4547/3595 3572/4549/3595
f 3550/4543/3596 3549/4541/3596 3564/4548/3596
f 3550/4543/3596 3564/4548/3596 3565/4550/3596
f 3558/4527/3597 3557/4542/3597 3572/4549/3597
f 3558/4527/3597 3572/4549/3597 3573/4551/3597
f 3551/4529/3598 3550/4543/3598 3565/4550/3598
f 3551/4529/3598 3565/4550/3598 3566/4552/3598
f 3559/4528/3599 3558/4527/3599 3573/4551/3599
f 3559/4528/3599 3573/4551/3599 3574/4553/3599
f 3552/4530/3600 3551/4529/3600 3566/4552/3600
f 3552/4530/3600 3566/4552/3600 3567/4554/3600
f 3545/4532/3601 3462/4555/3601 3560/4556/3601
f 3469/4557/3602 3559/4528/3602 3574/4553/3602
f 3553/4534/3603 3552/4530/3603 3567/4554/3603
f 3553/4534/3603 3567/4554/3603 3568/4558/3603
f 3546/4535/3604 3545/4532/3604 3560/4556/3604
f 3546/4535/3604 3560/4556/3604 3561/4559/3604
f 3554/4536/3605 3553/4534/3605 3568/4558/3605
f 3554/4536/3605 3568/4558/3605 3569/4560/3605
f 3547/4537/3606 3546/4535/3606 3561/4559/3606
f 3547/4537/3606 3561/4559/3606 3562/4544/3606
f 3555/4538/3607 3554/4536/3607 3569/4560/3607
f 3555/4538/3607 3569/4560/3607 3570/4546/3607
f 3567/4554/3608 3566/4552/3608 3581/4561/3608
f 3567/4554/3608 3581/4561/3608 3582/4562/3608
f 3560/4556/3609 3462/4563/3609 3575/4564/3609
f 3469/4565/3610 3574/4553/3610 3589/4566/3610
f 3568/4558/3611 3567/4554/3611 3582/4562/3611
f 3568/4558/3611 3582/4562/3611 3583/4567/3611
f 3561/4559/3612 3560/4556/3612 3575/4564/3612
f 3561/4559/3612 3575/4564/3612 3576/4568/3612
f 3569/4560/3613 3568/4558/3613 3583/4567/3613
f 3569/4560/3613 3583/4567/3613 3584/4569/3613
f 3562/4544/3614 3561/4559/3614 3576/4568/3614
f 3562/4544/3614 3576/4568/3614 3577/4570/3614
f 3570/4546/3615 3569/4560/3615 3584/4569/3615
f 3570/4546/3615 3584/4569/3615 3585/4571/3615
f 3563/4545/3616 3562/4544/3616 3577/4570/3616
f 3563/4545/3616 3577/4570/3616 3578/4572/3616
f 3571/4547/3617 3570/4546/3617 3585/4571/3617
f 3571/4547/3617 3585/4571/3617 3586/4573/3617
f 3564/4548/3618 3563/4545/3618 3578/4572/3618
f 3564/4548/3618 3578/4572/3618 3579/4574/3618
f 3572/4549/3619 3571/4547/3619 3586/4573/3619
f 3572/4549/3619 3586/4573/3619 3587/4575/3619
f 3565/4550/3620 3564/4548/3620 3579/4574/3620
f 3565/4550/3620 3579/4574/3620 3580/4576/3620
f 3573/4551/3621 3572/4549/3621 3587/4575/3621
f 3573/4551/3621 3587/4575/3621 3588/4577/3621
f 3566/4552/3622 3565/4550/3622 3580/4576/3622
f 3566/4552/3622 3580/4576/3622 3581/4561/3622
f 3574/4553/3623 3573/4551/3623 3588/4577/3623
f 3574/4553/3623 3588/4577/3623 3589/4566/3623
f 3586/4573/3624 3585/4571/3624 3600/4578/3624
f 3586/4573/3624 3600/4578/3624 3601/4579/3624
f 3579/4574/3625 3578/4572/3625 3593/4580/3625
f 3579/4574/3625 3593/4580/3625 3594/4581/3625
f 3587/4575/3626 3586/4573/3626 3601/4579/3626
f 3587/4575/3626 3601/4579/3626 3602/4582/3626
f 3580/4576/3627 3579/4574/3627 3594/4581/3627
f 3580/4576/3627 3594/4581/3627 3595/4583/3627
f 3588/4577/3628 3587/4575/3628 3602/4582/3628
f 3588/4577/3628 3602/4582/3628 3603/4584/3628
f 3581/4561/3629 3580/4576/3629 3595/4583/3629
f 3581/4561/3629 3595/4583/3629 3596/4585/3629
f 3589/4566/3630 3588/4577/3630 3603/4584/3630
f 3589/4566/3630 3603/4584/3630 3604/4586/3630
f 3582/4562/3631 3581/4561/3631 3596/4585/3631
f 3582/4562/3631 3596/4585/3631 3597/4587/3631
f 3575/4564/3632 3462/4588/3632 3590/4589/3632
f 3469/4590/3633 3589/4566/3633 3604/4586/3633
f 3583/4567/3634 3582/4562/3634 3597/4587/3634
f 3583/4567/3634 3597/4587/3634 3598/4591/3634
f 3576/4568/3635 3575/4564/3635 3590/4589/3635
f 3576/4568/3635 3590/4589/3635 3591/4592/3635
f 3584/4569/3636 3583/4567/3636 3598/4591/3636
f 3584/4569/3636 3598/4591/3636 3599/4593/3636
f 3577/4570/3637 3576/4568/3637 3591/4592/3637
f 3577/4570/3637 3591/4592/3637 3592/4594/3637
f 3585/4571/3638 3584/4569/3638 3599/4593/3638
f 3585/4571/3638 3599/4593/3638 3600/4578/3638
f 3578/4572/3639 3577/4570/3639 3592/4594/3639
f 3578/4572/3639 3592/4594/3639 3593/4580/3639
f 3590/4589/3640 3462/4595/3640 3605/4596/3640
f 3469/4597/3641 3604/4586/3641 3619/4598/3641
f 3598/4591/3642 3597/4587/3642 3612/4599/3642
f 3598/4591/3642 3612/4599/3642 3613/4600/3642
f 3591/4592/3643 3590/4589/3643 3605/4596/3643
f 3591/4592/3643 3605/4596/3643 3606/4601/3643
f 3599/4593/3644 3598/4591/3644 3613/4600/3644
f 3599/4593/3644 3613/4600/3644 3614/4602/3644
f 3592/4594/3645 3591/4592/3645 3606/4601/3645
f 3592/4594/3645 3606/4601/3645 3607/4603/3645
f 3600/4578/3646 3599/4593/3646 3614/4602/3646
f 3600/4578/3646 3614/4602/3646 3615/4604/3646
f 3593/4580/3647 3592/4594/3647 3607/4603/3647
f 3593/4580/3647 3607/4603/3647 3608/4605/3647
f 3601/4579/3648 3600/4578/3648 3615/4604/3648
f 3601/4579/3648 3615/4604/3648 3616/4606/3648
f 3594/4581/3649 3593/4580/3649 3608/4605/3649
f 3594/4581/3649 3608/4605/3649 3609/4607/3649
f 3602/4582/3650 3601/4579/3650 3616/4606/3650
f 3602/4582/3650 3616/4606/3650 3617/4608/3650
f 3595/4583/3651 3594/4581/3651 3609/4607/3651
f 3595/4583/3651 3609/4607/3651 3610/4609/3651
f 3603/4584/3652 3602/4582/3652 3617/4608/3652
f 3603/4584/3652 3617/4608/3652 3618/4610/3652
f 3596/4585/3653 3595/4583/3653 3610/4609/3653
f 3596/4585/3653 3610/4609/3653 3611/4611/3653
f 3604/4586/3654 3603/4584/3654 3618/4610/3654
f 3604/4586/3654 3618/4610/3654 3619/4598/3654
f 3597/4587/3655 3596/4585/3655 3611/4611/3655
f 3597/4587/3655 3611/4611/3655 3612/4599/3655
f 3609/4607/3656 3608/4605/3656 3623/4612/3656
f 3609/4607/3656 3623/4612/3656 3624/4613/3656
f 3617/4608/3657 3616/4606/3657 3631/4614/3657
f 3617/4608/3657 3631/4614/3657 3632/4615/3657
f 3610/4609/3658 3609/4607/3658 3624/4613/3658
f 3610/4609/3658 3624/4613/3658 3625/4616/3658
f 3618/4610/3659 3617/4608/3659 3632/4615/3659
f 3618/4610/3659 3632/4615/3659 3633/4617/3659
f 3611/4611/3660 3610/4609/3660 3625/4616/3660
f 3611/4611/3660 3625/4616/3660 3626/4618/3660
f 3619/4598/3661 3618/4610/3661 3633/4617/3661
f 3619/4598/3661 3633/4617/3661 3634/4619/3661
f 3612/4599/3662 3611/4611/3662 3626/4618/3662
f 3612/4599/3662 3626/4618/3662 3627/4620/3662
f 3605/4596/3663 3462/4621/3663 3620/4622/3663
f 3469/4623/3664 3619/4598/3664 3634/4619/3664
f 3613/4600/3665 3612/4599/3665 3627/4620/3665
f 3613/4600/3665 3627/4620/3665 3628/4624/3665
f 3606/4601/3666 3605/4596/3666 3620/4622/3666
f 3606/4601/3666 3620/4622/3666 3621/4625/3666
f 3614/4602/3667 3613/4600/3667 3628/4624/3667
f 3614/4602/3667 3628/4624/3667 3629/4626/3667
f 3607/4603/3668 3606/4601/3668 3621/4625/3668
f 3607/4603/3668 3621/4625/3668 3622/4627/3668
f 3615/4604/3669 3614/4602/3669 3629/4626/3669
f 3615/4604/3669 3629/4626/3669 3630/4628/3669
f 3608/4605/3670 3607/4603/3670 3622/4627/3670
f 3608/4605/3670 3622/4627/3670 3623/4612/3670
f 3616/4606/3671 3615/4604/3671 3630/4628/3671
f 3616/4606/3671 3630/4628/3671 3631/4614/3671
f 3628/4624/3672 3627/4620/3672 3642/4629/3672
f 3628/4624/3672 3642/4629/3672 3643/4630/3672
f 3621/4625/3673 3620/4622/3673 3635/4631/3673
f 3621/4625/3673 3635/4631/3673 3636/4632/3673
f 3629/4626/3674 3628/4624/3674 3643/4630/3674
f 3629/4626/3674 3643/4630/3674 3644/4633/3674
f 3622/4627/3675 3621/4625/3675 3636/4632/3675
f 3622/4627/3675 3636/4632/3675 3637/4634/3675
f 3630/4628/3676 3629/4626/3676 3644/4633/3676
f 3630/4628/3676 3644/4633/3676 3645/4635/3676
f 3623/4612/3677 3622/4627/3677 3637/4634/3677
f 3623/4612/3677 3637/4634/3677 3638/4636/3677
f 3631/4614/3678 3630/4628/3678 3645/4635/3678
f 3631/4614/3678 3645/4635/3678 3646/4637/3678
f 3624/4613/3679 3623/4612/3679 3638/4636/3679
f 3624/4613/3679 3638/4636/3679 3639/4638/3679
f 3632/4615/3680 3631/4614/3680 3646/4637/3680
f 3632/4615/3680 3646/4637/3680 3647/4639/3680
f 3625/4616/3681 3624/4613/3681 3639/4638/3681
f 3625/4616/3681 3639/4638/3681 3640/4640/3681
f 3633/4617/3682 3632/4615/3682 3647/4639/3682
f 3633/4617/3682 3647/4639/3682 3648/4641/3682
f 3626/4618/3683 3625/4616/3683 3640/4640/3683
f 3626/4618/3683 3640/4640/3683 3641/4642/3683
f 3634/4619/3684 3633/4617/3684 3648/4641/3684
f 3634/4619/3684 3648/4641/3684 3649/4643/3684
f 3627/4620/3685 3626/4618/3685 3641/4642/3685
f 3627/4620/3685 3641/4642/3685 3642/4629/3685
f 3620/4622/3686 3462/4644/3686 3635/4631/3686
f 3469/4645/3687 3634/4619/3687 3649/4643/3687
f 3647/4639/3688 3646/4637/3688 3661/4646/3688
f 3647/4639/3688 3661/4646/3688 3662/4647/3688
f 3640/4640/3689 3639/4638/3689 3654/4648/3689
f 3640/4640/3689 3654/4648/3689 3655/4649/3689
f 3648/4641/3690 3647/4639/3690 3662/4647/3690
f 3648/4641/3690 3662/4647/3690 3663/4650/3690
f 3641/4642/3691 3640/4640/3691 3655/4649/3691
f 3641/4642/3691 3655/4649/3691 3656/4651/3691
f 3649/4643/3692 3648/4641/3692 3663/4650/3692
f 3649/4643/3692 3663/4650/3692 3664/4652/3692
f 3642/4629/3693 3641/4642/3693 3656/4651/3693
f 3642/4629/3693 3656/4651/3693 3657/4653/3693
f 3635/4631/3694 3462/4654/3694 3650/4655/3694
f 3469/4656/3695 3649/4643/3695 3664/4652/3695
f 3643/4630/3696 3642/4629/3696 3657/4653/3696
f 3643/4630/3696 3657/4653/3696 3658/4657/3696
f 3636/4632/3697 3635/4631/3697 3650/4655/3697
f 3636/4632/3697 3650/4655/3697 3651/4658/3697
f 3644/4633/3698 3643/4630/3698 3658/4657/3698
f 3644/4633/3698 3658/4657/3698 3659/4659/3698
f 3637/4634/3699 3636/4632/3699 3651/4658/3699
f 3637/4634/3699 3651/4658/3699 3652/4660/3699
f 3645/4635/3700 3644/4633/3700 3659/4659/3700
f 3645/4635/3700 3659/4659/3700 3660/4661/3700
f 3638/4636/3701 3637/4634/3701 3652/4660/3701
f 3638/4636/3701 3652/4660/3701 3653/4662/3701
f 3646/4637/3702 3645/4635/3702 3660/4661/3702
f 3646/4637/3702 3660/4661/3702 3661/4646/3702
f 3639/4638/3703 3638/4636/3703 3653/4662/3703
f 3639/4638/3703 3653/4662/3703 3654/4648/3703
f 3659/4659/3704 3658/4657/3704 3673/4663/3704
f 3659/4659/3704 3673/4663/3704 3674/4664/3704
f 3652/4660/3705 3651/4658/3705 3666/4665/3705
f 3652/4660/3705 3666/4665/3705 3667/4666/3705
f 3660/4661/3706 3659/4659/3706 3674/4664/3706
f 3660/4661/3706 3674/4664/3706 3675/4667/3706
f 3653/4662/3707 3652/4660/3707 3667/4666/3707
f 3653/4662/3707 3667/4666/3707 3668/4668/3707
f 3661/4646/3708 3660/4661/3708 3675/4667/3708
f 3661/4646/3708 3675/4667/3708 3676/4669/3708
f 3654/4648/3709 3653/4662/3709 3668/4668/3709
f 3654/4648/3709 3668/4668/3709 3669/4670/3709
f 3662/4647/3710 3661/4646/3710 3676/4669/3710
f 3662/4647/3710 3676/4669/3710 3677/4671/3710
f 3655/4649/3711 3654/4648/3711 3669/4670/3711
f 3655/4649/3711 3669/4670/3711 3670/4672/3711
f 3663/4650/3712 3662/4647/3712 3677/4671/3712
f 3663/4650/3712 3677/4671/3712 3678/4673/3712
f 3656/4651/3713 3655/4649/3713 3670/4672/3713
f 3656/4651/3713 3670/4672/3713 3671/4674/3713
f 3664/4652/3714 3663/4650/3714 3678/4673/3714
f 3664/4652/3714 3678/4673/3714 3679/4675/3714
f 3657/4653/3715 3656/4651/3715 3671/4674/3715
f 3657/4653/3715 3671/4674/3715 3672/4676/3715
f 3650/4655/3716 3462/4677/3716 3665/4678/3716
f 3469/4679/3717 3664/4652/3717 3679/4675/3717
f 3658/4657/3718 3657/4653/3718 3672/4676/3718
f 3658/4657/3718 3672/4676/3718 3673/4663/3718
f 3651/4658/3719 3650/4655/3719 3665/4678/3719
f 3651/4658/3719 3665/4678/3719 3666/4665/3719
f 3678/4673/3720 3677/4671/3720 3692/4680/3720
f 3678/4673/3720 3692/4680/3720 3693/4681/3720
f 3671/4674/3721 3670/4672/3721 3685/4682/3721
f 3671/4674/3721 3685/4682/3721 3686/4683/3721
f 3679/4675/3722 3678/4673/3722 3693/4681/3722
f 3679/4675/3722 3693/4681/3722 3694/4684/3722
f 3672/4676/3723 3671/4674/3723 3686/4683/3723
f 3672/4676/3723 3686/4683/3723 3687/4685/3723
f 3665/4678/3724 3462/4686/3724 3680/4687/3724
f 3469/4688/3725 3679/4675/3725 3694/4684/3725
f 3673/4663/3726 3672/4676/3726 3687/4685/3726
f 3673/4663/3726 3687/4685/3726 3688/4689/3726
f 3666/4665/3727 3665/4678/3727 3680/4687/3727
f 3666/4665/3727 3680/4687/3727 3681/4690/3727
f 3674/4664/3728 3673/4663/3728 3688/4689/3728
f 3674/4664/3728 3688/4689/3728 3689/4691/3728
f 3667/4666/3729 3666/4665/3729 3681/4690/3729
f 3667/4666/3729 3681/4690/3729 3682/4692/3729
f 3675/4667/3730 3674/4664/3730 3689/4691/3730
f 3675/4667/3730 3689/4691/3730 3690/4693/3730
f 3668/4668/3731 3667/4666/3731 3682/4692/3731
f 3668/4668/3731 3682/4692/3731 3683/4694/3731
f 3676/4669/3732 3675/4667/3732 3690/4693/3732
f 3676/4669/3732 3690/4693/3732 3691/4695/3732
f 3669/4670/3733 3668/4668/3733 3683/4694/3733
f 3669/4670/3733 3683/4694/3733 3684/4696/3733
f 3677/4671/3734 3676/4669/3734 3691/4695/3734
f 3677/4671/3734 3691/4695/3734 3692/4680/3734
f 3670/4672/3735 3669/4670/3735 3684/4696/3735
f 3670/4672/3735 3684/4696/3735 3685/4682/3735
f 3682/4692/3736 3681/4690/3736 3696/4697/3736
f 3682/4692/3736 3696/4697/3736 3697/4698/3736
f 3690/4693/3737 3689/4691/3737 3704/4699/3737
f 3690/4693/3737 3704/4699/3737 3705/4700/3737
f 3683/4694/3738 3682/4692/3738 3697/4698/3738
f 3683/4694/3738 3697/4698/3738 3698/4701/3738
f 3691/4695/3739 3690/4693/3739 3705/4700/3739
f 3691/4695/3739 3705/4700/3739 3706/4702/3739
f 3684/4696/3740 3683/4694/3740 3698/4701/3740
f 3684/4696/3740 3698/4701/3740 3699/4703/3740
f 3692/4680/3741 3691/4695/3741 3706/4702/3741
f 3692/4680/3741 3706/4702/3741 3707/4704/3741
f 3685/4682/3742 3684/4696/3742 3699/4703/3742
f 3685/4682/3742 3699/4703/3742 3700/4705/3742
f 3693/4681/3743 3692/4680/3743 3707/4704/3743
f 3693/4681/3743 3707/4704/3743 3708/4706/3743
f 3686/4683/3744 3685/4682/3744 3700/4705/3744
f 3686/4683/3744 3700/4705/3744 3701/4707/3744
f 3694/4684/3745 3693/4681/3745 3708/4706/3745
f 3694/4684/3745 3708/4706/3745 3709/4708/3745
f 3687/4685/3746 3686/4683/3746 3701/4707/3746
f 3687/4685/3746 3701/4707/3746 3702/4709/3746
f 3680/4687/3747 3462/4710/3747 3695/4711/3747
f 3469/4712/3748 3694/4684/3748 3709/4708/3748
f 3688/4689/3749 3687/4685/3749 3702/4709/3749
f 3688/4689/3749 3702/4709/3749 3703/4713/3749
f 3681/4690/3750 3680/4687/3750 3695/4711/3750
f 3681/4690/3750 3695/4711/3750 3696/4697/3750
f 3689/4691/3751 3688/4689/3751 3703/4713/3751
f 3689/4691/3751 3703/4713/3751 3704/4699/3751
f 3701/4707/3752 3700/4705/3752 3715/4714/3752
f 3701/4707/3752 3715/4714/3752 3716/4715/3752
f 3709/4708/3753 3708/4706/3753 3723/4716/3753
f 3709/4708/3753 3723/4716/3753 3724/4717/3753
f 3702/4709/3754 3701/4707/3754 3716/4715/3754
f 3702/4709/3754 3716/4715/3754 3717/4718/3754
f 3695/4711/3755 3462/4719/3755 3710/4720/3755
f 3469/4721/3756 3709/4708/3756 3724/4717/3756
f 3703/4713/3757 3702/4709/3757 3717/4718/3757
f 3703/4713/3757 3717/4718/3757 3718/4722/3757
f 3696/4697/3758 3695/4711/3758 3710/4720/3758
f 3696/4697/3758 3710/4720/3758 3711/4723/3758
f 3704/4699/3759 3703/4713/3759 3718/4722/3759
f 3704/4699/3759 3718/4722/3759 3719/4724/3759
f 3697/4698/3760 3696/4697/3760 3711/4723/3760
f 3697/4698/3760 3711/4723/3760 3712/4725/3760
f 3705/4700/3761 3704/4699/3761 3719/4724/3761
f 3705/4700/3761 3719/4724/3761 3720/4726/3761
f 3698/4701/3762 3697/4698/3762 3712/4725/3762
f 3698/4701/3762 3712/4725/3762 3713/4727/3762
f 3706/4702/3763 3705/4700/3763 3720/4726/3763
f 3706/4702/3763 3720/4726/3763 3721/4728/3763
f 3699/4703/3764 3698/4701/3764 3713/4727/3764
f 3699/4703/3764 3713/4727/3764 3714/4729/3764
f 3707/4704/3765 3706/4702/3765 3721/4728/3765
f 3707/4704/3765 3721/4728/3765 3722/4730/3765
f 3700/4705/3766 3699/4703/3766 3714/4729/3766
f 3700/4705/3766 3714/4729/3766 3715/4714/3766
f 3708/4706/3767 3707/4704/3767 3722/4730/3767
f 3708/4706/3767 3722/4730/3767 3723/4716/3767
f 3720/4726/3768 3719/4724/3768 3734/4731/3768
f 3720/4726/3768 3734/4731/3768 3735/4732/3768
f 3713/4727/3769 3712/4725/3769 3727/4733/3769
f 3713/4727/3769 3727/4733/3769 3728/4734/3769
f 3721/4728/3770 3720/4726/3770 3735/4732/3770
f 3721/4728/3770 3735/4732/3770 3736/4735/3770
f 3714/4729/3771 3713/4727/3771 3728/4734/3771
f 3714/4729/3771 3728/4734/3771 3729/4736/3771
f 3722/4730/3772 3721/4728/3772 3736/4735/3772
f 3722/4730/3772 3736/4735/3772 3737/4737/3772
f 3715/4714/3773 3714/4729/3773 3729/4736/3773
f 3715/4714/3773 3729/4736/3773 3730/4738/3773
f 3723/4716/3774 3722/4730/3774 3737/4737/3774
f 3723/4716/3774 3737/4737/3774 3738/4739/3774
f 3716/4715/3775 3715/4714/3775 3730/4738/3775
f 3716/4715/3775 3730/4738/3775 3731/4740/3775
f 3724/4717/3776 3723/4716/3776 3738/4739/3776
f 3724/4717/3776 3738/4739/3776 3739/4741/3776
f 3717/4718/3777 3716/4715/3777 3731/4740/3777
f 3717/4718/3777 3731/4740/3777 3732/4742/3777
f 3710/4720/3778 3462/4743/3778 3725/4744/3778
f 3469/4745/3779 3724/4717/3779 3739/4741/3779
f 3718/4722/3780 3717/4718/3780 3732/4742/3780
f 3718/4722/3780 3732/4742/3780 3733/4746/3780
f 3711/4723/3781 3710/4720/3781 3725/4744/3781
f 3711/4723/3781 3725/4744/3781 3726/4747/3781
f 3719/4724/3782 3718/4722/3782 3733/4746/3782
f 3719/4724/3782 3733/4746/3782 3734/4731/3782
f 3712/4725/3783 3711/4723/3783 3726/4747/3783
f 3712/4725/3783 3726/4747/3783 3727/4733/3783
f 3739/4741/3784 3738/4739/3784 3753/4748/3784
f 3739/4741/3784 3753/4748/3784 3754/4749/3784
f 3732/4742/3785 3731/4740/3785 3746/4750/3785
f 3732/4742/3785 3746/4750/3785 3747/4751/3785
f 3725/4744/3786 3462/4752/3786 3740/4753/3786
f 3469/4754/3787 3739/4741/3787 3754/4749/3787
f 3733/4746/3788 3732/4742/3788 3747/4751/3788
f 3733/4746/3788 3747/4751/3788 3748/4755/3788
f 3726/4747/3789 3725/4744/3789 3740/4753/3789
f 3726/4747/3789 3740/4753/3789 3741/4756/3789
f 3734/4731/3790 3733/4746/3790 3748/4755/3790
f 3734/4731/3790 3748/4755/3790 3749/4757/3790
f 3727/4733/3791 3726/4747/3791 3741/4756/3791
f 3727/4733/3791 3741/4756/3791 3742/4758/3791
f 3735/4732/3792 3734/4731/3792 3749/4757/3792
f 3735/4732/3792 3749/4757/3792 3750/4759/3792
f 3728/4734/3793 3727/4733/3793 3742/4758/3793
f 3728/4734/3793 3742/4758/3793 3743/4760/3793
f 3736/4735/3794 3735/4732/3794 3750/4759/3794
f 3736/4735/3794 3750/4759/3794 3751/4761/3794
f 3729/4736/3795 3728/4734/3795 3743/4760/3795
f 3729/4736/3795 3743/4760/3795 3744/4762/3795
f 3737/4737/3796 3736/4735/3796 3751/4761/3796
f 3737/4737/3796 3751/4761/3796 3752/4763/3796
f 3730/4738/3797 3729/4736/3797 3744/4762/3797
f 3730/4738/3797 3744/4762/3797 3745/4764/3797
f 3738/4739/3798 3737/4737/3798 3752/4763/3798
f 3738/4739/3798 3752/4763/3798 3753/4748/3798
f 3731/4740/3799 3730/4738/3799 3745/4764/3799
f 3731/4740/3799 3745/4764/3799 3746/4750/3799
f 3743/4760/3800 3742/4758/3800 3757/4765/3800
f 3743/4760/3800 3757/4765/3800 3758/4766/3800
f 3751/4761/3801 3750/4759/3801 3765/4767/3801
f 3751/4761/3801 3765/4767/3801 3766/4768/3801
f 3744/4762/3802 3743/4760/3802 3758/4766/3802
f 3744/4762/3802 3758/4766/3802 3759/4769/3802
f 3752/4763/3803 3751/4761/3803 3766/4768/3803
f 3752/4763/3803 3766/4768/3803 3767/4770/3803
f 3745/4764/3804 3744/4762/3804 3759/4769/3804
f 3745/4764/3804 3759/4769/3804 3760/4771/3804
f 3753/4748/3805 3752/4763/3805 3767/4770/3805
f 3753/4748/3805 3767/4770/3805 3768/4772/3805
f 3746/4750/3806 3745/4764/3806 3760/4771/3806
f 3746/4750/3806 3760/4771/3806 3761/4773/3806
f 3754/4749/3807 3753/4748/3807 3768/4772/3807
f 3754/4749/3807 3768/4772/3807 3769/4774/3807
f 3747/4751/3808 3746/4750/3808 3761/4773/3808
f 3747/4751/3808 3761/4773/3808 3762/4775/3808
f 3740/4753/3809 3462/4776/3809 3755/4777/3809
f 3469/4778/3810 3754/4749/3810 3769/4774/3810
f 3748/4755/3811 3747/4751/3811 3762/4775/3811
f 3748/4755/3811 3762/4775/3811 3763/4779/3811
f 3741/4756/3812 3740/4753/3812 3755/4777/3812
f 3741/4756/3812 3755/4777/3812 3756/4780/3812
f 3749/4757/3813 3748/4755/3813 3763/4779/3813
f 3749/4757/3813 3763/4779/3813 3764/4781/3813
f 3742/4758/3814 3741/4756/3814 3756/4780/3814
f 3742/4758/3814 3756/4780/3814 3757/4765/3814
f 3750/4759/3815 3749/4757/3815 3764/4781/3815
f 3750/4759/3815 3764/4781/3815 3765/4767/3815
f 3762/4775/3816 3761/4773/3816 3776/4782/3816
f 3762/4775/3816 3776/4782/3816 3777/4783/3816
f 3755/4777/3817 3462/4784/3817 3770/4785/3817
f 3469/4786/3818 3769/4774/3818 3784/4787/3818
f 3763/4779/3819 3762/4775/3819 3777/4783/3819
f 3763/4779/3819 3777/4783/3819 3778/4788/3819
f 3756/4780/3820 3755/4777/3820 3770/4785/3820
f 3756/4780/3820 3770/4785/3820 3771/4789/3820
f 3764/4781/3821 3763/4779/3821 3778/4788/3821
f 3764/4781/3821 3778/4788/3821 3779/4790/3821
f 3757/4765/3822 3756/4780/3822 3771/4789/3822
f 3757/4765/3822 3771/4789/3822 3772/4791/3822
f 3765/4767/3823 3764/4781/3823 3779/4790/3823
f 3765/4767/3823 3779/4790/3823 3780/4792/3823
f 3758/4766/3824 3757/4765/3824 3772/4791/3824
f 3758/4766/3824 3772/4791/3824 3773/4793/3824
f 3766/4768/3825 3765/4767/3825 3780/4792/3825
f 3766/4768/3825 3780/4792/3825 3781/4794/3825
f 3759/4769/3826 3758/4766/3826 3773/4793/3826
f 3759/4769/3826 3773/4793/3826 3774/4795/3826
f 3767/4770/3827 3766/4768/3827 3781/4794/3827
f 3767/4770/3827 3781/4794/3827 3782/4796/3827
f 3760/4771/3828 3759/4769/3828 3774/4795/3828
f 3760/4771/3828 3774/4795/3828 3775/4797/3828
f 3768/4772/3829 3767/4770/3829 3782/4796/3829
f 3768/4772/3829 3782/4796/3829 3783/4798/3829
f 3761/4773/3830 3760/4771/3830 3775/4797/3830
f 3761/4773/3830 3775/4797/3830 3776/4782/3830
f 3769/4774/3831 3768/4772/3831 3783/4798/3831
f 3769/4774/3831 3783/4798/3831 3784/4787/3831
f 3781/4794/3832 3780/4792/3832 3795/4799/3832
f 3781/4794/3832 3795/4799/3832 3796/4800/3832
f 3774/4795/3833 3773/4793/3833 3788/4801/3833
f 3774/4795/3833 3788/4801/3833 3789/4802/3833
f 3782/4796/3834 3781/4794/3834 3796/4800/3834
f 3782/4796/3834 3796/4800/3834 3797/4803/3834
f 3775/4797/3835 3774/4795/3835 3789/4802/3835
f 3775/4797/3835 3789/4802/3835 3790/4804/3835
f 3783/4798/3836 3782/4796/3836 3797/4803/3836
f 3783/4798/3836 3797/4803/3836 3798/4805/3836
f 3776/4782/3837 3775/4797/3837 3790/4804/3837
f 3776/4782/3837 3790/4804/3837 3791/4806/3837
f 3784/4787/3838 3783/4798/3838 3798/4805/3838
f 3784/4787/3838 3798/4805/3838 3799/4807/3838
f 3777/4783/3839 3776/4782/3839 3791/4806/3839
f 3777/4783/3839 3791/4806/3839 3792/4808/3839
f 3770/4785/3840 3462/4809/3840 3785/4810/3840
f 3469/4811/3841 3784/4787/3841 3799/4807/3841
f 3778/4788/3842 3777/4783/3842 3792/4808/3842
f 3778/4788/3842 3792/4808/3842 3793/4812/3842
f 3771/4789/3843 3770/4785/3843 3785/4810/3843
f 3771/4789/3843 3785/4810/3843 3786/4813/3843
f 3779/4790/3844 3778/4788/3844 3793/4812/3844
f 3779/4790/3844 3793/4812/3844 3794/4814/3844
f 3772/4791/3845 3771/4789/3845 3786/4813/3845
f 3772/4791/3845 3786/4813/3845 3787/4815/3845
f 3780/4792/3846 3779/4790/3846 3794/4814/3846
f 3780/4792/3846 3794/4814/3846 3795/4799/3846
f 3773/4793/3847 3772/4791/3847 3787/4815/3847
f 3773/4793/3847 3787/4815/3847 3788/4801/3847
f 3469/4816/3848 3799/4807/3848 3814/4817/3848
f 3793/4812/3849 3792/4808/3849 3807/4818/3849
f 3793/4812/3849 3807/4818/3849 3808/4819/3849
f 3786/4813/3850 3785/4810/3850 3800/4820/3850
f 3786/4813/3850 3800/4820/3850 3801/4821/3850
f 3794/4814/3851 3793/4812/3851 3808/4819/3851
f 3794/4814/3851 3808/4819/3851 3809/4822/3851
f 3787/4815/3852 3786/4813/3852 3801/4821/3852
f 3787/4815/3852 3801/4821/3852 3802/4823/3852
f 3795/4799/3853 3794/4814/3853 3809/4822/3853
f 3795/4799/3853 3809/4822/3853 3810/4824/3853
f 3788/4801/3854 3787/4815/3854 3802/4823/3854
f 3788/4801/3854 3802/4823/3854 3803/4825/3854
f 3796/4800/3855 3795/4799/3855 3810/4824/3855
f 3796/4800/3855 3810/4824/3855 3811/4826/3855
f 3789/4802/3856 3788/4801/3856 3803/4825/3856
f 3789/4802/3856 3803/4825/3856 3804/4827/3856
f 3797/4803/3857 3796/4800/3857 3811/4826/3857
f 3797/4803/3857 3811/4826/3857 3812/4828/3857
f 3790/4804/3858 3789/4802/3858 3804/4827/3858
f 3790/4804/3858 3804/4827/3858 3805/4829/3858
f 3798/4805/3859 3797/4803/3859 3812/4828/3859
f 3798/4805/3859 3812/4828/3859 3813/4830/3859
f 3791/4806/3860 3790/4804/3860 3805/4829/3860
f 3791/4806/3860 3805/4829/3860 3806/4831/3860
f 3799/4807/3861 3798/4805/3861 3813/4830/3861
f 3799/4807/3861 3813/4830/3861 3814/4817/3861
f 3792/4808/3862 3791/4806/3862 3806/4831/3862
f 3792/4808/3862 3806/4831/3862 3807/4818/3862
f 3785/4810/3863 3462/4832/3863 3800/4820/3863
f 3812/4828/3864 3811/4826/3864 3826/4833/3864
f 3812/4828/3864 3826/4833/3864 3827/4834/3864
f 3805/4829/3865 3804/4827/3865 3819/4835/3865
f 3805/4829/3865 3819/4835/3865 3820/4836/3865
f 3813/4830/3866 3812/4828/3866 3827/4834/3866
f 3813/4830/3866 3827/4834/3866 3828/4837/3866
f 3806/4831/3867 3805/4829/3867 3820/4836/3867
f 3806/4831/3867 3820/4836/3867 3821/4838/3867
f 3814/4817/3868 3813/4830/3868 3828/4837/3868
f 3814/4817/3868 3828/4837/3868 3829/4839/3868
f 3807/4818/3869 3806/4831/3869 3821/4838/3869
f 3807/4818/3869 3821/4838/3869 3822/4840/3869
f 3800/4820/3870 3462/4841/3870 3815/4842/3870
f 3469/4843/3871 3814/4817/3871 3829/4839/3871
f 3808/4819/3872 3807/4818/3872 3822/4840/3872
f 3808/4819/3872 3822/4840/3872 3823/4844/3872
f 3801/4821/3873 3800/4820/3873 3815/4842/3873
f 3801/4821/3873 3815/4842/3873 3816/4845/3873
f 3809/4822/3874 3808/4819/3874 3823/4844/3874
f 3809/4822/3874 3823/4844/3874 3824/4846/3874
f 3802/4823/3875 3801/4821/3875 3816/4845/3875
f 3802/4823/3875 3816/4845/3875 3817/4847/3875
f 3810/4824/3876 3809/4822/3876 3824/4846/3876
f 3810/4824/3876 3824/4846/3876 3825/4848/3876
f 3803/4825/3877 3802/4823/3877 3817/4847/3877
f 3803/4825/3877 3817/4847/3877 3818/4849/3877
f 3811/4826/3878 3810/4824/3878 3825/4848/3878
f 3811/4826/3878 3825/4848/3878 3826/4833/3878
f 3804/4827/3879 3803/4825/3879 3818/4849/3879
f 3804/4827/3879 3818/4849/3879 3819/4835/3879
f 3816/4850/3880 3815/4851/3880 3830/4852/3880
f 3816/4850/3880 3830/4852/3880 3831/4853/3880
f 3824/4854/3881 3823/4855/3881 3838/4856/3881
f 3824/4854/3881 3838/4856/3881 3839/4857/3881
f 3817/4858/3882 3816/4850/3882 3831/4853/3882
f 3817/4858/3882 3831/4853/3882 3832/4859/3882
f 3825/4860/3883 3824/4854/3883 3839/4857/3883
f 3825/4860/3883 3839/4857/3883 3840/4861/3883
f 3818/4862/3884 3817/4858/3884 3832/4859/3884
f 3818/4862/3884 3832/4859/3884 3833/4863/3884
f 3826/4864/3885 3825/4860/3885 3840/4861/3885
f 3826/4864/3885 3840/4861/3885 3841/4865/3885
f 3819/4866/3886 3818/4862/3886 3833/4863/3886
f 3819/4866/3886 3833/4863/3886 3834/4867/3886
f 3827/4868/3887 3826/4864/3887 3841/4865/3887
f 3827/4868/3887 3841/4865/3887 3842/4869/3887
f 3820/4870/3888 3819/4866/3888 3834/4867/3888
f 3820/4870/3888 3834/4867/3888 3835/4871/3888
f 3828/4872/3889 3827/4868/3889 3842/4869/3889
f 3828/4872/3889 3842/4869/3889 3843/4873/3889
f 3821/4874/3890 3820/4870/3890 3835/4871/3890
f 3821/4874/3890 3835/4871/3890 3836/4875/3890
f 3829/4876/3891 3828/4872/3891 3843/4873/3891
f 3829/4876/3891 3843/4873/3891 3844/4877/3891
f 3822/4878/3892 3821/4874/3892 3836/4875/3892
f 3822/4878/3892 3836/4875/3892 3837/4879/3892
f 3815/4851/3893 3462/4880/3893 3830/4852/3893
f 3469/4881/3894 3829/4876/3894 3844/4877/3894
f 3823/4855/3895 3822/4878/3895 3837/4879/3895
f 3823/4855/3895 3837/4879/3895 3838/4856/3895
f 3835/4871/3896 3834/4867/3896 3849/4882/3896
f 3835/4871/3896 3849/4882/3896 3850/4883/3896
f 3843/4873/3897 3842/4869/3897 3857/4884/3897
f 3843/4873/3897 3857/4884/3897 3858/4885/3897
f 3836/4875/3898 3835/4871/3898 3850/4883/3898
f 3836/4875/3898 3850/4883/3898 3851/4886/3898
f 3844/4877/3899 3843/4873/3899 3858/4885/3899
f 3844/4877/3899 3858/4885/3899 3859/4887/3899
f 3837/4879/3900 3836/4875/3900 3851/4886/3900
f 3837/4879/3900 3851/4886/3900 3852/4888/3900
f 3830/4852/3901 3462/4889/3901 3845/4890/3901
f 3469/4891/3902 3844/4877/3902 3859/4887/3902
f 3838/4856/3903 3837/4879/3903 3852/4888/3903
f 3838/4856/3903 3852/4888/3903 3853/4892/3903
f 3831/4853/3904 3830/4852/3904 3845/4890/3904
f 3831/4853/3904 3845/4890/3904 3846/4893/3904
f 3839/4857/3905 3838/4856/3905 3853/4892/3905
f 3839/4857/3905 3853/4892/3905 3854/4894/3905
f 3832/4859/3906 3831/4853/3906 3846/4893/3906
f 3832/4859/3906 3846/4893/3906 3847/4895/3906
f 3840/4861/3907 3839/4857/3907 3854/4894/3907
f 3840/4861/3907 3854/4894/3907 3855/4896/3907
f 3833/4863/3908 3832/4859/3908 3847/4895/3908
f 3833/4863/3908 3847/4895/3908 3848/4897/3908
f 3841/4865/3909 3840/4861/3909 3855/4896/3909
f 3841/4865/3909 3855/4896/3909 3856/4898/3909
f 3834/4867/3910 3833/4863/3910 3848/4897/3910
f 3834/4867/3910 3848/4897/3910 3849/4882/3910
f 3842/4869/3911 3841/4865/3911 3856/4898/3911
f 3842/4869/3911 3856/4898/3911 3857/4884/3911
f 3854/4894/3912 3853/4892/3912 3868/4899/3912
f 3854/4894/3912 3868/4899/3912 3869/4900/3912
f 3847/4895/3913 3846/4893/3913 3861/4901/3913
f 3847/4895/3913 3861/4901/3913 3862/4902/3913
f 3855/4896/3914 3854/4894/3914 3869/4900/3914
f 3855/4896/3914 3869/4900/3914 3870/4903/3914
f 3848/4897/3915 3847/4895/3915 3862/4902/3915
f 3848/4897/3915 3862/4902/3915 3863/4904/3915
f 3856/4898/3916 3855/4896/3916 3870/4903/3916
f 3856/4898/3916 3870/4903/3916 3871/4905/3916
f 3849/4882/3917 3848/4897/3917 3863/4904/3917
f 3849/4882/3917 3863/4904/3917 3864/4906/3917
f 3857/4884/3918 3856/4898/3918 3871/4905/3918
f 3857/4884/3918 3871/4905/3918 3872/4907/3918
f 3850/4883/3919 3849/4882/3919 3864/4906/3919
f 3850/4883/3919 3864/4906/3919 3865/4908/3919
f 3858/4885/3920 3857/4884/3920 3872/4907/3920
f 3858/4885/3920 3872/4907/3920 3873/4909/3920
f 3851/4886/3921 3850/4883/3921 3865/4908/3921
f 3851/4886/3921 3865/4908/3921 3866/4910/3921
f 3859/4887/3922 3858/4885/3922 3873/4909/3922
f 3859/4887/3922 3873/4909/3922 3874/4911/3922
f 3852/4888/3923 3851/4886/3923 3866/4910/3923
f 3852/4888/3923 3866/4910/3923 3867/4912/3923
f 3845/4890/3924 3462/4913/3924 3860/4914/3924
f 3469/4915/3925 3859/4887/3925 3874/4911/3925
f 3853/4892/3926 3852/4888/3926 3867/4912/3926
f 3853/4892/3926 3867/4912/3926 3868/4899/3926
f 3846/4893/3927 3845/4890/3927 3860/4914/3927
f 3846/4893/3927 3860/4914/3927 3861/4901/3927
f 3873/4909/3928 3872/4907/3928 3887/4916/3928
f 3873/4909/3928 3887/4916/3928 3888/4917/3928
f 3866/4910/3929 3865/4908/3929 3880/4918/3929
f 3866/4910/3929 3880/4918/3929 3881/4919/3929
f 3874/4911/3930 3873/4909/3930 3888/4917/3930
f 3874/4911/3930 3888/4917/3930 3889/4920/3930
f 3867/4912/3931 3866/4910/3931 3881/4919/3931
f 3867/4912/3931 3881/4919/3931 3882/4921/3931
f 3860/4914/3932 3462/4922/3932 3875/4923/3932
f 3469/4924/3933 3874/4911/3933 3889/4920/3933
f 3868/4899/3934 3867/4912/3934 3882/4921/3934
f 3868/4899/3934 3882/4921/3934 3883/4925/3934
f 3861/4901/3935 3860/4914/3935 3875/4923/3935
f 3861/4901/3935 3875/4923/3935 3876/4926/3935
f 3869/4900/3936 3868/4899/3936 3883/4925/3936
f 3869/4900/3936 3883/4925/3936 3884/4927/3936
f 3862/4902/3937 3861/4901/3937 3876/4926/3937
f 3862/4902/3937 3876/4926/3937 3877/4928/3937
f 3870/4903/3938 3869/4900/3938 3884/4927/3938
f 3870/4903/3938 3884/4927/3938 3885/4929/3938
f 3863/4904/3939 3862/4902/3939 3877/4928/3939
f 3863/4904/3939 3877/4928/3939 3878/4930/3939
f 3871/4905/3940 3870/4903/3940 3885/4929/3940
f 3871/4905/3940 3885/4929/3940 3886/4931/3940
f 3864/4906/3941 3863/4904/3941 3878/4930/3941
f 3864/4906/3941 3878/4930/3941 3879/4932/3941
f 3872/4907/3942 3871/4905/3942 3886/4931/3942
f 3872/4907/3942 3886/4931/3942 3887/4916/3942
f 3865/4908/3943 3864/4906/3943 3879/4932/3943
f 3865/4908/3943 3879/4932/3943 3880/4918/3943
f 3877/4928/3944 3876/4926/3944 3891/4933/3944
f 3877/4928/3944 3891/4933/3944 3892/4934/3944
f 3885/4929/3945 3884/4927/3945 3899/4935/3945
f 3885/4929/3945 3899/4935/3945 3900/4936/3945
f 3878/4930/3946 3877/4928/3946 3892/4934/3946
f 3878/4930/3946 3892/4934/3946 3893/4937/3946
f 3886/4931/3947 3885/4929/3947 3900/4936/3947
f 3886/4931/3947 3900/4936/3947 3901/4938/3947
f 3879/4932/3948 3878/4930/3948 3893/4937/3948
f 3879/4932/3948 3893/4937/3948 3894/4939/3948
f 3887/4916/3949 3886/4931/3949 3901/4938/3949
f 3887/4916/3949 3901/4938/3949 3902/4940/3949
f 3880/4918/3950 3879/4932/3950 3894/4939/3950
f 3880/4918/3950 3894/4939/3950 3895/4941/3950
f 3888/4917/3951 3887/4916/3951 3902/4940/3951
f 3888/4917/3951 3902/4940/3951 3903/4942/3951
f 3881/4919/3952 3880/4918/3952 3895/4941/3952
f 3881/4919/3952 3895/4941/3952 3896/4943/3952
f 3889/4920/3953 3888/4917/3953 3903/4942/3953
f 3889/4920/3953 3903/4942/3953 3904/4944/3953
f 3882/4921/3954 3881/4919/3954 3896/4943/3954
f 3882/4921/3954 3896/4943/3954 3897/4945/3954
f 3875/4923/3955 3462/4946/3955 3890/4947/3955
f 3469/4948/3956 3889/4920/3956 3904/4944/3956
f 3883/4925/3957 3882/4921/3957 3897/4945/3957
f 3883/4925/3957 3897/4945/3957 3898/4949/3957
f 3876/4926/3958 3875/4923/3958 3890/4947/3958
f 3876/4926/3958 3890/4947/3958 3891/4933/3958
f 3884/4927/3959 3883/4925/3959 3898/4949/3959
f 3884/4927/3959 3898/4949/3959 3899/4935/3959
f 3896/4943/3960 3895/4941/3960 3910/4950/3960
f 3896/4943/3960 3910/4950/3960 3911/4951/3960
f 3904/4944/3961 3903/4942/3961 3918/4952/3961
f 3904/4944/3961 3918/4952/3961 3919/4953/3961
f 3897/4945/3962 3896/4943/3962 3911/4951/3962
f 3897/4945/3962 3911/4951/3962 3912/4954/3962
f 3890/4947/3963 3462/4955/3963 3905/4956/3963
f 3469/4957/3964 3904/4944/3964 3919/4953/3964
f 3898/4949/3965 3897/4945/3965 3912/4954/3965
f 3898/4949/3965 3912/4954/3965 3913/4958/3965
f 3891/4933/3966 3890/4947/3966 3905/4956/3966
f 3891/4933/3966 3905/4956/3966 3906/4959/3966
f 3899/4935/3967 3898/4949/3967 3913/4958/3967
f 3899/4935/3967 3913/4958/3967 3914/4960/3967
f 3892/4934/3968 3891/4933/3968 3906/4959/3968
f 3892/4934/3968 3906/4959/3968 3907/4961/3968
f 3900/4936/3969 3899/4935/3969 3914/4960/3969
f 3900/4936/3969 3914/4960/3969 3915/4962/3969
f 3893/4937/3970 3892/4934/3970 3907/4961/3970
f 3893/4937/3970 3907/4961/3970 3908/4963/3970
f 3901/4938/3971 3900/4936/3971 3915/4962/3971
f 3901/4938/3971 3915/4962/3971 3916/4964/3971
f 3894/4939/3972 3893/4937/3972 3908/4963/3972
f 3894/4939/3972 3908/4963/3972 3909/4965/3972
f 3902/4940/3973 3901/4938/3973 3916/4964/3973
f 3902/4940/3973 3916/4964/3973 3917/4966/3973
f 3895/4941/3974 3894/4939/3974 3909/4965/3974
f 3895/4941/3974 3909/4965/3974 3910/4950/3974
f 3903/4942/3975 3902/4940/3975 3917/4966/3975
f 3903/4942/3975 3917/4966/3975 3918/4952/3975
f 3915/4962/3976 3914/4960/3976 3929/4967/3976
f 3915/4962/3976 3929/4967/3976 3930/4968/3976
f 3908/4963/3977 3907/4961/3977 3922/4969/3977
f 3908/4963/3977 3922/4969/3977 3923/4970/3977
f 3916/4964/3978 3915/4962/3978 3930/4968/3978
f 3916/4964/3978 3930/4968/3978 3931/4971/3978
f 3909/4965/3979 3908/4963/3979 3923/4970/3979
f 3909/4965/3979 3923/4970/3979 3924/4972/3979
f 3917/4966/3980 3916/4964/3980 3931/4971/3980
f 3917/4966/3980 3931/4971/3980 3932/4973/3980
f 3910/4950/3981 3909/4965/3981 3924/4972/3981
f 3910/4950/3981 3924/4972/3981 3925/4974/3981
f 3918/4952/3982 3917/4966/3982 3932/4973/3982
f 3918/4952/3982 3932/4973/3982 3933/4975/3982
f 3911/4951/3983 3910/4950/3983 3925/4974/3983
f 3911/4951/3983 3925/4974/3983 3926/4976/3983
f 3919/4953/3984 3918/4952/3984 3933/4975/3984
f 3919/4953/3984 3933/4975/3984 3934/4977/3984
f 3912/4954/3985 3911/4951/3985 3926/4976/3985
f 3912/4954/3985 3926/4976/3985 3927/4978/3985
f 3905/4956/3986 3462/4979/3986 3920/4980/3986
f 3469/4981/3987 3919/4953/3987 3934/4977/3987
f 3913/4958/3988 3912/4954/3988 3927/4978/3988
f 3913/4958/3988 3927/4978/3988 3928/4982/3988
f 3906/4959/3989 3905/4956/3989 3920/4980/3989
f 3906/4959/3989 3920/4980/3989 3921/4983/3989
f 3914/4960/3990 3913/4958/3990 3928/4982/3990
f 3914/4960/3990 3928/4982/3990 3929/4967/3990
f 3907/4961/3991 3906/4959/3991 3921/4983/3991
f 3907/4961/3991 3921/4983/3991 3922/4969/3991
f 3934/4977/3992 3933/4975/3992 3942/4428/3992
f 3934/4977/3992 3942/4428/3992 3943/4427/3992
f 3927/4978/3993 3926/4976/3993 3465/4432/3993
f 3927/4978/3993 3465/4432/3993 3466/4431/3993
f 3920/4980/3994 3462/4984/3994 3935/4435/3994
f 3469/4985/3995 3934/4977/3995 3943/4427/3995
f 3928/4982/3996 3927/4978/3996 3466/4431/3996
f 3928/4982/3996 3466/4431/3996 3467/4439/3996
f 3921/4983/3997 3920/4980/3997 3935/4435/3997
f 3921/4983/3997 3935/4435/3997 3936/4441/3997
f 3929/4967/3998 3928/4982/3998 3467/4439/3998
f 3929/4967/3998 3467/4439/3998 3939/4443/3998
f 3922/4969/3999 3921/4983/3999 3936/4441/3999
f 3922/4969/3999 3936/4441/3999 3463/4445/3999
f 3930/4968/4000 3929/4967/4000 3939/4443/4000
f 3930/4968/4000 3939/4443/4000 3468/4447/4000
f 3923/4970/4001 3922/4969/4001 3463/4445/4001
f 3923/4970/4001 3463/4445/4001 3937/4449/4001
f 3931/4971/4002 3930/4968/4002 3468/4447/4002
f 3931/4971/4002 3468/4447/4002 3940/4451/4002
f 3924/4972/4003 3923/4970/4003 3937/4449/4003
f 3924/4972/4003 3937/4449/4003 3464/4453/4003
f 3932/4973/4004 3931/4971/4004 3940/4451/4004
f 3932/4973/4004 3940/4451/4004 3941/4455/4004
f 3925/4974/4005 3924/4972/4005 3464/4453/4005
f 3925/4974/4005 3464/4453/4005 3938/4457/4005
f 3933/4975/4006 3932/4973/4006 3941/4455/4006
f 3933/4975/4006 3941/4455/4006 3942/4428/4006
f 3926/4976/4007 3925/4974/4007 3938/4457/4007
f 3926/4976/4007 3938/4457/4007 3465/4432/4007
