# Blender 5.0.1
# www.blender.org
mtllib 猫.mtl
o 体
v 0.000000 1.567009 0.284106
v 0.000000 2.122579 -0.038434
v 0.000000 2.398478 -0.566460
v 0.000000 2.547794 -1.256359
v 0.000000 2.567009 -1.629730
v 0.000000 2.547794 -2.003100
v 0.000000 2.398479 -2.693000
v 0.000000 1.567009 -3.543565
v 0.038060 1.758350 0.247332
v 0.074658 1.942339 0.138424
v 0.108386 2.111904 -0.038434
v 0.137950 2.260529 -0.276444
v 0.162212 2.382502 -0.566460
v 0.180240 2.473136 -0.897336
v 0.191342 2.528948 -1.256359
v 0.195090 2.547794 -1.629730
v 0.191342 2.528948 -2.003100
v 0.180240 2.473136 -2.362123
v 0.162212 2.382502 -2.693000
v 0.137950 2.260529 -2.983016
v 0.108386 2.111904 -3.221026
v 0.074658 1.942339 -3.397883
v 0.038060 1.758350 -3.506791
v 0.074658 1.747249 0.247332
v 0.146447 1.920562 0.138424
v 0.212608 2.080289 -0.038434
v 0.270598 2.220290 -0.276444
v 0.318190 2.335186 -0.566460
v 0.353553 2.420562 -0.897336
v 0.375330 2.473136 -1.256359
v 0.382683 2.490888 -1.629730
v 0.375330 2.473136 -2.003100
v 0.353553 2.420562 -2.362123
v 0.318190 2.335186 -2.693000
v 0.270598 2.220290 -2.983016
v 0.212608 2.080289 -3.221026
v 0.146447 1.920562 -3.397883
v 0.074658 1.747249 -3.506791
v 0.108386 1.729220 0.247332
v 0.212608 1.885198 0.138424
v 0.308658 2.028948 -0.038434
v 0.392847 2.154946 -0.276444
v 0.461940 2.258350 -0.566460
v 0.513280 2.335186 -0.897336
v 0.544895 2.382502 -1.256359
v 0.555570 2.398478 -1.629730
v 0.544895 2.382502 -2.003100
v 0.513280 2.335186 -2.362123
v 0.461940 2.258350 -2.693000
v 0.392847 2.154947 -2.983016
v 0.308658 2.028949 -3.221026
v 0.212608 1.885198 -3.397883
v 0.108386 1.729221 -3.506791
v 0.137950 1.704958 0.247332
v 0.270598 1.837607 0.138424
v 0.392847 1.959856 -0.038434
v 0.500000 2.067009 -0.276444
v 0.587938 2.154946 -0.566460
v 0.653281 2.220290 -0.897337
v 0.693520 2.260529 -1.256359
v 0.707107 2.274115 -1.629730
v 0.693520 2.260529 -2.003100
v 0.653281 2.220290 -2.362123
v 0.587938 2.154946 -2.693000
v 0.500000 2.067009 -2.983016
v 0.392847 1.959856 -3.221026
v 0.270598 1.837607 -3.397883
v 0.137950 1.704958 -3.506791
v 0.162212 1.675395 0.247332
v 0.318190 1.779616 0.138424
v 0.461940 1.875667 -0.038434
v 0.587938 1.959856 -0.276444
v 0.691342 2.028948 -0.566460
v 0.768178 2.080289 -0.897337
v 0.815493 2.111904 -1.256359
v 0.831470 2.122579 -1.629730
v 0.815493 2.111904 -2.003100
v 0.768178 2.080289 -2.362123
v 0.691342 2.028948 -2.693000
v 0.587938 1.959856 -2.983016
v 0.461940 1.875667 -3.221026
v 0.318190 1.779616 -3.397883
v 0.162212 1.675395 -3.506791
v 0.180240 1.641666 0.247332
v 0.353553 1.713455 0.138424
v 0.513280 1.779616 -0.038434
v 0.653281 1.837607 -0.276444
v 0.768178 1.885198 -0.566460
v 0.853553 1.920562 -0.897337
v 0.906127 1.942339 -1.256359
v 0.923879 1.949692 -1.629730
v 0.906127 1.942339 -2.003100
v 0.853553 1.920562 -2.362123
v 0.768178 1.885198 -2.693000
v 0.653281 1.837607 -2.983016
v 0.513280 1.779616 -3.221026
v 0.353553 1.713455 -3.397883
v 0.180240 1.641667 -3.506791
v 0.191342 1.605069 0.247332
v 0.375330 1.641666 0.138424
v 0.544895 1.675395 -0.038434
v 0.693520 1.704958 -0.276444
v 0.815493 1.729220 -0.566460
v 0.906127 1.747249 -0.897337
v 0.961940 1.758350 -1.256359
v 0.980785 1.762099 -1.629730
v 0.961940 1.758350 -2.003101
v 0.906127 1.747249 -2.362123
v 0.815493 1.729220 -2.693000
v 0.693520 1.704958 -2.983016
v 0.544895 1.675395 -3.221026
v 0.375330 1.641667 -3.397883
v 0.191342 1.605069 -3.506791
v 0.195090 1.567009 0.247332
v 0.382683 1.567009 0.138424
v 0.555570 1.567009 -0.038434
v 0.707107 1.567009 -0.276444
v 0.831469 1.567009 -0.566460
v 0.923879 1.567009 -0.897337
v 0.980785 1.567009 -1.256359
v 1.000000 1.567009 -1.629730
v 0.980785 1.567009 -2.003101
v 0.923879 1.567009 -2.362123
v 0.831469 1.567009 -2.693000
v 0.707107 1.567009 -2.983016
v 0.555570 1.567009 -3.221026
v 0.382683 1.567009 -3.397883
v 0.195090 1.567009 -3.506791
v 0.191342 1.528948 0.247332
v 0.375330 1.492351 0.138424
v 0.544895 1.458622 -0.038434
v 0.693520 1.429059 -0.276444
v 0.815493 1.404797 -0.566460
v 0.906127 1.386769 -0.897337
v 0.961940 1.375667 -1.256359
v 0.980785 1.371918 -1.629730
v 0.961940 1.375667 -2.003101
v 0.906127 1.386769 -2.362123
v 0.815493 1.404797 -2.693000
v 0.693520 1.429059 -2.983016
v 0.544895 1.458622 -3.221026
v 0.375330 1.492351 -3.397883
v 0.191342 1.528949 -3.506791
v 0.180240 1.492351 0.247332
v 0.353553 1.420562 0.138424
v 0.513280 1.354401 -0.038434
v 0.653281 1.296411 -0.276444
v 0.768178 1.248819 -0.566460
v 0.853553 1.213455 -0.897337
v 0.906127 1.191678 -1.256359
v 0.923879 1.184325 -1.629730
v 0.906127 1.191679 -2.003101
v 0.853553 1.213455 -2.362123
v 0.768178 1.248819 -2.693000
v 0.653281 1.296411 -2.983016
v 0.513280 1.354401 -3.221026
v 0.353553 1.420562 -3.397883
v 0.180240 1.492351 -3.506791
v 0.162212 1.458622 0.247332
v 0.318190 1.354401 0.138424
v 0.461940 1.258350 -0.038434
v 0.587938 1.174161 -0.276444
v 0.691341 1.105069 -0.566460
v 0.768178 1.053729 -0.897337
v 0.815493 1.022114 -1.256359
v 0.831469 1.011439 -1.629730
v 0.815493 1.022114 -2.003101
v 0.768178 1.053729 -2.362123
v 0.691341 1.105069 -2.693000
v 0.587938 1.174161 -2.983016
v 0.461940 1.258351 -3.221026
v 0.318190 1.354401 -3.397883
v 0.162212 1.458622 -3.506791
v 0.137950 1.429059 0.247332
v 0.270598 1.296411 0.138424
v 0.392847 1.174161 -0.038434
v 0.500000 1.067009 -0.276444
v 0.587938 0.979071 -0.566460
v 0.653281 0.913727 -0.897337
v 0.693520 0.873489 -1.256359
v 0.707106 0.859902 -1.629730
v 0.693520 0.873489 -2.003101
v 0.653281 0.913727 -2.362123
v 0.587938 0.979071 -2.693000
v 0.500000 1.067009 -2.983016
v 0.392847 1.174161 -3.221026
v 0.270598 1.296411 -3.397883
v 0.137950 1.429059 -3.506791
v 0.108386 1.404797 0.247332
v 0.212607 1.248819 0.138424
v 0.308658 1.105069 -0.038434
v 0.392847 0.979071 -0.276444
v 0.461940 0.875667 -0.566460
v 0.513280 0.798831 -0.897337
v 0.544895 0.751516 -1.256359
v 0.555570 0.735539 -1.629730
v 0.544895 0.751516 -2.003101
v 0.513280 0.798831 -2.362123
v 0.461940 0.875667 -2.693000
v 0.392847 0.979071 -2.983016
v 0.308658 1.105069 -3.221026
v 0.212607 1.248819 -3.397883
v 0.108386 1.404797 -3.506791
v 0.074658 1.386769 0.247332
v 0.146447 1.213455 0.138424
v 0.212607 1.053729 -0.038434
v 0.270598 0.913727 -0.276444
v 0.318189 0.798831 -0.566460
v 0.353553 0.713455 -0.897337
v 0.375330 0.660882 -1.256359
v 0.382683 0.643130 -1.629730
v 0.375330 0.660882 -2.003101
v 0.353553 0.713456 -2.362123
v 0.318189 0.798831 -2.693000
v 0.270598 0.913727 -2.983016
v 0.212607 1.053729 -3.221026
v 0.146447 1.213455 -3.397883
v 0.074658 1.386769 -3.506791
v 0.038060 1.375667 0.247332
v 0.074658 1.191679 0.138424
v 0.108386 1.022114 -0.038434
v 0.137950 0.873489 -0.276444
v 0.162212 0.751516 -0.566460
v 0.180240 0.660881 -0.897337
v 0.191342 0.605069 -1.256359
v 0.195090 0.586224 -1.629730
v 0.191342 0.605069 -2.003101
v 0.180240 0.660882 -2.362123
v 0.162212 0.751516 -2.693000
v 0.137950 0.873489 -2.983016
v 0.108386 1.022114 -3.221026
v 0.074658 1.191679 -3.397883
v 0.038060 1.375667 -3.506791
v -0.000000 1.371918 0.247332
v -0.000000 1.184325 0.138424
v -0.000000 1.011439 -0.038434
v -0.000000 0.859902 -0.276444
v -0.000000 0.735539 -0.566460
v 0.000000 0.643129 -0.897337
v -0.000000 0.586224 -1.256359
v -0.000000 0.567009 -1.629730
v -0.000000 0.586224 -2.003101
v 0.000000 0.643130 -2.362123
v -0.000000 0.735539 -2.693000
v -0.000000 0.859902 -2.983016
v -0.000000 1.011439 -3.221026
v -0.000000 1.184325 -3.397883
v -0.000000 1.371919 -3.506791
v -0.038060 1.375667 0.247332
v -0.074658 1.191679 0.138424
v -0.108386 1.022114 -0.038434
v -0.137950 0.873489 -0.276444
v -0.162212 0.751516 -0.566460
v -0.180240 0.660882 -0.897337
v -0.191342 0.605069 -1.256359
v -0.195091 0.586224 -1.629730
v -0.191342 0.605069 -2.003101
v -0.180240 0.660882 -2.362123
v -0.162212 0.751516 -2.693000
v -0.137950 0.873489 -2.983016
v -0.108386 1.022114 -3.221026
v -0.074658 1.191679 -3.397883
v -0.038060 1.375667 -3.506791
v -0.074658 1.386769 0.247332
v -0.146447 1.213455 0.138424
v -0.212608 1.053729 -0.038434
v -0.270598 0.913727 -0.276444
v -0.318190 0.798831 -0.566460
v -0.353553 0.713456 -0.897337
v -0.375330 0.660882 -1.256359
v -0.382683 0.643130 -1.629730
v -0.375330 0.660882 -2.003101
v -0.353553 0.713456 -2.362123
v -0.318190 0.798831 -2.693000
v -0.270598 0.913727 -2.983016
v -0.212608 1.053729 -3.221026
v -0.146447 1.213456 -3.397883
v -0.074658 1.386769 -3.506791
v -0.108386 1.404797 0.247332
v -0.212608 1.248819 0.138424
v -0.308658 1.105069 -0.038434
v -0.392847 0.979071 -0.276444
v -0.461940 0.875667 -0.566460
v -0.513280 0.798831 -0.897337
v -0.544895 0.751516 -1.256359
v -0.555570 0.735540 -1.629730
v -0.544895 0.751516 -2.003101
v -0.513280 0.798831 -2.362123
v -0.461940 0.875667 -2.693000
v -0.392847 0.979071 -2.983016
v -0.308658 1.105069 -3.221026
v -0.212608 1.248819 -3.397883
v -0.108386 1.404797 -3.506791
v -0.137950 1.429059 0.247332
v -0.270598 1.296411 0.138424
v -0.392847 1.174162 -0.038434
v -0.500000 1.067009 -0.276444
v -0.587938 0.979071 -0.566460
v -0.653281 0.913727 -0.897337
v -0.693520 0.873489 -1.256359
v -0.707106 0.859903 -1.629730
v -0.693520 0.873489 -2.003101
v -0.653281 0.913728 -2.362123
v -0.587938 0.979071 -2.693000
v -0.500000 1.067009 -2.983016
v -0.392847 1.174162 -3.221026
v -0.270598 1.296411 -3.397883
v -0.137950 1.429059 -3.506791
v -0.162212 1.458622 0.247332
v -0.318190 1.354401 0.138424
v -0.461940 1.258351 -0.038434
v -0.587938 1.174161 -0.276444
v -0.691341 1.105069 -0.566460
v -0.768177 1.053729 -0.897337
v -0.815493 1.022114 -1.256359
v -0.831469 1.011439 -1.629730
v -0.815493 1.022114 -2.003101
v -0.768177 1.053729 -2.362123
v -0.691341 1.105069 -2.693000
v -0.587938 1.174161 -2.983016
v -0.461940 1.258351 -3.221026
v -0.318190 1.354401 -3.397883
v -0.162212 1.458623 -3.506791
v -0.180240 1.492351 0.247332
v -0.353553 1.420562 0.138424
v -0.513280 1.354401 -0.038434
v -0.653281 1.296411 -0.276444
v -0.768177 1.248819 -0.566460
v -0.853553 1.213455 -0.897337
v -0.906127 1.191679 -1.256359
v -0.923879 1.184326 -1.629730
v -0.906127 1.191679 -2.003101
v -0.853553 1.213455 -2.362123
v -0.768177 1.248819 -2.693000
v -0.653281 1.296411 -2.983016
v -0.513280 1.354402 -3.221026
v -0.353553 1.420562 -3.397883
v -0.180240 1.492351 -3.506791
v -0.191342 1.528948 0.247332
v -0.375330 1.492351 0.138424
v -0.544895 1.458622 -0.038434
v -0.693520 1.429059 -0.276444
v -0.815493 1.404797 -0.566460
v -0.906127 1.386769 -0.897337
v -0.961939 1.375667 -1.256359
v -0.980784 1.371919 -1.629730
v -0.961939 1.375667 -2.003101
v -0.906127 1.386769 -2.362123
v -0.815493 1.404797 -2.693000
v -0.693520 1.429059 -2.983016
v -0.544895 1.458623 -3.221026
v -0.375330 1.492351 -3.397883
v -0.191342 1.528949 -3.506791
v -0.195090 1.567009 0.247332
v -0.382683 1.567009 0.138424
v -0.555570 1.567009 -0.038434
v -0.707107 1.567009 -0.276444
v -0.831469 1.567009 -0.566460
v -0.923879 1.567009 -0.897337
v -0.980785 1.567009 -1.256359
v -0.999999 1.567009 -1.629730
v -0.980785 1.567009 -2.003101
v -0.923879 1.567009 -2.362123
v -0.831469 1.567009 -2.693000
v -0.707107 1.567009 -2.983016
v -0.555570 1.567009 -3.221026
v -0.382683 1.567009 -3.397883
v -0.195090 1.567009 -3.506791
v -0.191342 1.605069 0.247332
v -0.375330 1.641667 0.138424
v -0.544895 1.675395 -0.038434
v -0.693520 1.704958 -0.276444
v -0.815493 1.729220 -0.566460
v -0.906127 1.747249 -0.897337
v -0.961939 1.758351 -1.256359
v -0.980784 1.762099 -1.629730
v -0.961939 1.758351 -2.003101
v -0.906127 1.747249 -2.362123
v -0.815493 1.729221 -2.693000
v -0.693520 1.704958 -2.983016
v -0.544895 1.675395 -3.221026
v -0.375330 1.641667 -3.397883
v -0.191342 1.605069 -3.506791
v -0.180240 1.641666 0.247332
v -0.353553 1.713455 0.138424
v -0.513279 1.779616 -0.038434
v -0.653281 1.837607 -0.276444
v -0.768177 1.885198 -0.566460
v -0.853553 1.920562 -0.897337
v -0.906127 1.942339 -1.256359
v -0.923878 1.949692 -1.629730
v -0.906127 1.942339 -2.003100
v -0.853553 1.920562 -2.362123
v -0.768177 1.885198 -2.693000
v -0.653281 1.837607 -2.983016
v -0.513279 1.779616 -3.221026
v -0.353553 1.713455 -3.397883
v -0.180240 1.641667 -3.506791
v -0.162212 1.675395 0.247332
v -0.318189 1.779616 0.138424
v -0.461939 1.875667 -0.038434
v -0.587938 1.959856 -0.276444
v -0.691341 2.028948 -0.566460
v -0.768177 2.080288 -0.897337
v -0.815493 2.111904 -1.256359
v -0.831468 2.122579 -1.629730
v -0.815493 2.111904 -2.003100
v -0.768177 2.080288 -2.362123
v -0.691341 2.028948 -2.693000
v -0.587938 1.959856 -2.983016
v -0.461939 1.875667 -3.221026
v -0.318189 1.779616 -3.397883
v -0.162212 1.675395 -3.506791
v -0.137950 1.704958 0.247332
v -0.270598 1.837607 0.138424
v -0.392847 1.959856 -0.038434
v -0.500000 2.067008 -0.276444
v -0.587937 2.154946 -0.566460
v -0.653281 2.220290 -0.897337
v -0.693519 2.260529 -1.256359
v -0.707106 2.274115 -1.629730
v -0.693519 2.260529 -2.003100
v -0.653281 2.220290 -2.362123
v -0.587937 2.154946 -2.693000
v -0.500000 2.067009 -2.983016
v -0.392847 1.959856 -3.221026
v -0.270598 1.837607 -3.397883
v -0.137950 1.704958 -3.506791
v -0.108386 1.729220 0.247332
v -0.212607 1.885198 0.138424
v -0.308658 2.028948 -0.038434
v -0.392847 2.154946 -0.276444
v -0.461939 2.258350 -0.566460
v -0.513280 2.335186 -0.897336
v -0.544895 2.382502 -1.256359
v -0.555569 2.398478 -1.629730
v -0.544895 2.382502 -2.003100
v -0.513280 2.335186 -2.362123
v -0.461939 2.258350 -2.693000
v -0.392847 2.154946 -2.983016
v -0.308658 2.028948 -3.221026
v -0.212607 1.885198 -3.397883
v -0.108386 1.729220 -3.506791
v -0.074658 1.747248 0.247332
v -0.146446 1.920562 0.138424
v -0.212607 2.080288 -0.038434
v -0.270598 2.220290 -0.276444
v -0.318189 2.335186 -0.566460
v -0.353553 2.420562 -0.897336
v -0.375330 2.473136 -1.256359
v -0.382683 2.490887 -1.629730
v -0.375330 2.473136 -2.003100
v -0.353553 2.420562 -2.362123
v -0.318189 2.335186 -2.693000
v -0.270598 2.220290 -2.983016
v -0.212607 2.080288 -3.221026
v -0.146446 1.920562 -3.397883
v -0.074658 1.747249 -3.506791
v -0.038060 1.758350 0.247332
v -0.074658 1.942339 0.138424
v -0.108386 2.111903 -0.038434
v -0.137950 2.260529 -0.276444
v -0.162211 2.382501 -0.566460
v -0.180240 2.473136 -0.897336
v -0.191341 2.528948 -1.256359
v -0.195090 2.547793 -1.629730
v -0.191341 2.528948 -2.003100
v -0.180240 2.473136 -2.362123
v -0.162211 2.382501 -2.693000
v -0.137950 2.260529 -2.983016
v -0.108386 2.111903 -3.221026
v -0.074658 1.942339 -3.397883
v -0.038060 1.758350 -3.506791
v 0.000000 1.762099 0.247332
v 0.000000 1.949692 0.138424
v 0.000000 2.274115 -0.276444
v 0.000000 2.490888 -0.897336
v 0.000000 2.490888 -2.362123
v 0.000000 2.274115 -2.983016
v 0.000000 2.122578 -3.221026
v 0.000000 1.949692 -3.397883
v 0.000000 1.762099 -3.506791
vn -0.0000 -0.0000 1.0000
vn -0.0000 0.7910 0.6118
vn -0.0000 0.9449 0.3275
vn -0.0000 0.9947 0.1027
vn -0.0000 1.0000 -0.0000
vn -0.0000 0.9947 -0.1027
vn -0.0000 0.9449 -0.3275
vn -0.0000 -0.0000 -1.0000
vn 0.0713 0.3584 0.9308
vn 0.1224 0.6152 0.7788
vn 0.1543 0.7758 0.6118
vn 0.1732 0.8709 0.4600
vn 0.1843 0.9267 0.3275
vn 0.1907 0.9589 0.2102
vn 0.1941 0.9756 0.1027
vn 0.1951 0.9808 -0.0000
vn 0.1941 0.9756 -0.1027
vn 0.1907 0.9589 -0.2102
vn 0.1843 0.9267 -0.3275
vn 0.1732 0.8709 -0.4600
vn 0.1543 0.7758 -0.6118
vn 0.1224 0.6152 -0.7788
vn 0.0713 0.3584 -0.9308
vn 0.1399 0.3376 0.9308
vn 0.2400 0.5795 0.7788
vn 0.3027 0.7308 0.6118
vn 0.3398 0.8203 0.4600
vn 0.3616 0.8729 0.3275
vn 0.3741 0.9032 0.2102
vn 0.3807 0.9190 0.1027
vn 0.3827 0.9239 -0.0000
vn 0.3807 0.9190 -0.1027
vn 0.3741 0.9032 -0.2102
vn 0.3616 0.8729 -0.3275
vn 0.3398 0.8203 -0.4600
vn 0.3027 0.7308 -0.6118
vn 0.2400 0.5795 -0.7788
vn 0.1399 0.3376 -0.9308
vn 0.2030 0.3039 0.9308
vn 0.3485 0.5215 0.7788
vn 0.4395 0.6577 0.6118
vn 0.4933 0.7383 0.4600
vn 0.5249 0.7856 0.3275
vn 0.5432 0.8129 0.2102
vn 0.5526 0.8271 0.1027
vn 0.5556 0.8315 -0.0000
vn 0.5526 0.8271 -0.1027
vn 0.5432 0.8129 -0.2102
vn 0.5249 0.7856 -0.3275
vn 0.4933 0.7383 -0.4600
vn 0.4395 0.6577 -0.6118
vn 0.3485 0.5215 -0.7788
vn 0.2030 0.3039 -0.9308
vn 0.2584 0.2584 0.9308
vn 0.4435 0.4435 0.7788
vn 0.5593 0.5593 0.6118
vn 0.6279 0.6279 0.4600
vn 0.6681 0.6681 0.3275
vn 0.6913 0.6913 0.2102
vn 0.7034 0.7034 0.1027
vn 0.7071 0.7071 -0.0000
vn 0.7034 0.7034 -0.1027
vn 0.6913 0.6913 -0.2102
vn 0.6681 0.6681 -0.3275
vn 0.6279 0.6279 -0.4600
vn 0.5593 0.5593 -0.6118
vn 0.4435 0.4435 -0.7788
vn 0.2584 0.2584 -0.9308
vn 0.3039 0.2030 0.9308
vn 0.5215 0.3485 0.7788
vn 0.6577 0.4395 0.6118
vn 0.7383 0.4933 0.4600
vn 0.7856 0.5249 0.3275
vn 0.8129 0.5432 0.2102
vn 0.8271 0.5526 0.1027
vn 0.8315 0.5556 -0.0000
vn 0.8271 0.5526 -0.1027
vn 0.8129 0.5432 -0.2102
vn 0.7856 0.5249 -0.3275
vn 0.7383 0.4933 -0.4600
vn 0.6577 0.4395 -0.6118
vn 0.5215 0.3485 -0.7788
vn 0.3039 0.2030 -0.9308
vn 0.3376 0.1399 0.9308
vn 0.5795 0.2400 0.7788
vn 0.7308 0.3027 0.6118
vn 0.8203 0.3398 0.4600
vn 0.8729 0.3616 0.3275
vn 0.9032 0.3741 0.2102
vn 0.9190 0.3807 0.1027
vn 0.9239 0.3827 -0.0000
vn 0.9190 0.3807 -0.1027
vn 0.9032 0.3741 -0.2102
vn 0.8729 0.3616 -0.3275
vn 0.8203 0.3398 -0.4600
vn 0.7308 0.3027 -0.6118
vn 0.5795 0.2400 -0.7788
vn 0.3376 0.1399 -0.9308
vn 0.3584 0.0713 0.9308
vn 0.6152 0.1224 0.7788
vn 0.7758 0.1543 0.6118
vn 0.8709 0.1732 0.4600
vn 0.9267 0.1843 0.3275
vn 0.9589 0.1907 0.2102
vn 0.9756 0.1941 0.1027
vn 0.9808 0.1951 -0.0000
vn 0.9756 0.1941 -0.1027
vn 0.9589 0.1907 -0.2102
vn 0.9267 0.1843 -0.3275
vn 0.8709 0.1732 -0.4600
vn 0.7758 0.1543 -0.6118
vn 0.6152 0.1224 -0.7788
vn 0.3584 0.0713 -0.9308
vn 0.3655 -0.0000 0.9308
vn 0.6273 -0.0000 0.7788
vn 0.7910 -0.0000 0.6118
vn 0.8879 -0.0000 0.4600
vn 0.9449 -0.0000 0.3275
vn 0.9777 -0.0000 0.2102
vn 0.9947 -0.0000 0.1027
vn 1.0000 -0.0000 -0.0000
vn 0.9947 -0.0000 -0.1027
vn 0.9777 -0.0000 -0.2102
vn 0.9449 -0.0000 -0.3275
vn 0.8879 -0.0000 -0.4600
vn 0.7910 -0.0000 -0.6118
vn 0.6273 -0.0000 -0.7788
vn 0.3655 -0.0000 -0.9308
vn 0.3584 -0.0713 0.9308
vn 0.6152 -0.1224 0.7788
vn 0.7758 -0.1543 0.6118
vn 0.8709 -0.1732 0.4600
vn 0.9267 -0.1843 0.3275
vn 0.9589 -0.1907 0.2102
vn 0.9756 -0.1941 0.1027
vn 0.9808 -0.1951 -0.0000
vn 0.9756 -0.1941 -0.1027
vn 0.9589 -0.1907 -0.2102
vn 0.9267 -0.1843 -0.3275
vn 0.8709 -0.1732 -0.4600
vn 0.7758 -0.1543 -0.6118
vn 0.6152 -0.1224 -0.7788
vn 0.3584 -0.0713 -0.9308
vn 0.3376 -0.1399 0.9308
vn 0.5795 -0.2400 0.7788
vn 0.7308 -0.3027 0.6118
vn 0.8203 -0.3398 0.4600
vn 0.8729 -0.3616 0.3275
vn 0.9032 -0.3741 0.2102
vn 0.9190 -0.3807 0.1027
vn 0.9239 -0.3827 -0.0000
vn 0.9190 -0.3807 -0.1027
vn 0.9032 -0.3741 -0.2102
vn 0.8729 -0.3616 -0.3275
vn 0.8203 -0.3398 -0.4600
vn 0.7308 -0.3027 -0.6118
vn 0.5795 -0.2400 -0.7788
vn 0.3376 -0.1399 -0.9308
vn 0.3039 -0.2030 0.9308
vn 0.5215 -0.3485 0.7788
vn 0.6577 -0.4395 0.6118
vn 0.7383 -0.4933 0.4600
vn 0.7856 -0.5249 0.3275
vn 0.8129 -0.5432 0.2102
vn 0.8271 -0.5526 0.1027
vn 0.8315 -0.5556 -0.0000
vn 0.8271 -0.5526 -0.1027
vn 0.8129 -0.5432 -0.2102
vn 0.7856 -0.5249 -0.3275
vn 0.7383 -0.4933 -0.4600
vn 0.6577 -0.4395 -0.6118
vn 0.5215 -0.3485 -0.7788
vn 0.3039 -0.2030 -0.9308
vn 0.2584 -0.2584 0.9308
vn 0.4435 -0.4435 0.7788
vn 0.5593 -0.5593 0.6118
vn 0.6279 -0.6279 0.4600
vn 0.6681 -0.6681 0.3275
vn 0.6913 -0.6913 0.2102
vn 0.7034 -0.7034 0.1027
vn 0.7071 -0.7071 -0.0000
vn 0.7034 -0.7034 -0.1027
vn 0.6913 -0.6913 -0.2102
vn 0.6681 -0.6681 -0.3275
vn 0.6279 -0.6279 -0.4600
vn 0.5593 -0.5593 -0.6118
vn 0.4435 -0.4435 -0.7788
vn 0.2584 -0.2584 -0.9308
vn 0.2030 -0.3039 0.9308
vn 0.3485 -0.5215 0.7788
vn 0.4395 -0.6577 0.6118
vn 0.4933 -0.7383 0.4600
vn 0.5249 -0.7856 0.3275
vn 0.5432 -0.8129 0.2102
vn 0.5526 -0.8271 0.1027
vn 0.5556 -0.8315 -0.0000
vn 0.5526 -0.8271 -0.1027
vn 0.5432 -0.8129 -0.2102
vn 0.5249 -0.7856 -0.3275
vn 0.4933 -0.7383 -0.4600
vn 0.4395 -0.6577 -0.6118
vn 0.3485 -0.5215 -0.7788
vn 0.2030 -0.3039 -0.9308
vn 0.1399 -0.3376 0.9308
vn 0.2400 -0.5795 0.7788
vn 0.3027 -0.7308 0.6118
vn 0.3398 -0.8203 0.4600
vn 0.3616 -0.8729 0.3275
vn 0.3741 -0.9032 0.2102
vn 0.3807 -0.9190 0.1027
vn 0.3827 -0.9239 -0.0000
vn 0.3807 -0.9190 -0.1027
vn 0.3741 -0.9032 -0.2102
vn 0.3616 -0.8729 -0.3275
vn 0.3398 -0.8203 -0.4600
vn 0.3027 -0.7308 -0.6118
vn 0.2400 -0.5795 -0.7788
vn 0.1399 -0.3376 -0.9308
vn 0.0713 -0.3584 0.9308
vn 0.1224 -0.6152 0.7788
vn 0.1543 -0.7758 0.6118
vn 0.1732 -0.8709 0.4600
vn 0.1843 -0.9267 0.3275
vn 0.1907 -0.9589 0.2102
vn 0.1941 -0.9756 0.1027
vn 0.1951 -0.9808 -0.0000
vn 0.1941 -0.9756 -0.1027
vn 0.1907 -0.9589 -0.2102
vn 0.1843 -0.9267 -0.3275
vn 0.1732 -0.8709 -0.4600
vn 0.1543 -0.7758 -0.6118
vn 0.1224 -0.6152 -0.7788
vn 0.0713 -0.3584 -0.9308
vn -0.0000 -0.3655 0.9308
vn -0.0000 -0.6273 0.7788
vn -0.0000 -0.7910 0.6118
vn -0.0000 -0.8879 0.4600
vn -0.0000 -0.9449 0.3275
vn -0.0000 -0.9777 0.2102
vn -0.0000 -0.9947 0.1027
vn -0.0000 -1.0000 -0.0000
vn -0.0000 -0.9947 -0.1027
vn -0.0000 -0.9777 -0.2102
vn -0.0000 -0.9449 -0.3275
vn -0.0000 -0.8879 -0.4600
vn -0.0000 -0.7910 -0.6118
vn -0.0000 -0.6273 -0.7788
vn -0.0000 -0.3655 -0.9308
vn -0.0713 -0.3584 0.9308
vn -0.1224 -0.6152 0.7788
vn -0.1543 -0.7758 0.6118
vn -0.1732 -0.8709 0.4600
vn -0.1843 -0.9267 0.3275
vn -0.1907 -0.9589 0.2102
vn -0.1941 -0.9756 0.1027
vn -0.1951 -0.9808 -0.0000
vn -0.1941 -0.9756 -0.1027
vn -0.1907 -0.9589 -0.2102
vn -0.1843 -0.9267 -0.3275
vn -0.1732 -0.8709 -0.4600
vn -0.1543 -0.7758 -0.6118
vn -0.1224 -0.6152 -0.7788
vn -0.0713 -0.3584 -0.9308
vn -0.1399 -0.3376 0.9308
vn -0.2400 -0.5795 0.7788
vn -0.3027 -0.7308 0.6118
vn -0.3398 -0.8203 0.4600
vn -0.3616 -0.8729 0.3275
vn -0.3741 -0.9032 0.2102
vn -0.3807 -0.9190 0.1027
vn -0.3827 -0.9239 -0.0000
vn -0.3807 -0.9190 -0.1027
vn -0.3741 -0.9032 -0.2102
vn -0.3616 -0.8729 -0.3275
vn -0.3398 -0.8203 -0.4600
vn -0.3027 -0.7308 -0.6118
vn -0.2400 -0.5795 -0.7788
vn -0.1399 -0.3376 -0.9308
vn -0.2030 -0.3039 0.9308
vn -0.3485 -0.5215 0.7788
vn -0.4395 -0.6577 0.6118
vn -0.4933 -0.7383 0.4600
vn -0.5249 -0.7856 0.3275
vn -0.5432 -0.8129 0.2102
vn -0.5526 -0.8271 0.1027
vn -0.5556 -0.8315 -0.0000
vn -0.5526 -0.8271 -0.1027
vn -0.5432 -0.8129 -0.2102
vn -0.5249 -0.7856 -0.3275
vn -0.4933 -0.7383 -0.4600
vn -0.4395 -0.6577 -0.6118
vn -0.3485 -0.5215 -0.7788
vn -0.2030 -0.3039 -0.9308
vn -0.2584 -0.2584 0.9308
vn -0.4435 -0.4435 0.7788
vn -0.5593 -0.5593 0.6118
vn -0.6279 -0.6279 0.4600
vn -0.6681 -0.6681 0.3275
vn -0.6913 -0.6913 0.2102
vn -0.7034 -0.7034 0.1027
vn -0.7071 -0.7071 -0.0000
vn -0.7034 -0.7034 -0.1027
vn -0.6913 -0.6913 -0.2102
vn -0.6681 -0.6681 -0.3275
vn -0.6279 -0.6279 -0.4600
vn -0.5593 -0.5593 -0.6118
vn -0.4435 -0.4435 -0.7788
vn -0.2584 -0.2584 -0.9308
vn -0.3039 -0.2030 0.9308
vn -0.5215 -0.3485 0.7788
vn -0.6577 -0.4395 0.6118
vn -0.7383 -0.4933 0.4600
vn -0.7856 -0.5249 0.3275
vn -0.8129 -0.5432 0.2102
vn -0.8271 -0.5526 0.1027
vn -0.8315 -0.5556 -0.0000
vn -0.8271 -0.5526 -0.1027
vn -0.8129 -0.5432 -0.2102
vn -0.7856 -0.5249 -0.3275
vn -0.7383 -0.4933 -0.4600
vn -0.6577 -0.4395 -0.6118
vn -0.5215 -0.3485 -0.7788
vn -0.3039 -0.2030 -0.9308
vn -0.3376 -0.1399 0.9308
vn -0.5795 -0.2400 0.7788
vn -0.7308 -0.3027 0.6118
vn -0.8203 -0.3398 0.4600
vn -0.8729 -0.3616 0.3275
vn -0.9032 -0.3741 0.2102
vn -0.9190 -0.3807 0.1027
vn -0.9239 -0.3827 -0.0000
vn -0.9190 -0.3807 -0.1027
vn -0.9032 -0.3741 -0.2102
vn -0.8729 -0.3616 -0.3275
vn -0.8203 -0.3398 -0.4600
vn -0.7308 -0.3027 -0.6118
vn -0.5795 -0.2400 -0.7788
vn -0.3376 -0.1399 -0.9308
vn -0.3584 -0.0713 0.9308
vn -0.6152 -0.1224 0.7788
vn -0.7758 -0.1543 0.6118
vn -0.8709 -0.1732 0.4600
vn -0.9267 -0.1843 0.3275
vn -0.9589 -0.1907 0.2102
vn -0.9756 -0.1941 0.1027
vn -0.9808 -0.1951 -0.0000
vn -0.9756 -0.1941 -0.1027
vn -0.9589 -0.1907 -0.2102
vn -0.9267 -0.1843 -0.3275
vn -0.8709 -0.1732 -0.4600
vn -0.7758 -0.1543 -0.6118
vn -0.6152 -0.1224 -0.7788
vn -0.3584 -0.0713 -0.9308
vn -0.3655 -0.0000 0.9308
vn -0.6273 -0.0000 0.7788
vn -0.7910 -0.0000 0.6118
vn -0.8879 -0.0000 0.4600
vn -0.9449 -0.0000 0.3275
vn -0.9777 -0.0000 0.2102
vn -0.9947 -0.0000 0.1027
vn -1.0000 -0.0000 -0.0000
vn -0.9947 -0.0000 -0.1027
vn -0.9777 -0.0000 -0.2102
vn -0.9449 -0.0000 -0.3275
vn -0.8879 -0.0000 -0.4600
vn -0.7910 -0.0000 -0.6118
vn -0.6273 -0.0000 -0.7788
vn -0.3655 -0.0000 -0.9308
vn -0.3584 0.0713 0.9308
vn -0.6152 0.1224 0.7788
vn -0.7758 0.1543 0.6118
vn -0.8709 0.1732 0.4600
vn -0.9267 0.1843 0.3275
vn -0.9589 0.1907 0.2102
vn -0.9756 0.1941 0.1027
vn -0.9808 0.1951 -0.0000
vn -0.9756 0.1941 -0.1027
vn -0.9589 0.1907 -0.2102
vn -0.9267 0.1843 -0.3275
vn -0.8709 0.1732 -0.4600
vn -0.7758 0.1543 -0.6118
vn -0.6152 0.1224 -0.7788
vn -0.3584 0.0713 -0.9308
vn -0.3376 0.1399 0.9308
vn -0.5795 0.2400 0.7788
vn -0.7308 0.3027 0.6118
vn -0.8203 0.3398 0.4600
vn -0.8729 0.3616 0.3275
vn -0.9032 0.3741 0.2102
vn -0.9190 0.3807 0.1027
vn -0.9239 0.3827 -0.0000
vn -0.9190 0.3807 -0.1027
vn -0.9032 0.3741 -0.2102
vn -0.8729 0.3616 -0.3275
vn -0.8203 0.3398 -0.4600
vn -0.7308 0.3027 -0.6118
vn -0.5795 0.2400 -0.7788
vn -0.3376 0.1399 -0.9308
vn -0.3039 0.2030 0.9308
vn -0.5215 0.3485 0.7788
vn -0.6577 0.4395 0.6118
vn -0.7383 0.4933 0.4600
vn -0.7856 0.5249 0.3275
vn -0.8129 0.5432 0.2102
vn -0.8271 0.5526 0.1027
vn -0.8315 0.5556 -0.0000
vn -0.8271 0.5526 -0.1027
vn -0.8129 0.5432 -0.2102
vn -0.7856 0.5249 -0.3275
vn -0.7383 0.4933 -0.4600
vn -0.6577 0.4395 -0.6118
vn -0.5215 0.3485 -0.7788
vn -0.3039 0.2030 -0.9308
vn -0.2584 0.2584 0.9308
vn -0.4435 0.4435 0.7788
vn -0.5593 0.5593 0.6118
vn -0.6279 0.6279 0.4600
vn -0.6681 0.6681 0.3275
vn -0.6913 0.6913 0.2102
vn -0.7034 0.7034 0.1027
vn -0.7071 0.7071 -0.0000
vn -0.7034 0.7034 -0.1027
vn -0.6913 0.6913 -0.2102
vn -0.6681 0.6681 -0.3275
vn -0.6279 0.6279 -0.4600
vn -0.5593 0.5593 -0.6118
vn -0.4435 0.4435 -0.7788
vn -0.2584 0.2584 -0.9308
vn -0.2030 0.3039 0.9308
vn -0.3485 0.5215 0.7788
vn -0.4395 0.6577 0.6118
vn -0.4933 0.7383 0.4600
vn -0.5249 0.7856 0.3275
vn -0.5432 0.8129 0.2102
vn -0.5526 0.8271 0.1027
vn -0.5556 0.8315 -0.0000
vn -0.5526 0.8271 -0.1027
vn -0.5432 0.8129 -0.2102
vn -0.5249 0.7856 -0.3275
vn -0.4933 0.7383 -0.4600
vn -0.4395 0.6577 -0.6118
vn -0.3485 0.5215 -0.7788
vn -0.2030 0.3039 -0.9308
vn -0.1399 0.3376 0.9308
vn -0.2400 0.5795 0.7788
vn -0.3027 0.7308 0.6118
vn -0.3398 0.8203 0.4600
vn -0.3616 0.8729 0.3275
vn -0.3741 0.9032 0.2102
vn -0.3807 0.9190 0.1027
vn -0.3827 0.9239 -0.0000
vn -0.3807 0.9190 -0.1027
vn -0.3741 0.9032 -0.2102
vn -0.3616 0.8729 -0.3275
vn -0.3398 0.8203 -0.4600
vn -0.3027 0.7308 -0.6118
vn -0.2400 0.5795 -0.7788
vn -0.1399 0.3376 -0.9308
vn -0.0713 0.3584 0.9308
vn -0.1224 0.6152 0.7788
vn -0.1543 0.7758 0.6118
vn -0.1732 0.8709 0.4600
vn -0.1843 0.9267 0.3275
vn -0.1907 0.9589 0.2102
vn -0.1941 0.9756 0.1027
vn -0.1951 0.9808 -0.0000
vn -0.1941 0.9756 -0.1027
vn -0.1907 0.9589 -0.2102
vn -0.1843 0.9267 -0.3275
vn -0.1732 0.8709 -0.4600
vn -0.1543 0.7758 -0.6118
vn -0.1224 0.6152 -0.7788
vn -0.0713 0.3584 -0.9308
vn -0.0000 0.3655 0.9308
vn -0.0000 0.6273 0.7788
vn -0.0000 0.8879 0.4600
vn -0.0000 0.9777 0.2102
vn -0.0000 0.9777 -0.2102
vn -0.0000 0.8879 -0.4600
vn -0.0000 0.7910 -0.6118
vn -0.0000 0.6273 -0.7788
vn -0.0000 0.3655 -0.9308
vt 0.750000 0.125000
vt 0.750000 0.187500
vt 0.718750 0.187500
vt 0.718750 0.125000
vt 0.750000 0.562500
vt 0.750000 0.625000
vt 0.718750 0.625000
vt 0.718750 0.562500
vt 0.750000 0.062500
vt 0.718750 0.062500
vt 0.750000 0.500000
vt 0.718750 0.500000
vt 0.750000 0.937500
vt 0.734375 1.000000
vt 0.718750 0.937500
vt 0.734375 0.000000
vt 0.750000 0.437500
vt 0.718750 0.437500
vt 0.750000 0.875000
vt 0.718750 0.875000
vt 0.750000 0.375000
vt 0.718750 0.375000
vt 0.750000 0.812500
vt 0.718750 0.812500
vt 0.750000 0.312500
vt 0.718750 0.312500
vt 0.750000 0.750000
vt 0.718750 0.750000
vt 0.750000 0.250000
vt 0.718750 0.250000
vt 0.750000 0.687500
vt 0.718750 0.687500
vt 0.687500 0.750000
vt 0.687500 0.687500
vt 0.687500 0.250000
vt 0.687500 0.187500
vt 0.687500 0.625000
vt 0.687500 0.125000
vt 0.687500 0.562500
vt 0.687500 0.062500
vt 0.687500 0.500000
vt 0.703125 1.000000
vt 0.687500 0.937500
vt 0.703125 0.000000
vt 0.687500 0.437500
vt 0.687500 0.875000
vt 0.687500 0.375000
vt 0.687500 0.812500
vt 0.687500 0.312500
vt 0.656250 0.500000
vt 0.656250 0.437500
vt 0.656250 0.937500
vt 0.656250 0.875000
vt 0.656250 0.375000
vt 0.656250 0.812500
vt 0.656250 0.312500
vt 0.656250 0.750000
vt 0.656250 0.250000
vt 0.656250 0.687500
vt 0.656250 0.187500
vt 0.656250 0.625000
vt 0.656250 0.125000
vt 0.656250 0.562500
vt 0.656250 0.062500
vt 0.671875 1.000000
vt 0.671875 0.000000
vt 0.625000 0.250000
vt 0.625000 0.187500
vt 0.625000 0.687500
vt 0.625000 0.625000
vt 0.625000 0.125000
vt 0.625000 0.562500
vt 0.625000 0.062500
vt 0.625000 0.500000
vt 0.640625 1.000000
vt 0.625000 0.937500
vt 0.640625 0.000000
vt 0.625000 0.437500
vt 0.625000 0.875000
vt 0.625000 0.375000
vt 0.625000 0.812500
vt 0.625000 0.312500
vt 0.625000 0.750000
vt 0.593750 0.437500
vt 0.593750 0.375000
vt 0.593750 0.875000
vt 0.593750 0.812500
vt 0.593750 0.312500
vt 0.593750 0.750000
vt 0.593750 0.250000
vt 0.593750 0.687500
vt 0.593750 0.187500
vt 0.593750 0.625000
vt 0.593750 0.125000
vt 0.593750 0.562500
vt 0.593750 0.062500
vt 0.593750 0.500000
vt 0.609375 1.000000
vt 0.593750 0.937500
vt 0.609375 0.000000
vt 0.562500 0.187500
vt 0.562500 0.125000
vt 0.562500 0.625000
vt 0.562500 0.562500
vt 0.562500 0.062500
vt 0.562500 0.500000
vt 0.578125 1.000000
vt 0.562500 0.937500
vt 0.578125 0.000000
vt 0.562500 0.437500
vt 0.562500 0.875000
vt 0.562500 0.375000
vt 0.562500 0.812500
vt 0.562500 0.312500
vt 0.562500 0.750000
vt 0.562500 0.250000
vt 0.562500 0.687500
vt 0.531250 0.875000
vt 0.531250 0.812500
vt 0.531250 0.375000
vt 0.531250 0.312500
vt 0.531250 0.750000
vt 0.531250 0.250000
vt 0.531250 0.687500
vt 0.531250 0.187500
vt 0.531250 0.625000
vt 0.531250 0.125000
vt 0.531250 0.562500
vt 0.531250 0.062500
vt 0.531250 0.500000
vt 0.546875 1.000000
vt 0.531250 0.937500
vt 0.546875 0.000000
vt 0.531250 0.437500
vt 0.500000 0.625000
vt 0.500000 0.562500
vt 0.500000 0.125000
vt 0.500000 0.062500
vt 0.500000 0.500000
vt 0.515625 1.000000
vt 0.500000 0.937500
vt 0.515625 0.000000
vt 0.500000 0.437500
vt 0.500000 0.875000
vt 0.500000 0.375000
vt 0.500000 0.812500
vt 0.500000 0.312500
vt 0.500000 0.750000
vt 0.500000 0.250000
vt 0.500000 0.687500
vt 0.500000 0.187500
vt 0.468750 0.375000
vt 0.468750 0.312500
vt 0.468750 0.812500
vt 0.468750 0.750000
vt 0.468750 0.250000
vt 0.468750 0.687500
vt 0.468750 0.187500
vt 0.468750 0.625000
vt 0.468750 0.125000
vt 0.468750 0.562500
vt 0.468750 0.062500
vt 0.468750 0.500000
vt 0.484375 1.000000
vt 0.468750 0.937500
vt 0.484375 0.000000
vt 0.468750 0.437500
vt 0.468750 0.875000
vt 0.437500 0.125000
vt 0.437500 0.062500
vt 0.437500 0.562500
vt 0.437500 0.500000
vt 0.453125 1.000000
vt 0.437500 0.937500
vt 0.453125 0.000000
vt 0.437500 0.437500
vt 0.437500 0.875000
vt 0.437500 0.375000
vt 0.437500 0.812500
vt 0.437500 0.312500
vt 0.437500 0.750000
vt 0.437500 0.250000
vt 0.437500 0.687500
vt 0.437500 0.187500
vt 0.437500 0.625000
vt 0.406250 0.812500
vt 0.406250 0.750000
vt 0.406250 0.312500
vt 0.406250 0.250000
vt 0.406250 0.687500
vt 0.406250 0.187500
vt 0.406250 0.625000
vt 0.406250 0.125000
vt 0.406250 0.562500
vt 0.406250 0.062500
vt 0.406250 0.500000
vt 0.421875 1.000000
vt 0.406250 0.937500
vt 0.421875 0.000000
vt 0.406250 0.437500
vt 0.406250 0.875000
vt 0.406250 0.375000
vt 0.375000 0.562500
vt 0.375000 0.500000
vt 0.390625 1.000000
vt 0.375000 0.937500
vt 0.390625 0.000000
vt 0.375000 0.062500
vt 0.375000 0.437500
vt 0.375000 0.875000
vt 0.375000 0.375000
vt 0.375000 0.812500
vt 0.375000 0.312500
vt 0.375000 0.750000
vt 0.375000 0.250000
vt 0.375000 0.687500
vt 0.375000 0.187500
vt 0.375000 0.625000
vt 0.375000 0.125000
vt 0.343750 0.312500
vt 0.343750 0.250000
vt 0.343750 0.750000
vt 0.343750 0.687500
vt 0.343750 0.187500
vt 0.343750 0.625000
vt 0.343750 0.125000
vt 0.343750 0.562500
vt 0.343750 0.062500
vt 0.343750 0.500000
vt 0.359375 1.000000
vt 0.343750 0.937500
vt 0.359375 0.000000
vt 0.343750 0.437500
vt 0.343750 0.875000
vt 0.343750 0.375000
vt 0.343750 0.812500
vt 0.328125 0.000000
vt 0.312500 0.062500
vt 0.312500 0.500000
vt 0.312500 0.437500
vt 0.312500 0.937500
vt 0.312500 0.875000
vt 0.312500 0.375000
vt 0.312500 0.812500
vt 0.312500 0.312500
vt 0.312500 0.750000
vt 0.312500 0.250000
vt 0.312500 0.687500
vt 0.312500 0.187500
vt 0.312500 0.625000
vt 0.312500 0.125000
vt 0.312500 0.562500
vt 0.328125 1.000000
vt 0.281250 0.250000
vt 0.281250 0.187500
vt 0.281250 0.687500
vt 0.281250 0.625000
vt 0.281250 0.125000
vt 0.281250 0.562500
vt 0.281250 0.062500
vt 0.281250 0.500000
vt 0.296875 1.000000
vt 0.281250 0.937500
vt 0.296875 0.000000
vt 0.281250 0.437500
vt 0.281250 0.875000
vt 0.281250 0.375000
vt 0.281250 0.812500
vt 0.281250 0.312500
vt 0.281250 0.750000
vt 0.250000 0.937500
vt 0.250000 0.875000
vt 0.250000 0.437500
vt 0.250000 0.375000
vt 0.250000 0.812500
vt 0.250000 0.312500
vt 0.250000 0.750000
vt 0.250000 0.250000
vt 0.250000 0.687500
vt 0.250000 0.187500
vt 0.250000 0.625000
vt 0.250000 0.125000
vt 0.250000 0.562500
vt 0.250000 0.062500
vt 0.250000 0.500000
vt 0.265625 1.000000
vt 0.265625 0.000000
vt 0.218750 0.687500
vt 0.218750 0.625000
vt 0.218750 0.187500
vt 0.218750 0.125000
vt 0.218750 0.562500
vt 0.218750 0.062500
vt 0.218750 0.500000
vt 0.234375 1.000000
vt 0.218750 0.937500
vt 0.234375 0.000000
vt 0.218750 0.437500
vt 0.218750 0.875000
vt 0.218750 0.375000
vt 0.218750 0.812500
vt 0.218750 0.312500
vt 0.218750 0.750000
vt 0.218750 0.250000
vt 0.187500 0.437500
vt 0.187500 0.375000
vt 0.187500 0.875000
vt 0.187500 0.812500
vt 0.187500 0.312500
vt 0.187500 0.750000
vt 0.187500 0.250000
vt 0.187500 0.687500
vt 0.187500 0.187500
vt 0.187500 0.625000
vt 0.187500 0.125000
vt 0.187500 0.562500
vt 0.187500 0.062500
vt 0.187500 0.500000
vt 0.203125 1.000000
vt 0.187500 0.937500
vt 0.203125 0.000000
vt 0.156250 0.187500
vt 0.156250 0.125000
vt 0.156250 0.625000
vt 0.156250 0.562500
vt 0.156250 0.062500
vt 0.156250 0.500000
vt 0.171875 1.000000
vt 0.156250 0.937500
vt 0.171875 0.000000
vt 0.156250 0.437500
vt 0.156250 0.875000
vt 0.156250 0.375000
vt 0.156250 0.812500
vt 0.156250 0.312500
vt 0.156250 0.750000
vt 0.156250 0.250000
vt 0.156250 0.687500
vt 0.125000 0.875000
vt 0.125000 0.812500
vt 0.125000 0.375000
vt 0.125000 0.312500
vt 0.125000 0.750000
vt 0.125000 0.250000
vt 0.125000 0.687500
vt 0.125000 0.187500
vt 0.125000 0.625000
vt 0.125000 0.125000
vt 0.125000 0.562500
vt 0.125000 0.062500
vt 0.125000 0.500000
vt 0.140625 1.000000
vt 0.125000 0.937500
vt 0.140625 0.000000
vt 0.125000 0.437500
vt 0.093750 0.625000
vt 0.093750 0.562500
vt 0.093750 0.125000
vt 0.093750 0.062500
vt 0.093750 0.500000
vt 0.109375 1.000000
vt 0.093750 0.937500
vt 0.109375 0.000000
vt 0.093750 0.437500
vt 0.093750 0.875000
vt 0.093750 0.375000
vt 0.093750 0.812500
vt 0.093750 0.312500
vt 0.093750 0.750000
vt 0.093750 0.250000
vt 0.093750 0.687500
vt 0.093750 0.187500
vt 0.062500 0.375000
vt 0.062500 0.312500
vt 0.062500 0.812500
vt 0.062500 0.750000
vt 0.062500 0.250000
vt 0.062500 0.687500
vt 0.062500 0.187500
vt 0.062500 0.625000
vt 0.062500 0.125000
vt 0.062500 0.562500
vt 0.062500 0.062500
vt 0.062500 0.500000
vt 0.078125 1.000000
vt 0.062500 0.937500
vt 0.078125 0.000000
vt 0.062500 0.437500
vt 0.062500 0.875000
vt 0.031250 0.125000
vt 0.031250 0.062500
vt 0.031250 0.562500
vt 0.031250 0.500000
vt 0.046875 1.000000
vt 0.031250 0.937500
vt 0.046875 0.000000
vt 0.031250 0.437500
vt 0.031250 0.875000
vt 0.031250 0.375000
vt 0.031250 0.812500
vt 0.031250 0.312500
vt 0.031250 0.750000
vt 0.031250 0.250000
vt 0.031250 0.687500
vt 0.031250 0.187500
vt 0.031250 0.625000
vt 0.000000 0.312500
vt 0.000000 0.250000
vt 0.000000 0.750000
vt 0.000000 0.687500
vt 0.000000 0.187500
vt 0.000000 0.625000
vt 0.000000 0.125000
vt 0.000000 0.562500
vt 0.000000 0.062500
vt 0.000000 0.500000
vt 0.015625 1.000000
vt 0.000000 0.937500
vt 0.015625 0.000000
vt 0.000000 0.437500
vt 0.000000 0.875000
vt 0.000000 0.375000
vt 0.000000 0.812500
vt 1.000000 0.937500
vt 0.984375 1.000000
vt 0.968750 0.937500
vt 0.984375 0.000000
vt 1.000000 0.062500
vt 0.968750 0.062500
vt 1.000000 0.437500
vt 1.000000 0.500000
vt 0.968750 0.500000
vt 0.968750 0.437500
vt 1.000000 0.875000
vt 0.968750 0.875000
vt 1.000000 0.375000
vt 0.968750 0.375000
vt 1.000000 0.812500
vt 0.968750 0.812500
vt 1.000000 0.312500
vt 0.968750 0.312500
vt 1.000000 0.750000
vt 0.968750 0.750000
vt 1.000000 0.250000
vt 0.968750 0.250000
vt 1.000000 0.687500
vt 0.968750 0.687500
vt 1.000000 0.187500
vt 0.968750 0.187500
vt 1.000000 0.625000
vt 0.968750 0.625000
vt 1.000000 0.125000
vt 0.968750 0.125000
vt 1.000000 0.562500
vt 0.968750 0.562500
vt 0.937500 0.750000
vt 0.937500 0.687500
vt 0.937500 0.250000
vt 0.937500 0.187500
vt 0.937500 0.625000
vt 0.937500 0.125000
vt 0.937500 0.562500
vt 0.937500 0.062500
vt 0.937500 0.500000
vt 0.953125 1.000000
vt 0.937500 0.937500
vt 0.953125 0.000000
vt 0.937500 0.437500
vt 0.937500 0.875000
vt 0.937500 0.375000
vt 0.937500 0.812500
vt 0.937500 0.312500
vt 0.906250 0.500000
vt 0.906250 0.437500
vt 0.906250 0.937500
vt 0.906250 0.875000
vt 0.906250 0.375000
vt 0.906250 0.812500
vt 0.906250 0.312500
vt 0.906250 0.750000
vt 0.906250 0.250000
vt 0.906250 0.687500
vt 0.906250 0.187500
vt 0.906250 0.625000
vt 0.906250 0.125000
vt 0.906250 0.562500
vt 0.906250 0.062500
vt 0.921875 1.000000
vt 0.921875 0.000000
vt 0.875000 0.250000
vt 0.875000 0.187500
vt 0.875000 0.687500
vt 0.875000 0.625000
vt 0.875000 0.125000
vt 0.875000 0.562500
vt 0.875000 0.062500
vt 0.875000 0.500000
vt 0.890625 1.000000
vt 0.875000 0.937500
vt 0.890625 0.000000
vt 0.875000 0.437500
vt 0.875000 0.875000
vt 0.875000 0.375000
vt 0.875000 0.812500
vt 0.875000 0.312500
vt 0.875000 0.750000
vt 0.843750 0.937500
vt 0.843750 0.875000
vt 0.843750 0.437500
vt 0.843750 0.375000
vt 0.843750 0.812500
vt 0.843750 0.312500
vt 0.843750 0.750000
vt 0.843750 0.250000
vt 0.843750 0.687500
vt 0.843750 0.187500
vt 0.843750 0.625000
vt 0.843750 0.125000
vt 0.843750 0.562500
vt 0.843750 0.062500
vt 0.843750 0.500000
vt 0.859375 1.000000
vt 0.859375 0.000000
vt 0.812500 0.687500
vt 0.812500 0.625000
vt 0.812500 0.187500
vt 0.812500 0.125000
vt 0.812500 0.562500
vt 0.812500 0.062500
vt 0.812500 0.500000
vt 0.828125 1.000000
vt 0.812500 0.937500
vt 0.828125 0.000000
vt 0.812500 0.437500
vt 0.812500 0.875000
vt 0.812500 0.375000
vt 0.812500 0.812500
vt 0.812500 0.312500
vt 0.812500 0.750000
vt 0.812500 0.250000
vt 0.781250 0.437500
vt 0.781250 0.375000
vt 0.781250 0.875000
vt 0.781250 0.812500
vt 0.781250 0.312500
vt 0.781250 0.750000
vt 0.781250 0.250000
vt 0.781250 0.687500
vt 0.781250 0.187500
vt 0.781250 0.625000
vt 0.781250 0.125000
vt 0.781250 0.562500
vt 0.781250 0.062500
vt 0.781250 0.500000
vt 0.796875 1.000000
vt 0.781250 0.937500
vt 0.796875 0.000000
vt 0.765625 1.000000
vt 0.765625 0.000000
s 1
f 481/1/481 480/2/480 21/3/21 22/4/22
f 4/5/4 477/6/477 14/7/14 15/8/15
f 482/9/482 481/1/481 22/4/22 23/10/23
f 5/11/5 4/5/4 15/8/15 16/12/16
f 474/13/474 1/14/1 9/15/9
f 8/16/8 482/9/482 23/10/23
f 6/17/6 5/11/5 16/12/16 17/18/17
f 475/19/475 474/13/474 9/15/9 10/20/10
f 478/21/478 6/17/6 17/18/17 18/22/18
f 2/23/2 475/19/475 10/20/10 11/24/11
f 7/25/7 478/21/478 18/22/18 19/26/19
f 476/27/476 2/23/2 11/24/11 12/28/12
f 479/29/479 7/25/7 19/26/19 20/30/20
f 3/31/3 476/27/476 12/28/12 13/32/13
f 480/2/480 479/29/479 20/30/20 21/3/21
f 477/6/477 3/31/3 13/32/13 14/7/14
f 13/32/13 12/28/12 27/33/27 28/34/28
f 21/3/21 20/30/20 35/35/35 36/36/36
f 14/7/14 13/32/13 28/34/28 29/37/29
f 22/4/22 21/3/21 36/36/36 37/38/37
f 15/8/15 14/7/14 29/37/29 30/39/30
f 23/10/23 22/4/22 37/38/37 38/40/38
f 16/12/16 15/8/15 30/39/30 31/41/31
f 9/15/9 1/42/1 24/43/24
f 8/44/8 23/10/23 38/40/38
f 17/18/17 16/12/16 31/41/31 32/45/32
f 10/20/10 9/15/9 24/43/24 25/46/25
f 18/22/18 17/18/17 32/45/32 33/47/33
f 11/24/11 10/20/10 25/46/25 26/48/26
f 19/26/19 18/22/18 33/47/33 34/49/34
f 12/28/12 11/24/11 26/48/26 27/33/27
f 20/30/20 19/26/19 34/49/34 35/35/35
f 32/45/32 31/41/31 46/50/46 47/51/47
f 25/46/25 24/43/24 39/52/39 40/53/40
f 33/47/33 32/45/32 47/51/47 48/54/48
f 26/48/26 25/46/25 40/53/40 41/55/41
f 34/49/34 33/47/33 48/54/48 49/56/49
f 27/33/27 26/48/26 41/55/41 42/57/42
f 35/35/35 34/49/34 49/56/49 50/58/50
f 28/34/28 27/33/27 42/57/42 43/59/43
f 36/36/36 35/35/35 50/58/50 51/60/51
f 29/37/29 28/34/28 43/59/43 44/61/44
f 37/38/37 36/36/36 51/60/51 52/62/52
f 30/39/30 29/37/29 44/61/44 45/63/45
f 38/40/38 37/38/37 52/62/52 53/64/53
f 31/41/31 30/39/30 45/63/45 46/50/46
f 24/43/24 1/65/1 39/52/39
f 8/66/8 38/40/38 53/64/53
f 51/60/51 50/58/50 65/67/65 66/68/66
f 44/61/44 43/59/43 58/69/58 59/70/59
f 52/62/52 51/60/51 66/68/66 67/71/67
f 45/63/45 44/61/44 59/70/59 60/72/60
f 53/64/53 52/62/52 67/71/67 68/73/68
f 46/50/46 45/63/45 60/72/60 61/74/61
f 39/52/39 1/75/1 54/76/54
f 8/77/8 53/64/53 68/73/68
f 47/51/47 46/50/46 61/74/61 62/78/62
f 40/53/40 39/52/39 54/76/54 55/79/55
f 48/54/48 47/51/47 62/78/62 63/80/63
f 41/55/41 40/53/40 55/79/55 56/81/56
f 49/56/49 48/54/48 63/80/63 64/82/64
f 42/57/42 41/55/41 56/81/56 57/83/57
f 50/58/50 49/56/49 64/82/64 65/67/65
f 43/59/43 42/57/42 57/83/57 58/69/58
f 63/80/63 62/78/62 77/84/77 78/85/78
f 56/81/56 55/79/55 70/86/70 71/87/71
f 64/82/64 63/80/63 78/85/78 79/88/79
f 57/83/57 56/81/56 71/87/71 72/89/72
f 65/67/65 64/82/64 79/88/79 80/90/80
f 58/69/58 57/83/57 72/89/72 73/91/73
f 66/68/66 65/67/65 80/90/80 81/92/81
f 59/70/59 58/69/58 73/91/73 74/93/74
f 67/71/67 66/68/66 81/92/81 82/94/82
f 60/72/60 59/70/59 74/93/74 75/95/75
f 68/73/68 67/71/67 82/94/82 83/96/83
f 61/74/61 60/72/60 75/95/75 76/97/76
f 54/76/54 1/98/1 69/99/69
f 8/100/8 68/73/68 83/96/83
f 62/78/62 61/74/61 76/97/76 77/84/77
f 55/79/55 54/76/54 69/99/69 70/86/70
f 82/94/82 81/92/81 96/101/96 97/102/97
f 75/95/75 74/93/74 89/103/89 90/104/90
f 83/96/83 82/94/82 97/102/97 98/105/98
f 76/97/76 75/95/75 90/104/90 91/106/91
f 69/99/69 1/107/1 84/108/84
f 8/109/8 83/96/83 98/105/98
f 77/84/77 76/97/76 91/106/91 92/110/92
f 70/86/70 69/99/69 84/108/84 85/111/85
f 78/85/78 77/84/77 92/110/92 93/112/93
f 71/87/71 70/86/70 85/111/85 86/113/86
f 79/88/79 78/85/78 93/112/93 94/114/94
f 72/89/72 71/87/71 86/113/86 87/115/87
f 80/90/80 79/88/79 94/114/94 95/116/95
f 73/91/73 72/89/72 87/115/87 88/117/88
f 81/92/81 80/90/80 95/116/95 96/101/96
f 74/93/74 73/91/73 88/117/88 89/103/89
f 86/113/86 85/111/85 100/118/100 101/119/101
f 94/114/94 93/112/93 108/120/108 109/121/109
f 87/115/87 86/113/86 101/119/101 102/122/102
f 95/116/95 94/114/94 109/121/109 110/123/110
f 88/117/88 87/115/87 102/122/102 103/124/103
f 96/101/96 95/116/95 110/123/110 111/125/111
f 89/103/89 88/117/88 103/124/103 104/126/104
f 97/102/97 96/101/96 111/125/111 112/127/112
f 90/104/90 89/103/89 104/126/104 105/128/105
f 98/105/98 97/102/97 112/127/112 113/129/113
f 91/106/91 90/104/90 105/128/105 106/130/106
f 84/108/84 1/131/1 99/132/99
f 8/133/8 98/105/98 113/129/113
f 92/110/92 91/106/91 106/130/106 107/134/107
f 85/111/85 84/108/84 99/132/99 100/118/100
f 93/112/93 92/110/92 107/134/107 108/120/108
f 105/128/105 104/126/104 119/135/119 120/136/120
f 113/129/113 112/127/112 127/137/127 128/138/128
f 106/130/106 105/128/105 120/136/120 121/139/121
f 99/132/99 1/140/1 114/141/114
f 8/142/8 113/129/113 128/138/128
f 107/134/107 106/130/106 121/139/121 122/143/122
f 100/118/100 99/132/99 114/141/114 115/144/115
f 108/120/108 107/134/107 122/143/122 123/145/123
f 101/119/101 100/118/100 115/144/115 116/146/116
f 109/121/109 108/120/108 123/145/123 124/147/124
f 102/122/102 101/119/101 116/146/116 117/148/117
f 110/123/110 109/121/109 124/147/124 125/149/125
f 103/124/103 102/122/102 117/148/117 118/150/118
f 111/125/111 110/123/110 125/149/125 126/151/126
f 104/126/104 103/124/103 118/150/118 119/135/119
f 112/127/112 111/125/111 126/151/126 127/137/127
f 124/147/124 123/145/123 138/152/138 139/153/139
f 117/148/117 116/146/116 131/154/131 132/155/132
f 125/149/125 124/147/124 139/153/139 140/156/140
f 118/150/118 117/148/117 132/155/132 133/157/133
f 126/151/126 125/149/125 140/156/140 141/158/141
f 119/135/119 118/150/118 133/157/133 134/159/134
f 127/137/127 126/151/126 141/158/141 142/160/142
f 120/136/120 119/135/119 134/159/134 135/161/135
f 128/138/128 127/137/127 142/160/142 143/162/143
f 121/139/121 120/136/120 135/161/135 136/163/136
f 114/141/114 1/164/1 129/165/129
f 8/166/8 128/138/128 143/162/143
f 122/143/122 121/139/121 136/163/136 137/167/137
f 115/144/115 114/141/114 129/165/129 130/168/130
f 123/145/123 122/143/122 137/167/137 138/152/138
f 116/146/116 115/144/115 130/168/130 131/154/131
f 143/162/143 142/160/142 157/169/157 158/170/158
f 136/163/136 135/161/135 150/171/150 151/172/151
f 129/165/129 1/173/1 144/174/144
f 8/175/8 143/162/143 158/170/158
f 137/167/137 136/163/136 151/172/151 152/176/152
f 130/168/130 129/165/129 144/174/144 145/177/145
f 138/152/138 137/167/137 152/176/152 153/178/153
f 131/154/131 130/168/130 145/177/145 146/179/146
f 139/153/139 138/152/138 153/178/153 154/180/154
f 132/155/132 131/154/131 146/179/146 147/181/147
f 140/156/140 139/153/139 154/180/154 155/182/155
f 133/157/133 132/155/132 147/181/147 148/183/148
f 141/158/141 140/156/140 155/182/155 156/184/156
f 134/159/134 133/157/133 148/183/148 149/185/149
f 142/160/142 141/158/141 156/184/156 157/169/157
f 135/161/135 134/159/134 149/185/149 150/171/150
f 147/181/147 146/179/146 161/186/161 162/187/162
f 155/182/155 154/180/154 169/188/169 170/189/170
f 148/183/148 147/181/147 162/187/162 163/190/163
f 156/184/156 155/182/155 170/189/170 171/191/171
f 149/185/149 148/183/148 163/190/163 164/192/164
f 157/169/157 156/184/156 171/191/171 172/193/172
f 150/171/150 149/185/149 164/192/164 165/194/165
f 158/170/158 157/169/157 172/193/172 173/195/173
f 151/172/151 150/171/150 165/194/165 166/196/166
f 144/174/144 1/197/1 159/198/159
f 8/199/8 158/170/158 173/195/173
f 152/176/152 151/172/151 166/196/166 167/200/167
f 145/177/145 144/174/144 159/198/159 160/201/160
f 153/178/153 152/176/152 167/200/167 168/202/168
f 146/179/146 145/177/145 160/201/160 161/186/161
f 154/180/154 153/178/153 168/202/168 169/188/169
f 166/196/166 165/194/165 180/203/180 181/204/181
f 159/198/159 1/205/1 174/206/174
f 8/207/8 173/195/173 188/208/188
f 167/200/167 166/196/166 181/204/181 182/209/182
f 160/201/160 159/198/159 174/206/174 175/210/175
f 168/202/168 167/200/167 182/209/182 183/211/183
f 161/186/161 160/201/160 175/210/175 176/212/176
f 169/188/169 168/202/168 183/211/183 184/213/184
f 162/187/162 161/186/161 176/212/176 177/214/177
f 170/189/170 169/188/169 184/213/184 185/215/185
f 163/190/163 162/187/162 177/214/177 178/216/178
f 171/191/171 170/189/170 185/215/185 186/217/186
f 164/192/164 163/190/163 178/216/178 179/218/179
f 172/193/172 171/191/171 186/217/186 187/219/187
f 165/194/165 164/192/164 179/218/179 180/203/180
f 173/195/173 172/193/172 187/219/187 188/208/188
f 185/215/185 184/213/184 199/220/199 200/221/200
f 178/216/178 177/214/177 192/222/192 193/223/193
f 186/217/186 185/215/185 200/221/200 201/224/201
f 179/218/179 178/216/178 193/223/193 194/225/194
f 187/219/187 186/217/186 201/224/201 202/226/202
f 180/203/180 179/218/179 194/225/194 195/227/195
f 188/208/188 187/219/187 202/226/202 203/228/203
f 181/204/181 180/203/180 195/227/195 196/229/196
f 174/206/174 1/230/1 189/231/189
f 8/232/8 188/208/188 203/228/203
f 182/209/182 181/204/181 196/229/196 197/233/197
f 175/210/175 174/206/174 189/231/189 190/234/190
f 183/211/183 182/209/182 197/233/197 198/235/198
f 176/212/176 175/210/175 190/234/190 191/236/191
f 184/213/184 183/211/183 198/235/198 199/220/199
f 177/214/177 176/212/176 191/236/191 192/222/192
f 8/237/8 203/228/203 218/238/218
f 197/233/197 196/229/196 211/239/211 212/240/212
f 190/234/190 189/231/189 204/241/204 205/242/205
f 198/235/198 197/233/197 212/240/212 213/243/213
f 191/236/191 190/234/190 205/242/205 206/244/206
f 199/220/199 198/235/198 213/243/213 214/245/214
f 192/222/192 191/236/191 206/244/206 207/246/207
f 200/221/200 199/220/199 214/245/214 215/247/215
f 193/223/193 192/222/192 207/246/207 208/248/208
f 201/224/201 200/221/200 215/247/215 216/249/216
f 194/225/194 193/223/193 208/248/208 209/250/209
f 202/226/202 201/224/201 216/249/216 217/251/217
f 195/227/195 194/225/194 209/250/209 210/252/210
f 203/228/203 202/226/202 217/251/217 218/238/218
f 196/229/196 195/227/195 210/252/210 211/239/211
f 189/231/189 1/253/1 204/241/204
f 216/249/216 215/247/215 230/254/230 231/255/231
f 209/250/209 208/248/208 223/256/223 224/257/224
f 217/251/217 216/249/216 231/255/231 232/258/232
f 210/252/210 209/250/209 224/257/224 225/259/225
f 218/238/218 217/251/217 232/258/232 233/260/233
f 211/239/211 210/252/210 225/259/225 226/261/226
f 204/241/204 1/262/1 219/263/219
f 8/264/8 218/238/218 233/260/233
f 212/240/212 211/239/211 226/261/226 227/265/227
f 205/242/205 204/241/204 219/263/219 220/266/220
f 213/243/213 212/240/212 227/265/227 228/267/228
f 206/244/206 205/242/205 220/266/220 221/268/221
f 214/245/214 213/243/213 228/267/228 229/269/229
f 207/246/207 206/244/206 221/268/221 222/270/222
f 215/247/215 214/245/214 229/269/229 230/254/230
f 208/248/208 207/246/207 222/270/222 223/256/223
f 220/266/220 219/263/219 234/271/234 235/272/235
f 228/267/228 227/265/227 242/273/242 243/274/243
f 221/268/221 220/266/220 235/272/235 236/275/236
f 229/269/229 228/267/228 243/274/243 244/276/244
f 222/270/222 221/268/221 236/275/236 237/277/237
f 230/254/230 229/269/229 244/276/244 245/278/245
f 223/256/223 222/270/222 237/277/237 238/279/238
f 231/255/231 230/254/230 245/278/245 246/280/246
f 224/257/224 223/256/223 238/279/238 239/281/239
f 232/258/232 231/255/231 246/280/246 247/282/247
f 225/259/225 224/257/224 239/281/239 240/283/240
f 233/260/233 232/258/232 247/282/247 248/284/248
f 226/261/226 225/259/225 240/283/240 241/285/241
f 219/263/219 1/286/1 234/271/234
f 8/287/8 233/260/233 248/284/248
f 227/265/227 226/261/226 241/285/241 242/273/242
f 239/281/239 238/279/238 253/288/253 254/289/254
f 247/282/247 246/280/246 261/290/261 262/291/262
f 240/283/240 239/281/239 254/289/254 255/292/255
f 248/284/248 247/282/247 262/291/262 263/293/263
f 241/285/241 240/283/240 255/292/255 256/294/256
f 234/271/234 1/295/1 249/296/249
f 8/297/8 248/284/248 263/293/263
f 242/273/242 241/285/241 256/294/256 257/298/257
f 235/272/235 234/271/234 249/296/249 250/299/250
f 243/274/243 242/273/242 257/298/257 258/300/258
f 236/275/236 235/272/235 250/299/250 251/301/251
f 244/276/244 243/274/243 258/300/258 259/302/259
f 237/277/237 236/275/236 251/301/251 252/303/252
f 245/278/245 244/276/244 259/302/259 260/304/260
f 238/279/238 237/277/237 252/303/252 253/288/253
f 246/280/246 245/278/245 260/304/260 261/290/261
f 258/300/258 257/298/257 272/305/272 273/306/273
f 251/301/251 250/299/250 265/307/265 266/308/266
f 259/302/259 258/300/258 273/306/273 274/309/274
f 252/303/252 251/301/251 266/308/266 267/310/267
f 260/304/260 259/302/259 274/309/274 275/311/275
f 253/288/253 252/303/252 267/310/267 268/312/268
f 261/290/261 260/304/260 275/311/275 276/313/276
f 254/289/254 253/288/253 268/312/268 269/314/269
f 262/291/262 261/290/261 276/313/276 277/315/277
f 255/292/255 254/289/254 269/314/269 270/316/270
f 263/293/263 262/291/262 277/315/277 278/317/278
f 256/294/256 255/292/255 270/316/270 271/318/271
f 249/296/249 1/319/1 264/320/264
f 8/321/8 263/293/263 278/317/278
f 257/298/257 256/294/256 271/318/271 272/305/272
f 250/299/250 249/296/249 264/320/264 265/307/265
f 277/315/277 276/313/276 291/322/291 292/323/292
f 270/316/270 269/314/269 284/324/284 285/325/285
f 278/317/278 277/315/277 292/323/292 293/326/293
f 271/318/271 270/316/270 285/325/285 286/327/286
f 264/320/264 1/328/1 279/329/279
f 8/330/8 278/317/278 293/326/293
f 272/305/272 271/318/271 286/327/286 287/331/287
f 265/307/265 264/320/264 279/329/279 280/332/280
f 273/306/273 272/305/272 287/331/287 288/333/288
f 266/308/266 265/307/265 280/332/280 281/334/281
f 274/309/274 273/306/273 288/333/288 289/335/289
f 267/310/267 266/308/266 281/334/281 282/336/282
f 275/311/275 274/309/274 289/335/289 290/337/290
f 268/312/268 267/310/267 282/336/282 283/338/283
f 276/313/276 275/311/275 290/337/290 291/322/291
f 269/314/269 268/312/268 283/338/283 284/324/284
f 281/334/281 280/332/280 295/339/295 296/340/296
f 289/335/289 288/333/288 303/341/303 304/342/304
f 282/336/282 281/334/281 296/340/296 297/343/297
f 290/337/290 289/335/289 304/342/304 305/344/305
f 283/338/283 282/336/282 297/343/297 298/345/298
f 291/322/291 290/337/290 305/344/305 306/346/306
f 284/324/284 283/338/283 298/345/298 299/347/299
f 292/323/292 291/322/291 306/346/306 307/348/307
f 285/325/285 284/324/284 299/347/299 300/349/300
f 293/326/293 292/323/292 307/348/307 308/350/308
f 286/327/286 285/325/285 300/349/300 301/351/301
f 279/329/279 1/352/1 294/353/294
f 8/354/8 293/326/293 308/350/308
f 287/331/287 286/327/286 301/351/301 302/355/302
f 280/332/280 279/329/279 294/353/294 295/339/295
f 288/333/288 287/331/287 302/355/302 303/341/303
f 300/349/300 299/347/299 314/356/314 315/357/315
f 308/350/308 307/348/307 322/358/322 323/359/323
f 301/351/301 300/349/300 315/357/315 316/360/316
f 294/353/294 1/361/1 309/362/309
f 8/363/8 308/350/308 323/359/323
f 302/355/302 301/351/301 316/360/316 317/364/317
f 295/339/295 294/353/294 309/362/309 310/365/310
f 303/341/303 302/355/302 317/364/317 318/366/318
f 296/340/296 295/339/295 310/365/310 311/367/311
f 304/342/304 303/341/303 318/366/318 319/368/319
f 297/343/297 296/340/296 311/367/311 312/369/312
f 305/344/305 304/342/304 319/368/319 320/370/320
f 298/345/298 297/343/297 312/369/312 313/371/313
f 306/346/306 305/344/305 320/370/320 321/372/321
f 299/347/299 298/345/298 313/371/313 314/356/314
f 307/348/307 306/346/306 321/372/321 322/358/322
f 319/368/319 318/366/318 333/373/333 334/374/334
f 312/369/312 311/367/311 326/375/326 327/376/327
f 320/370/320 319/368/319 334/374/334 335/377/335
f 313/371/313 312/369/312 327/376/327 328/378/328
f 321/372/321 320/370/320 335/377/335 336/379/336
f 314/356/314 313/371/313 328/378/328 329/380/329
f 322/358/322 321/372/321 336/379/336 337/381/337
f 315/357/315 314/356/314 329/380/329 330/382/330
f 323/359/323 322/358/322 337/381/337 338/383/338
f 316/360/316 315/357/315 330/382/330 331/384/331
f 309/362/309 1/385/1 324/386/324
f 8/387/8 323/359/323 338/383/338
f 317/364/317 316/360/316 331/384/331 332/388/332
f 310/365/310 309/362/309 324/386/324 325/389/325
f 318/366/318 317/364/317 332/388/332 333/373/333
f 311/367/311 310/365/310 325/389/325 326/375/326
f 338/383/338 337/381/337 352/390/352 353/391/353
f 331/384/331 330/382/330 345/392/345 346/393/346
f 324/386/324 1/394/1 339/395/339
f 8/396/8 338/383/338 353/391/353
f 332/388/332 331/384/331 346/393/346 347/397/347
f 325/389/325 324/386/324 339/395/339 340/398/340
f 333/373/333 332/388/332 347/397/347 348/399/348
f 326/375/326 325/389/325 340/398/340 341/400/341
f 334/374/334 333/373/333 348/399/348 349/401/349
f 327/376/327 326/375/326 341/400/341 342/402/342
f 335/377/335 334/374/334 349/401/349 350/403/350
f 328/378/328 327/376/327 342/402/342 343/404/343
f 336/379/336 335/377/335 350/403/350 351/405/351
f 329/380/329 328/378/328 343/404/343 344/406/344
f 337/381/337 336/379/336 351/405/351 352/390/352
f 330/382/330 329/380/329 344/406/344 345/392/345
f 350/403/350 349/401/349 364/407/364 365/408/365
f 343/404/343 342/402/342 357/409/357 358/410/358
f 351/405/351 350/403/350 365/408/365 366/411/366
f 344/406/344 343/404/343 358/410/358 359/412/359
f 352/390/352 351/405/351 366/411/366 367/413/367
f 345/392/345 344/406/344 359/412/359 360/414/360
f 353/391/353 352/390/352 367/413/367 368/415/368
f 346/393/346 345/392/345 360/414/360 361/416/361
f 339/395/339 1/417/1 354/418/354
f 8/419/8 353/391/353 368/415/368
f 347/397/347 346/393/346 361/416/361 362/420/362
f 340/398/340 339/395/339 354/418/354 355/421/355
f 348/399/348 347/397/347 362/420/362 363/422/363
f 341/400/341 340/398/340 355/421/355 356/423/356
f 349/401/349 348/399/348 363/422/363 364/407/364
f 342/402/342 341/400/341 356/423/356 357/409/357
f 354/424/354 1/425/1 369/426/369
f 8/427/8 368/428/368 383/429/383
f 362/430/362 361/431/361 376/432/376 377/433/377
f 355/434/355 354/424/354 369/426/369 370/435/370
f 363/436/363 362/430/362 377/433/377 378/437/378
f 356/438/356 355/434/355 370/435/370 371/439/371
f 364/440/364 363/436/363 378/437/378 379/441/379
f 357/442/357 356/438/356 371/439/371 372/443/372
f 365/444/365 364/440/364 379/441/379 380/445/380
f 358/446/358 357/442/357 372/443/372 373/447/373
f 366/448/366 365/444/365 380/445/380 381/449/381
f 359/450/359 358/446/358 373/447/373 374/451/374
f 367/452/367 366/448/366 381/449/381 382/453/382
f 360/454/360 359/450/359 374/451/374 375/455/375
f 368/428/368 367/452/367 382/453/382 383/429/383
f 361/431/361 360/454/360 375/455/375 376/432/376
f 373/447/373 372/443/372 387/456/387 388/457/388
f 381/449/381 380/445/380 395/458/395 396/459/396
f 374/451/374 373/447/373 388/457/388 389/460/389
f 382/453/382 381/449/381 396/459/396 397/461/397
f 375/455/375 374/451/374 389/460/389 390/462/390
f 383/429/383 382/453/382 397/461/397 398/463/398
f 376/432/376 375/455/375 390/462/390 391/464/391
f 369/426/369 1/465/1 384/466/384
f 8/467/8 383/429/383 398/463/398
f 377/433/377 376/432/376 391/464/391 392/468/392
f 370/435/370 369/426/369 384/466/384 385/469/385
f 378/437/378 377/433/377 392/468/392 393/470/393
f 371/439/371 370/435/370 385/469/385 386/471/386
f 379/441/379 378/437/378 393/470/393 394/472/394
f 372/443/372 371/439/371 386/471/386 387/456/387
f 380/445/380 379/441/379 394/472/394 395/458/395
f 392/468/392 391/464/391 406/473/406 407/474/407
f 385/469/385 384/466/384 399/475/399 400/476/400
f 393/470/393 392/468/392 407/474/407 408/477/408
f 386/471/386 385/469/385 400/476/400 401/478/401
f 394/472/394 393/470/393 408/477/408 409/479/409
f 387/456/387 386/471/386 401/478/401 402/480/402
f 395/458/395 394/472/394 409/479/409 410/481/410
f 388/457/388 387/456/387 402/480/402 403/482/403
f 396/459/396 395/458/395 410/481/410 411/483/411
f 389/460/389 388/457/388 403/482/403 404/484/404
f 397/461/397 396/459/396 411/483/411 412/485/412
f 390/462/390 389/460/389 404/484/404 405/486/405
f 398/463/398 397/461/397 412/485/412 413/487/413
f 391/464/391 390/462/390 405/486/405 406/473/406
f 384/466/384 1/488/1 399/475/399
f 8/489/8 398/463/398 413/487/413
f 411/483/411 410/481/410 425/490/425 426/491/426
f 404/484/404 403/482/403 418/492/418 419/493/419
f 412/485/412 411/483/411 426/491/426 427/494/427
f 405/486/405 404/484/404 419/493/419 420/495/420
f 413/487/413 412/485/412 427/494/427 428/496/428
f 406/473/406 405/486/405 420/495/420 421/497/421
f 399/475/399 1/498/1 414/499/414
f 8/500/8 413/487/413 428/496/428
f 407/474/407 406/473/406 421/497/421 422/501/422
f 400/476/400 399/475/399 414/499/414 415/502/415
f 408/477/408 407/474/407 422/501/422 423/503/423
f 401/478/401 400/476/400 415/502/415 416/504/416
f 409/479/409 408/477/408 423/503/423 424/505/424
f 402/480/402 401/478/401 416/504/416 417/506/417
f 410/481/410 409/479/409 424/505/424 425/490/425
f 403/482/403 402/480/402 417/506/417 418/492/418
f 415/502/415 414/499/414 429/507/429 430/508/430
f 423/503/423 422/501/422 437/509/437 438/510/438
f 416/504/416 415/502/415 430/508/430 431/511/431
f 424/505/424 423/503/423 438/510/438 439/512/439
f 417/506/417 416/504/416 431/511/431 432/513/432
f 425/490/425 424/505/424 439/512/439 440/514/440
f 418/492/418 417/506/417 432/513/432 433/515/433
f 426/491/426 425/490/425 440/514/440 441/516/441
f 419/493/419 418/492/418 433/515/433 434/517/434
f 427/494/427 426/491/426 441/516/441 442/518/442
f 420/495/420 419/493/419 434/517/434 435/519/435
f 428/496/428 427/494/427 442/518/442 443/520/443
f 421/497/421 420/495/420 435/519/435 436/521/436
f 414/499/414 1/522/1 429/507/429
f 8/523/8 428/496/428 443/520/443
f 422/501/422 421/497/421 436/521/436 437/509/437
f 434/517/434 433/515/433 448/524/448 449/525/449
f 442/518/442 441/516/441 456/526/456 457/527/457
f 435/519/435 434/517/434 449/525/449 450/528/450
f 443/520/443 442/518/442 457/527/457 458/529/458
f 436/521/436 435/519/435 450/528/450 451/530/451
f 429/507/429 1/531/1 444/532/444
f 8/533/8 443/520/443 458/529/458
f 437/509/437 436/521/436 451/530/451 452/534/452
f 430/508/430 429/507/429 444/532/444 445/535/445
f 438/510/438 437/509/437 452/534/452 453/536/453
f 431/511/431 430/508/430 445/535/445 446/537/446
f 439/512/439 438/510/438 453/536/453 454/538/454
f 432/513/432 431/511/431 446/537/446 447/539/447
f 440/514/440 439/512/439 454/538/454 455/540/455
f 433/515/433 432/513/432 447/539/447 448/524/448
f 441/516/441 440/514/440 455/540/455 456/526/456
f 453/536/453 452/534/452 467/541/467 468/542/468
f 446/537/446 445/535/445 460/543/460 461/544/461
f 454/538/454 453/536/453 468/542/468 469/545/469
f 447/539/447 446/537/446 461/544/461 462/546/462
f 455/540/455 454/538/454 469/545/469 470/547/470
f 448/524/448 447/539/447 462/546/462 463/548/463
f 456/526/456 455/540/455 470/547/470 471/549/471
f 449/525/449 448/524/448 463/548/463 464/550/464
f 457/527/457 456/526/456 471/549/471 472/551/472
f 450/528/450 449/525/449 464/550/464 465/552/465
f 458/529/458 457/527/457 472/551/472 473/553/473
f 451/530/451 450/528/450 465/552/465 466/554/466
f 444/532/444 1/555/1 459/556/459
f 8/557/8 458/529/458 473/553/473
f 452/534/452 451/530/451 466/554/466 467/541/467
f 445/535/445 444/532/444 459/556/459 460/543/460
f 472/551/472 471/549/471 480/2/480 481/1/481
f 465/552/465 464/550/464 477/6/477 4/5/4
f 473/553/473 472/551/472 481/1/481 482/9/482
f 466/554/466 465/552/465 4/5/4 5/11/5
f 459/556/459 1/558/1 474/13/474
f 8/559/8 473/553/473 482/9/482
f 467/541/467 466/554/466 5/11/5 6/17/6
f 460/543/460 459/556/459 474/13/474 475/19/475
f 468/542/468 467/541/467 6/17/6 478/21/478
f 461/544/461 460/543/460 475/19/475 2/23/2
f 469/545/469 468/542/468 478/21/478 7/25/7
f 462/546/462 461/544/461 2/23/2 476/27/476
f 470/547/470 469/545/469 7/25/7 479/29/479
f 463/548/463 462/546/462 476/27/476 3/31/3
f 471/549/471 470/547/470 479/29/479 480/2/480
f 464/550/464 463/548/463 3/31/3 477/6/477
o 左耳
v -0.472700 2.879692 -0.060647
v -0.419123 2.902415 -0.054915
v -0.367605 2.924265 -0.037940
v -0.320126 2.944402 -0.010373
v -0.278511 2.962052 0.026724
v -0.244358 2.976537 0.071928
v -0.218979 2.987300 0.123501
v -0.203352 2.993928 0.179461
v -0.198075 2.996166 0.237657
v -0.203352 2.993928 0.295853
v -0.218979 2.987300 0.351813
v -0.244358 2.976537 0.403386
v -0.278511 2.962052 0.448590
v -0.320126 2.944402 0.485688
v -0.367605 2.924265 0.513254
v -0.419123 2.902415 0.530229
v -0.472700 2.879692 0.535961
v -0.526277 2.856969 0.530229
v -0.577794 2.835119 0.513254
v -0.625273 2.814982 0.485688
v -0.666889 2.797332 0.448590
v -0.701042 2.782847 0.403386
v -0.726420 2.772084 0.351813
v -0.742048 2.765456 0.295853
v -0.747325 2.763218 0.237657
v -0.742048 2.765456 0.179461
v -0.726420 2.772084 0.123501
v -0.701042 2.782847 0.071928
v -0.666889 2.797332 0.026724
v -0.625273 2.814982 -0.010373
v -0.577794 2.835119 -0.037940
v -0.526277 2.856969 -0.054915
v -0.705648 3.428942 0.237657
vn -0.1746 0.4117 -0.8944
vn -0.3905 0.9206 -0.0000
vn -0.0140 0.4798 -0.8772
vn 0.1405 0.5454 -0.8263
vn 0.2829 0.6057 -0.7437
vn 0.4076 0.6587 -0.6325
vn 0.5100 0.7021 -0.4969
vn 0.5861 0.7344 -0.3423
vn 0.6330 0.7542 -0.1745
vn 0.6488 0.7609 -0.0000
vn 0.6330 0.7542 0.1745
vn 0.5861 0.7344 0.3423
vn 0.5100 0.7021 0.4969
vn 0.4076 0.6587 0.6325
vn 0.2829 0.6057 0.7437
vn 0.1405 0.5454 0.8263
vn -0.0140 0.4798 0.8772
vn -0.1746 0.4117 0.8944
vn -0.3353 0.3436 0.8772
vn -0.4897 0.2781 0.8263
vn -0.6321 0.2177 0.7437
vn -0.7569 0.1648 0.6325
vn -0.8593 0.1213 0.4969
vn -0.9354 0.0891 0.3423
vn -0.9822 0.0692 0.1745
vn -0.9980 0.0625 -0.0000
vn -0.9822 0.0692 -0.1745
vn -0.9354 0.0891 -0.3423
vn -0.8593 0.1213 -0.4969
vn -0.7569 0.1648 -0.6325
vn -0.6321 0.2177 -0.7437
vn -0.4897 0.2781 -0.8263
vn 0.3905 -0.9206 -0.0000
vn -0.3353 0.3436 -0.8772
vt 0.250000 0.490000
vt 0.250000 0.250000
vt 0.296822 0.485388
vt 0.341844 0.471731
vt 0.383337 0.449553
vt 0.419706 0.419706
vt 0.449553 0.383337
vt 0.471731 0.341844
vt 0.485388 0.296822
vt 0.490000 0.250000
vt 0.485388 0.203178
vt 0.471731 0.158156
vt 0.449553 0.116663
vt 0.419706 0.080294
vt 0.383337 0.050447
vt 0.341844 0.028269
vt 0.296822 0.014612
vt 0.250000 0.010000
vt 0.203178 0.014612
vt 0.158156 0.028269
vt 0.116663 0.050447
vt 0.080294 0.080294
vt 0.050447 0.116663
vt 0.028269 0.158156
vt 0.014612 0.203178
vt 0.010000 0.250000
vt 0.014612 0.296822
vt 0.028269 0.341844
vt 0.050447 0.383337
vt 0.080294 0.419706
vt 0.116663 0.449553
vt 0.158156 0.471731
vt 0.750000 0.490000
vt 0.796822 0.485388
vt 0.841844 0.471731
vt 0.883337 0.449553
vt 0.919706 0.419706
vt 0.949553 0.383337
vt 0.971731 0.341844
vt 0.985388 0.296822
vt 0.990000 0.250000
vt 0.985388 0.203178
vt 0.971731 0.158156
vt 0.949553 0.116663
vt 0.919706 0.080294
vt 0.883337 0.050447
vt 0.841844 0.028269
vt 0.796822 0.014612
vt 0.750000 0.010000
vt 0.703178 0.014612
vt 0.658156 0.028269
vt 0.616663 0.050447
vt 0.580294 0.080294
vt 0.550447 0.116663
vt 0.528269 0.158156
vt 0.514612 0.203178
vt 0.510000 0.250000
vt 0.514612 0.296822
vt 0.528269 0.341844
vt 0.550447 0.383337
vt 0.580294 0.419706
vt 0.616663 0.449553
vt 0.658156 0.471731
vt 0.703178 0.485388
vt 0.203178 0.485388
s 1
f 483/560/483 515/561/484 484/562/485
f 484/562/485 515/561/484 485/563/486
f 485/563/486 515/561/484 486/564/487
f 486/564/487 515/561/484 487/565/488
f 487/565/488 515/561/484 488/566/489
f 488/566/489 515/561/484 489/567/490
f 489/567/490 515/561/484 490/568/491
f 490/568/491 515/561/484 491/569/492
f 491/569/492 515/561/484 492/570/493
f 492/570/493 515/561/484 493/571/494
f 493/571/494 515/561/484 494/572/495
f 494/572/495 515/561/484 495/573/496
f 495/573/496 515/561/484 496/574/497
f 496/574/497 515/561/484 497/575/498
f 497/575/498 515/561/484 498/576/499
f 498/576/499 515/561/484 499/577/500
f 499/577/500 515/561/484 500/578/501
f 500/578/501 515/561/484 501/579/502
f 501/579/502 515/561/484 502/580/503
f 502/580/503 515/561/484 503/581/504
f 503/581/504 515/561/484 504/582/505
f 504/582/505 515/561/484 505/583/506
f 505/583/506 515/561/484 506/584/507
f 506/584/507 515/561/484 507/585/508
f 507/585/508 515/561/484 508/586/509
f 508/586/509 515/561/484 509/587/510
f 509/587/510 515/561/484 510/588/511
f 510/588/511 515/561/484 511/589/512
f 511/589/512 515/561/484 512/590/513
f 512/590/513 515/561/484 513/591/514
f 483/592/515 484/593/515 485/594/515 486/595/515 487/596/515 488/597/515 489/598/515 490/599/515 491/600/515 492/601/515 493/602/515 494/603/515 495/604/515 496/605/515 497/606/515 498/607/515 499/608/515 500/609/515 501/610/515 502/611/515 503/612/515 504/613/515 505/614/515 506/615/515 507/616/515 508/617/515 509/618/515 510/619/515 511/620/515 512/621/515 513/622/515 514/623/515
f 513/591/514 515/561/484 514/624/516
f 514/624/516 515/561/484 483/560/483
o 右耳
v 0.525922 2.808598 0.535961
v 0.575683 2.778419 0.530229
v 0.623530 2.749401 0.513254
v 0.667627 2.722658 0.485688
v 0.706279 2.699217 0.448590
v 0.737999 2.679979 0.403386
v 0.761569 2.665684 0.351813
v 0.776084 2.656882 0.295853
v 0.780985 2.653910 0.237657
v 0.776084 2.656882 0.179461
v 0.761569 2.665684 0.123501
v 0.737999 2.679979 0.071928
v 0.706279 2.699217 0.026724
v 0.667627 2.722658 -0.010373
v 0.623530 2.749401 -0.037940
v 0.575683 2.778419 -0.054915
v 0.525922 2.808598 -0.060647
v 0.476162 2.838776 -0.054915
v 0.428314 2.867794 -0.037940
v 0.384217 2.894538 -0.010373
v 0.345566 2.917979 0.026724
v 0.313846 2.937216 0.071928
v 0.290276 2.951511 0.123501
v 0.275761 2.960314 0.179461
v 0.270860 2.963286 0.237657
v 0.275761 2.960314 0.295853
v 0.290276 2.951511 0.351813
v 0.313846 2.937216 0.403386
v 0.345566 2.917979 0.448590
v 0.384217 2.894538 0.485688
v 0.428314 2.867794 0.513254
v 0.476162 2.838776 0.530229
v 0.835299 3.318722 0.237657
vn 0.2319 0.3824 0.8944
vn 0.5186 0.8550 -0.0000
vn 0.3811 0.2919 0.8772
vn 0.5246 0.2049 0.8263
vn 0.6568 0.1247 0.7437
vn 0.7727 0.0544 0.6325
vn 0.8678 -0.0033 0.4969
vn 0.9385 -0.0461 0.3423
vn 0.9820 -0.0725 0.1745
vn 0.9967 -0.0814 -0.0000
vn 0.9820 -0.0725 -0.1745
vn 0.9385 -0.0461 -0.3423
vn 0.8678 -0.0033 -0.4969
vn 0.7727 0.0544 -0.6325
vn 0.6568 0.1247 -0.7437
vn 0.5246 0.2049 -0.8263
vn 0.3811 0.2919 -0.8772
vn 0.2319 0.3824 -0.8944
vn 0.0827 0.4729 -0.8772
vn -0.0608 0.5599 -0.8263
vn -0.1930 0.6401 -0.7437
vn -0.3089 0.7104 -0.6325
vn -0.4040 0.7680 -0.4969
vn -0.4747 0.8109 -0.3423
vn -0.5182 0.8373 -0.1745
vn -0.5329 0.8462 -0.0000
vn -0.5182 0.8373 0.1745
vn -0.4747 0.8109 0.3423
vn -0.4040 0.7680 0.4969
vn -0.3089 0.7104 0.6325
vn -0.1930 0.6401 0.7437
vn -0.0608 0.5599 0.8263
vn -0.5186 -0.8550 -0.0000
vn 0.0827 0.4729 0.8772
vt 0.250000 0.490000
vt 0.250000 0.250000
vt 0.296822 0.485388
vt 0.341844 0.471731
vt 0.383337 0.449553
vt 0.419706 0.419706
vt 0.449553 0.383337
vt 0.471731 0.341844
vt 0.485388 0.296822
vt 0.490000 0.250000
vt 0.485388 0.203178
vt 0.471731 0.158156
vt 0.449553 0.116663
vt 0.419706 0.080294
vt 0.383337 0.050447
vt 0.341844 0.028269
vt 0.296822 0.014612
vt 0.250000 0.010000
vt 0.203178 0.014612
vt 0.158156 0.028269
vt 0.116663 0.050447
vt 0.080294 0.080294
vt 0.050447 0.116663
vt 0.028269 0.158156
vt 0.014612 0.203178
vt 0.010000 0.250000
vt 0.014612 0.296822
vt 0.028269 0.341844
vt 0.050447 0.383337
vt 0.080294 0.419706
vt 0.116663 0.449553
vt 0.158156 0.471731
vt 0.750000 0.490000
vt 0.796822 0.485388
vt 0.841844 0.471731
vt 0.883337 0.449553
vt 0.919706 0.419706
vt 0.949553 0.383337
vt 0.971731 0.341844
vt 0.985388 0.296822
vt 0.990000 0.250000
vt 0.985388 0.203178
vt 0.971731 0.158156
vt 0.949553 0.116663
vt 0.919706 0.080294
vt 0.883337 0.050447
vt 0.841844 0.028269
vt 0.796822 0.014612
vt 0.750000 0.010000
vt 0.703178 0.014612
vt 0.658156 0.028269
vt 0.616663 0.050447
vt 0.580294 0.080294
vt 0.550447 0.116663
vt 0.528269 0.158156
vt 0.514612 0.203178
vt 0.510000 0.250000
vt 0.514612 0.296822
vt 0.528269 0.341844
vt 0.550447 0.383337
vt 0.580294 0.419706
vt 0.616663 0.449553
vt 0.658156 0.471731
vt 0.703178 0.485388
vt 0.203178 0.485388
s 1
f 516/625/517 517/627/519 548/626/518
f 517/627/519 518/628/520 548/626/518
f 518/628/520 519/629/521 548/626/518
f 519/629/521 520/630/522 548/626/518
f 520/630/522 521/631/523 548/626/518
f 521/631/523 522/632/524 548/626/518
f 522/632/524 523/633/525 548/626/518
f 523/633/525 524/634/526 548/626/518
f 524/634/526 525/635/527 548/626/518
f 525/635/527 526/636/528 548/626/518
f 526/636/528 527/637/529 548/626/518
f 527/637/529 528/638/530 548/626/518
f 528/638/530 529/639/531 548/626/518
f 529/639/531 530/640/532 548/626/518
f 530/640/532 531/641/533 548/626/518
f 531/641/533 532/642/534 548/626/518
f 532/642/534 533/643/535 548/626/518
f 533/643/535 534/644/536 548/626/518
f 534/644/536 535/645/537 548/626/518
f 535/645/537 536/646/538 548/626/518
f 536/646/538 537/647/539 548/626/518
f 537/647/539 538/648/540 548/626/518
f 538/648/540 539/649/541 548/626/518
f 539/649/541 540/650/542 548/626/518
f 540/650/542 541/651/543 548/626/518
f 541/651/543 542/652/544 548/626/518
f 542/652/544 543/653/545 548/626/518
f 543/653/545 544/654/546 548/626/518
f 544/654/546 545/655/547 548/626/518
f 545/655/547 546/656/548 548/626/518
f 516/657/549 547/688/549 546/687/549 545/686/549 544/685/549 543/684/549 542/683/549 541/682/549 540/681/549 539/680/549 538/679/549 537/678/549 536/677/549 535/676/549 534/675/549 533/674/549 532/673/549 531/672/549 530/671/549 529/670/549 528/669/549 527/668/549 526/667/549 525/666/549 524/665/549 523/664/549 522/663/549 521/662/549 520/661/549 519/660/549 518/659/549 517/658/549
f 546/656/548 547/689/550 548/626/518
f 547/689/550 516/625/517 548/626/518
o 左前足
v -0.354304 -0.043256 -0.620140
v -0.354304 1.087534 -0.620140
v -0.323322 -0.043256 -0.616634
v -0.323322 1.087534 -0.616634
v -0.293532 -0.043256 -0.606254
v -0.293532 1.087534 -0.606254
v -0.266077 -0.043256 -0.589396
v -0.266077 1.087534 -0.589396
v -0.242012 -0.043256 -0.566710
v -0.242012 1.087534 -0.566710
v -0.222263 -0.043256 -0.539067
v -0.222263 1.087534 -0.539067
v -0.207588 -0.043256 -0.507529
v -0.207588 1.087534 -0.507529
v -0.198551 -0.043256 -0.473309
v -0.198551 1.087534 -0.473309
v -0.195499 -0.043256 -0.437720
v -0.195499 1.087534 -0.437720
v -0.198551 -0.043256 -0.402132
v -0.198551 1.087534 -0.402132
v -0.207588 -0.043256 -0.367911
v -0.207588 1.087534 -0.367911
v -0.222263 -0.043256 -0.336374
v -0.222263 1.087534 -0.336374
v -0.242012 -0.043256 -0.308730
v -0.242012 1.087534 -0.308730
v -0.266077 -0.043256 -0.286044
v -0.266077 1.087534 -0.286044
v -0.293532 -0.043256 -0.269187
v -0.293532 1.087534 -0.269187
v -0.323322 -0.043256 -0.258806
v -0.323322 1.087534 -0.258806
v -0.354304 -0.043256 -0.255301
v -0.354304 1.087534 -0.255301
v -0.385285 -0.043256 -0.258806
v -0.385285 1.087534 -0.258806
v -0.415075 -0.043256 -0.269187
v -0.415075 1.087534 -0.269187
v -0.442531 -0.043256 -0.286044
v -0.442531 1.087534 -0.286044
v -0.466595 -0.043256 -0.308730
v -0.466595 1.087534 -0.308730
v -0.486344 -0.043256 -0.336374
v -0.486344 1.087534 -0.336374
v -0.501020 -0.043256 -0.367911
v -0.501020 1.087534 -0.367911
v -0.510056 -0.043256 -0.402132
v -0.510056 1.087534 -0.402132
v -0.513108 -0.043256 -0.437720
v -0.513108 1.087534 -0.437720
v -0.510056 -0.043256 -0.473309
v -0.510056 1.087534 -0.473309
v -0.501020 -0.043256 -0.507529
v -0.501020 1.087534 -0.507529
v -0.486344 -0.043256 -0.539067
v -0.486344 1.087534 -0.539067
v -0.466595 -0.043256 -0.566710
v -0.466595 1.087534 -0.566710
v -0.442531 -0.043256 -0.589396
v -0.442531 1.087534 -0.589396
v -0.415075 -0.043256 -0.606254
v -0.415075 1.087534 -0.606254
v -0.385285 -0.043256 -0.616634
v -0.385285 1.087534 -0.616634
vn -0.0000 -0.0000 -1.0000
vn 0.2228 -0.0000 -0.9749
vn 0.4297 -0.0000 -0.9030
vn 0.6089 -0.0000 -0.7933
vn 0.7542 -0.0000 -0.6566
vn 0.8644 -0.0000 -0.5028
vn 0.9407 -0.0000 -0.3392
vn 0.9853 -0.0000 -0.1706
vn 1.0000 -0.0000 -0.0000
vn 0.9853 -0.0000 0.1706
vn 0.9407 -0.0000 0.3392
vn 0.8644 -0.0000 0.5028
vn 0.7542 -0.0000 0.6566
vn 0.6089 -0.0000 0.7933
vn 0.4297 -0.0000 0.9030
vn 0.2228 -0.0000 0.9749
vn -0.0000 -0.0000 1.0000
vn -0.2228 -0.0000 0.9749
vn -0.4297 -0.0000 0.9030
vn -0.6089 -0.0000 0.7933
vn -0.7542 -0.0000 0.6566
vn -0.8644 -0.0000 0.5028
vn -0.9407 -0.0000 0.3392
vn -0.9853 -0.0000 0.1706
vn -1.0000 -0.0000 -0.0000
vn -0.9853 -0.0000 -0.1706
vn -0.9407 -0.0000 -0.3392
vn -0.8644 -0.0000 -0.5028
vn -0.7542 -0.0000 -0.6566
vn -0.6089 -0.0000 -0.7933
vn -0.4297 -0.0000 -0.9030
vn -0.0000 1.0000 -0.0000
vn -0.2228 -0.0000 -0.9749
vn -0.0000 -1.0000 -0.0000
vt 1.000000 0.500000
vt 1.000000 1.000000
vt 0.968750 1.000000
vt 0.968750 0.500000
vt 0.937500 1.000000
vt 0.937500 0.500000
vt 0.906250 1.000000
vt 0.906250 0.500000
vt 0.875000 1.000000
vt 0.875000 0.500000
vt 0.843750 1.000000
vt 0.843750 0.500000
vt 0.812500 1.000000
vt 0.812500 0.500000
vt 0.781250 1.000000
vt 0.781250 0.500000
vt 0.750000 1.000000
vt 0.750000 0.500000
vt 0.718750 1.000000
vt 0.718750 0.500000
vt 0.687500 1.000000
vt 0.687500 0.500000
vt 0.656250 1.000000
vt 0.656250 0.500000
vt 0.625000 1.000000
vt 0.625000 0.500000
vt 0.593750 1.000000
vt 0.593750 0.500000
vt 0.562500 1.000000
vt 0.562500 0.500000
vt 0.531250 1.000000
vt 0.531250 0.500000
vt 0.500000 1.000000
vt 0.500000 0.500000
vt 0.468750 1.000000
vt 0.468750 0.500000
vt 0.437500 1.000000
vt 0.437500 0.500000
vt 0.406250 1.000000
vt 0.406250 0.500000
vt 0.375000 1.000000
vt 0.375000 0.500000
vt 0.343750 1.000000
vt 0.343750 0.500000
vt 0.312500 1.000000
vt 0.312500 0.500000
vt 0.281250 1.000000
vt 0.281250 0.500000
vt 0.250000 1.000000
vt 0.250000 0.500000
vt 0.218750 1.000000
vt 0.218750 0.500000
vt 0.187500 1.000000
vt 0.187500 0.500000
vt 0.156250 1.000000
vt 0.156250 0.500000
vt 0.125000 1.000000
vt 0.125000 0.500000
vt 0.093750 1.000000
vt 0.093750 0.500000
vt 0.062500 1.000000
vt 0.062500 0.500000
vt 0.296822 0.485388
vt 0.250000 0.490000
vt 0.203178 0.485388
vt 0.158156 0.471731
vt 0.116663 0.449553
vt 0.080294 0.419706
vt 0.050447 0.383337
vt 0.028269 0.341844
vt 0.014612 0.296822
vt 0.010000 0.250000
vt 0.014612 0.203178
vt 0.028269 0.158156
vt 0.050447 0.116663
vt 0.080294 0.080294
vt 0.116663 0.050447
vt 0.158156 0.028269
vt 0.203178 0.014612
vt 0.250000 0.010000
vt 0.296822 0.014612
vt 0.341844 0.028269
vt 0.383337 0.050447
vt 0.419706 0.080294
vt 0.449553 0.116663
vt 0.471731 0.158156
vt 0.485388 0.203178
vt 0.490000 0.250000
vt 0.485388 0.296822
vt 0.471731 0.341844
vt 0.449553 0.383337
vt 0.419706 0.419706
vt 0.383337 0.449553
vt 0.341844 0.471731
vt 0.031250 1.000000
vt 0.031250 0.500000
vt 0.000000 1.000000
vt 0.000000 0.500000
vt 0.750000 0.490000
vt 0.796822 0.485388
vt 0.841844 0.471731
vt 0.883337 0.449553
vt 0.919706 0.419706
vt 0.949553 0.383337
vt 0.971731 0.341844
vt 0.985388 0.296822
vt 0.990000 0.250000
vt 0.985388 0.203178
vt 0.971731 0.158156
vt 0.949553 0.116663
vt 0.919706 0.080294
vt 0.883337 0.050447
vt 0.841844 0.028269
vt 0.796822 0.014612
vt 0.750000 0.010000
vt 0.703178 0.014612
vt 0.658156 0.028269
vt 0.616663 0.050447
vt 0.580294 0.080294
vt 0.550447 0.116663
vt 0.528269 0.158156
vt 0.514612 0.203178
vt 0.510000 0.250000
vt 0.514612 0.296822
vt 0.528269 0.341844
vt 0.550447 0.383337
vt 0.580294 0.419706
vt 0.616663 0.449553
vt 0.658156 0.471731
vt 0.703178 0.485388
s 1
f 549/690/551 550/691/551 552/692/552 551/693/552
f 551/693/552 552/692/552 554/694/553 553/695/553
f 553/695/553 554/694/553 556/696/554 555/697/554
f 555/697/554 556/696/554 558/698/555 557/699/555
f 557/699/555 558/698/555 560/700/556 559/701/556
f 559/701/556 560/700/556 562/702/557 561/703/557
f 561/703/557 562/702/557 564/704/558 563/705/558
f 563/705/558 564/704/558 566/706/559 565/707/559
f 565/707/559 566/706/559 568/708/560 567/709/560
f 567/709/560 568/708/560 570/710/561 569/711/561
f 569/711/561 570/710/561 572/712/562 571/713/562
f 571/713/562 572/712/562 574/714/563 573/715/563
f 573/715/563 574/714/563 576/716/564 575/717/564
f 575/717/564 576/716/564 578/718/565 577/719/565
f 577/719/565 578/718/565 580/720/566 579/721/566
f 579/721/566 580/720/566 582/722/567 581/723/567
f 581/723/567 582/722/567 584/724/568 583/725/568
f 583/725/568 584/724/568 586/726/569 585/727/569
f 585/727/569 586/726/569 588/728/570 587/729/570
f 587/729/570 588/728/570 590/730/571 589/731/571
f 589/731/571 590/730/571 592/732/572 591/733/572
f 591/733/572 592/732/572 594/734/573 593/735/573
f 593/735/573 594/734/573 596/736/574 595/737/574
f 595/737/574 596/736/574 598/738/575 597/739/575
f 597/739/575 598/738/575 600/740/576 599/741/576
f 599/741/576 600/740/576 602/742/577 601/743/577
f 601/743/577 602/742/577 604/744/578 603/745/578
f 603/745/578 604/744/578 606/746/579 605/747/579
f 605/747/579 606/746/579 608/748/580 607/749/580
f 607/749/580 608/748/580 610/750/581 609/751/581
f 552/752/582 550/753/582 612/754/582 610/755/582 608/756/582 606/757/582 604/758/582 602/759/582 600/760/582 598/761/582 596/762/582 594/763/582 592/764/582 590/765/582 588/766/582 586/767/582 584/768/582 582/769/582 580/770/582 578/771/582 576/772/582 574/773/582 572/774/582 570/775/582 568/776/582 566/777/582 564/778/582 562/779/582 560/780/582 558/781/582 556/782/582 554/783/582
f 609/751/581 610/750/581 612/784/583 611/785/583
f 611/785/583 612/784/583 550/786/551 549/787/551
f 549/788/584 551/789/584 553/790/584 555/791/584 557/792/584 559/793/584 561/794/584 563/795/584 565/796/584 567/797/584 569/798/584 571/799/584 573/800/584 575/801/584 577/802/584 579/803/584 581/804/584 583/805/584 585/806/584 587/807/584 589/808/584 591/809/584 593/810/584 595/811/584 597/812/584 599/813/584 601/814/584 603/815/584 605/816/584 607/817/584 609/818/584 611/819/584
o 右前足
v 0.367864 -0.070978 -0.660160
v 0.367864 1.059813 -0.660160
v 0.398846 -0.070978 -0.656655
v 0.398846 1.059813 -0.656655
v 0.428636 -0.070978 -0.646274
v 0.428636 1.059813 -0.646274
v 0.456091 -0.070978 -0.629417
v 0.456091 1.059813 -0.629417
v 0.480156 -0.070978 -0.606731
v 0.480156 1.059813 -0.606731
v 0.499905 -0.070978 -0.579087
v 0.499905 1.059813 -0.579087
v 0.514580 -0.070978 -0.547550
v 0.514580 1.059813 -0.547550
v 0.523617 -0.070978 -0.513329
v 0.523617 1.059813 -0.513329
v 0.526669 -0.070978 -0.477741
v 0.526669 1.059813 -0.477741
v 0.523617 -0.070978 -0.442153
v 0.523617 1.059813 -0.442153
v 0.514580 -0.070978 -0.407932
v 0.514580 1.059813 -0.407932
v 0.499905 -0.070978 -0.376394
v 0.499905 1.059813 -0.376394
v 0.480156 -0.070978 -0.348751
v 0.480156 1.059813 -0.348751
v 0.456091 -0.070978 -0.326065
v 0.456091 1.059813 -0.326065
v 0.428636 -0.070978 -0.309207
v 0.428636 1.059813 -0.309207
v 0.398846 -0.070978 -0.298827
v 0.398846 1.059813 -0.298827
v 0.367864 -0.070978 -0.295322
v 0.367864 1.059813 -0.295322
v 0.336883 -0.070978 -0.298827
v 0.336883 1.059813 -0.298827
v 0.307093 -0.070978 -0.309207
v 0.307093 1.059813 -0.309207
v 0.279637 -0.070978 -0.326065
v 0.279637 1.059813 -0.326065
v 0.255573 -0.070978 -0.348751
v 0.255573 1.059813 -0.348751
v 0.235823 -0.070978 -0.376394
v 0.235823 1.059813 -0.376394
v 0.221148 -0.070978 -0.407932
v 0.221148 1.059813 -0.407932
v 0.212112 -0.070978 -0.442153
v 0.212112 1.059813 -0.442153
v 0.209060 -0.070978 -0.477741
v 0.209060 1.059813 -0.477741
v 0.212112 -0.070978 -0.513329
v 0.212112 1.059813 -0.513329
v 0.221148 -0.070978 -0.547550
v 0.221148 1.059813 -0.547550
v 0.235823 -0.070978 -0.579087
v 0.235823 1.059813 -0.579087
v 0.255573 -0.070978 -0.606731
v 0.255573 1.059813 -0.606731
v 0.279637 -0.070978 -0.629417
v 0.279637 1.059813 -0.629417
v 0.307093 -0.070978 -0.646274
v 0.307093 1.059813 -0.646274
v 0.336883 -0.070978 -0.656655
v 0.336883 1.059813 -0.656655
vn -0.0000 -0.0000 -1.0000
vn 0.2228 -0.0000 -0.9749
vn 0.4297 -0.0000 -0.9030
vn 0.6089 -0.0000 -0.7933
vn 0.7542 -0.0000 -0.6566
vn 0.8644 -0.0000 -0.5028
vn 0.9407 -0.0000 -0.3392
vn 0.9853 -0.0000 -0.1706
vn 1.0000 -0.0000 -0.0000
vn 0.9853 -0.0000 0.1706
vn 0.9407 -0.0000 0.3392
vn 0.8644 -0.0000 0.5028
vn 0.7542 -0.0000 0.6566
vn 0.6089 -0.0000 0.7933
vn 0.4297 -0.0000 0.9030
vn 0.2228 -0.0000 0.9749
vn -0.0000 -0.0000 1.0000
vn -0.2228 -0.0000 0.9749
vn -0.4297 -0.0000 0.9030
vn -0.6089 -0.0000 0.7933
vn -0.7542 -0.0000 0.6566
vn -0.8644 -0.0000 0.5028
vn -0.9407 -0.0000 0.3392
vn -0.9853 -0.0000 0.1706
vn -1.0000 -0.0000 -0.0000
vn -0.9853 -0.0000 -0.1706
vn -0.9407 -0.0000 -0.3392
vn -0.8644 -0.0000 -0.5028
vn -0.7542 -0.0000 -0.6566
vn -0.6089 -0.0000 -0.7933
vn -0.4297 -0.0000 -0.9030
vn -0.0000 1.0000 -0.0000
vn -0.2228 -0.0000 -0.9749
vn -0.0000 -1.0000 -0.0000
vt 1.000000 0.500000
vt 1.000000 1.000000
vt 0.968750 1.000000
vt 0.968750 0.500000
vt 0.937500 1.000000
vt 0.937500 0.500000
vt 0.906250 1.000000
vt 0.906250 0.500000
vt 0.875000 1.000000
vt 0.875000 0.500000
vt 0.843750 1.000000
vt 0.843750 0.500000
vt 0.812500 1.000000
vt 0.812500 0.500000
vt 0.781250 1.000000
vt 0.781250 0.500000
vt 0.750000 1.000000
vt 0.750000 0.500000
vt 0.718750 1.000000
vt 0.718750 0.500000
vt 0.687500 1.000000
vt 0.687500 0.500000
vt 0.656250 1.000000
vt 0.656250 0.500000
vt 0.625000 1.000000
vt 0.625000 0.500000
vt 0.593750 1.000000
vt 0.593750 0.500000
vt 0.562500 1.000000
vt 0.562500 0.500000
vt 0.531250 1.000000
vt 0.531250 0.500000
vt 0.500000 1.000000
vt 0.500000 0.500000
vt 0.468750 1.000000
vt 0.468750 0.500000
vt 0.437500 1.000000
vt 0.437500 0.500000
vt 0.406250 1.000000
vt 0.406250 0.500000
vt 0.375000 1.000000
vt 0.375000 0.500000
vt 0.343750 1.000000
vt 0.343750 0.500000
vt 0.312500 1.000000
vt 0.312500 0.500000
vt 0.281250 1.000000
vt 0.281250 0.500000
vt 0.250000 1.000000
vt 0.250000 0.500000
vt 0.218750 1.000000
vt 0.218750 0.500000
vt 0.187500 1.000000
vt 0.187500 0.500000
vt 0.156250 1.000000
vt 0.156250 0.500000
vt 0.125000 1.000000
vt 0.125000 0.500000
vt 0.093750 1.000000
vt 0.093750 0.500000
vt 0.062500 1.000000
vt 0.062500 0.500000
vt 0.296822 0.485388
vt 0.250000 0.490000
vt 0.203178 0.485388
vt 0.158156 0.471731
vt 0.116663 0.449553
vt 0.080294 0.419706
vt 0.050447 0.383337
vt 0.028269 0.341844
vt 0.014612 0.296822
vt 0.010000 0.250000
vt 0.014612 0.203178
vt 0.028269 0.158156
vt 0.050447 0.116663
vt 0.080294 0.080294
vt 0.116663 0.050447
vt 0.158156 0.028269
vt 0.203178 0.014612
vt 0.250000 0.010000
vt 0.296822 0.014612
vt 0.341844 0.028269
vt 0.383337 0.050447
vt 0.419706 0.080294
vt 0.449553 0.116663
vt 0.471731 0.158156
vt 0.485388 0.203178
vt 0.490000 0.250000
vt 0.485388 0.296822
vt 0.471731 0.341844
vt 0.449553 0.383337
vt 0.419706 0.419706
vt 0.383337 0.449553
vt 0.341844 0.471731
vt 0.031250 1.000000
vt 0.031250 0.500000
vt 0.000000 1.000000
vt 0.000000 0.500000
vt 0.750000 0.490000
vt 0.796822 0.485388
vt 0.841844 0.471731
vt 0.883337 0.449553
vt 0.919706 0.419706
vt 0.949553 0.383337
vt 0.971731 0.341844
vt 0.985388 0.296822
vt 0.990000 0.250000
vt 0.985388 0.203178
vt 0.971731 0.158156
vt 0.949553 0.116663
vt 0.919706 0.080294
vt 0.883337 0.050447
vt 0.841844 0.028269
vt 0.796822 0.014612
vt 0.750000 0.010000
vt 0.703178 0.014612
vt 0.658156 0.028269
vt 0.616663 0.050447
vt 0.580294 0.080294
vt 0.550447 0.116663
vt 0.528269 0.158156
vt 0.514612 0.203178
vt 0.510000 0.250000
vt 0.514612 0.296822
vt 0.528269 0.341844
vt 0.550447 0.383337
vt 0.580294 0.419706
vt 0.616663 0.449553
vt 0.658156 0.471731
vt 0.703178 0.485388
s 1
f 613/820/585 614/821/585 616/822/586 615/823/586
f 615/823/586 616/822/586 618/824/587 617/825/587
f 617/825/587 618/824/587 620/826/588 619/827/588
f 619/827/588 620/826/588 622/828/589 621/829/589
f 621/829/589 622/828/589 624/830/590 623/831/590
f 623/831/590 624/830/590 626/832/591 625/833/591
f 625/833/591 626/832/591 628/834/592 627/835/592
f 627/835/592 628/834/592 630/836/593 629/837/593
f 629/837/593 630/836/593 632/838/594 631/839/594
f 631/839/594 632/838/594 634/840/595 633/841/595
f 633/841/595 634/840/595 636/842/596 635/843/596
f 635/843/596 636/842/596 638/844/597 637/845/597
f 637/845/597 638/844/597 640/846/598 639/847/598
f 639/847/598 640/846/598 642/848/599 641/849/599
f 641/849/599 642/848/599 644/850/600 643/851/600
f 643/851/600 644/850/600 646/852/601 645/853/601
f 645/853/601 646/852/601 648/854/602 647/855/602
f 647/855/602 648/854/602 650/856/603 649/857/603
f 649/857/603 650/856/603 652/858/604 651/859/604
f 651/859/604 652/858/604 654/860/605 653/861/605
f 653/861/605 654/860/605 656/862/606 655/863/606
f 655/863/606 656/862/606 658/864/607 657/865/607
f 657/865/607 658/864/607 660/866/608 659/867/608
f 659/867/608 660/866/608 662/868/609 661/869/609
f 661/869/609 662/868/609 664/870/610 663/871/610
f 663/871/610 664/870/610 666/872/611 665/873/611
f 665/873/611 666/872/611 668/874/612 667/875/612
f 667/875/612 668/874/612 670/876/613 669/877/613
f 669/877/613 670/876/613 672/878/614 671/879/614
f 671/879/614 672/878/614 674/880/615 673/881/615
f 616/882/616 614/883/616 676/884/616 674/885/616 672/886/616 670/887/616 668/888/616 666/889/616 664/890/616 662/891/616 660/892/616 658/893/616 656/894/616 654/895/616 652/896/616 650/897/616 648/898/616 646/899/616 644/900/616 642/901/616 640/902/616 638/903/616 636/904/616 634/905/616 632/906/616 630/907/616 628/908/616 626/909/616 624/910/616 622/911/616 620/912/616 618/913/616
f 673/881/615 674/880/615 676/914/617 675/915/617
f 675/915/617 676/914/617 614/916/585 613/917/585
f 613/918/618 615/919/618 617/920/618 619/921/618 621/922/618 623/923/618 625/924/618 627/925/618 629/926/618 631/927/618 633/928/618 635/929/618 637/930/618 639/931/618 641/932/618 643/933/618 645/934/618 647/935/618 649/936/618 651/937/618 653/938/618 655/939/618 657/940/618 659/941/618 661/942/618 663/943/618 665/944/618 667/945/618 669/946/618 671/947/618 673/948/618 675/949/618
o 右後足
v 0.406592 -0.041504 -2.848121
v 0.406592 1.089286 -2.848121
v 0.442180 -0.041504 -2.844616
v 0.442180 1.089286 -2.844616
v 0.476401 -0.041504 -2.834235
v 0.476401 1.089286 -2.834235
v 0.507939 -0.041504 -2.817378
v 0.507939 1.089286 -2.817378
v 0.535582 -0.041504 -2.794692
v 0.535582 1.089286 -2.794692
v 0.558268 -0.041504 -2.767049
v 0.558268 1.089286 -2.767049
v 0.575125 -0.041504 -2.735511
v 0.575125 1.089286 -2.735511
v 0.585506 -0.041504 -2.701290
v 0.585506 1.089286 -2.701290
v 0.589011 -0.041504 -2.665702
v 0.589011 1.089286 -2.665702
v 0.585506 -0.041504 -2.630114
v 0.585506 1.089286 -2.630114
v 0.575125 -0.041504 -2.595893
v 0.575125 1.089286 -2.595893
v 0.558268 -0.041504 -2.564355
v 0.558268 1.089286 -2.564355
v 0.535582 -0.041504 -2.536712
v 0.535582 1.089286 -2.536712
v 0.507939 -0.041504 -2.514026
v 0.507939 1.089286 -2.514026
v 0.476401 -0.041504 -2.497169
v 0.476401 1.089286 -2.497169
v 0.442180 -0.041504 -2.486788
v 0.442180 1.089286 -2.486788
v 0.406592 -0.041504 -2.483283
v 0.406592 1.089286 -2.483283
v 0.371004 -0.041504 -2.486788
v 0.371004 1.089286 -2.486788
v 0.336783 -0.041504 -2.497169
v 0.336783 1.089286 -2.497169
v 0.305245 -0.041504 -2.514026
v 0.305245 1.089286 -2.514026
v 0.277602 -0.041504 -2.536712
v 0.277602 1.089286 -2.536712
v 0.254916 -0.041504 -2.564355
v 0.254916 1.089286 -2.564355
v 0.238058 -0.041504 -2.595893
v 0.238058 1.089286 -2.595893
v 0.227678 -0.041504 -2.630114
v 0.227678 1.089286 -2.630114
v 0.224173 -0.041504 -2.665702
v 0.224173 1.089286 -2.665702
v 0.227678 -0.041504 -2.701290
v 0.227678 1.089286 -2.701290
v 0.238058 -0.041504 -2.735511
v 0.238058 1.089286 -2.735511
v 0.254916 -0.041504 -2.767049
v 0.254916 1.089286 -2.767049
v 0.277602 -0.041504 -2.794692
v 0.277602 1.089286 -2.794692
v 0.305245 -0.041504 -2.817378
v 0.305245 1.089286 -2.817378
v 0.336783 -0.041504 -2.834235
v 0.336783 1.089286 -2.834235
v 0.371004 -0.041504 -2.844616
v 0.371004 1.089286 -2.844616
vn -0.0000 -0.0000 -1.0000
vn 0.1951 -0.0000 -0.9808
vn 0.3827 -0.0000 -0.9239
vn 0.5556 -0.0000 -0.8315
vn 0.7071 -0.0000 -0.7071
vn 0.8315 -0.0000 -0.5556
vn 0.9239 -0.0000 -0.3827
vn 0.9808 -0.0000 -0.1951
vn 1.0000 -0.0000 -0.0000
vn 0.9808 -0.0000 0.1951
vn 0.9239 -0.0000 0.3827
vn 0.8315 -0.0000 0.5556
vn 0.7071 -0.0000 0.7071
vn 0.5556 -0.0000 0.8315
vn 0.3827 -0.0000 0.9239
vn 0.1951 -0.0000 0.9808
vn -0.0000 -0.0000 1.0000
vn -0.1951 -0.0000 0.9808
vn -0.3827 -0.0000 0.9239
vn -0.5556 -0.0000 0.8315
vn -0.7071 -0.0000 0.7071
vn -0.8315 -0.0000 0.5556
vn -0.9239 -0.0000 0.3827
vn -0.9808 -0.0000 0.1951
vn -1.0000 -0.0000 -0.0000
vn -0.9808 -0.0000 -0.1951
vn -0.9239 -0.0000 -0.3827
vn -0.8315 -0.0000 -0.5556
vn -0.7071 -0.0000 -0.7071
vn -0.5556 -0.0000 -0.8315
vn -0.3827 -0.0000 -0.9239
vn -0.0000 1.0000 -0.0000
vn -0.1951 -0.0000 -0.9808
vn -0.0000 -1.0000 -0.0000
vt 1.000000 0.500000
vt 1.000000 1.000000
vt 0.968750 1.000000
vt 0.968750 0.500000
vt 0.937500 1.000000
vt 0.937500 0.500000
vt 0.906250 1.000000
vt 0.906250 0.500000
vt 0.875000 1.000000
vt 0.875000 0.500000
vt 0.843750 1.000000
vt 0.843750 0.500000
vt 0.812500 1.000000
vt 0.812500 0.500000
vt 0.781250 1.000000
vt 0.781250 0.500000
vt 0.750000 1.000000
vt 0.750000 0.500000
vt 0.718750 1.000000
vt 0.718750 0.500000
vt 0.687500 1.000000
vt 0.687500 0.500000
vt 0.656250 1.000000
vt 0.656250 0.500000
vt 0.625000 1.000000
vt 0.625000 0.500000
vt 0.593750 1.000000
vt 0.593750 0.500000
vt 0.562500 1.000000
vt 0.562500 0.500000
vt 0.531250 1.000000
vt 0.531250 0.500000
vt 0.500000 1.000000
vt 0.500000 0.500000
vt 0.468750 1.000000
vt 0.468750 0.500000
vt 0.437500 1.000000
vt 0.437500 0.500000
vt 0.406250 1.000000
vt 0.406250 0.500000
vt 0.375000 1.000000
vt 0.375000 0.500000
vt 0.343750 1.000000
vt 0.343750 0.500000
vt 0.312500 1.000000
vt 0.312500 0.500000
vt 0.281250 1.000000
vt 0.281250 0.500000
vt 0.250000 1.000000
vt 0.250000 0.500000
vt 0.218750 1.000000
vt 0.218750 0.500000
vt 0.187500 1.000000
vt 0.187500 0.500000
vt 0.156250 1.000000
vt 0.156250 0.500000
vt 0.125000 1.000000
vt 0.125000 0.500000
vt 0.093750 1.000000
vt 0.093750 0.500000
vt 0.062500 1.000000
vt 0.062500 0.500000
vt 0.296822 0.485388
vt 0.250000 0.490000
vt 0.203178 0.485388
vt 0.158156 0.471731
vt 0.116663 0.449553
vt 0.080294 0.419706
vt 0.050447 0.383337
vt 0.028269 0.341844
vt 0.014612 0.296822
vt 0.010000 0.250000
vt 0.014612 0.203178
vt 0.028269 0.158156
vt 0.050447 0.116663
vt 0.080294 0.080294
vt 0.116663 0.050447
vt 0.158156 0.028269
vt 0.203178 0.014612
vt 0.250000 0.010000
vt 0.296822 0.014612
vt 0.341844 0.028269
vt 0.383337 0.050447
vt 0.419706 0.080294
vt 0.449553 0.116663
vt 0.471731 0.158156
vt 0.485388 0.203178
vt 0.490000 0.250000
vt 0.485388 0.296822
vt 0.471731 0.341844
vt 0.449553 0.383337
vt 0.419706 0.419706
vt 0.383337 0.449553
vt 0.341844 0.471731
vt 0.031250 1.000000
vt 0.031250 0.500000
vt 0.000000 1.000000
vt 0.000000 0.500000
vt 0.750000 0.490000
vt 0.796822 0.485388
vt 0.841844 0.471731
vt 0.883337 0.449553
vt 0.919706 0.419706
vt 0.949553 0.383337
vt 0.971731 0.341844
vt 0.985388 0.296822
vt 0.990000 0.250000
vt 0.985388 0.203178
vt 0.971731 0.158156
vt 0.949553 0.116663
vt 0.919706 0.080294
vt 0.883337 0.050447
vt 0.841844 0.028269
vt 0.796822 0.014612
vt 0.750000 0.010000
vt 0.703178 0.014612
vt 0.658156 0.028269
vt 0.616663 0.050447
vt 0.580294 0.080294
vt 0.550447 0.116663
vt 0.528269 0.158156
vt 0.514612 0.203178
vt 0.510000 0.250000
vt 0.514612 0.296822
vt 0.528269 0.341844
vt 0.550447 0.383337
vt 0.580294 0.419706
vt 0.616663 0.449553
vt 0.658156 0.471731
vt 0.703178 0.485388
s 1
f 677/950/619 678/951/619 680/952/620 679/953/620
f 679/953/620 680/952/620 682/954/621 681/955/621
f 681/955/621 682/954/621 684/956/622 683/957/622
f 683/957/622 684/956/622 686/958/623 685/959/623
f 685/959/623 686/958/623 688/960/624 687/961/624
f 687/961/624 688/960/624 690/962/625 689/963/625
f 689/963/625 690/962/625 692/964/626 691/965/626
f 691/965/626 692/964/626 694/966/627 693/967/627
f 693/967/627 694/966/627 696/968/628 695/969/628
f 695/969/628 696/968/628 698/970/629 697/971/629
f 697/971/629 698/970/629 700/972/630 699/973/630
f 699/973/630 700/972/630 702/974/631 701/975/631
f 701/975/631 702/974/631 704/976/632 703/977/632
f 703/977/632 704/976/632 706/978/633 705/979/633
f 705/979/633 706/978/633 708/980/634 707/981/634
f 707/981/634 708/980/634 710/982/635 709/983/635
f 709/983/635 710/982/635 712/984/636 711/985/636
f 711/985/636 712/984/636 714/986/637 713/987/637
f 713/987/637 714/986/637 716/988/638 715/989/638
f 715/989/638 716/988/638 718/990/639 717/991/639
f 717/991/639 718/990/639 720/992/640 719/993/640
f 719/993/640 720/992/640 722/994/641 721/995/641
f 721/995/641 722/994/641 724/996/642 723/997/642
f 723/997/642 724/996/642 726/998/643 725/999/643
f 725/999/643 726/998/643 728/1000/644 727/1001/644
f 727/1001/644 728/1000/644 730/1002/645 729/1003/645
f 729/1003/645 730/1002/645 732/1004/646 731/1005/646
f 731/1005/646 732/1004/646 734/1006/647 733/1007/647
f 733/1007/647 734/1006/647 736/1008/648 735/1009/648
f 735/1009/648 736/1008/648 738/1010/649 737/1011/649
f 680/1012/650 678/1013/650 740/1014/650 738/1015/650 736/1016/650 734/1017/650 732/1018/650 730/1019/650 728/1020/650 726/1021/650 724/1022/650 722/1023/650 720/1024/650 718/1025/650 716/1026/650 714/1027/650 712/1028/650 710/1029/650 708/1030/650 706/1031/650 704/1032/650 702/1033/650 700/1034/650 698/1035/650 696/1036/650 694/1037/650 692/1038/650 690/1039/650 688/1040/650 686/1041/650 684/1042/650 682/1043/650
f 737/1011/649 738/1010/649 740/1044/651 739/1045/651
f 739/1045/651 740/1044/651 678/1046/619 677/1047/619
f 677/1048/652 679/1049/652 681/1050/652 683/1051/652 685/1052/652 687/1053/652 689/1054/652 691/1055/652 693/1056/652 695/1057/652 697/1058/652 699/1059/652 701/1060/652 703/1061/652 705/1062/652 707/1063/652 709/1064/652 711/1065/652 713/1066/652 715/1067/652 717/1068/652 719/1069/652 721/1070/652 723/1071/652 725/1072/652 727/1073/652 729/1074/652 731/1075/652 733/1076/652 735/1077/652 737/1078/652 739/1079/652
o 左後足
v -0.377544 -0.027927 -2.871421
v -0.377544 1.102864 -2.871421
v -0.341956 -0.027927 -2.867916
v -0.341956 1.102864 -2.867916
v -0.307736 -0.027927 -2.857535
v -0.307736 1.102864 -2.857535
v -0.276198 -0.027927 -2.840678
v -0.276198 1.102864 -2.840678
v -0.248554 -0.027927 -2.817992
v -0.248554 1.102864 -2.817992
v -0.225868 -0.027927 -2.790349
v -0.225868 1.102864 -2.790349
v -0.209011 -0.027927 -2.758811
v -0.209011 1.102864 -2.758811
v -0.198630 -0.027927 -2.724590
v -0.198630 1.102864 -2.724590
v -0.195125 -0.027927 -2.689002
v -0.195125 1.102864 -2.689002
v -0.198630 -0.027927 -2.653414
v -0.198630 1.102864 -2.653414
v -0.209011 -0.027927 -2.619193
v -0.209011 1.102864 -2.619193
v -0.225868 -0.027927 -2.587655
v -0.225868 1.102864 -2.587655
v -0.248554 -0.027927 -2.560012
v -0.248554 1.102864 -2.560012
v -0.276198 -0.027927 -2.537326
v -0.276198 1.102864 -2.537326
v -0.307736 -0.027927 -2.520469
v -0.307736 1.102864 -2.520469
v -0.341956 -0.027927 -2.510088
v -0.341956 1.102864 -2.510088
v -0.377544 -0.027927 -2.506583
v -0.377544 1.102864 -2.506583
v -0.413133 -0.027927 -2.510088
v -0.413133 1.102864 -2.510088
v -0.447353 -0.027927 -2.520469
v -0.447353 1.102864 -2.520469
v -0.478891 -0.027927 -2.537326
v -0.478891 1.102864 -2.537326
v -0.506534 -0.027927 -2.560012
v -0.506534 1.102864 -2.560012
v -0.529220 -0.027927 -2.587655
v -0.529220 1.102864 -2.587655
v -0.546078 -0.027927 -2.619193
v -0.546078 1.102864 -2.619193
v -0.556458 -0.027927 -2.653414
v -0.556458 1.102864 -2.653414
v -0.559964 -0.027927 -2.689002
v -0.559964 1.102864 -2.689002
v -0.556458 -0.027927 -2.724590
v -0.556458 1.102864 -2.724590
v -0.546078 -0.027927 -2.758811
v -0.546078 1.102864 -2.758811
v -0.529220 -0.027927 -2.790349
v -0.529220 1.102864 -2.790349
v -0.506534 -0.027927 -2.817992
v -0.506534 1.102864 -2.817992
v -0.478891 -0.027927 -2.840678
v -0.478891 1.102864 -2.840678
v -0.447353 -0.027927 -2.857535
v -0.447353 1.102864 -2.857535
v -0.413133 -0.027927 -2.867916
v -0.413133 1.102864 -2.867916
vn -0.0000 -0.0000 -1.0000
vn 0.1951 -0.0000 -0.9808
vn 0.3827 -0.0000 -0.9239
vn 0.5556 -0.0000 -0.8315
vn 0.7071 -0.0000 -0.7071
vn 0.8315 -0.0000 -0.5556
vn 0.9239 -0.0000 -0.3827
vn 0.9808 -0.0000 -0.1951
vn 1.0000 -0.0000 -0.0000
vn 0.9808 -0.0000 0.1951
vn 0.9239 -0.0000 0.3827
vn 0.8315 -0.0000 0.5556
vn 0.7071 -0.0000 0.7071
vn 0.5556 -0.0000 0.8315
vn 0.3827 -0.0000 0.9239
vn 0.1951 -0.0000 0.9808
vn -0.0000 -0.0000 1.0000
vn -0.1951 -0.0000 0.9808
vn -0.3827 -0.0000 0.9239
vn -0.5556 -0.0000 0.8315
vn -0.7071 -0.0000 0.7071
vn -0.8315 -0.0000 0.5556
vn -0.9239 -0.0000 0.3827
vn -0.9808 -0.0000 0.1951
vn -1.0000 -0.0000 -0.0000
vn -0.9808 -0.0000 -0.1951
vn -0.9239 -0.0000 -0.3827
vn -0.8315 -0.0000 -0.5556
vn -0.7071 -0.0000 -0.7071
vn -0.5556 -0.0000 -0.8315
vn -0.3827 -0.0000 -0.9239
vn -0.0000 1.0000 -0.0000
vn -0.1951 -0.0000 -0.9808
vn -0.0000 -1.0000 -0.0000
vt 1.000000 0.500000
vt 1.000000 1.000000
vt 0.968750 1.000000
vt 0.968750 0.500000
vt 0.937500 1.000000
vt 0.937500 0.500000
vt 0.906250 1.000000
vt 0.906250 0.500000
vt 0.875000 1.000000
vt 0.875000 0.500000
vt 0.843750 1.000000
vt 0.843750 0.500000
vt 0.812500 1.000000
vt 0.812500 0.500000
vt 0.781250 1.000000
vt 0.781250 0.500000
vt 0.750000 1.000000
vt 0.750000 0.500000
vt 0.718750 1.000000
vt 0.718750 0.500000
vt 0.687500 1.000000
vt 0.687500 0.500000
vt 0.656250 1.000000
vt 0.656250 0.500000
vt 0.625000 1.000000
vt 0.625000 0.500000
vt 0.593750 1.000000
vt 0.593750 0.500000
vt 0.562500 1.000000
vt 0.562500 0.500000
vt 0.531250 1.000000
vt 0.531250 0.500000
vt 0.500000 1.000000
vt 0.500000 0.500000
vt 0.468750 1.000000
vt 0.468750 0.500000
vt 0.437500 1.000000
vt 0.437500 0.500000
vt 0.406250 1.000000
vt 0.406250 0.500000
vt 0.375000 1.000000
vt 0.375000 0.500000
vt 0.343750 1.000000
vt 0.343750 0.500000
vt 0.312500 1.000000
vt 0.312500 0.500000
vt 0.281250 1.000000
vt 0.281250 0.500000
vt 0.250000 1.000000
vt 0.250000 0.500000
vt 0.218750 1.000000
vt 0.218750 0.500000
vt 0.187500 1.000000
vt 0.187500 0.500000
vt 0.156250 1.000000
vt 0.156250 0.500000
vt 0.125000 1.000000
vt 0.125000 0.500000
vt 0.093750 1.000000
vt 0.093750 0.500000
vt 0.062500 1.000000
vt 0.062500 0.500000
vt 0.296822 0.485388
vt 0.250000 0.490000
vt 0.203178 0.485388
vt 0.158156 0.471731
vt 0.116663 0.449553
vt 0.080294 0.419706
vt 0.050447 0.383337
vt 0.028269 0.341844
vt 0.014612 0.296822
vt 0.010000 0.250000
vt 0.014612 0.203178
vt 0.028269 0.158156
vt 0.050447 0.116663
vt 0.080294 0.080294
vt 0.116663 0.050447
vt 0.158156 0.028269
vt 0.203178 0.014612
vt 0.250000 0.010000
vt 0.296822 0.014612
vt 0.341844 0.028269
vt 0.383337 0.050447
vt 0.419706 0.080294
vt 0.449553 0.116663
vt 0.471731 0.158156
vt 0.485388 0.203178
vt 0.490000 0.250000
vt 0.485388 0.296822
vt 0.471731 0.341844
vt 0.449553 0.383337
vt 0.419706 0.419706
vt 0.383337 0.449553
vt 0.341844 0.471731
vt 0.031250 1.000000
vt 0.031250 0.500000
vt 0.000000 1.000000
vt 0.000000 0.500000
vt 0.750000 0.490000
vt 0.796822 0.485388
vt 0.841844 0.471731
vt 0.883337 0.449553
vt 0.919706 0.419706
vt 0.949553 0.383337
vt 0.971731 0.341844
vt 0.985388 0.296822
vt 0.990000 0.250000
vt 0.985388 0.203178
vt 0.971731 0.158156
vt 0.949553 0.116663
vt 0.919706 0.080294
vt 0.883337 0.050447
vt 0.841844 0.028269
vt 0.796822 0.014612
vt 0.750000 0.010000
vt 0.703178 0.014612
vt 0.658156 0.028269
vt 0.616663 0.050447
vt 0.580294 0.080294
vt 0.550447 0.116663
vt 0.528269 0.158156
vt 0.514612 0.203178
vt 0.510000 0.250000
vt 0.514612 0.296822
vt 0.528269 0.341844
vt 0.550447 0.383337
vt 0.580294 0.419706
vt 0.616663 0.449553
vt 0.658156 0.471731
vt 0.703178 0.485388
s 1
f 741/1080/653 742/1081/653 744/1082/654 743/1083/654
f 743/1083/654 744/1082/654 746/1084/655 745/1085/655
f 745/1085/655 746/1084/655 748/1086/656 747/1087/656
f 747/1087/656 748/1086/656 750/1088/657 749/1089/657
f 749/1089/657 750/1088/657 752/1090/658 751/1091/658
f 751/1091/658 752/1090/658 754/1092/659 753/1093/659
f 753/1093/659 754/1092/659 756/1094/660 755/1095/660
f 755/1095/660 756/1094/660 758/1096/661 757/1097/661
f 757/1097/661 758/1096/661 760/1098/662 759/1099/662
f 759/1099/662 760/1098/662 762/1100/663 761/1101/663
f 761/1101/663 762/1100/663 764/1102/664 763/1103/664
f 763/1103/664 764/1102/664 766/1104/665 765/1105/665
f 765/1105/665 766/1104/665 768/1106/666 767/1107/666
f 767/1107/666 768/1106/666 770/1108/667 769/1109/667
f 769/1109/667 770/1108/667 772/1110/668 771/1111/668
f 771/1111/668 772/1110/668 774/1112/669 773/1113/669
f 773/1113/669 774/1112/669 776/1114/670 775/1115/670
f 775/1115/670 776/1114/670 778/1116/671 777/1117/671
f 777/1117/671 778/1116/671 780/1118/672 779/1119/672
f 779/1119/672 780/1118/672 782/1120/673 781/1121/673
f 781/1121/673 782/1120/673 784/1122/674 783/1123/674
f 783/1123/674 784/1122/674 786/1124/675 785/1125/675
f 785/1125/675 786/1124/675 788/1126/676 787/1127/676
f 787/1127/676 788/1126/676 790/1128/677 789/1129/677
f 789/1129/677 790/1128/677 792/1130/678 791/1131/678
f 791/1131/678 792/1130/678 794/1132/679 793/1133/679
f 793/1133/679 794/1132/679 796/1134/680 795/1135/680
f 795/1135/680 796/1134/680 798/1136/681 797/1137/681
f 797/1137/681 798/1136/681 800/1138/682 799/1139/682
f 799/1139/682 800/1138/682 802/1140/683 801/1141/683
f 744/1142/684 742/1143/684 804/1144/684 802/1145/684 800/1146/684 798/1147/684 796/1148/684 794/1149/684 792/1150/684 790/1151/684 788/1152/684 786/1153/684 784/1154/684 782/1155/684 780/1156/684 778/1157/684 776/1158/684 774/1159/684 772/1160/684 770/1161/684 768/1162/684 766/1163/684 764/1164/684 762/1165/684 760/1166/684 758/1167/684 756/1168/684 754/1169/684 752/1170/684 750/1171/684 748/1172/684 746/1173/684
f 801/1141/683 802/1140/683 804/1174/685 803/1175/685
f 803/1175/685 804/1174/685 742/1176/653 741/1177/653
f 741/1178/686 743/1179/686 745/1180/686 747/1181/686 749/1182/686 751/1183/686 753/1184/686 755/1185/686 757/1186/686 759/1187/686 761/1188/686 763/1189/686 765/1190/686 767/1191/686 769/1192/686 771/1193/686 773/1194/686 775/1195/686 777/1196/686 779/1197/686 781/1198/686 783/1199/686 785/1200/686 787/1201/686 789/1202/686 791/1203/686 793/1204/686 795/1205/686 797/1206/686 799/1207/686 801/1208/686 803/1209/686
o しっぽ付け根
v 0.000000 1.535832 -3.510753
v 0.000000 2.055877 -3.510753
v 0.092687 1.535832 -3.457240
v 0.092687 2.055877 -3.457240
v 0.092687 1.535832 -3.350214
v 0.092687 2.055877 -3.350214
v 0.000000 1.535832 -3.296701
v 0.000000 2.055877 -3.296701
v -0.092687 1.535832 -3.350214
v -0.092687 2.055877 -3.350214
v -0.092687 1.535832 -3.457240
v -0.092687 2.055877 -3.457240
vn 0.5000 -0.0000 -0.8660
vn 1.0000 -0.0000 -0.0000
vn 0.5000 -0.0000 0.8660
vn -0.5000 -0.0000 0.8660
vn -0.0000 1.0000 -0.0000
vn -1.0000 -0.0000 -0.0000
vn -0.5000 -0.0000 -0.8660
vn -0.0000 -1.0000 -0.0000
vt 1.000000 0.500000
vt 1.000000 1.000000
vt 0.833333 1.000000
vt 0.833333 0.500000
vt 0.666667 1.000000
vt 0.666667 0.500000
vt 0.500000 1.000000
vt 0.500000 0.500000
vt 0.333333 1.000000
vt 0.333333 0.500000
vt 0.457846 0.370000
vt 0.250000 0.490000
vt 0.042154 0.370000
vt 0.042154 0.130000
vt 0.250000 0.010000
vt 0.457846 0.130000
vt 0.166667 1.000000
vt 0.166667 0.500000
vt -0.000000 1.000000
vt -0.000000 0.500000
vt 0.750000 0.490000
vt 0.957846 0.370000
vt 0.957846 0.130000
vt 0.750000 0.010000
vt 0.542154 0.130000
vt 0.542154 0.370000
s 1
f 805/1210/687 806/1211/687 808/1212/687 807/1213/687
f 807/1213/688 808/1212/688 810/1214/688 809/1215/688
f 809/1215/689 810/1214/689 812/1216/689 811/1217/689
f 811/1217/690 812/1216/690 814/1218/690 813/1219/690
f 808/1220/691 806/1221/691 816/1222/691 814/1223/691 812/1224/691 810/1225/691
f 813/1219/692 814/1218/692 816/1226/692 815/1227/692
f 815/1227/693 816/1226/693 806/1228/693 805/1229/693
f 805/1230/694 807/1231/694 809/1232/694 811/1233/694 813/1234/694 815/1235/694
o しっぽ１
v 0.001015 2.026061 -3.514009
v 0.115125 2.533432 -3.514009
v 0.091443 2.005723 -3.460496
v 0.205553 2.513094 -3.460496
v 0.091443 2.005723 -3.353470
v 0.205553 2.513094 -3.353470
v 0.001015 2.026061 -3.299957
v 0.115125 2.533432 -3.299957
v -0.089414 2.046398 -3.353470
v 0.024697 2.553769 -3.353470
v -0.089414 2.046398 -3.460496
v 0.024697 2.553769 -3.460496
vn 0.4878 -0.1097 -0.8660
vn 0.9756 -0.2194 -0.0000
vn 0.4878 -0.1097 0.8660
vn -0.4878 0.1097 0.8660
vn 0.2194 0.9756 -0.0000
vn -0.9756 0.2194 -0.0000
vn -0.4878 0.1097 -0.8660
vn -0.2194 -0.9756 -0.0000
vt 1.000000 0.500000
vt 1.000000 1.000000
vt 0.833333 1.000000
vt 0.833333 0.500000
vt 0.666667 1.000000
vt 0.666667 0.500000
vt 0.500000 1.000000
vt 0.500000 0.500000
vt 0.333333 1.000000
vt 0.333333 0.500000
vt 0.457846 0.370000
vt 0.250000 0.490000
vt 0.042154 0.370000
vt 0.042154 0.130000
vt 0.250000 0.010000
vt 0.457846 0.130000
vt 0.166667 1.000000
vt 0.166667 0.500000
vt -0.000000 1.000000
vt -0.000000 0.500000
vt 0.750000 0.490000
vt 0.957846 0.370000
vt 0.957846 0.130000
vt 0.750000 0.010000
vt 0.542154 0.130000
vt 0.542154 0.370000
s 1
f 817/1236/695 818/1237/695 820/1238/695 819/1239/695
f 819/1239/696 820/1238/696 822/1240/696 821/1241/696
f 821/1241/697 822/1240/697 824/1242/697 823/1243/697
f 823/1243/698 824/1242/698 826/1244/698 825/1245/698
f 820/1246/699 818/1247/699 828/1248/699 826/1249/699 824/1250/699 822/1251/699
f 825/1245/700 826/1244/700 828/1252/700 827/1253/700
f 827/1253/701 828/1252/701 818/1254/701 817/1255/701
f 817/1256/702 819/1257/702 821/1258/702 823/1259/702 825/1260/702 827/1261/702
o しっぽ２
v 0.109732 2.503590 -3.526083
v 0.099866 3.023541 -3.526083
v 0.202403 2.505348 -3.472570
v 0.192537 3.025299 -3.472570
v 0.202403 2.505348 -3.365544
v 0.192537 3.025299 -3.365544
v 0.109732 2.503590 -3.312031
v 0.099866 3.023541 -3.312031
v 0.017062 2.501831 -3.365544
v 0.007196 3.021783 -3.365544
v 0.017062 2.501831 -3.472570
v 0.007196 3.021783 -3.472570
vn 0.4999 0.0095 -0.8660
vn 0.9998 0.0190 -0.0000
vn 0.4999 0.0095 0.8660
vn -0.4999 -0.0095 0.8660
vn -0.0190 0.9998 -0.0000
vn -0.9998 -0.0190 -0.0000
vn -0.4999 -0.0095 -0.8660
vn 0.0190 -0.9998 -0.0000
vt 1.000000 0.500000
vt 1.000000 1.000000
vt 0.833333 1.000000
vt 0.833333 0.500000
vt 0.666667 1.000000
vt 0.666667 0.500000
vt 0.500000 1.000000
vt 0.500000 0.500000
vt 0.333333 1.000000
vt 0.333333 0.500000
vt 0.457846 0.370000
vt 0.250000 0.490000
vt 0.042154 0.370000
vt 0.042154 0.130000
vt 0.250000 0.010000
vt 0.457846 0.130000
vt 0.166667 1.000000
vt 0.166667 0.500000
vt -0.000000 1.000000
vt -0.000000 0.500000
vt 0.750000 0.490000
vt 0.957846 0.370000
vt 0.957846 0.130000
vt 0.750000 0.010000
vt 0.542154 0.130000
vt 0.542154 0.370000
s 1
f 829/1262/703 830/1263/703 832/1264/703 831/1265/703
f 831/1265/704 832/1264/704 834/1266/704 833/1267/704
f 833/1267/705 834/1266/705 836/1268/705 835/1269/705
f 835/1269/706 836/1268/706 838/1270/706 837/1271/706
f 832/1272/707 830/1273/707 840/1274/707 838/1275/707 836/1276/707 834/1277/707
f 837/1271/708 838/1270/708 840/1278/708 839/1279/708
f 839/1279/709 840/1278/709 830/1280/709 829/1281/709
f 829/1282/710 831/1283/710 833/1284/710 835/1285/710 837/1286/710 839/1287/710
o しっぽ３
v 0.110877 2.953665 -3.532331
v 0.101012 3.473617 -3.532331
v 0.203548 2.955424 -3.478818
v 0.193682 3.475375 -3.478818
v 0.203548 2.955424 -3.371792
v 0.193682 3.475375 -3.371792
v 0.110877 2.953665 -3.318279
v 0.101012 3.473617 -3.318279
v 0.018207 2.951907 -3.371792
v 0.008341 3.471858 -3.371792
v 0.018207 2.951907 -3.478818
v 0.008341 3.471858 -3.478818
vn 0.4999 0.0095 -0.8660
vn 0.9998 0.0190 -0.0000
vn 0.4999 0.0095 0.8660
vn -0.4999 -0.0095 0.8660
vn -0.0190 0.9998 -0.0000
vn -0.9998 -0.0190 -0.0000
vn -0.4999 -0.0095 -0.8660
vn 0.0190 -0.9998 -0.0000
vt 1.000000 0.500000
vt 1.000000 1.000000
vt 0.833333 1.000000
vt 0.833333 0.500000
vt 0.666667 1.000000
vt 0.666667 0.500000
vt 0.500000 1.000000
vt 0.500000 0.500000
vt 0.333333 1.000000
vt 0.333333 0.500000
vt 0.457846 0.370000
vt 0.250000 0.490000
vt 0.042154 0.370000
vt 0.042154 0.130000
vt 0.250000 0.010000
vt 0.457846 0.130000
vt 0.166667 1.000000
vt 0.166667 0.500000
vt -0.000000 1.000000
vt -0.000000 0.500000
vt 0.750000 0.490000
vt 0.957846 0.370000
vt 0.957846 0.130000
vt 0.750000 0.010000
vt 0.542154 0.130000
vt 0.542154 0.370000
s 1
f 841/1288/711 842/1289/711 844/1290/711 843/1291/711
f 843/1291/712 844/1290/712 846/1292/712 845/1293/712
f 845/1293/713 846/1292/713 848/1294/713 847/1295/713
f 847/1295/714 848/1294/714 850/1296/714 849/1297/714
f 844/1298/715 842/1299/715 852/1300/715 850/1301/715 848/1302/715 846/1303/715
f 849/1297/716 850/1296/716 852/1304/716 851/1305/716
f 851/1305/717 852/1304/717 842/1306/717 841/1307/717
f 841/1308/718 843/1309/718 845/1310/718 847/1311/718 849/1312/718 851/1313/718
o しっぽ先端
v 0.130583 3.310092 -3.466221
v 0.078314 3.332612 -3.504394
v 0.172305 3.348800 -3.504394
v 0.042316 3.822581 -3.466221
v 0.094584 3.800061 -3.504394
v 0.000593 3.783873 -3.504394
v 0.162580 3.315603 -3.446371
v 0.164578 3.347469 -3.509188
v 0.211573 3.355563 -3.421728
v 0.074313 3.828092 -3.446371
v 0.133852 3.806824 -3.421728
v 0.086856 3.798730 -3.509188
v 0.162580 3.315603 -3.406672
v 0.211573 3.355563 -3.431315
v 0.164578 3.347469 -3.343855
v 0.074313 3.828092 -3.406672
v 0.086856 3.798730 -3.343855
v 0.133852 3.806824 -3.431315
v 0.130583 3.310092 -3.386822
v 0.172305 3.348800 -3.348649
v 0.078314 3.332612 -3.348649
v 0.042316 3.822581 -3.386822
v 0.000593 3.783873 -3.348649
v 0.094584 3.800061 -3.348649
v 0.098585 3.304581 -3.406672
v 0.086042 3.333943 -3.343855
v 0.039047 3.325849 -3.431315
v 0.010318 3.817070 -3.406672
v -0.038675 3.777110 -3.431315
v 0.008321 3.785204 -3.343855
v 0.098585 3.304581 -3.446371
v 0.039047 3.325849 -3.421728
v 0.086042 3.333943 -3.509188
v 0.010318 3.817070 -3.446371
v 0.008321 3.785204 -3.509188
v -0.038675 3.777110 -3.421728
vn 0.1482 -0.8605 -0.4875
vn -0.0061 -0.8649 -0.5018
vn 0.2951 -0.8130 -0.5018
vn -0.1482 0.8605 -0.4875
vn 0.0061 0.8649 -0.5018
vn -0.2951 0.8130 -0.5018
vn 0.5825 -0.7762 -0.2411
vn 0.5192 -0.7687 -0.3734
vn 0.6639 -0.7374 -0.1241
vn 0.2892 0.9264 -0.2411
vn 0.3790 0.9170 -0.1241
vn 0.2322 0.8981 -0.3734
vn 0.5825 -0.7762 0.2411
vn 0.6639 -0.7374 0.1241
vn 0.5192 -0.7687 0.3734
vn 0.2892 0.9264 0.2411
vn 0.2322 0.8981 0.3734
vn 0.3790 0.9170 0.1241
vn 0.1482 -0.8605 0.4875
vn 0.2951 -0.8130 0.5018
vn -0.0061 -0.8649 0.5018
vn -0.1482 0.8605 0.4875
vn -0.2951 0.8130 0.5018
vn 0.0061 0.8649 0.5018
vn -0.2892 -0.9264 0.2411
vn -0.2322 -0.8981 0.3734
vn -0.3790 -0.9170 0.1241
vn -0.5825 0.7762 0.2411
vn -0.6639 0.7374 0.1241
vn -0.5192 0.7687 0.3734
vn -0.2892 -0.9264 -0.2411
vn -0.3790 -0.9170 -0.1241
vn -0.2322 -0.8981 -0.3734
vn -0.5825 0.7762 -0.2411
vn -0.5192 0.7687 -0.3734
vn -0.6639 0.7374 -0.1241
vn -0.0000 -0.0000 -1.0000
vn 0.8652 0.1490 -0.4787
vn 0.8652 0.1490 0.4787
vn -0.0000 -0.0000 1.0000
vn -0.8652 -0.1490 0.4787
vn -0.8652 -0.1490 -0.4787
vn 0.1697 -0.9855 -0.0000
vn -0.5140 -0.0885 0.8532
vn 0.5140 0.0885 0.8532
vn -0.1697 0.9855 -0.0000
vn -0.9855 -0.1697 -0.0000
vn -0.5140 -0.0885 -0.8532
vn 0.5140 0.0885 -0.8532
vn 0.9855 0.1697 -0.0000
vt 0.750000 0.339023
vt 0.636767 0.424625
vt 0.863233 0.424625
vt 0.250000 0.339023
vt 0.363233 0.424625
vt 0.136767 0.424625
vt 0.827096 0.294512
vt 0.844613 0.435375
vt 0.957846 0.239250
vt 0.327096 0.294512
vt 0.457846 0.239250
vt 0.344613 0.435375
vt 0.827096 0.205488
vt 0.957846 0.260750
vt 0.844613 0.064625
vt 0.327096 0.205488
vt 0.344613 0.064625
vt 0.457846 0.260750
vt 0.750000 0.160977
vt 0.863233 0.075375
vt 0.636767 0.075375
vt 0.250000 0.160977
vt 0.136767 0.075375
vt 0.363233 0.075375
vt 0.672904 0.205488
vt 0.655387 0.064625
vt 0.542154 0.260750
vt 0.172904 0.205488
vt 0.042154 0.260750
vt 0.155387 0.064625
vt 0.672904 0.294512
vt 0.542154 0.239250
vt 0.655387 0.435375
vt 0.172904 0.294512
vt 0.155387 0.435375
vt 0.042154 0.239250
vt 0.090798 0.529868
vt 0.090798 0.970132
vt -0.000000 0.970132
vt -0.000000 0.529868
vt 0.742535 0.970132
vt 0.742535 0.529868
vt 0.924132 0.529868
vt 0.924132 0.970132
vt 0.575868 0.970132
vt 0.575868 0.529868
vt 0.757465 0.529868
vt 0.757465 0.970132
vt 0.409201 0.970132
vt 0.409201 0.529868
vt 0.590798 0.529868
vt 0.590798 0.970132
vt 0.242535 0.970132
vt 0.242535 0.529868
vt 0.424132 0.529868
vt 0.424132 0.970132
vt 0.075868 0.970132
vt 0.075868 0.529868
vt 0.257465 0.529868
vt 0.257465 0.970132
vt 0.909202 0.529868
vt 0.909202 0.970132
s 1
f 853/1314/719 854/1315/720 855/1316/721
f 856/1317/722 857/1318/723 858/1319/724
f 859/1320/725 860/1321/726 861/1322/727
f 862/1323/728 863/1324/729 864/1325/730
f 865/1326/731 866/1327/732 867/1328/733
f 868/1329/734 869/1330/735 870/1331/736
f 871/1332/737 872/1333/738 873/1334/739
f 874/1335/740 875/1336/741 876/1337/742
f 877/1338/743 878/1339/744 879/1340/745
f 880/1341/746 881/1342/747 882/1343/748
f 883/1344/749 884/1345/750 885/1346/751
f 886/1347/752 887/1348/753 888/1349/754
f 855/1316/721 860/1321/726 859/1320/725 853/1314/719
f 864/1325/730 857/1318/723 856/1317/722 862/1323/728
f 854/1350/755 858/1351/755 857/1352/755 855/1353/755
f 863/1354/756 861/1355/756 860/1356/756 864/1357/756
f 861/1322/727 866/1327/732 865/1326/731 859/1320/725
f 870/1331/736 863/1324/729 862/1323/728 868/1329/734
f 869/1358/757 867/1359/757 866/1360/757 870/1361/757
f 867/1328/733 872/1333/738 871/1332/737 865/1326/731
f 876/1337/742 869/1330/735 868/1329/734 874/1335/740
f 875/1362/758 873/1363/758 872/1364/758 876/1365/758
f 873/1334/739 878/1339/744 877/1338/743 871/1332/737
f 882/1343/748 875/1336/741 874/1335/740 880/1341/746
f 881/1366/759 879/1367/759 878/1368/759 882/1369/759
f 879/1340/745 884/1345/750 883/1344/749 877/1338/743
f 888/1349/754 881/1342/747 880/1341/746 886/1347/752
f 887/1370/760 885/1371/760 884/1372/760 888/1373/760
f 885/1346/751 854/1315/720 853/1314/719 883/1344/749
f 858/1319/724 887/1348/753 886/1347/752 856/1317/722
f 853/1314/761 859/1320/761 865/1326/761 871/1332/761 877/1338/761 883/1344/761
f 855/1374/762 857/1375/762 864/1357/762 860/1356/762
f 885/1371/763 887/1370/763 858/1351/763 854/1350/763
f 862/1323/764 856/1317/764 886/1347/764 880/1341/764 874/1335/764 868/1329/764
f 861/1355/765 863/1354/765 870/1361/765 866/1360/765
f 867/1359/766 869/1358/766 876/1365/766 872/1364/766
f 873/1363/767 875/1362/767 882/1369/767 878/1368/767
f 879/1367/768 881/1366/768 888/1373/768 884/1372/768
o ジェットパック
v -0.575433 2.784824 -1.044446
v -0.575433 2.367629 -1.044446
v -0.575433 2.784824 -2.195311
v -0.575433 2.367629 -2.195311
v 0.575433 2.784824 -1.044446
v 0.575433 2.367629 -1.044446
v 0.575433 2.784824 -2.195311
v 0.575433 2.367629 -2.195311
vn -1.0000 -0.0000 -0.0000
vn -0.0000 -0.0000 -1.0000
vn 1.0000 -0.0000 -0.0000
vn -0.0000 -0.0000 1.0000
vn -0.0000 1.0000 -0.0000
vn -0.0000 -1.0000 -0.0000
vt 0.375000 0.000000
vt 0.625000 0.000000
vt 0.625000 0.250000
vt 0.375000 0.250000
vt 0.625000 0.500000
vt 0.375000 0.500000
vt 0.625000 0.750000
vt 0.375000 0.750000
vt 0.625000 1.000000
vt 0.375000 1.000000
vt 0.125000 0.500000
vt 0.125000 0.750000
vt 0.875000 0.500000
vt 0.875000 0.750000
s 1
usemtl Jetpack_Blue
f 889/1376/769 891/1379/769 892/1378/769 890/1377/769
f 891/1379/770 895/1381/770 896/1380/770 892/1378/770
f 895/1381/771 893/1383/771 894/1382/771 896/1380/771
f 893/1383/772 889/1385/772 890/1384/772 894/1382/772
f 891/1386/773 889/1387/773 893/1383/773 895/1381/773
f 896/1380/774 894/1382/774 890/1389/774 892/1388/774
o 顔
v -0.500000 1.882699 0.858885
v -0.500000 2.882699 0.858885
v -0.500000 1.882699 -0.141115
v -0.500000 2.882699 -0.141115
v 0.500000 1.882699 0.858885
v 0.500000 2.882699 0.858885
v 0.500000 1.882699 -0.141115
v 0.500000 2.882699 -0.141115
v -0.572933 1.809766 0.062235
v -0.609568 1.773131 0.358885
v -0.572933 1.809766 0.655535
v -0.572933 2.086049 0.931818
v -0.609568 2.382699 0.968453
v -0.572933 2.679348 0.931818
v -0.572933 2.955631 0.655535
v -0.609568 2.992266 0.358885
v -0.572933 2.955631 0.062235
v -0.572933 2.679348 -0.214048
v -0.609568 2.382699 -0.250683
v -0.572933 2.086049 -0.214048
v 0.296650 1.809766 -0.214048
v 0.000000 1.773131 -0.250683
v -0.296650 1.809766 -0.214048
v -0.296650 2.955631 -0.214048
v -0.000000 2.992266 -0.250683
v 0.296650 2.955631 -0.214048
v 0.572933 2.679348 -0.214048
v 0.609568 2.382699 -0.250683
v 0.572933 2.086049 -0.214048
v 0.572933 1.809766 0.655535
v 0.609568 1.773131 0.358885
v 0.572933 1.809766 0.062235
v 0.572933 2.955631 0.062235
v 0.609568 2.992266 0.358885
v 0.572933 2.955631 0.655535
v 0.572933 2.679348 0.931818
v 0.609568 2.382699 0.968453
v 0.572933 2.086049 0.931818
v -0.296650 1.809766 0.931818
v -0.000000 1.773131 0.968453
v 0.296650 1.809766 0.931818
v 0.296650 2.955631 0.931818
v -0.000000 2.992266 0.968453
v -0.296650 2.955631 0.931818
v -0.728990 2.066541 0.675042
v -0.781829 2.382699 0.692026
v -0.728990 2.698856 0.675042
v -0.781829 2.049558 0.358885
v -0.839506 2.382699 0.358885
v -0.781829 2.715839 0.358885
v -0.728990 2.066541 0.042728
v -0.781829 2.382699 0.025745
v -0.728990 2.698856 0.042728
v -0.316157 2.066541 -0.370105
v -0.333140 2.382699 -0.422944
v -0.316157 2.698856 -0.370105
v 0.000000 2.049558 -0.422944
v 0.000000 2.382699 -0.480621
v -0.000000 2.715839 -0.422944
v 0.316157 2.066541 -0.370105
v 0.333140 2.382699 -0.422944
v 0.316157 2.698856 -0.370105
v 0.728990 2.066541 0.042728
v 0.781829 2.382699 0.025745
v 0.728990 2.698856 0.042728
v 0.781829 2.049558 0.358885
v 0.839506 2.382699 0.358885
v 0.781829 2.715839 0.358885
v 0.728990 2.066541 0.675042
v 0.781829 2.382699 0.692026
v 0.728990 2.698856 0.675042
v 0.316157 2.066541 1.087875
v 0.333140 2.382699 1.140714
v 0.316157 2.698856 1.087875
v -0.000000 2.049558 1.140714
v -0.000000 2.382699 1.198391
v 0.000000 2.715839 1.140714
v -0.316157 2.066541 1.087875
v -0.333140 2.382699 1.140714
v -0.316157 2.698856 1.087875
v -0.316157 1.653709 0.042728
v -0.000000 1.600870 0.025745
v 0.316157 1.653709 0.042728
v -0.333140 1.600870 0.358885
v 0.000000 1.543192 0.358885
v 0.333140 1.600870 0.358885
v -0.316157 1.653709 0.675042
v 0.000000 1.600870 0.692026
v 0.316157 1.653709 0.675042
v 0.316157 3.111688 0.042728
v 0.000000 3.164527 0.025745
v -0.316157 3.111689 0.042728
v 0.333140 3.164527 0.358885
v -0.000000 3.222205 0.358885
v -0.333140 3.164527 0.358885
v 0.316157 3.111689 0.675042
v -0.000000 3.164527 0.692026
v -0.316157 3.111688 0.675042
vn -0.5774 -0.5774 0.5774
vn -0.5774 0.5774 0.5774
vn -0.5774 -0.5774 -0.5774
vn -0.5774 0.5774 -0.5774
vn 0.5774 -0.5774 0.5774
vn 0.5774 0.5774 0.5774
vn 0.5774 -0.5774 -0.5774
vn 0.5774 0.5774 -0.5774
vn -0.6709 -0.6709 -0.3157
vn -0.7071 -0.7071 -0.0000
vn -0.6709 -0.6709 0.3157
vn -0.6709 -0.3157 0.6709
vn -0.7071 -0.0000 0.7071
vn -0.6709 0.3157 0.6709
vn -0.6709 0.6709 0.3157
vn -0.7071 0.7071 -0.0000
vn -0.6709 0.6709 -0.3157
vn -0.6709 0.3157 -0.6709
vn -0.7071 -0.0000 -0.7071
vn -0.6709 -0.3157 -0.6709
vn 0.3157 -0.6709 -0.6709
vn -0.0000 -0.7071 -0.7071
vn -0.3157 -0.6709 -0.6709
vn -0.3157 0.6709 -0.6709
vn -0.0000 0.7071 -0.7071
vn 0.3157 0.6709 -0.6709
vn 0.6709 0.3157 -0.6709
vn 0.7071 -0.0000 -0.7071
vn 0.6709 -0.3157 -0.6709
vn 0.6709 -0.6709 0.3157
vn 0.7071 -0.7071 -0.0000
vn 0.6709 -0.6709 -0.3157
vn 0.6709 0.6709 -0.3157
vn 0.7071 0.7071 -0.0000
vn 0.6709 0.6709 0.3157
vn 0.6709 0.3157 0.6709
vn 0.7071 -0.0000 0.7071
vn 0.6709 -0.3157 0.6709
vn -0.3157 -0.6709 0.6709
vn -0.0000 -0.7071 0.7071
vn 0.3157 -0.6709 0.6709
vn 0.3157 0.6709 0.6709
vn -0.0000 0.7071 0.7071
vn -0.3157 0.6709 0.6709
vn -0.8797 -0.3362 0.3362
vn -0.9345 -0.0000 0.3560
vn -0.8797 0.3362 0.3362
vn -0.9345 -0.3560 -0.0000
vn -1.0000 -0.0000 -0.0000
vn -0.9345 0.3560 -0.0000
vn -0.8797 -0.3362 -0.3362
vn -0.9345 -0.0000 -0.3560
vn -0.8797 0.3362 -0.3362
vn -0.3362 -0.3362 -0.8797
vn -0.3560 -0.0000 -0.9345
vn -0.3362 0.3362 -0.8797
vn -0.0000 -0.3560 -0.9345
vn -0.0000 -0.0000 -1.0000
vn -0.0000 0.3560 -0.9345
vn 0.3362 -0.3362 -0.8797
vn 0.3560 -0.0000 -0.9345
vn 0.3362 0.3362 -0.8797
vn 0.8797 -0.3362 -0.3362
vn 0.9345 -0.0000 -0.3560
vn 0.8797 0.3362 -0.3362
vn 0.9345 -0.3560 -0.0000
vn 1.0000 -0.0000 -0.0000
vn 0.9345 0.3560 -0.0000
vn 0.8797 -0.3362 0.3362
vn 0.9345 -0.0000 0.3560
vn 0.8797 0.3362 0.3362
vn 0.3362 -0.3362 0.8797
vn 0.3560 -0.0000 0.9345
vn 0.3362 0.3362 0.8797
vn -0.0000 -0.3560 0.9345
vn -0.0000 -0.0000 1.0000
vn -0.0000 0.3560 0.9345
vn -0.3362 -0.3362 0.8797
vn -0.3560 -0.0000 0.9345
vn -0.3362 0.3362 0.8797
vn -0.3362 -0.8797 -0.3362
vn -0.0000 -0.9345 -0.3560
vn 0.3362 -0.8797 -0.3362
vn -0.3560 -0.9345 -0.0000
vn -0.0000 -1.0000 -0.0000
vn 0.3560 -0.9345 -0.0000
vn -0.3362 -0.8797 0.3362
vn -0.0000 -0.9345 0.3560
vn 0.3362 -0.8797 0.3362
vn 0.3362 0.8797 -0.3362
vn -0.0000 0.9345 -0.3560
vn -0.3362 0.8797 -0.3362
vn 0.3560 0.9345 -0.0000
vn -0.0000 1.0000 -0.0000
vn -0.3560 0.9345 -0.0000
vn 0.3362 0.8797 0.3362
vn -0.0000 0.9345 0.3560
vn -0.3362 0.8797 0.3362
vt 0.437500 0.062500
vt 0.500000 0.062500
vt 0.500000 0.125000
vt 0.437500 0.125000
vt 0.562500 0.062500
vt 0.562500 0.125000
vt 0.500000 0.187500
vt 0.437500 0.187500
vt 0.562500 0.187500
vt 0.375000 0.000000
vt 0.437500 0.000000
vt 0.375000 0.062500
vt 0.500000 0.000000
vt 0.562500 0.000000
vt 0.625000 0.000000
vt 0.625000 0.062500
vt 0.625000 0.125000
vt 0.625000 0.187500
vt 0.625000 0.250000
vt 0.562500 0.250000
vt 0.500000 0.250000
vt 0.437500 0.250000
vt 0.375000 0.187500
vt 0.375000 0.250000
vt 0.375000 0.125000
vt 0.437500 0.312500
vt 0.500000 0.312500
vt 0.500000 0.375000
vt 0.437500 0.375000
vt 0.562500 0.312500
vt 0.562500 0.375000
vt 0.500000 0.437500
vt 0.437500 0.437500
vt 0.562500 0.437500
vt 0.375000 0.312500
vt 0.625000 0.312500
vt 0.625000 0.375000
vt 0.625000 0.437500
vt 0.625000 0.500000
vt 0.562500 0.500000
vt 0.500000 0.500000
vt 0.437500 0.500000
vt 0.375000 0.437500
vt 0.375000 0.500000
vt 0.375000 0.375000
vt 0.437500 0.562500
vt 0.500000 0.562500
vt 0.500000 0.625000
vt 0.437500 0.625000
vt 0.562500 0.562500
vt 0.562500 0.625000
vt 0.500000 0.687500
vt 0.437500 0.687500
vt 0.562500 0.687500
vt 0.375000 0.562500
vt 0.625000 0.562500
vt 0.625000 0.625000
vt 0.625000 0.687500
vt 0.625000 0.750000
vt 0.562500 0.750000
vt 0.500000 0.750000
vt 0.437500 0.750000
vt 0.375000 0.687500
vt 0.375000 0.750000
vt 0.375000 0.625000
vt 0.437500 0.812500
vt 0.500000 0.812500
vt 0.500000 0.875000
vt 0.437500 0.875000
vt 0.562500 0.812500
vt 0.562500 0.875000
vt 0.500000 0.937500
vt 0.437500 0.937500
vt 0.562500 0.937500
vt 0.375000 0.812500
vt 0.625000 0.812500
vt 0.625000 0.875000
vt 0.625000 0.937500
vt 0.625000 1.000000
vt 0.562500 1.000000
vt 0.500000 1.000000
vt 0.437500 1.000000
vt 0.375000 0.937500
vt 0.375000 1.000000
vt 0.375000 0.875000
vt 0.187500 0.562500
vt 0.250000 0.562500
vt 0.250000 0.625000
vt 0.187500 0.625000
vt 0.312500 0.562500
vt 0.312500 0.625000
vt 0.250000 0.687500
vt 0.187500 0.687500
vt 0.312500 0.687500
vt 0.125000 0.500000
vt 0.187500 0.500000
vt 0.125000 0.562500
vt 0.250000 0.500000
vt 0.312500 0.500000
vt 0.312500 0.750000
vt 0.250000 0.750000
vt 0.187500 0.750000
vt 0.125000 0.687500
vt 0.125000 0.750000
vt 0.125000 0.625000
vt 0.687500 0.562500
vt 0.750000 0.562500
vt 0.750000 0.625000
vt 0.687500 0.625000
vt 0.812500 0.562500
vt 0.812500 0.625000
vt 0.750000 0.687500
vt 0.687500 0.687500
vt 0.812500 0.687500
vt 0.687500 0.500000
vt 0.750000 0.500000
vt 0.812500 0.500000
vt 0.875000 0.500000
vt 0.875000 0.562500
vt 0.875000 0.625000
vt 0.875000 0.687500
vt 0.875000 0.750000
vt 0.812500 0.750000
vt 0.750000 0.750000
vt 0.687500 0.750000
s 1
f 941/1390/819 942/1391/820 945/1392/823 944/1393/822
f 942/1391/820 943/1394/821 946/1395/824 945/1392/823
f 944/1393/822 945/1392/823 948/1396/826 947/1397/825
f 945/1392/823 946/1395/824 949/1398/827 948/1396/826
f 897/1399/775 908/1400/786 941/1390/819 907/1401/785
f 908/1400/786 909/1402/787 942/1391/820 941/1390/819
f 909/1402/787 910/1403/788 943/1394/821 942/1391/820
f 910/1403/788 898/1404/776 911/1405/789 943/1394/821
f 943/1394/821 911/1405/789 912/1406/790 946/1395/824
f 946/1395/824 912/1406/790 913/1407/791 949/1398/827
f 949/1398/827 913/1407/791 900/1408/778 914/1409/792
f 948/1396/826 949/1398/827 914/1409/792 915/1410/793
f 947/1397/825 948/1396/826 915/1410/793 916/1411/794
f 905/1412/783 947/1397/825 916/1411/794 899/1413/777
f 906/1414/784 944/1393/822 947/1397/825 905/1412/783
f 907/1401/785 941/1390/819 944/1393/822 906/1414/784
f 950/1415/828 951/1416/829 954/1417/832 953/1418/831
f 951/1416/829 952/1419/830 955/1420/833 954/1417/832
f 953/1418/831 954/1417/832 957/1421/835 956/1422/834
f 954/1417/832 955/1420/833 958/1423/836 957/1421/835
f 899/1413/777 916/1411/794 950/1415/828 919/1424/797
f 916/1411/794 915/1410/793 951/1416/829 950/1415/828
f 915/1410/793 914/1409/792 952/1419/830 951/1416/829
f 914/1409/792 900/1408/778 920/1425/798 952/1419/830
f 952/1419/830 920/1425/798 921/1426/799 955/1420/833
f 955/1420/833 921/1426/799 922/1427/800 958/1423/836
f 958/1423/836 922/1427/800 904/1428/782 923/1429/801
f 957/1421/835 958/1423/836 923/1429/801 924/1430/802
f 956/1422/834 957/1421/835 924/1430/802 925/1431/803
f 917/1432/795 956/1422/834 925/1431/803 903/1433/781
f 918/1434/796 953/1418/831 956/1422/834 917/1432/795
f 919/1424/797 950/1415/828 953/1418/831 918/1434/796
f 959/1435/837 960/1436/838 963/1437/841 962/1438/840
f 960/1436/838 961/1439/839 964/1440/842 963/1437/841
f 962/1438/840 963/1437/841 966/1441/844 965/1442/843
f 963/1437/841 964/1440/842 967/1443/845 966/1441/844
f 903/1433/781 925/1431/803 959/1435/837 928/1444/806
f 925/1431/803 924/1430/802 960/1436/838 959/1435/837
f 924/1430/802 923/1429/801 961/1439/839 960/1436/838
f 923/1429/801 904/1428/782 929/1445/807 961/1439/839
f 961/1439/839 929/1445/807 930/1446/808 964/1440/842
f 964/1440/842 930/1446/808 931/1447/809 967/1443/845
f 967/1443/845 931/1447/809 902/1448/780 932/1449/810
f 966/1441/844 967/1443/845 932/1449/810 933/1450/811
f 965/1442/843 966/1441/844 933/1450/811 934/1451/812
f 926/1452/804 965/1442/843 934/1451/812 901/1453/779
f 927/1454/805 962/1438/840 965/1442/843 926/1452/804
f 928/1444/806 959/1435/837 962/1438/840 927/1454/805
f 968/1455/846 969/1456/847 972/1457/850 971/1458/849
f 969/1456/847 970/1459/848 973/1460/851 972/1457/850
f 971/1458/849 972/1457/850 975/1461/853 974/1462/852
f 972/1457/850 973/1460/851 976/1463/854 975/1461/853
f 901/1453/779 934/1451/812 968/1455/846 937/1464/815
f 934/1451/812 933/1450/811 969/1456/847 968/1455/846
f 933/1450/811 932/1449/810 970/1459/848 969/1456/847
f 932/1449/810 902/1448/780 938/1465/816 970/1459/848
f 970/1459/848 938/1465/816 939/1466/817 973/1460/851
f 973/1460/851 939/1466/817 940/1467/818 976/1463/854
f 976/1463/854 940/1467/818 898/1468/776 910/1469/788
f 975/1461/853 976/1463/854 910/1469/788 909/1470/787
f 974/1462/852 975/1461/853 909/1470/787 908/1471/786
f 935/1472/813 974/1462/852 908/1471/786 897/1473/775
f 936/1474/814 971/1458/849 974/1462/852 935/1472/813
f 937/1464/815 968/1455/846 971/1458/849 936/1474/814
f 977/1475/855 978/1476/856 981/1477/859 980/1478/858
f 978/1476/856 979/1479/857 982/1480/860 981/1477/859
f 980/1478/858 981/1477/859 984/1481/862 983/1482/861
f 981/1477/859 982/1480/860 985/1483/863 984/1481/862
f 899/1484/777 919/1485/797 977/1475/855 905/1486/783
f 919/1485/797 918/1487/796 978/1476/856 977/1475/855
f 918/1487/796 917/1488/795 979/1479/857 978/1476/856
f 917/1488/795 903/1433/781 928/1444/806 979/1479/857
f 979/1479/857 928/1444/806 927/1454/805 982/1480/860
f 982/1480/860 927/1454/805 926/1452/804 985/1483/863
f 985/1483/863 926/1452/804 901/1453/779 937/1489/815
f 984/1481/862 985/1483/863 937/1489/815 936/1490/814
f 983/1482/861 984/1481/862 936/1490/814 935/1491/813
f 907/1492/785 983/1482/861 935/1491/813 897/1493/775
f 906/1494/784 980/1478/858 983/1482/861 907/1492/785
f 905/1486/783 977/1475/855 980/1478/858 906/1494/784
f 986/1495/864 987/1496/865 990/1497/868 989/1498/867
f 987/1496/865 988/1499/866 991/1500/869 990/1497/868
f 989/1498/867 990/1497/868 993/1501/871 992/1502/870
f 990/1497/868 991/1500/869 994/1503/872 993/1501/871
f 904/1428/782 922/1504/800 986/1495/864 929/1445/807
f 922/1504/800 921/1505/799 987/1496/865 986/1495/864
f 921/1505/799 920/1506/798 988/1499/866 987/1496/865
f 920/1506/798 900/1507/778 913/1508/791 988/1499/866
f 988/1499/866 913/1508/791 912/1509/790 991/1500/869
f 991/1500/869 912/1509/790 911/1510/789 994/1503/872
f 994/1503/872 911/1510/789 898/1511/776 940/1512/818
f 993/1501/871 994/1503/872 940/1512/818 939/1513/817
f 992/1502/870 993/1501/871 939/1513/817 938/1514/816
f 931/1447/809 992/1502/870 938/1514/816 902/1448/780
f 930/1446/808 989/1498/867 992/1502/870 931/1447/809
f 929/1445/807 986/1495/864 989/1498/867 930/1446/808
o 左目
v -0.214694 2.575059 1.124363
v -0.214694 2.564642 1.090022
v -0.214694 2.547588 1.072968
v -0.214694 2.525306 1.063738
v -0.214694 2.513247 1.062551
v -0.214694 2.501188 1.063738
v -0.214694 2.478906 1.072968
v -0.214694 2.451434 1.124363
v -0.212341 2.573871 1.112536
v -0.210079 2.570354 1.101163
v -0.207994 2.564642 1.090682
v -0.206167 2.556955 1.081495
v -0.204667 2.547588 1.073955
v -0.203553 2.536901 1.068353
v -0.202866 2.525306 1.064903
v -0.202635 2.513247 1.063738
v -0.202866 2.501188 1.064903
v -0.203553 2.489592 1.068353
v -0.204667 2.478906 1.073955
v -0.206167 2.469539 1.081495
v -0.207994 2.461852 1.090682
v -0.210079 2.456140 1.101163
v -0.212341 2.452622 1.112536
v -0.210079 2.573871 1.113222
v -0.205641 2.570354 1.102509
v -0.201552 2.564642 1.092636
v -0.197967 2.556955 1.083982
v -0.195026 2.547588 1.076880
v -0.192840 2.536901 1.071603
v -0.191494 2.525306 1.068353
v -0.191039 2.513247 1.067256
v -0.191494 2.501188 1.068353
v -0.192840 2.489592 1.071603
v -0.195026 2.478906 1.076880
v -0.197967 2.469539 1.083982
v -0.201552 2.461852 1.092636
v -0.205641 2.456140 1.102509
v -0.210079 2.452622 1.113222
v -0.207994 2.573871 1.114336
v -0.201552 2.570354 1.104695
v -0.195615 2.564642 1.095809
v -0.190411 2.556955 1.088021
v -0.186140 2.547588 1.081630
v -0.182967 2.536901 1.076880
v -0.181012 2.525306 1.073955
v -0.180352 2.513247 1.072968
v -0.181012 2.501188 1.073955
v -0.182967 2.489592 1.076880
v -0.186140 2.478906 1.081630
v -0.190411 2.469539 1.088021
v -0.195615 2.461852 1.095809
v -0.201552 2.456140 1.104695
v -0.207994 2.452622 1.114336
v -0.206167 2.573871 1.115836
v -0.197967 2.570354 1.107637
v -0.190411 2.564642 1.100080
v -0.183787 2.556955 1.093457
v -0.178352 2.547588 1.088021
v -0.174313 2.536901 1.083982
v -0.171825 2.525306 1.081495
v -0.170986 2.513247 1.080655
v -0.171825 2.501188 1.081495
v -0.174313 2.489592 1.083982
v -0.178352 2.478906 1.088021
v -0.183787 2.469539 1.093457
v -0.190411 2.461852 1.100080
v -0.197967 2.456140 1.107637
v -0.206167 2.452622 1.115836
v -0.204667 2.573871 1.117663
v -0.195026 2.570354 1.111221
v -0.186140 2.564642 1.105284
v -0.178352 2.556955 1.100080
v -0.171960 2.547588 1.095809
v -0.167211 2.536901 1.092636
v -0.164286 2.525306 1.090682
v -0.163299 2.513247 1.090022
v -0.164286 2.501188 1.090682
v -0.167211 2.489592 1.092636
v -0.171960 2.478906 1.095809
v -0.178352 2.469539 1.100080
v -0.186140 2.461852 1.105284
v -0.195026 2.456140 1.111221
v -0.204667 2.452622 1.117663
v -0.203553 2.573871 1.119748
v -0.192840 2.570354 1.115311
v -0.182967 2.564642 1.111221
v -0.174313 2.556955 1.107637
v -0.167211 2.547588 1.104695
v -0.161933 2.536901 1.102509
v -0.158684 2.525306 1.101163
v -0.157586 2.513247 1.100708
v -0.158684 2.501188 1.101163
v -0.161933 2.489592 1.102509
v -0.167211 2.478906 1.104695
v -0.174313 2.469539 1.107637
v -0.182967 2.461852 1.111221
v -0.192840 2.456140 1.115311
v -0.203553 2.452622 1.119748
v -0.202866 2.573871 1.122010
v -0.191494 2.570354 1.119748
v -0.181012 2.564642 1.117663
v -0.171825 2.556955 1.115836
v -0.164286 2.547588 1.114336
v -0.158684 2.536901 1.113222
v -0.155234 2.525306 1.112536
v -0.154069 2.513247 1.112304
v -0.155234 2.501188 1.112536
v -0.158684 2.489592 1.113222
v -0.164286 2.478906 1.114336
v -0.171825 2.469539 1.115836
v -0.181012 2.461852 1.117663
v -0.191494 2.456140 1.119748
v -0.202866 2.452622 1.122010
v -0.202635 2.573871 1.124363
v -0.191039 2.570354 1.124363
v -0.180353 2.564642 1.124363
v -0.170986 2.556955 1.124363
v -0.163299 2.547588 1.124363
v -0.157586 2.536901 1.124363
v -0.154069 2.525306 1.124363
v -0.152881 2.513247 1.124363
v -0.154069 2.501188 1.124363
v -0.157586 2.489592 1.124363
v -0.163299 2.478906 1.124363
v -0.170986 2.469539 1.124363
v -0.180353 2.461852 1.124363
v -0.191039 2.456140 1.124363
v -0.202635 2.452622 1.124363
v -0.202866 2.573871 1.126716
v -0.191494 2.570354 1.128978
v -0.181012 2.564642 1.131063
v -0.171826 2.556955 1.132890
v -0.164286 2.547588 1.134390
v -0.158684 2.536901 1.135504
v -0.155234 2.525306 1.136190
v -0.154069 2.513247 1.136422
v -0.155234 2.501188 1.136190
v -0.158684 2.489592 1.135504
v -0.164286 2.478906 1.134390
v -0.171826 2.469539 1.132890
v -0.181012 2.461852 1.131063
v -0.191494 2.456140 1.128978
v -0.202866 2.452622 1.126716
v -0.203553 2.573871 1.128978
v -0.192840 2.570354 1.133415
v -0.182967 2.564642 1.137505
v -0.174313 2.556955 1.141089
v -0.167211 2.547588 1.144031
v -0.161933 2.536901 1.146217
v -0.158684 2.525306 1.147563
v -0.157586 2.513247 1.148018
v -0.158684 2.501188 1.147563
v -0.161933 2.489592 1.146217
v -0.167211 2.478906 1.144031
v -0.174313 2.469539 1.141089
v -0.182967 2.461852 1.137505
v -0.192840 2.456140 1.133415
v -0.203553 2.452622 1.128978
v -0.204667 2.573871 1.131063
v -0.195026 2.570354 1.137505
v -0.186140 2.564642 1.143442
v -0.178352 2.556955 1.148646
v -0.171960 2.547588 1.152917
v -0.167211 2.536901 1.156090
v -0.164286 2.525306 1.158044
v -0.163299 2.513247 1.158704
v -0.164286 2.501188 1.158044
v -0.167211 2.489592 1.156090
v -0.171960 2.478906 1.152917
v -0.178352 2.469539 1.148646
v -0.186140 2.461852 1.143442
v -0.195026 2.456140 1.137505
v -0.204667 2.452622 1.131063
v -0.206167 2.573871 1.132890
v -0.197967 2.570354 1.141089
v -0.190411 2.564642 1.148646
v -0.183787 2.556955 1.155269
v -0.178352 2.547588 1.160705
v -0.174313 2.536901 1.164744
v -0.171826 2.525306 1.167231
v -0.170986 2.513247 1.168071
v -0.171826 2.501188 1.167231
v -0.174313 2.489592 1.164744
v -0.178352 2.478906 1.160705
v -0.183787 2.469539 1.155269
v -0.190411 2.461852 1.148646
v -0.197967 2.456140 1.141089
v -0.206167 2.452622 1.132890
v -0.207994 2.573871 1.134390
v -0.201552 2.570354 1.144031
v -0.195615 2.564642 1.152917
v -0.190411 2.556955 1.160705
v -0.186140 2.547588 1.167096
v -0.182967 2.536901 1.171846
v -0.181012 2.525306 1.174770
v -0.180353 2.513247 1.175758
v -0.181012 2.501188 1.174770
v -0.182967 2.489592 1.171846
v -0.186140 2.478906 1.167096
v -0.190411 2.469539 1.160705
v -0.195615 2.461852 1.152917
v -0.201552 2.456140 1.144031
v -0.207994 2.452622 1.134390
v -0.210079 2.573871 1.135504
v -0.205641 2.570354 1.146217
v -0.201552 2.564642 1.156090
v -0.197967 2.556955 1.164744
v -0.195026 2.547588 1.171846
v -0.192840 2.536901 1.177123
v -0.191494 2.525306 1.180373
v -0.191039 2.513247 1.181470
v -0.191494 2.501188 1.180373
v -0.192840 2.489592 1.177123
v -0.195026 2.478906 1.171846
v -0.197967 2.469539 1.164744
v -0.201552 2.461852 1.156090
v -0.205641 2.456140 1.146217
v -0.210079 2.452622 1.135504
v -0.212341 2.573871 1.136190
v -0.210079 2.570354 1.147563
v -0.207994 2.564642 1.158044
v -0.206167 2.556955 1.167231
v -0.204667 2.547588 1.174770
v -0.203553 2.536901 1.180373
v -0.202866 2.525306 1.183823
v -0.202635 2.513247 1.184988
v -0.202866 2.501188 1.183823
v -0.203553 2.489592 1.180373
v -0.204667 2.478906 1.174770
v -0.206167 2.469539 1.167231
v -0.207994 2.461852 1.158044
v -0.210079 2.456140 1.147563
v -0.212341 2.452622 1.136190
v -0.214694 2.573871 1.136422
v -0.214694 2.570354 1.148018
v -0.214694 2.564642 1.158704
v -0.214694 2.556955 1.168071
v -0.214694 2.547588 1.175758
v -0.214694 2.536901 1.181470
v -0.214694 2.525306 1.184988
v -0.214694 2.513247 1.186175
v -0.214694 2.501188 1.184988
v -0.214694 2.489592 1.181470
v -0.214694 2.478906 1.175758
v -0.214694 2.469539 1.168071
v -0.214694 2.461852 1.158704
v -0.214694 2.456140 1.148018
v -0.214694 2.452622 1.136422
v -0.217046 2.573871 1.136190
v -0.219308 2.570354 1.147563
v -0.221393 2.564642 1.158044
v -0.223221 2.556955 1.167231
v -0.224720 2.547588 1.174770
v -0.225835 2.536901 1.180373
v -0.226521 2.525306 1.183823
v -0.226753 2.513247 1.184988
v -0.226521 2.501188 1.183823
v -0.225835 2.489592 1.180373
v -0.224720 2.478906 1.174770
v -0.223221 2.469539 1.167231
v -0.221393 2.461852 1.158044
v -0.219308 2.456140 1.147563
v -0.217046 2.452622 1.136190
v -0.219308 2.573871 1.135504
v -0.223746 2.570354 1.146217
v -0.227835 2.564642 1.156090
v -0.231420 2.556955 1.164744
v -0.234362 2.547588 1.171846
v -0.236548 2.536901 1.177123
v -0.237894 2.525306 1.180373
v -0.238348 2.513247 1.181470
v -0.237894 2.501188 1.180373
v -0.236548 2.489592 1.177123
v -0.234362 2.478906 1.171846
v -0.231420 2.469539 1.164744
v -0.227835 2.461852 1.156090
v -0.223746 2.456140 1.146217
v -0.219308 2.452622 1.135504
v -0.221393 2.573871 1.134390
v -0.227835 2.570354 1.144031
v -0.233772 2.564642 1.152916
v -0.238976 2.556955 1.160705
v -0.243247 2.547588 1.167096
v -0.246421 2.536901 1.171846
v -0.248375 2.525306 1.174770
v -0.249035 2.513247 1.175758
v -0.248375 2.501188 1.174770
v -0.246421 2.489592 1.171846
v -0.243247 2.478906 1.167096
v -0.238976 2.469539 1.160705
v -0.233772 2.461852 1.152916
v -0.227835 2.456140 1.144031
v -0.221393 2.452622 1.134390
v -0.223221 2.573871 1.132890
v -0.231420 2.570354 1.141089
v -0.238976 2.564642 1.148646
v -0.245600 2.556955 1.155269
v -0.251035 2.547588 1.160705
v -0.255074 2.536901 1.164744
v -0.257562 2.525306 1.167231
v -0.258401 2.513247 1.168071
v -0.257562 2.501188 1.167231
v -0.255074 2.489592 1.164744
v -0.251035 2.478906 1.160705
v -0.245600 2.469539 1.155269
v -0.238976 2.461852 1.148646
v -0.231420 2.456140 1.141089
v -0.223221 2.452622 1.132890
v -0.224720 2.573871 1.131063
v -0.234362 2.570354 1.137505
v -0.243247 2.564642 1.143442
v -0.251035 2.556955 1.148646
v -0.257427 2.547588 1.152916
v -0.262176 2.536901 1.156090
v -0.265101 2.525306 1.158044
v -0.266089 2.513247 1.158704
v -0.265101 2.501188 1.158044
v -0.262176 2.489592 1.156090
v -0.257427 2.478906 1.152916
v -0.251035 2.469539 1.148646
v -0.243247 2.461852 1.143442
v -0.234362 2.456140 1.137505
v -0.224720 2.452622 1.131063
v -0.225835 2.573871 1.128978
v -0.236548 2.570354 1.133415
v -0.246421 2.564642 1.137505
v -0.255074 2.556955 1.141089
v -0.262176 2.547588 1.144031
v -0.267454 2.536901 1.146217
v -0.270703 2.525306 1.147563
v -0.271801 2.513247 1.148017
v -0.270703 2.501188 1.147563
v -0.267454 2.489592 1.146217
v -0.262176 2.478906 1.144031
v -0.255074 2.469539 1.141089
v -0.246421 2.461852 1.137505
v -0.236548 2.456140 1.133415
v -0.225835 2.452622 1.128978
v -0.226521 2.573871 1.126716
v -0.237894 2.570354 1.128978
v -0.248375 2.564642 1.131063
v -0.257562 2.556955 1.132890
v -0.265101 2.547588 1.134390
v -0.270703 2.536901 1.135504
v -0.274153 2.525306 1.136190
v -0.275318 2.513247 1.136422
v -0.274153 2.501188 1.136190
v -0.270703 2.489592 1.135504
v -0.265101 2.478906 1.134390
v -0.257562 2.469539 1.132890
v -0.248375 2.461852 1.131063
v -0.237894 2.456140 1.128978
v -0.226521 2.452622 1.126716
v -0.226753 2.573871 1.124363
v -0.238348 2.570354 1.124363
v -0.249035 2.564642 1.124363
v -0.258401 2.556955 1.124363
v -0.266089 2.547588 1.124363
v -0.271801 2.536901 1.124363
v -0.275318 2.525306 1.124363
v -0.276506 2.513247 1.124363
v -0.275318 2.501188 1.124363
v -0.271801 2.489592 1.124363
v -0.266089 2.478906 1.124363
v -0.258401 2.469539 1.124363
v -0.249035 2.461852 1.124363
v -0.238348 2.456140 1.124363
v -0.226753 2.452622 1.124363
v -0.226521 2.573871 1.122010
v -0.237894 2.570354 1.119748
v -0.248375 2.564642 1.117663
v -0.257562 2.556955 1.115836
v -0.265101 2.547588 1.114336
v -0.270703 2.536901 1.113222
v -0.274153 2.525306 1.112536
v -0.275318 2.513247 1.112304
v -0.274153 2.501188 1.112536
v -0.270703 2.489592 1.113222
v -0.265101 2.478906 1.114336
v -0.257562 2.469539 1.115836
v -0.248375 2.461852 1.117663
v -0.237894 2.456140 1.119748
v -0.226521 2.452622 1.122010
v -0.225835 2.573871 1.119748
v -0.236548 2.570354 1.115311
v -0.246421 2.564642 1.111221
v -0.255074 2.556955 1.107637
v -0.262176 2.547588 1.104695
v -0.267454 2.536901 1.102509
v -0.270703 2.525306 1.101163
v -0.271801 2.513247 1.100708
v -0.270703 2.501188 1.101163
v -0.267454 2.489592 1.102509
v -0.262176 2.478906 1.104695
v -0.255074 2.469539 1.107637
v -0.246421 2.461852 1.111221
v -0.236548 2.456140 1.115311
v -0.225835 2.452622 1.119748
v -0.224720 2.573871 1.117663
v -0.234362 2.570354 1.111221
v -0.243247 2.564642 1.105284
v -0.251035 2.556955 1.100080
v -0.257427 2.547588 1.095809
v -0.262176 2.536901 1.092636
v -0.265101 2.525306 1.090682
v -0.266089 2.513247 1.090022
v -0.265101 2.501188 1.090682
v -0.262176 2.489592 1.092636
v -0.257427 2.478906 1.095809
v -0.251035 2.469539 1.100080
v -0.243247 2.461852 1.105284
v -0.234362 2.456140 1.111221
v -0.224720 2.452622 1.117663
v -0.223221 2.573871 1.115836
v -0.231420 2.570354 1.107637
v -0.238976 2.564642 1.100080
v -0.245600 2.556955 1.093457
v -0.251035 2.547588 1.088021
v -0.255074 2.536901 1.083982
v -0.257562 2.525306 1.081495
v -0.258401 2.513247 1.080655
v -0.257562 2.501188 1.081495
v -0.255074 2.489592 1.083982
v -0.251035 2.478906 1.088021
v -0.245600 2.469539 1.093457
v -0.238976 2.461852 1.100080
v -0.231420 2.456140 1.107637
v -0.223221 2.452622 1.115836
v -0.221393 2.573871 1.114336
v -0.227835 2.570354 1.104695
v -0.233772 2.564642 1.095809
v -0.238976 2.556955 1.088021
v -0.243247 2.547588 1.081630
v -0.246421 2.536901 1.076880
v -0.248375 2.525306 1.073955
v -0.249035 2.513247 1.072968
v -0.248375 2.501188 1.073955
v -0.246421 2.489592 1.076880
v -0.243247 2.478906 1.081630
v -0.238976 2.469539 1.088021
v -0.233772 2.461852 1.095809
v -0.227835 2.456140 1.104695
v -0.221393 2.452622 1.114336
v -0.219308 2.573871 1.113222
v -0.223746 2.570354 1.102509
v -0.227835 2.564642 1.092636
v -0.231420 2.556955 1.083982
v -0.234362 2.547588 1.076880
v -0.236548 2.536901 1.071603
v -0.237894 2.525306 1.068353
v -0.238348 2.513247 1.067256
v -0.237894 2.501188 1.068353
v -0.236548 2.489592 1.071603
v -0.234362 2.478906 1.076880
v -0.231420 2.469539 1.083982
v -0.227835 2.461852 1.092636
v -0.223746 2.456140 1.102509
v -0.219308 2.452622 1.113222
v -0.217046 2.573871 1.112536
v -0.219308 2.570354 1.101163
v -0.221393 2.564642 1.090682
v -0.223221 2.556955 1.081495
v -0.224720 2.547588 1.073955
v -0.225835 2.536901 1.068353
v -0.226521 2.525306 1.064903
v -0.226753 2.513247 1.063738
v -0.226521 2.501188 1.064903
v -0.225835 2.489592 1.068353
v -0.224720 2.478906 1.073955
v -0.223221 2.469539 1.081495
v -0.221393 2.461852 1.090682
v -0.219308 2.456140 1.101163
v -0.217046 2.452622 1.112536
v -0.214694 2.573871 1.112304
v -0.214694 2.570354 1.100708
v -0.214694 2.556955 1.080655
v -0.214694 2.536901 1.067256
v -0.214694 2.489592 1.067256
v -0.214694 2.469539 1.080655
v -0.214694 2.461852 1.090022
v -0.214694 2.456140 1.100708
v -0.214694 2.452622 1.112304
vn -0.0000 1.0000 -0.0000
vn -0.0000 0.8286 -0.5598
vn -0.0000 0.5528 -0.8333
vn -0.0000 0.1939 -0.9810
vn -0.0000 -0.0000 -1.0000
vn -0.0000 -0.1939 -0.9810
vn -0.0000 -0.5528 -0.8333
vn -0.0000 -1.0000 -0.0000
vn 0.0392 0.9796 -0.1971
vn 0.0757 0.9217 -0.3804
vn 0.1092 0.8286 -0.5490
vn 0.1385 0.7041 -0.6965
vn 0.1626 0.5528 -0.8173
vn 0.1804 0.3805 -0.9070
vn 0.1914 0.1939 -0.9622
vn 0.1951 -0.0000 -0.9808
vn 0.1914 -0.1939 -0.9622
vn 0.1804 -0.3805 -0.9070
vn 0.1626 -0.5528 -0.8173
vn 0.1385 -0.7041 -0.6965
vn 0.1092 -0.8286 -0.5490
vn 0.0757 -0.9217 -0.3804
vn 0.0392 -0.9796 -0.1971
vn 0.0769 0.9796 -0.1857
vn 0.1484 0.9217 -0.3584
vn 0.2142 0.8286 -0.5172
vn 0.2718 0.7041 -0.6561
vn 0.3189 0.5528 -0.7699
vn 0.3539 0.3805 -0.8544
vn 0.3754 0.1939 -0.9063
vn 0.3827 -0.0000 -0.9239
vn 0.3754 -0.1939 -0.9063
vn 0.3539 -0.3805 -0.8544
vn 0.3189 -0.5528 -0.7699
vn 0.2718 -0.7041 -0.6561
vn 0.2142 -0.8286 -0.5172
vn 0.1484 -0.9217 -0.3584
vn 0.0769 -0.9796 -0.1857
vn 0.1117 0.9796 -0.1671
vn 0.2155 0.9217 -0.3225
vn 0.3110 0.8286 -0.4654
vn 0.3945 0.7041 -0.5905
vn 0.4630 0.5528 -0.6929
vn 0.5138 0.3805 -0.7689
vn 0.5450 0.1939 -0.8157
vn 0.5556 -0.0000 -0.8315
vn 0.5450 -0.1939 -0.8157
vn 0.5138 -0.3805 -0.7689
vn 0.4630 -0.5528 -0.6929
vn 0.3945 -0.7041 -0.5905
vn 0.3110 -0.8286 -0.4654
vn 0.2155 -0.9217 -0.3225
vn 0.1117 -0.9796 -0.1671
vn 0.1421 0.9796 -0.1421
vn 0.2743 0.9217 -0.2743
vn 0.3958 0.8286 -0.3958
vn 0.5021 0.7041 -0.5021
vn 0.5893 0.5528 -0.5893
vn 0.6539 0.3805 -0.6539
vn 0.6937 0.1939 -0.6937
vn 0.7071 -0.0000 -0.7071
vn 0.6937 -0.1939 -0.6937
vn 0.6539 -0.3805 -0.6539
vn 0.5893 -0.5528 -0.5893
vn 0.5021 -0.7041 -0.5021
vn 0.3958 -0.8286 -0.3958
vn 0.2743 -0.9217 -0.2743
vn 0.1421 -0.9796 -0.1421
vn 0.1671 0.9796 -0.1117
vn 0.3225 0.9217 -0.2155
vn 0.4654 0.8286 -0.3110
vn 0.5905 0.7041 -0.3945
vn 0.6929 0.5528 -0.4630
vn 0.7689 0.3805 -0.5138
vn 0.8157 0.1939 -0.5450
vn 0.8315 -0.0000 -0.5556
vn 0.8157 -0.1939 -0.5450
vn 0.7689 -0.3805 -0.5138
vn 0.6929 -0.5528 -0.4630
vn 0.5905 -0.7041 -0.3945
vn 0.4654 -0.8286 -0.3110
vn 0.3225 -0.9217 -0.2155
vn 0.1671 -0.9796 -0.1117
vn 0.1857 0.9796 -0.0769
vn 0.3584 0.9217 -0.1484
vn 0.5172 0.8286 -0.2142
vn 0.6561 0.7041 -0.2718
vn 0.7699 0.5528 -0.3189
vn 0.8544 0.3805 -0.3539
vn 0.9063 0.1939 -0.3754
vn 0.9239 -0.0000 -0.3827
vn 0.9063 -0.1939 -0.3754
vn 0.8544 -0.3805 -0.3539
vn 0.7699 -0.5528 -0.3189
vn 0.6561 -0.7041 -0.2718
vn 0.5172 -0.8286 -0.2142
vn 0.3584 -0.9217 -0.1484
vn 0.1857 -0.9796 -0.0769
vn 0.1971 0.9796 -0.0392
vn 0.3804 0.9217 -0.0757
vn 0.5490 0.8286 -0.1092
vn 0.6965 0.7041 -0.1385
vn 0.8173 0.5528 -0.1626
vn 0.9070 0.3805 -0.1804
vn 0.9622 0.1939 -0.1914
vn 0.9808 -0.0000 -0.1951
vn 0.9622 -0.1939 -0.1914
vn 0.9070 -0.3805 -0.1804
vn 0.8173 -0.5528 -0.1626
vn 0.6965 -0.7041 -0.1385
vn 0.5490 -0.8286 -0.1092
vn 0.3804 -0.9217 -0.0757
vn 0.1971 -0.9796 -0.0392
vn 0.2010 0.9796 -0.0000
vn 0.3879 0.9217 -0.0000
vn 0.5598 0.8286 -0.0000
vn 0.7101 0.7041 -0.0000
vn 0.8333 0.5528 -0.0000
vn 0.9248 0.3805 -0.0000
vn 0.9810 0.1939 -0.0000
vn 1.0000 -0.0000 -0.0000
vn 0.9810 -0.1939 -0.0000
vn 0.9248 -0.3805 -0.0000
vn 0.8333 -0.5528 -0.0000
vn 0.7101 -0.7041 -0.0000
vn 0.5598 -0.8286 -0.0000
vn 0.3879 -0.9217 -0.0000
vn 0.2010 -0.9796 -0.0000
vn 0.1971 0.9796 0.0392
vn 0.3804 0.9217 0.0757
vn 0.5490 0.8286 0.1092
vn 0.6965 0.7041 0.1385
vn 0.8173 0.5528 0.1626
vn 0.9070 0.3805 0.1804
vn 0.9622 0.1939 0.1914
vn 0.9808 -0.0000 0.1951
vn 0.9622 -0.1939 0.1914
vn 0.9070 -0.3805 0.1804
vn 0.8173 -0.5528 0.1626
vn 0.6965 -0.7041 0.1385
vn 0.5490 -0.8286 0.1092
vn 0.3804 -0.9217 0.0757
vn 0.1971 -0.9796 0.0392
vn 0.1857 0.9796 0.0769
vn 0.3584 0.9217 0.1484
vn 0.5172 0.8286 0.2142
vn 0.6561 0.7041 0.2718
vn 0.7699 0.5528 0.3189
vn 0.8544 0.3805 0.3539
vn 0.9063 0.1939 0.3754
vn 0.9239 -0.0000 0.3827
vn 0.9063 -0.1939 0.3754
vn 0.8544 -0.3805 0.3539
vn 0.7699 -0.5528 0.3189
vn 0.6561 -0.7041 0.2718
vn 0.5172 -0.8286 0.2142
vn 0.3584 -0.9217 0.1484
vn 0.1857 -0.9796 0.0769
vn 0.1671 0.9796 0.1117
vn 0.3225 0.9217 0.2155
vn 0.4654 0.8286 0.3110
vn 0.5905 0.7041 0.3945
vn 0.6929 0.5528 0.4630
vn 0.7689 0.3805 0.5138
vn 0.8157 0.1939 0.5450
vn 0.8315 -0.0000 0.5556
vn 0.8157 -0.1939 0.5450
vn 0.7689 -0.3805 0.5138
vn 0.6929 -0.5528 0.4630
vn 0.5905 -0.7041 0.3945
vn 0.4654 -0.8286 0.3110
vn 0.3225 -0.9217 0.2155
vn 0.1671 -0.9796 0.1117
vn 0.1421 0.9796 0.1421
vn 0.2743 0.9217 0.2743
vn 0.3958 0.8286 0.3958
vn 0.5021 0.7041 0.5021
vn 0.5893 0.5528 0.5893
vn 0.6539 0.3805 0.6539
vn 0.6937 0.1939 0.6937
vn 0.7071 -0.0000 0.7071
vn 0.6937 -0.1939 0.6937
vn 0.6539 -0.3805 0.6539
vn 0.5893 -0.5528 0.5893
vn 0.5021 -0.7041 0.5021
vn 0.3958 -0.8286 0.3958
vn 0.2743 -0.9217 0.2743
vn 0.1421 -0.9796 0.1421
vn 0.1117 0.9796 0.1671
vn 0.2155 0.9217 0.3225
vn 0.3110 0.8286 0.4654
vn 0.3945 0.7041 0.5905
vn 0.4630 0.5528 0.6929
vn 0.5138 0.3805 0.7689
vn 0.5450 0.1939 0.8157
vn 0.5556 -0.0000 0.8315
vn 0.5450 -0.1939 0.8157
vn 0.5138 -0.3805 0.7689
vn 0.4630 -0.5528 0.6929
vn 0.3945 -0.7041 0.5905
vn 0.3110 -0.8286 0.4654
vn 0.2155 -0.9217 0.3225
vn 0.1117 -0.9796 0.1671
vn 0.0769 0.9796 0.1857
vn 0.1484 0.9217 0.3584
vn 0.2142 0.8286 0.5172
vn 0.2718 0.7041 0.6561
vn 0.3189 0.5528 0.7699
vn 0.3539 0.3805 0.8544
vn 0.3754 0.1939 0.9063
vn 0.3827 -0.0000 0.9239
vn 0.3754 -0.1939 0.9063
vn 0.3539 -0.3805 0.8544
vn 0.3189 -0.5528 0.7699
vn 0.2718 -0.7041 0.6561
vn 0.2142 -0.8286 0.5172
vn 0.1484 -0.9217 0.3584
vn 0.0769 -0.9796 0.1857
vn 0.0392 0.9796 0.1971
vn 0.0757 0.9217 0.3804
vn 0.1092 0.8286 0.5490
vn 0.1385 0.7041 0.6965
vn 0.1626 0.5528 0.8173
vn 0.1804 0.3805 0.9070
vn 0.1914 0.1939 0.9622
vn 0.1951 -0.0000 0.9808
vn 0.1914 -0.1939 0.9622
vn 0.1804 -0.3805 0.9070
vn 0.1626 -0.5528 0.8173
vn 0.1385 -0.7041 0.6965
vn 0.1092 -0.8286 0.5490
vn 0.0757 -0.9217 0.3804
vn 0.0392 -0.9796 0.1971
vn -0.0000 0.9796 0.2010
vn -0.0000 0.9217 0.3879
vn -0.0000 0.8286 0.5598
vn -0.0000 0.7041 0.7101
vn -0.0000 0.5528 0.8333
vn -0.0000 0.3805 0.9248
vn -0.0000 0.1939 0.9810
vn -0.0000 -0.0000 1.0000
vn -0.0000 -0.1939 0.9810
vn -0.0000 -0.3805 0.9248
vn -0.0000 -0.5528 0.8333
vn -0.0000 -0.7041 0.7101
vn -0.0000 -0.8286 0.5598
vn -0.0000 -0.9217 0.3879
vn -0.0000 -0.9796 0.2010
vn -0.0392 0.9796 0.1971
vn -0.0757 0.9217 0.3804
vn -0.1092 0.8286 0.5490
vn -0.1385 0.7041 0.6965
vn -0.1626 0.5528 0.8173
vn -0.1804 0.3805 0.9070
vn -0.1914 0.1939 0.9622
vn -0.1951 -0.0000 0.9808
vn -0.1914 -0.1939 0.9622
vn -0.1804 -0.3805 0.9070
vn -0.1626 -0.5528 0.8173
vn -0.1385 -0.7041 0.6965
vn -0.1092 -0.8286 0.5490
vn -0.0757 -0.9217 0.3804
vn -0.0392 -0.9796 0.1971
vn -0.0769 0.9796 0.1857
vn -0.1484 0.9217 0.3584
vn -0.2142 0.8286 0.5172
vn -0.2718 0.7041 0.6561
vn -0.3189 0.5528 0.7699
vn -0.3539 0.3805 0.8544
vn -0.3754 0.1939 0.9063
vn -0.3827 -0.0000 0.9239
vn -0.3754 -0.1939 0.9063
vn -0.3539 -0.3805 0.8544
vn -0.3189 -0.5528 0.7699
vn -0.2718 -0.7041 0.6561
vn -0.2142 -0.8286 0.5172
vn -0.1484 -0.9217 0.3584
vn -0.0769 -0.9796 0.1857
vn -0.1117 0.9796 0.1671
vn -0.2155 0.9217 0.3225
vn -0.3110 0.8286 0.4654
vn -0.3945 0.7041 0.5905
vn -0.4630 0.5528 0.6929
vn -0.5138 0.3805 0.7689
vn -0.5450 0.1939 0.8157
vn -0.5556 -0.0000 0.8315
vn -0.5450 -0.1939 0.8157
vn -0.5138 -0.3805 0.7689
vn -0.4630 -0.5528 0.6929
vn -0.3945 -0.7041 0.5905
vn -0.3110 -0.8286 0.4654
vn -0.2155 -0.9217 0.3225
vn -0.1117 -0.9796 0.1671
vn -0.1421 0.9796 0.1421
vn -0.2743 0.9217 0.2743
vn -0.3958 0.8286 0.3958
vn -0.5021 0.7041 0.5021
vn -0.5893 0.5528 0.5893
vn -0.6539 0.3805 0.6539
vn -0.6937 0.1939 0.6937
vn -0.7071 -0.0000 0.7071
vn -0.6937 -0.1939 0.6937
vn -0.6539 -0.3805 0.6539
vn -0.5893 -0.5528 0.5893
vn -0.5021 -0.7041 0.5021
vn -0.3958 -0.8286 0.3958
vn -0.2743 -0.9217 0.2743
vn -0.1421 -0.9796 0.1421
vn -0.1671 0.9796 0.1117
vn -0.3225 0.9217 0.2155
vn -0.4654 0.8286 0.3110
vn -0.5905 0.7041 0.3945
vn -0.6929 0.5528 0.4630
vn -0.7689 0.3805 0.5138
vn -0.8157 0.1939 0.5450
vn -0.8315 -0.0000 0.5556
vn -0.8157 -0.1939 0.5450
vn -0.7689 -0.3805 0.5138
vn -0.6929 -0.5528 0.4630
vn -0.5905 -0.7041 0.3945
vn -0.4654 -0.8286 0.3110
vn -0.3225 -0.9217 0.2155
vn -0.1671 -0.9796 0.1117
vn -0.1857 0.9796 0.0769
vn -0.3584 0.9217 0.1484
vn -0.5172 0.8286 0.2142
vn -0.6561 0.7041 0.2718
vn -0.7699 0.5528 0.3189
vn -0.8544 0.3805 0.3539
vn -0.9063 0.1939 0.3754
vn -0.9239 -0.0000 0.3827
vn -0.9063 -0.1939 0.3754
vn -0.8544 -0.3805 0.3539
vn -0.7699 -0.5528 0.3189
vn -0.6561 -0.7041 0.2718
vn -0.5172 -0.8286 0.2142
vn -0.3584 -0.9217 0.1484
vn -0.1857 -0.9796 0.0769
vn -0.1971 0.9796 0.0392
vn -0.3804 0.9217 0.0757
vn -0.5490 0.8286 0.1092
vn -0.6965 0.7041 0.1385
vn -0.8173 0.5528 0.1626
vn -0.9070 0.3805 0.1804
vn -0.9622 0.1939 0.1914
vn -0.9808 -0.0000 0.1951
vn -0.9622 -0.1939 0.1914
vn -0.9070 -0.3805 0.1804
vn -0.8173 -0.5528 0.1626
vn -0.6965 -0.7041 0.1385
vn -0.5490 -0.8286 0.1092
vn -0.3804 -0.9217 0.0757
vn -0.1971 -0.9796 0.0392
vn -0.2010 0.9796 -0.0000
vn -0.3879 0.9217 -0.0000
vn -0.5598 0.8286 -0.0000
vn -0.7101 0.7041 -0.0000
vn -0.8333 0.5528 -0.0000
vn -0.9248 0.3805 -0.0000
vn -0.9810 0.1939 -0.0000
vn -1.0000 -0.0000 -0.0000
vn -0.9810 -0.1939 -0.0000
vn -0.9248 -0.3805 -0.0000
vn -0.8333 -0.5528 -0.0000
vn -0.7101 -0.7041 -0.0000
vn -0.5598 -0.8286 -0.0000
vn -0.3879 -0.9217 -0.0000
vn -0.2010 -0.9796 -0.0000
vn -0.1971 0.9796 -0.0392
vn -0.3804 0.9217 -0.0757
vn -0.5490 0.8286 -0.1092
vn -0.6965 0.7041 -0.1385
vn -0.8173 0.5528 -0.1626
vn -0.9070 0.3805 -0.1804
vn -0.9622 0.1939 -0.1914
vn -0.9808 -0.0000 -0.1951
vn -0.9622 -0.1939 -0.1914
vn -0.9070 -0.3805 -0.1804
vn -0.8173 -0.5528 -0.1626
vn -0.6965 -0.7041 -0.1385
vn -0.5490 -0.8286 -0.1092
vn -0.3804 -0.9217 -0.0757
vn -0.1971 -0.9796 -0.0392
vn -0.1857 0.9796 -0.0769
vn -0.3584 0.9217 -0.1484
vn -0.5172 0.8286 -0.2142
vn -0.6561 0.7041 -0.2718
vn -0.7699 0.5528 -0.3189
vn -0.8544 0.3805 -0.3539
vn -0.9063 0.1939 -0.3754
vn -0.9239 -0.0000 -0.3827
vn -0.9063 -0.1939 -0.3754
vn -0.8544 -0.3805 -0.3539
vn -0.7699 -0.5528 -0.3189
vn -0.6561 -0.7041 -0.2718
vn -0.5172 -0.8286 -0.2142
vn -0.3584 -0.9217 -0.1484
vn -0.1857 -0.9796 -0.0769
vn -0.1671 0.9796 -0.1117
vn -0.3225 0.9217 -0.2155
vn -0.4654 0.8286 -0.3110
vn -0.5905 0.7041 -0.3945
vn -0.6929 0.5528 -0.4630
vn -0.7689 0.3805 -0.5138
vn -0.8157 0.1939 -0.5450
vn -0.8315 -0.0000 -0.5556
vn -0.8157 -0.1939 -0.5450
vn -0.7689 -0.3805 -0.5138
vn -0.6929 -0.5528 -0.4630
vn -0.5905 -0.7041 -0.3945
vn -0.4654 -0.8286 -0.3110
vn -0.3225 -0.9217 -0.2155
vn -0.1671 -0.9796 -0.1117
vn -0.1421 0.9796 -0.1421
vn -0.2743 0.9217 -0.2743
vn -0.3958 0.8286 -0.3958
vn -0.5021 0.7041 -0.5021
vn -0.5893 0.5528 -0.5893
vn -0.6539 0.3805 -0.6539
vn -0.6937 0.1939 -0.6937
vn -0.7071 -0.0000 -0.7071
vn -0.6937 -0.1939 -0.6937
vn -0.6539 -0.3805 -0.6539
vn -0.5893 -0.5528 -0.5893
vn -0.5021 -0.7041 -0.5021
vn -0.3958 -0.8286 -0.3958
vn -0.2743 -0.9217 -0.2743
vn -0.1421 -0.9796 -0.1421
vn -0.1117 0.9796 -0.1671
vn -0.2155 0.9217 -0.3225
vn -0.3110 0.8286 -0.4654
vn -0.3945 0.7041 -0.5905
vn -0.4630 0.5528 -0.6929
vn -0.5138 0.3805 -0.7689
vn -0.5450 0.1939 -0.8157
vn -0.5556 -0.0000 -0.8315
vn -0.5450 -0.1939 -0.8157
vn -0.5138 -0.3805 -0.7689
vn -0.4630 -0.5528 -0.6929
vn -0.3945 -0.7041 -0.5905
vn -0.3110 -0.8286 -0.4654
vn -0.2155 -0.9217 -0.3225
vn -0.1117 -0.9796 -0.1671
vn -0.0769 0.9796 -0.1857
vn -0.1484 0.9217 -0.3584
vn -0.2142 0.8286 -0.5172
vn -0.2718 0.7041 -0.6561
vn -0.3189 0.5528 -0.7699
vn -0.3539 0.3805 -0.8544
vn -0.3754 0.1939 -0.9063
vn -0.3827 -0.0000 -0.9239
vn -0.3754 -0.1939 -0.9063
vn -0.3539 -0.3805 -0.8544
vn -0.3189 -0.5528 -0.7699
vn -0.2718 -0.7041 -0.6561
vn -0.2142 -0.8286 -0.5172
vn -0.1484 -0.9217 -0.3584
vn -0.0769 -0.9796 -0.1857
vn -0.0392 0.9796 -0.1971
vn -0.0757 0.9217 -0.3804
vn -0.1092 0.8286 -0.5490
vn -0.1385 0.7041 -0.6965
vn -0.1626 0.5528 -0.8173
vn -0.1804 0.3805 -0.9070
vn -0.1914 0.1939 -0.9622
vn -0.1951 -0.0000 -0.9808
vn -0.1914 -0.1939 -0.9622
vn -0.1804 -0.3805 -0.9070
vn -0.1626 -0.5528 -0.8173
vn -0.1385 -0.7041 -0.6965
vn -0.1092 -0.8286 -0.5490
vn -0.0757 -0.9217 -0.3804
vn -0.0392 -0.9796 -0.1971
vn -0.0000 0.9796 -0.2010
vn -0.0000 0.9217 -0.3879
vn -0.0000 0.7041 -0.7101
vn -0.0000 0.3805 -0.9248
vn -0.0000 -0.3805 -0.9248
vn -0.0000 -0.7041 -0.7101
vn -0.0000 -0.8286 -0.5598
vn -0.0000 -0.9217 -0.3879
vn -0.0000 -0.9796 -0.2010
vt 0.750000 0.687500
vt 0.750000 0.750000
vt 0.718750 0.750000
vt 0.718750 0.687500
vt 0.750000 0.187500
vt 0.750000 0.250000
vt 0.718750 0.250000
vt 0.718750 0.187500
vt 0.750000 0.625000
vt 0.718750 0.625000
vt 0.750000 0.125000
vt 0.718750 0.125000
vt 0.750000 0.562500
vt 0.718750 0.562500
vt 0.750000 0.062500
vt 0.718750 0.062500
vt 0.750000 0.500000
vt 0.718750 0.500000
vt 0.750000 0.937500
vt 0.734375 1.000000
vt 0.718750 0.937500
vt 0.734375 0.000000
vt 0.750000 0.437500
vt 0.718750 0.437500
vt 0.750000 0.875000
vt 0.718750 0.875000
vt 0.750000 0.375000
vt 0.718750 0.375000
vt 0.750000 0.812500
vt 0.718750 0.812500
vt 0.750000 0.312500
vt 0.718750 0.312500
vt 0.687500 0.812500
vt 0.687500 0.750000
vt 0.687500 0.312500
vt 0.687500 0.250000
vt 0.687500 0.687500
vt 0.687500 0.187500
vt 0.687500 0.625000
vt 0.687500 0.125000
vt 0.687500 0.562500
vt 0.687500 0.062500
vt 0.687500 0.500000
vt 0.703125 1.000000
vt 0.687500 0.937500
vt 0.703125 0.000000
vt 0.687500 0.437500
vt 0.687500 0.875000
vt 0.687500 0.375000
vt 0.656250 0.562500
vt 0.656250 0.500000
vt 0.671875 1.000000
vt 0.656250 0.937500
vt 0.671875 0.000000
vt 0.656250 0.062500
vt 0.656250 0.437500
vt 0.656250 0.875000
vt 0.656250 0.375000
vt 0.656250 0.812500
vt 0.656250 0.312500
vt 0.656250 0.750000
vt 0.656250 0.250000
vt 0.656250 0.687500
vt 0.656250 0.187500
vt 0.656250 0.625000
vt 0.656250 0.125000
vt 0.625000 0.312500
vt 0.625000 0.250000
vt 0.625000 0.750000
vt 0.625000 0.687500
vt 0.625000 0.187500
vt 0.625000 0.625000
vt 0.625000 0.125000
vt 0.625000 0.562500
vt 0.625000 0.062500
vt 0.625000 0.500000
vt 0.640625 1.000000
vt 0.625000 0.937500
vt 0.640625 0.000000
vt 0.625000 0.437500
vt 0.625000 0.875000
vt 0.625000 0.375000
vt 0.625000 0.812500
vt 0.609375 1.000000
vt 0.593750 0.937500
vt 0.609375 0.000000
vt 0.593750 0.062500
vt 0.593750 0.500000
vt 0.593750 0.437500
vt 0.593750 0.875000
vt 0.593750 0.375000
vt 0.593750 0.812500
vt 0.593750 0.312500
vt 0.593750 0.750000
vt 0.593750 0.250000
vt 0.593750 0.687500
vt 0.593750 0.187500
vt 0.593750 0.625000
vt 0.593750 0.125000
vt 0.593750 0.562500
vt 0.562500 0.750000
vt 0.562500 0.687500
vt 0.562500 0.250000
vt 0.562500 0.187500
vt 0.562500 0.625000
vt 0.562500 0.125000
vt 0.562500 0.562500
vt 0.562500 0.062500
vt 0.562500 0.500000
vt 0.578125 1.000000
vt 0.562500 0.937500
vt 0.578125 0.000000
vt 0.562500 0.437500
vt 0.562500 0.875000
vt 0.562500 0.375000
vt 0.562500 0.812500
vt 0.562500 0.312500
vt 0.531250 0.500000
vt 0.531250 0.437500
vt 0.531250 0.937500
vt 0.531250 0.875000
vt 0.531250 0.375000
vt 0.531250 0.812500
vt 0.531250 0.312500
vt 0.531250 0.750000
vt 0.531250 0.250000
vt 0.531250 0.687500
vt 0.531250 0.187500
vt 0.531250 0.625000
vt 0.531250 0.125000
vt 0.531250 0.562500
vt 0.531250 0.062500
vt 0.546875 1.000000
vt 0.546875 0.000000
vt 0.500000 0.250000
vt 0.500000 0.187500
vt 0.500000 0.687500
vt 0.500000 0.625000
vt 0.500000 0.125000
vt 0.500000 0.562500
vt 0.500000 0.062500
vt 0.500000 0.500000
vt 0.515625 1.000000
vt 0.500000 0.937500
vt 0.515625 0.000000
vt 0.500000 0.437500
vt 0.500000 0.875000
vt 0.500000 0.375000
vt 0.500000 0.812500
vt 0.500000 0.312500
vt 0.500000 0.750000
vt 0.468750 0.437500
vt 0.468750 0.375000
vt 0.468750 0.875000
vt 0.468750 0.812500
vt 0.468750 0.312500
vt 0.468750 0.750000
vt 0.468750 0.250000
vt 0.468750 0.687500
vt 0.468750 0.187500
vt 0.468750 0.625000
vt 0.468750 0.125000
vt 0.468750 0.562500
vt 0.468750 0.062500
vt 0.468750 0.500000
vt 0.484375 1.000000
vt 0.468750 0.937500
vt 0.484375 0.000000
vt 0.437500 0.187500
vt 0.437500 0.125000
vt 0.437500 0.625000
vt 0.437500 0.562500
vt 0.437500 0.062500
vt 0.437500 0.500000
vt 0.453125 1.000000
vt 0.437500 0.937500
vt 0.453125 0.000000
vt 0.437500 0.437500
vt 0.437500 0.875000
vt 0.437500 0.375000
vt 0.437500 0.812500
vt 0.437500 0.312500
vt 0.437500 0.750000
vt 0.437500 0.250000
vt 0.437500 0.687500
vt 0.406250 0.875000
vt 0.406250 0.812500
vt 0.406250 0.375000
vt 0.406250 0.312500
vt 0.406250 0.750000
vt 0.406250 0.250000
vt 0.406250 0.687500
vt 0.406250 0.187500
vt 0.406250 0.625000
vt 0.406250 0.125000
vt 0.406250 0.562500
vt 0.406250 0.062500
vt 0.406250 0.500000
vt 0.421875 1.000000
vt 0.406250 0.937500
vt 0.421875 0.000000
vt 0.406250 0.437500
vt 0.375000 0.625000
vt 0.375000 0.562500
vt 0.375000 0.125000
vt 0.375000 0.062500
vt 0.375000 0.500000
vt 0.390625 1.000000
vt 0.375000 0.937500
vt 0.390625 0.000000
vt 0.375000 0.437500
vt 0.375000 0.875000
vt 0.375000 0.375000
vt 0.375000 0.812500
vt 0.375000 0.312500
vt 0.375000 0.750000
vt 0.375000 0.250000
vt 0.375000 0.687500
vt 0.375000 0.187500
vt 0.343750 0.375000
vt 0.343750 0.312500
vt 0.343750 0.812500
vt 0.343750 0.750000
vt 0.343750 0.250000
vt 0.343750 0.687500
vt 0.343750 0.187500
vt 0.343750 0.625000
vt 0.343750 0.125000
vt 0.343750 0.562500
vt 0.343750 0.062500
vt 0.343750 0.500000
vt 0.359375 1.000000
vt 0.343750 0.937500
vt 0.359375 0.000000
vt 0.343750 0.437500
vt 0.343750 0.875000
vt 0.312500 0.125000
vt 0.312500 0.062500
vt 0.312500 0.562500
vt 0.312500 0.500000
vt 0.328125 1.000000
vt 0.312500 0.937500
vt 0.328125 0.000000
vt 0.312500 0.437500
vt 0.312500 0.875000
vt 0.312500 0.375000
vt 0.312500 0.812500
vt 0.312500 0.312500
vt 0.312500 0.750000
vt 0.312500 0.250000
vt 0.312500 0.687500
vt 0.312500 0.187500
vt 0.312500 0.625000
vt 0.281250 0.812500
vt 0.281250 0.750000
vt 0.281250 0.312500
vt 0.281250 0.250000
vt 0.281250 0.687500
vt 0.281250 0.187500
vt 0.281250 0.625000
vt 0.281250 0.125000
vt 0.281250 0.562500
vt 0.281250 0.062500
vt 0.281250 0.500000
vt 0.296875 1.000000
vt 0.281250 0.937500
vt 0.296875 0.000000
vt 0.281250 0.437500
vt 0.281250 0.875000
vt 0.281250 0.375000
vt 0.250000 0.562500
vt 0.250000 0.500000
vt 0.265625 1.000000
vt 0.250000 0.937500
vt 0.265625 0.000000
vt 0.250000 0.062500
vt 0.250000 0.437500
vt 0.250000 0.875000
vt 0.250000 0.375000
vt 0.250000 0.812500
vt 0.250000 0.312500
vt 0.250000 0.750000
vt 0.250000 0.250000
vt 0.250000 0.687500
vt 0.250000 0.187500
vt 0.250000 0.625000
vt 0.250000 0.125000
vt 0.218750 0.312500
vt 0.218750 0.250000
vt 0.218750 0.750000
vt 0.218750 0.687500
vt 0.218750 0.187500
vt 0.218750 0.625000
vt 0.218750 0.125000
vt 0.218750 0.562500
vt 0.218750 0.062500
vt 0.218750 0.500000
vt 0.234375 1.000000
vt 0.218750 0.937500
vt 0.234375 0.000000
vt 0.218750 0.437500
vt 0.218750 0.875000
vt 0.218750 0.375000
vt 0.218750 0.812500
vt 0.203125 0.000000
vt 0.187500 0.062500
vt 0.187500 0.500000
vt 0.187500 0.437500
vt 0.187500 0.937500
vt 0.187500 0.875000
vt 0.187500 0.375000
vt 0.187500 0.812500
vt 0.187500 0.312500
vt 0.187500 0.750000
vt 0.187500 0.250000
vt 0.187500 0.687500
vt 0.187500 0.187500
vt 0.187500 0.625000
vt 0.187500 0.125000
vt 0.187500 0.562500
vt 0.203125 1.000000
vt 0.156250 0.250000
vt 0.156250 0.187500
vt 0.156250 0.687500
vt 0.156250 0.625000
vt 0.156250 0.125000
vt 0.156250 0.562500
vt 0.156250 0.062500
vt 0.156250 0.500000
vt 0.171875 1.000000
vt 0.156250 0.937500
vt 0.171875 0.000000
vt 0.156250 0.437500
vt 0.156250 0.875000
vt 0.156250 0.375000
vt 0.156250 0.812500
vt 0.156250 0.312500
vt 0.156250 0.750000
vt 0.125000 0.937500
vt 0.125000 0.875000
vt 0.125000 0.437500
vt 0.125000 0.375000
vt 0.125000 0.812500
vt 0.125000 0.312500
vt 0.125000 0.750000
vt 0.125000 0.250000
vt 0.125000 0.687500
vt 0.125000 0.187500
vt 0.125000 0.625000
vt 0.125000 0.125000
vt 0.125000 0.562500
vt 0.125000 0.062500
vt 0.125000 0.500000
vt 0.140625 1.000000
vt 0.140625 0.000000
vt 0.093750 0.687500
vt 0.093750 0.625000
vt 0.093750 0.187500
vt 0.093750 0.125000
vt 0.093750 0.562500
vt 0.093750 0.062500
vt 0.093750 0.500000
vt 0.109375 1.000000
vt 0.093750 0.937500
vt 0.109375 0.000000
vt 0.093750 0.437500
vt 0.093750 0.875000
vt 0.093750 0.375000
vt 0.093750 0.812500
vt 0.093750 0.312500
vt 0.093750 0.750000
vt 0.093750 0.250000
vt 0.062500 0.437500
vt 0.062500 0.375000
vt 0.062500 0.875000
vt 0.062500 0.812500
vt 0.062500 0.312500
vt 0.062500 0.750000
vt 0.062500 0.250000
vt 0.062500 0.687500
vt 0.062500 0.187500
vt 0.062500 0.625000
vt 0.062500 0.125000
vt 0.062500 0.562500
vt 0.062500 0.062500
vt 0.062500 0.500000
vt 0.078125 1.000000
vt 0.062500 0.937500
vt 0.078125 0.000000
vt 0.031250 0.187500
vt 0.031250 0.125000
vt 0.031250 0.625000
vt 0.031250 0.562500
vt 0.031250 0.062500
vt 0.031250 0.500000
vt 0.046875 1.000000
vt 0.031250 0.937500
vt 0.046875 0.000000
vt 0.031250 0.437500
vt 0.031250 0.875000
vt 0.031250 0.375000
vt 0.031250 0.812500
vt 0.031250 0.312500
vt 0.031250 0.750000
vt 0.031250 0.250000
vt 0.031250 0.687500
vt 0.000000 0.875000
vt 0.000000 0.812500
vt 0.000000 0.375000
vt 0.000000 0.312500
vt 0.000000 0.750000
vt 0.000000 0.250000
vt 0.000000 0.687500
vt 0.000000 0.187500
vt 0.000000 0.625000
vt 0.000000 0.125000
vt 0.000000 0.562500
vt 0.000000 0.062500
vt 0.000000 0.500000
vt 0.015625 1.000000
vt 0.000000 0.937500
vt 0.015625 0.000000
vt 0.000000 0.437500
vt 1.000000 0.562500
vt 1.000000 0.625000
vt 0.968750 0.625000
vt 0.968750 0.562500
vt 1.000000 0.062500
vt 1.000000 0.125000
vt 0.968750 0.125000
vt 0.968750 0.062500
vt 1.000000 0.500000
vt 0.968750 0.500000
vt 1.000000 0.937500
vt 0.984375 1.000000
vt 0.968750 0.937500
vt 0.984375 0.000000
vt 1.000000 0.437500
vt 0.968750 0.437500
vt 1.000000 0.875000
vt 0.968750 0.875000
vt 1.000000 0.375000
vt 0.968750 0.375000
vt 1.000000 0.812500
vt 0.968750 0.812500
vt 1.000000 0.312500
vt 0.968750 0.312500
vt 1.000000 0.750000
vt 0.968750 0.750000
vt 1.000000 0.250000
vt 0.968750 0.250000
vt 1.000000 0.687500
vt 0.968750 0.687500
vt 1.000000 0.187500
vt 0.968750 0.187500
vt 0.937500 0.375000
vt 0.937500 0.312500
vt 0.937500 0.812500
vt 0.937500 0.750000
vt 0.937500 0.250000
vt 0.937500 0.687500
vt 0.937500 0.187500
vt 0.937500 0.625000
vt 0.937500 0.125000
vt 0.937500 0.562500
vt 0.937500 0.062500
vt 0.937500 0.500000
vt 0.953125 1.000000
vt 0.937500 0.937500
vt 0.953125 0.000000
vt 0.937500 0.437500
vt 0.937500 0.875000
vt 0.906250 0.125000
vt 0.906250 0.062500
vt 0.906250 0.562500
vt 0.906250 0.500000
vt 0.921875 1.000000
vt 0.906250 0.937500
vt 0.921875 0.000000
vt 0.906250 0.437500
vt 0.906250 0.875000
vt 0.906250 0.375000
vt 0.906250 0.812500
vt 0.906250 0.312500
vt 0.906250 0.750000
vt 0.906250 0.250000
vt 0.906250 0.687500
vt 0.906250 0.187500
vt 0.906250 0.625000
vt 0.875000 0.312500
vt 0.875000 0.250000
vt 0.875000 0.750000
vt 0.875000 0.687500
vt 0.875000 0.187500
vt 0.875000 0.625000
vt 0.875000 0.125000
vt 0.875000 0.562500
vt 0.875000 0.062500
vt 0.875000 0.500000
vt 0.890625 1.000000
vt 0.875000 0.937500
vt 0.890625 0.000000
vt 0.875000 0.437500
vt 0.875000 0.875000
vt 0.875000 0.375000
vt 0.875000 0.812500
vt 0.859375 1.000000
vt 0.843750 0.937500
vt 0.859375 0.000000
vt 0.843750 0.062500
vt 0.843750 0.500000
vt 0.843750 0.437500
vt 0.843750 0.875000
vt 0.843750 0.375000
vt 0.843750 0.812500
vt 0.843750 0.312500
vt 0.843750 0.750000
vt 0.843750 0.250000
vt 0.843750 0.687500
vt 0.843750 0.187500
vt 0.843750 0.625000
vt 0.843750 0.125000
vt 0.843750 0.562500
vt 0.812500 0.750000
vt 0.812500 0.687500
vt 0.812500 0.250000
vt 0.812500 0.187500
vt 0.812500 0.625000
vt 0.812500 0.125000
vt 0.812500 0.562500
vt 0.812500 0.062500
vt 0.812500 0.500000
vt 0.828125 1.000000
vt 0.812500 0.937500
vt 0.828125 0.000000
vt 0.812500 0.437500
vt 0.812500 0.875000
vt 0.812500 0.375000
vt 0.812500 0.812500
vt 0.812500 0.312500
vt 0.781250 0.500000
vt 0.781250 0.437500
vt 0.781250 0.937500
vt 0.781250 0.875000
vt 0.781250 0.375000
vt 0.781250 0.812500
vt 0.781250 0.312500
vt 0.781250 0.750000
vt 0.781250 0.250000
vt 0.781250 0.687500
vt 0.781250 0.187500
vt 0.781250 0.625000
vt 0.781250 0.125000
vt 0.781250 0.562500
vt 0.781250 0.062500
vt 0.796875 1.000000
vt 0.796875 0.000000
vt 0.765625 1.000000
vt 0.765625 0.000000
s 1
usemtl マテリアル.001
f 997/1515/875 1470/1516/1348 1006/1517/884 1007/1518/885
f 1474/1519/1352 1473/1520/1351 1014/1521/892 1015/1522/893
f 1471/1523/1349 997/1515/875 1007/1518/885 1008/1524/886
f 1475/1525/1353 1474/1519/1352 1015/1522/893 1016/1526/894
f 998/1527/876 1471/1523/1349 1008/1524/886 1009/1528/887
f 1476/1529/1354 1475/1525/1353 1016/1526/894 1017/1530/895
f 999/1531/877 998/1527/876 1009/1528/887 1010/1532/888
f 1468/1533/1346 995/1534/873 1003/1535/881
f 1002/1536/880 1476/1529/1354 1017/1530/895
f 1000/1537/878 999/1531/877 1010/1532/888 1011/1538/889
f 1469/1539/1347 1468/1533/1346 1003/1535/881 1004/1540/882
f 1472/1541/1350 1000/1537/878 1011/1538/889 1012/1542/890
f 996/1543/874 1469/1539/1347 1004/1540/882 1005/1544/883
f 1001/1545/879 1472/1541/1350 1012/1542/890 1013/1546/891
f 1470/1516/1348 996/1543/874 1005/1544/883 1006/1517/884
f 1473/1520/1351 1001/1545/879 1013/1546/891 1014/1521/892
f 1006/1517/884 1005/1544/883 1020/1547/898 1021/1548/899
f 1014/1521/892 1013/1546/891 1028/1549/906 1029/1550/907
f 1007/1518/885 1006/1517/884 1021/1548/899 1022/1551/900
f 1015/1522/893 1014/1521/892 1029/1550/907 1030/1552/908
f 1008/1524/886 1007/1518/885 1022/1551/900 1023/1553/901
f 1016/1526/894 1015/1522/893 1030/1552/908 1031/1554/909
f 1009/1528/887 1008/1524/886 1023/1553/901 1024/1555/902
f 1017/1530/895 1016/1526/894 1031/1554/909 1032/1556/910
f 1010/1532/888 1009/1528/887 1024/1555/902 1025/1557/903
f 1003/1535/881 995/1558/873 1018/1559/896
f 1002/1560/880 1017/1530/895 1032/1556/910
f 1011/1538/889 1010/1532/888 1025/1557/903 1026/1561/904
f 1004/1540/882 1003/1535/881 1018/1559/896 1019/1562/897
f 1012/1542/890 1011/1538/889 1026/1561/904 1027/1563/905
f 1005/1544/883 1004/1540/882 1019/1562/897 1020/1547/898
f 1013/1546/891 1012/1542/890 1027/1563/905 1028/1549/906
f 1025/1557/903 1024/1555/902 1039/1564/917 1040/1565/918
f 1018/1559/896 995/1566/873 1033/1567/911
f 1002/1568/880 1032/1556/910 1047/1569/925
f 1026/1561/904 1025/1557/903 1040/1565/918 1041/1570/919
f 1019/1562/897 1018/1559/896 1033/1567/911 1034/1571/912
f 1027/1563/905 1026/1561/904 1041/1570/919 1042/1572/920
f 1020/1547/898 1019/1562/897 1034/1571/912 1035/1573/913
f 1028/1549/906 1027/1563/905 1042/1572/920 1043/1574/921
f 1021/1548/899 1020/1547/898 1035/1573/913 1036/1575/914
f 1029/1550/907 1028/1549/906 1043/1574/921 1044/1576/922
f 1022/1551/900 1021/1548/899 1036/1575/914 1037/1577/915
f 1030/1552/908 1029/1550/907 1044/1576/922 1045/1578/923
f 1023/1553/901 1022/1551/900 1037/1577/915 1038/1579/916
f 1031/1554/909 1030/1552/908 1045/1578/923 1046/1580/924
f 1024/1555/902 1023/1553/901 1038/1579/916 1039/1564/917
f 1032/1556/910 1031/1554/909 1046/1580/924 1047/1569/925
f 1044/1576/922 1043/1574/921 1058/1581/936 1059/1582/937
f 1037/1577/915 1036/1575/914 1051/1583/929 1052/1584/930
f 1045/1578/923 1044/1576/922 1059/1582/937 1060/1585/938
f 1038/1579/916 1037/1577/915 1052/1584/930 1053/1586/931
f 1046/1580/924 1045/1578/923 1060/1585/938 1061/1587/939
f 1039/1564/917 1038/1579/916 1053/1586/931 1054/1588/932
f 1047/1569/925 1046/1580/924 1061/1587/939 1062/1589/940
f 1040/1565/918 1039/1564/917 1054/1588/932 1055/1590/933
f 1033/1567/911 995/1591/873 1048/1592/926
f 1002/1593/880 1047/1569/925 1062/1589/940
f 1041/1570/919 1040/1565/918 1055/1590/933 1056/1594/934
f 1034/1571/912 1033/1567/911 1048/1592/926 1049/1595/927
f 1042/1572/920 1041/1570/919 1056/1594/934 1057/1596/935
f 1035/1573/913 1034/1571/912 1049/1595/927 1050/1597/928
f 1043/1574/921 1042/1572/920 1057/1596/935 1058/1581/936
f 1036/1575/914 1035/1573/913 1050/1597/928 1051/1583/929
f 1048/1592/926 995/1598/873 1063/1599/941
f 1002/1600/880 1062/1589/940 1077/1601/955
f 1056/1594/934 1055/1590/933 1070/1602/948 1071/1603/949
f 1049/1595/927 1048/1592/926 1063/1599/941 1064/1604/942
f 1057/1596/935 1056/1594/934 1071/1603/949 1072/1605/950
f 1050/1597/928 1049/1595/927 1064/1604/942 1065/1606/943
f 1058/1581/936 1057/1596/935 1072/1605/950 1073/1607/951
f 1051/1583/929 1050/1597/928 1065/1606/943 1066/1608/944
f 1059/1582/937 1058/1581/936 1073/1607/951 1074/1609/952
f 1052/1584/930 1051/1583/929 1066/1608/944 1067/1610/945
f 1060/1585/938 1059/1582/937 1074/1609/952 1075/1611/953
f 1053/1586/931 1052/1584/930 1067/1610/945 1068/1612/946
f 1061/1587/939 1060/1585/938 1075/1611/953 1076/1613/954
f 1054/1588/932 1053/1586/931 1068/1612/946 1069/1614/947
f 1062/1589/940 1061/1587/939 1076/1613/954 1077/1601/955
f 1055/1590/933 1054/1588/932 1069/1614/947 1070/1602/948
f 1067/1610/945 1066/1608/944 1081/1615/959 1082/1616/960
f 1075/1611/953 1074/1609/952 1089/1617/967 1090/1618/968
f 1068/1612/946 1067/1610/945 1082/1616/960 1083/1619/961
f 1076/1613/954 1075/1611/953 1090/1618/968 1091/1620/969
f 1069/1614/947 1068/1612/946 1083/1619/961 1084/1621/962
f 1077/1601/955 1076/1613/954 1091/1620/969 1092/1622/970
f 1070/1602/948 1069/1614/947 1084/1621/962 1085/1623/963
f 1063/1599/941 995/1624/873 1078/1625/956
f 1002/1626/880 1077/1601/955 1092/1622/970
f 1071/1603/949 1070/1602/948 1085/1623/963 1086/1627/964
f 1064/1604/942 1063/1599/941 1078/1625/956 1079/1628/957
f 1072/1605/950 1071/1603/949 1086/1627/964 1087/1629/965
f 1065/1606/943 1064/1604/942 1079/1628/957 1080/1630/958
f 1073/1607/951 1072/1605/950 1087/1629/965 1088/1631/966
f 1066/1608/944 1065/1606/943 1080/1630/958 1081/1615/959
f 1074/1609/952 1073/1607/951 1088/1631/966 1089/1617/967
f 1086/1627/964 1085/1623/963 1100/1632/978 1101/1633/979
f 1079/1628/957 1078/1625/956 1093/1634/971 1094/1635/972
f 1087/1629/965 1086/1627/964 1101/1633/979 1102/1636/980
f 1080/1630/958 1079/1628/957 1094/1635/972 1095/1637/973
f 1088/1631/966 1087/1629/965 1102/1636/980 1103/1638/981
f 1081/1615/959 1080/1630/958 1095/1637/973 1096/1639/974
f 1089/1617/967 1088/1631/966 1103/1638/981 1104/1640/982
f 1082/1616/960 1081/1615/959 1096/1639/974 1097/1641/975
f 1090/1618/968 1089/1617/967 1104/1640/982 1105/1642/983
f 1083/1619/961 1082/1616/960 1097/1641/975 1098/1643/976
f 1091/1620/969 1090/1618/968 1105/1642/983 1106/1644/984
f 1084/1621/962 1083/1619/961 1098/1643/976 1099/1645/977
f 1092/1622/970 1091/1620/969 1106/1644/984 1107/1646/985
f 1085/1623/963 1084/1621/962 1099/1645/977 1100/1632/978
f 1078/1625/956 995/1647/873 1093/1634/971
f 1002/1648/880 1092/1622/970 1107/1646/985
f 1105/1642/983 1104/1640/982 1119/1649/997 1120/1650/998
f 1098/1643/976 1097/1641/975 1112/1651/990 1113/1652/991
f 1106/1644/984 1105/1642/983 1120/1650/998 1121/1653/999
f 1099/1645/977 1098/1643/976 1113/1652/991 1114/1654/992
f 1107/1646/985 1106/1644/984 1121/1653/999 1122/1655/1000
f 1100/1632/978 1099/1645/977 1114/1654/992 1115/1656/993
f 1093/1634/971 995/1657/873 1108/1658/986
f 1002/1659/880 1107/1646/985 1122/1655/1000
f 1101/1633/979 1100/1632/978 1115/1656/993 1116/1660/994
f 1094/1635/972 1093/1634/971 1108/1658/986 1109/1661/987
f 1102/1636/980 1101/1633/979 1116/1660/994 1117/1662/995
f 1095/1637/973 1094/1635/972 1109/1661/987 1110/1663/988
f 1103/1638/981 1102/1636/980 1117/1662/995 1118/1664/996
f 1096/1639/974 1095/1637/973 1110/1663/988 1111/1665/989
f 1104/1640/982 1103/1638/981 1118/1664/996 1119/1649/997
f 1097/1641/975 1096/1639/974 1111/1665/989 1112/1651/990
f 1117/1662/995 1116/1660/994 1131/1666/1009 1132/1667/1010
f 1110/1663/988 1109/1661/987 1124/1668/1002 1125/1669/1003
f 1118/1664/996 1117/1662/995 1132/1667/1010 1133/1670/1011
f 1111/1665/989 1110/1663/988 1125/1669/1003 1126/1671/1004
f 1119/1649/997 1118/1664/996 1133/1670/1011 1134/1672/1012
f 1112/1651/990 1111/1665/989 1126/1671/1004 1127/1673/1005
f 1120/1650/998 1119/1649/997 1134/1672/1012 1135/1674/1013
f 1113/1652/991 1112/1651/990 1127/1673/1005 1128/1675/1006
f 1121/1653/999 1120/1650/998 1135/1674/1013 1136/1676/1014
f 1114/1654/992 1113/1652/991 1128/1675/1006 1129/1677/1007
f 1122/1655/1000 1121/1653/999 1136/1676/1014 1137/1678/1015
f 1115/1656/993 1114/1654/992 1129/1677/1007 1130/1679/1008
f 1108/1658/986 995/1680/873 1123/1681/1001
f 1002/1682/880 1122/1655/1000 1137/1678/1015
f 1116/1660/994 1115/1656/993 1130/1679/1008 1131/1666/1009
f 1109/1661/987 1108/1658/986 1123/1681/1001 1124/1668/1002
f 1136/1676/1014 1135/1674/1013 1150/1683/1028 1151/1684/1029
f 1129/1677/1007 1128/1675/1006 1143/1685/1021 1144/1686/1022
f 1137/1678/1015 1136/1676/1014 1151/1684/1029 1152/1687/1030
f 1130/1679/1008 1129/1677/1007 1144/1686/1022 1145/1688/1023
f 1123/1681/1001 995/1689/873 1138/1690/1016
f 1002/1691/880 1137/1678/1015 1152/1687/1030
f 1131/1666/1009 1130/1679/1008 1145/1688/1023 1146/1692/1024
f 1124/1668/1002 1123/1681/1001 1138/1690/1016 1139/1693/1017
f 1132/1667/1010 1131/1666/1009 1146/1692/1024 1147/1694/1025
f 1125/1669/1003 1124/1668/1002 1139/1693/1017 1140/1695/1018
f 1133/1670/1011 1132/1667/1010 1147/1694/1025 1148/1696/1026
f 1126/1671/1004 1125/1669/1003 1140/1695/1018 1141/1697/1019
f 1134/1672/1012 1133/1670/1011 1148/1696/1026 1149/1698/1027
f 1127/1673/1005 1126/1671/1004 1141/1697/1019 1142/1699/1020
f 1135/1674/1013 1134/1672/1012 1149/1698/1027 1150/1683/1028
f 1128/1675/1006 1127/1673/1005 1142/1699/1020 1143/1685/1021
f 1140/1695/1018 1139/1693/1017 1154/1700/1032 1155/1701/1033
f 1148/1696/1026 1147/1694/1025 1162/1702/1040 1163/1703/1041
f 1141/1697/1019 1140/1695/1018 1155/1701/1033 1156/1704/1034
f 1149/1698/1027 1148/1696/1026 1163/1703/1041 1164/1705/1042
f 1142/1699/1020 1141/1697/1019 1156/1704/1034 1157/1706/1035
f 1150/1683/1028 1149/1698/1027 1164/1705/1042 1165/1707/1043
f 1143/1685/1021 1142/1699/1020 1157/1706/1035 1158/1708/1036
f 1151/1684/1029 1150/1683/1028 1165/1707/1043 1166/1709/1044
f 1144/1686/1022 1143/1685/1021 1158/1708/1036 1159/1710/1037
f 1152/1687/1030 1151/1684/1029 1166/1709/1044 1167/1711/1045
f 1145/1688/1023 1144/1686/1022 1159/1710/1037 1160/1712/1038
f 1138/1690/1016 995/1713/873 1153/1714/1031
f 1002/1715/880 1152/1687/1030 1167/1711/1045
f 1146/1692/1024 1145/1688/1023 1160/1712/1038 1161/1716/1039
f 1139/1693/1017 1138/1690/1016 1153/1714/1031 1154/1700/1032
f 1147/1694/1025 1146/1692/1024 1161/1716/1039 1162/1702/1040
f 1159/1710/1037 1158/1708/1036 1173/1717/1051 1174/1718/1052
f 1167/1711/1045 1166/1709/1044 1181/1719/1059 1182/1720/1060
f 1160/1712/1038 1159/1710/1037 1174/1718/1052 1175/1721/1053
f 1153/1714/1031 995/1722/873 1168/1723/1046
f 1002/1724/880 1167/1711/1045 1182/1720/1060
f 1161/1716/1039 1160/1712/1038 1175/1721/1053 1176/1725/1054
f 1154/1700/1032 1153/1714/1031 1168/1723/1046 1169/1726/1047
f 1162/1702/1040 1161/1716/1039 1176/1725/1054 1177/1727/1055
f 1155/1701/1033 1154/1700/1032 1169/1726/1047 1170/1728/1048
f 1163/1703/1041 1162/1702/1040 1177/1727/1055 1178/1729/1056
f 1156/1704/1034 1155/1701/1033 1170/1728/1048 1171/1730/1049
f 1164/1705/1042 1163/1703/1041 1178/1729/1056 1179/1731/1057
f 1157/1706/1035 1156/1704/1034 1171/1730/1049 1172/1732/1050
f 1165/1707/1043 1164/1705/1042 1179/1731/1057 1180/1733/1058
f 1158/1708/1036 1157/1706/1035 1172/1732/1050 1173/1717/1051
f 1166/1709/1044 1165/1707/1043 1180/1733/1058 1181/1719/1059
f 1178/1729/1056 1177/1727/1055 1192/1734/1070 1193/1735/1071
f 1171/1730/1049 1170/1728/1048 1185/1736/1063 1186/1737/1064
f 1179/1731/1057 1178/1729/1056 1193/1735/1071 1194/1738/1072
f 1172/1732/1050 1171/1730/1049 1186/1737/1064 1187/1739/1065
f 1180/1733/1058 1179/1731/1057 1194/1738/1072 1195/1740/1073
f 1173/1717/1051 1172/1732/1050 1187/1739/1065 1188/1741/1066
f 1181/1719/1059 1180/1733/1058 1195/1740/1073 1196/1742/1074
f 1174/1718/1052 1173/1717/1051 1188/1741/1066 1189/1743/1067
f 1182/1720/1060 1181/1719/1059 1196/1742/1074 1197/1744/1075
f 1175/1721/1053 1174/1718/1052 1189/1743/1067 1190/1745/1068
f 1168/1723/1046 995/1746/873 1183/1747/1061
f 1002/1748/880 1182/1720/1060 1197/1744/1075
f 1176/1725/1054 1175/1721/1053 1190/1745/1068 1191/1749/1069
f 1169/1726/1047 1168/1723/1046 1183/1747/1061 1184/1750/1062
f 1177/1727/1055 1176/1725/1054 1191/1749/1069 1192/1734/1070
f 1170/1728/1048 1169/1726/1047 1184/1750/1062 1185/1736/1063
f 1197/1744/1075 1196/1742/1074 1211/1751/1089 1212/1752/1090
f 1190/1745/1068 1189/1743/1067 1204/1753/1082 1205/1754/1083
f 1183/1747/1061 995/1755/873 1198/1756/1076
f 1002/1757/880 1197/1744/1075 1212/1752/1090
f 1191/1749/1069 1190/1745/1068 1205/1754/1083 1206/1758/1084
f 1184/1750/1062 1183/1747/1061 1198/1756/1076 1199/1759/1077
f 1192/1734/1070 1191/1749/1069 1206/1758/1084 1207/1760/1085
f 1185/1736/1063 1184/1750/1062 1199/1759/1077 1200/1761/1078
f 1193/1735/1071 1192/1734/1070 1207/1760/1085 1208/1762/1086
f 1186/1737/1064 1185/1736/1063 1200/1761/1078 1201/1763/1079
f 1194/1738/1072 1193/1735/1071 1208/1762/1086 1209/1764/1087
f 1187/1739/1065 1186/1737/1064 1201/1763/1079 1202/1765/1080
f 1195/1740/1073 1194/1738/1072 1209/1764/1087 1210/1766/1088
f 1188/1741/1066 1187/1739/1065 1202/1765/1080 1203/1767/1081
f 1196/1742/1074 1195/1740/1073 1210/1766/1088 1211/1751/1089
f 1189/1743/1067 1188/1741/1066 1203/1767/1081 1204/1753/1082
f 1201/1763/1079 1200/1761/1078 1215/1768/1093 1216/1769/1094
f 1209/1764/1087 1208/1762/1086 1223/1770/1101 1224/1771/1102
f 1202/1765/1080 1201/1763/1079 1216/1769/1094 1217/1772/1095
f 1210/1766/1088 1209/1764/1087 1224/1771/1102 1225/1773/1103
f 1203/1767/1081 1202/1765/1080 1217/1772/1095 1218/1774/1096
f 1211/1751/1089 1210/1766/1088 1225/1773/1103 1226/1775/1104
f 1204/1753/1082 1203/1767/1081 1218/1774/1096 1219/1776/1097
f 1212/1752/1090 1211/1751/1089 1226/1775/1104 1227/1777/1105
f 1205/1754/1083 1204/1753/1082 1219/1776/1097 1220/1778/1098
f 1198/1756/1076 995/1779/873 1213/1780/1091
f 1002/1781/880 1212/1752/1090 1227/1777/1105
f 1206/1758/1084 1205/1754/1083 1220/1778/1098 1221/1782/1099
f 1199/1759/1077 1198/1756/1076 1213/1780/1091 1214/1783/1092
f 1207/1760/1085 1206/1758/1084 1221/1782/1099 1222/1784/1100
f 1200/1761/1078 1199/1759/1077 1214/1783/1092 1215/1768/1093
f 1208/1762/1086 1207/1760/1085 1222/1784/1100 1223/1770/1101
f 1220/1778/1098 1219/1776/1097 1234/1785/1112 1235/1786/1113
f 1213/1780/1091 995/1787/873 1228/1788/1106
f 1002/1789/880 1227/1777/1105 1242/1790/1120
f 1221/1782/1099 1220/1778/1098 1235/1786/1113 1236/1791/1114
f 1214/1783/1092 1213/1780/1091 1228/1788/1106 1229/1792/1107
f 1222/1784/1100 1221/1782/1099 1236/1791/1114 1237/1793/1115
f 1215/1768/1093 1214/1783/1092 1229/1792/1107 1230/1794/1108
f 1223/1770/1101 1222/1784/1100 1237/1793/1115 1238/1795/1116
f 1216/1769/1094 1215/1768/1093 1230/1794/1108 1231/1796/1109
f 1224/1771/1102 1223/1770/1101 1238/1795/1116 1239/1797/1117
f 1217/1772/1095 1216/1769/1094 1231/1796/1109 1232/1798/1110
f 1225/1773/1103 1224/1771/1102 1239/1797/1117 1240/1799/1118
f 1218/1774/1096 1217/1772/1095 1232/1798/1110 1233/1800/1111
f 1226/1775/1104 1225/1773/1103 1240/1799/1118 1241/1801/1119
f 1219/1776/1097 1218/1774/1096 1233/1800/1111 1234/1785/1112
f 1227/1777/1105 1226/1775/1104 1241/1801/1119 1242/1790/1120
f 1239/1797/1117 1238/1795/1116 1253/1802/1131 1254/1803/1132
f 1232/1798/1110 1231/1796/1109 1246/1804/1124 1247/1805/1125
f 1240/1799/1118 1239/1797/1117 1254/1803/1132 1255/1806/1133
f 1233/1800/1111 1232/1798/1110 1247/1805/1125 1248/1807/1126
f 1241/1801/1119 1240/1799/1118 1255/1806/1133 1256/1808/1134
f 1234/1785/1112 1233/1800/1111 1248/1807/1126 1249/1809/1127
f 1242/1790/1120 1241/1801/1119 1256/1808/1134 1257/1810/1135
f 1235/1786/1113 1234/1785/1112 1249/1809/1127 1250/1811/1128
f 1228/1788/1106 995/1812/873 1243/1813/1121
f 1002/1814/880 1242/1790/1120 1257/1810/1135
f 1236/1791/1114 1235/1786/1113 1250/1811/1128 1251/1815/1129
f 1229/1792/1107 1228/1788/1106 1243/1813/1121 1244/1816/1122
f 1237/1793/1115 1236/1791/1114 1251/1815/1129 1252/1817/1130
f 1230/1794/1108 1229/1792/1107 1244/1816/1122 1245/1818/1123
f 1238/1795/1116 1237/1793/1115 1252/1817/1130 1253/1802/1131
f 1231/1796/1109 1230/1794/1108 1245/1818/1123 1246/1804/1124
f 1002/1819/880 1257/1810/1135 1272/1820/1150
f 1251/1815/1129 1250/1811/1128 1265/1821/1143 1266/1822/1144
f 1244/1816/1122 1243/1813/1121 1258/1823/1136 1259/1824/1137
f 1252/1817/1130 1251/1815/1129 1266/1822/1144 1267/1825/1145
f 1245/1818/1123 1244/1816/1122 1259/1824/1137 1260/1826/1138
f 1253/1802/1131 1252/1817/1130 1267/1825/1145 1268/1827/1146
f 1246/1804/1124 1245/1818/1123 1260/1826/1138 1261/1828/1139
f 1254/1803/1132 1253/1802/1131 1268/1827/1146 1269/1829/1147
f 1247/1805/1125 1246/1804/1124 1261/1828/1139 1262/1830/1140
f 1255/1806/1133 1254/1803/1132 1269/1829/1147 1270/1831/1148
f 1248/1807/1126 1247/1805/1125 1262/1830/1140 1263/1832/1141
f 1256/1808/1134 1255/1806/1133 1270/1831/1148 1271/1833/1149
f 1249/1809/1127 1248/1807/1126 1263/1832/1141 1264/1834/1142
f 1257/1810/1135 1256/1808/1134 1271/1833/1149 1272/1820/1150
f 1250/1811/1128 1249/1809/1127 1264/1834/1142 1265/1821/1143
f 1243/1813/1121 995/1835/873 1258/1823/1136
f 1270/1831/1148 1269/1829/1147 1284/1836/1162 1285/1837/1163
f 1263/1832/1141 1262/1830/1140 1277/1838/1155 1278/1839/1156
f 1271/1833/1149 1270/1831/1148 1285/1837/1163 1286/1840/1164
f 1264/1834/1142 1263/1832/1141 1278/1839/1156 1279/1841/1157
f 1272/1820/1150 1271/1833/1149 1286/1840/1164 1287/1842/1165
f 1265/1821/1143 1264/1834/1142 1279/1841/1157 1280/1843/1158
f 1258/1823/1136 995/1844/873 1273/1845/1151
f 1002/1846/880 1272/1820/1150 1287/1842/1165
f 1266/1822/1144 1265/1821/1143 1280/1843/1158 1281/1847/1159
f 1259/1824/1137 1258/1823/1136 1273/1845/1151 1274/1848/1152
f 1267/1825/1145 1266/1822/1144 1281/1847/1159 1282/1849/1160
f 1260/1826/1138 1259/1824/1137 1274/1848/1152 1275/1850/1153
f 1268/1827/1146 1267/1825/1145 1282/1849/1160 1283/1851/1161
f 1261/1828/1139 1260/1826/1138 1275/1850/1153 1276/1852/1154
f 1269/1829/1147 1268/1827/1146 1283/1851/1161 1284/1836/1162
f 1262/1830/1140 1261/1828/1139 1276/1852/1154 1277/1838/1155
f 1274/1848/1152 1273/1845/1151 1288/1853/1166 1289/1854/1167
f 1282/1849/1160 1281/1847/1159 1296/1855/1174 1297/1856/1175
f 1275/1850/1153 1274/1848/1152 1289/1854/1167 1290/1857/1168
f 1283/1851/1161 1282/1849/1160 1297/1856/1175 1298/1858/1176
f 1276/1852/1154 1275/1850/1153 1290/1857/1168 1291/1859/1169
f 1284/1836/1162 1283/1851/1161 1298/1858/1176 1299/1860/1177
f 1277/1838/1155 1276/1852/1154 1291/1859/1169 1292/1861/1170
f 1285/1837/1163 1284/1836/1162 1299/1860/1177 1300/1862/1178
f 1278/1839/1156 1277/1838/1155 1292/1861/1170 1293/1863/1171
f 1286/1840/1164 1285/1837/1163 1300/1862/1178 1301/1864/1179
f 1279/1841/1157 1278/1839/1156 1293/1863/1171 1294/1865/1172
f 1287/1842/1165 1286/1840/1164 1301/1864/1179 1302/1866/1180
f 1280/1843/1158 1279/1841/1157 1294/1865/1172 1295/1867/1173
f 1273/1845/1151 995/1868/873 1288/1853/1166
f 1002/1869/880 1287/1842/1165 1302/1866/1180
f 1281/1847/1159 1280/1843/1158 1295/1867/1173 1296/1855/1174
f 1293/1863/1171 1292/1861/1170 1307/1870/1185 1308/1871/1186
f 1301/1864/1179 1300/1862/1178 1315/1872/1193 1316/1873/1194
f 1294/1865/1172 1293/1863/1171 1308/1871/1186 1309/1874/1187
f 1302/1866/1180 1301/1864/1179 1316/1873/1194 1317/1875/1195
f 1295/1867/1173 1294/1865/1172 1309/1874/1187 1310/1876/1188
f 1288/1853/1166 995/1877/873 1303/1878/1181
f 1002/1879/880 1302/1866/1180 1317/1875/1195
f 1296/1855/1174 1295/1867/1173 1310/1876/1188 1311/1880/1189
f 1289/1854/1167 1288/1853/1166 1303/1878/1181 1304/1881/1182
f 1297/1856/1175 1296/1855/1174 1311/1880/1189 1312/1882/1190
f 1290/1857/1168 1289/1854/1167 1304/1881/1182 1305/1883/1183
f 1298/1858/1176 1297/1856/1175 1312/1882/1190 1313/1884/1191
f 1291/1859/1169 1290/1857/1168 1305/1883/1183 1306/1885/1184
f 1299/1860/1177 1298/1858/1176 1313/1884/1191 1314/1886/1192
f 1292/1861/1170 1291/1859/1169 1306/1885/1184 1307/1870/1185
f 1300/1862/1178 1299/1860/1177 1314/1886/1192 1315/1872/1193
f 1312/1882/1190 1311/1880/1189 1326/1887/1204 1327/1888/1205
f 1305/1883/1183 1304/1881/1182 1319/1889/1197 1320/1890/1198
f 1313/1884/1191 1312/1882/1190 1327/1888/1205 1328/1891/1206
f 1306/1885/1184 1305/1883/1183 1320/1890/1198 1321/1892/1199
f 1314/1886/1192 1313/1884/1191 1328/1891/1206 1329/1893/1207
f 1307/1870/1185 1306/1885/1184 1321/1892/1199 1322/1894/1200
f 1315/1872/1193 1314/1886/1192 1329/1893/1207 1330/1895/1208
f 1308/1871/1186 1307/1870/1185 1322/1894/1200 1323/1896/1201
f 1316/1873/1194 1315/1872/1193 1330/1895/1208 1331/1897/1209
f 1309/1874/1187 1308/1871/1186 1323/1896/1201 1324/1898/1202
f 1317/1875/1195 1316/1873/1194 1331/1897/1209 1332/1899/1210
f 1310/1876/1188 1309/1874/1187 1324/1898/1202 1325/1900/1203
f 1303/1878/1181 995/1901/873 1318/1902/1196
f 1002/1903/880 1317/1875/1195 1332/1899/1210
f 1311/1880/1189 1310/1876/1188 1325/1900/1203 1326/1887/1204
f 1304/1881/1182 1303/1878/1181 1318/1902/1196 1319/1889/1197
f 1331/1897/1209 1330/1895/1208 1345/1904/1223 1346/1905/1224
f 1324/1898/1202 1323/1896/1201 1338/1906/1216 1339/1907/1217
f 1332/1899/1210 1331/1897/1209 1346/1905/1224 1347/1908/1225
f 1325/1900/1203 1324/1898/1202 1339/1907/1217 1340/1909/1218
f 1318/1902/1196 995/1910/873 1333/1911/1211
f 1002/1912/880 1332/1899/1210 1347/1908/1225
f 1326/1887/1204 1325/1900/1203 1340/1909/1218 1341/1913/1219
f 1319/1889/1197 1318/1902/1196 1333/1911/1211 1334/1914/1212
f 1327/1888/1205 1326/1887/1204 1341/1913/1219 1342/1915/1220
f 1320/1890/1198 1319/1889/1197 1334/1914/1212 1335/1916/1213
f 1328/1891/1206 1327/1888/1205 1342/1915/1220 1343/1917/1221
f 1321/1892/1199 1320/1890/1198 1335/1916/1213 1336/1918/1214
f 1329/1893/1207 1328/1891/1206 1343/1917/1221 1344/1919/1222
f 1322/1894/1200 1321/1892/1199 1336/1918/1214 1337/1920/1215
f 1330/1895/1208 1329/1893/1207 1344/1919/1222 1345/1904/1223
f 1323/1896/1201 1322/1894/1200 1337/1920/1215 1338/1906/1216
f 1335/1916/1213 1334/1914/1212 1349/1921/1227 1350/1922/1228
f 1343/1917/1221 1342/1915/1220 1357/1923/1235 1358/1924/1236
f 1336/1918/1214 1335/1916/1213 1350/1922/1228 1351/1925/1229
f 1344/1919/1222 1343/1917/1221 1358/1924/1236 1359/1926/1237
f 1337/1920/1215 1336/1918/1214 1351/1925/1229 1352/1927/1230
f 1345/1904/1223 1344/1919/1222 1359/1926/1237 1360/1928/1238
f 1338/1906/1216 1337/1920/1215 1352/1927/1230 1353/1929/1231
f 1346/1905/1224 1345/1904/1223 1360/1928/1238 1361/1930/1239
f 1339/1907/1217 1338/1906/1216 1353/1929/1231 1354/1931/1232
f 1347/1908/1225 1346/1905/1224 1361/1930/1239 1362/1932/1240
f 1340/1909/1218 1339/1907/1217 1354/1931/1232 1355/1933/1233
f 1333/1911/1211 995/1934/873 1348/1935/1226
f 1002/1936/880 1347/1908/1225 1362/1932/1240
f 1341/1913/1219 1340/1909/1218 1355/1933/1233 1356/1937/1234
f 1334/1914/1212 1333/1911/1211 1348/1935/1226 1349/1921/1227
f 1342/1915/1220 1341/1913/1219 1356/1937/1234 1357/1923/1235
f 1354/1938/1232 1353/1939/1231 1368/1940/1246 1369/1941/1247
f 1362/1942/1240 1361/1943/1239 1376/1944/1254 1377/1945/1255
f 1355/1946/1233 1354/1938/1232 1369/1941/1247 1370/1947/1248
f 1348/1948/1226 995/1949/873 1363/1950/1241
f 1002/1951/880 1362/1942/1240 1377/1945/1255
f 1356/1952/1234 1355/1946/1233 1370/1947/1248 1371/1953/1249
f 1349/1954/1227 1348/1948/1226 1363/1950/1241 1364/1955/1242
f 1357/1956/1235 1356/1952/1234 1371/1953/1249 1372/1957/1250
f 1350/1958/1228 1349/1954/1227 1364/1955/1242 1365/1959/1243
f 1358/1960/1236 1357/1956/1235 1372/1957/1250 1373/1961/1251
f 1351/1962/1229 1350/1958/1228 1365/1959/1243 1366/1963/1244
f 1359/1964/1237 1358/1960/1236 1373/1961/1251 1374/1965/1252
f 1352/1966/1230 1351/1962/1229 1366/1963/1244 1367/1967/1245
f 1360/1968/1238 1359/1964/1237 1374/1965/1252 1375/1969/1253
f 1353/1939/1231 1352/1966/1230 1367/1967/1245 1368/1940/1246
f 1361/1943/1239 1360/1968/1238 1375/1969/1253 1376/1944/1254
f 1373/1961/1251 1372/1957/1250 1387/1970/1265 1388/1971/1266
f 1366/1963/1244 1365/1959/1243 1380/1972/1258 1381/1973/1259
f 1374/1965/1252 1373/1961/1251 1388/1971/1266 1389/1974/1267
f 1367/1967/1245 1366/1963/1244 1381/1973/1259 1382/1975/1260
f 1375/1969/1253 1374/1965/1252 1389/1974/1267 1390/1976/1268
f 1368/1940/1246 1367/1967/1245 1382/1975/1260 1383/1977/1261
f 1376/1944/1254 1375/1969/1253 1390/1976/1268 1391/1978/1269
f 1369/1941/1247 1368/1940/1246 1383/1977/1261 1384/1979/1262
f 1377/1945/1255 1376/1944/1254 1391/1978/1269 1392/1980/1270
f 1370/1947/1248 1369/1941/1247 1384/1979/1262 1385/1981/1263
f 1363/1950/1241 995/1982/873 1378/1983/1256
f 1002/1984/880 1377/1945/1255 1392/1980/1270
f 1371/1953/1249 1370/1947/1248 1385/1981/1263 1386/1985/1264
f 1364/1955/1242 1363/1950/1241 1378/1983/1256 1379/1986/1257
f 1372/1957/1250 1371/1953/1249 1386/1985/1264 1387/1970/1265
f 1365/1959/1243 1364/1955/1242 1379/1986/1257 1380/1972/1258
f 1392/1980/1270 1391/1978/1269 1406/1987/1284 1407/1988/1285
f 1385/1981/1263 1384/1979/1262 1399/1989/1277 1400/1990/1278
f 1378/1983/1256 995/1991/873 1393/1992/1271
f 1002/1993/880 1392/1980/1270 1407/1988/1285
f 1386/1985/1264 1385/1981/1263 1400/1990/1278 1401/1994/1279
f 1379/1986/1257 1378/1983/1256 1393/1992/1271 1394/1995/1272
f 1387/1970/1265 1386/1985/1264 1401/1994/1279 1402/1996/1280
f 1380/1972/1258 1379/1986/1257 1394/1995/1272 1395/1997/1273
f 1388/1971/1266 1387/1970/1265 1402/1996/1280 1403/1998/1281
f 1381/1973/1259 1380/1972/1258 1395/1997/1273 1396/1999/1274
f 1389/1974/1267 1388/1971/1266 1403/1998/1281 1404/2000/1282
f 1382/1975/1260 1381/1973/1259 1396/1999/1274 1397/2001/1275
f 1390/1976/1268 1389/1974/1267 1404/2000/1282 1405/2002/1283
f 1383/1977/1261 1382/1975/1260 1397/2001/1275 1398/2003/1276
f 1391/1978/1269 1390/1976/1268 1405/2002/1283 1406/1987/1284
f 1384/1979/1262 1383/1977/1261 1398/2003/1276 1399/1989/1277
f 1404/2000/1282 1403/1998/1281 1418/2004/1296 1419/2005/1297
f 1397/2001/1275 1396/1999/1274 1411/2006/1289 1412/2007/1290
f 1405/2002/1283 1404/2000/1282 1419/2005/1297 1420/2008/1298
f 1398/2003/1276 1397/2001/1275 1412/2007/1290 1413/2009/1291
f 1406/1987/1284 1405/2002/1283 1420/2008/1298 1421/2010/1299
f 1399/1989/1277 1398/2003/1276 1413/2009/1291 1414/2011/1292
f 1407/1988/1285 1406/1987/1284 1421/2010/1299 1422/2012/1300
f 1400/1990/1278 1399/1989/1277 1414/2011/1292 1415/2013/1293
f 1393/1992/1271 995/2014/873 1408/2015/1286
f 1002/2016/880 1407/1988/1285 1422/2012/1300
f 1401/1994/1279 1400/1990/1278 1415/2013/1293 1416/2017/1294
f 1394/1995/1272 1393/1992/1271 1408/2015/1286 1409/2018/1287
f 1402/1996/1280 1401/1994/1279 1416/2017/1294 1417/2019/1295
f 1395/1997/1273 1394/1995/1272 1409/2018/1287 1410/2020/1288
f 1403/1998/1281 1402/1996/1280 1417/2019/1295 1418/2004/1296
f 1396/1999/1274 1395/1997/1273 1410/2020/1288 1411/2006/1289
f 1408/2015/1286 995/2021/873 1423/2022/1301
f 1002/2023/880 1422/2012/1300 1437/2024/1315
f 1416/2017/1294 1415/2013/1293 1430/2025/1308 1431/2026/1309
f 1409/2018/1287 1408/2015/1286 1423/2022/1301 1424/2027/1302
f 1417/2019/1295 1416/2017/1294 1431/2026/1309 1432/2028/1310
f 1410/2020/1288 1409/2018/1287 1424/2027/1302 1425/2029/1303
f 1418/2004/1296 1417/2019/1295 1432/2028/1310 1433/2030/1311
f 1411/2006/1289 1410/2020/1288 1425/2029/1303 1426/2031/1304
f 1419/2005/1297 1418/2004/1296 1433/2030/1311 1434/2032/1312
f 1412/2007/1290 1411/2006/1289 1426/2031/1304 1427/2033/1305
f 1420/2008/1298 1419/2005/1297 1434/2032/1312 1435/2034/1313
f 1413/2009/1291 1412/2007/1290 1427/2033/1305 1428/2035/1306
f 1421/2010/1299 1420/2008/1298 1435/2034/1313 1436/2036/1314
f 1414/2011/1292 1413/2009/1291 1428/2035/1306 1429/2037/1307
f 1422/2012/1300 1421/2010/1299 1436/2036/1314 1437/2024/1315
f 1415/2013/1293 1414/2011/1292 1429/2037/1307 1430/2025/1308
f 1427/2033/1305 1426/2031/1304 1441/2038/1319 1442/2039/1320
f 1435/2034/1313 1434/2032/1312 1449/2040/1327 1450/2041/1328
f 1428/2035/1306 1427/2033/1305 1442/2039/1320 1443/2042/1321
f 1436/2036/1314 1435/2034/1313 1450/2041/1328 1451/2043/1329
f 1429/2037/1307 1428/2035/1306 1443/2042/1321 1444/2044/1322
f 1437/2024/1315 1436/2036/1314 1451/2043/1329 1452/2045/1330
f 1430/2025/1308 1429/2037/1307 1444/2044/1322 1445/2046/1323
f 1423/2022/1301 995/2047/873 1438/2048/1316
f 1002/2049/880 1437/2024/1315 1452/2045/1330
f 1431/2026/1309 1430/2025/1308 1445/2046/1323 1446/2050/1324
f 1424/2027/1302 1423/2022/1301 1438/2048/1316 1439/2051/1317
f 1432/2028/1310 1431/2026/1309 1446/2050/1324 1447/2052/1325
f 1425/2029/1303 1424/2027/1302 1439/2051/1317 1440/2053/1318
f 1433/2030/1311 1432/2028/1310 1447/2052/1325 1448/2054/1326
f 1426/2031/1304 1425/2029/1303 1440/2053/1318 1441/2038/1319
f 1434/2032/1312 1433/2030/1311 1448/2054/1326 1449/2040/1327
f 1446/2050/1324 1445/2046/1323 1460/2055/1338 1461/2056/1339
f 1439/2051/1317 1438/2048/1316 1453/2057/1331 1454/2058/1332
f 1447/2052/1325 1446/2050/1324 1461/2056/1339 1462/2059/1340
f 1440/2053/1318 1439/2051/1317 1454/2058/1332 1455/2060/1333
f 1448/2054/1326 1447/2052/1325 1462/2059/1340 1463/2061/1341
f 1441/2038/1319 1440/2053/1318 1455/2060/1333 1456/2062/1334
f 1449/2040/1327 1448/2054/1326 1463/2061/1341 1464/2063/1342
f 1442/2039/1320 1441/2038/1319 1456/2062/1334 1457/2064/1335
f 1450/2041/1328 1449/2040/1327 1464/2063/1342 1465/2065/1343
f 1443/2042/1321 1442/2039/1320 1457/2064/1335 1458/2066/1336
f 1451/2043/1329 1450/2041/1328 1465/2065/1343 1466/2067/1344
f 1444/2044/1322 1443/2042/1321 1458/2066/1336 1459/2068/1337
f 1452/2045/1330 1451/2043/1329 1466/2067/1344 1467/2069/1345
f 1445/2046/1323 1444/2044/1322 1459/2068/1337 1460/2055/1338
f 1438/2048/1316 995/2070/873 1453/2057/1331
f 1002/2071/880 1452/2045/1330 1467/2069/1345
f 1465/2065/1343 1464/2063/1342 1473/1520/1351 1474/1519/1352
f 1458/2066/1336 1457/2064/1335 997/1515/875 1471/1523/1349
f 1466/2067/1344 1465/2065/1343 1474/1519/1352 1475/1525/1353
f 1459/2068/1337 1458/2066/1336 1471/1523/1349 998/1527/876
f 1467/2069/1345 1466/2067/1344 1475/1525/1353 1476/1529/1354
f 1460/2055/1338 1459/2068/1337 998/1527/876 999/1531/877
f 1453/2057/1331 995/2072/873 1468/1533/1346
f 1002/2073/880 1467/2069/1345 1476/1529/1354
f 1461/2056/1339 1460/2055/1338 999/1531/877 1000/1537/878
f 1454/2058/1332 1453/2057/1331 1468/1533/1346 1469/1539/1347
f 1462/2059/1340 1461/2056/1339 1000/1537/878 1472/1541/1350
f 1455/2060/1333 1454/2058/1332 1469/1539/1347 996/1543/874
f 1463/2061/1341 1462/2059/1340 1472/1541/1350 1001/1545/879
f 1456/2062/1334 1455/2060/1333 996/1543/874 1470/1516/1348
f 1464/2063/1342 1463/2061/1341 1001/1545/879 1473/1520/1351
f 1457/2064/1335 1456/2062/1334 1470/1516/1348 997/1515/875
o 右目
v 0.227577 2.572357 1.121961
v 0.227577 2.561940 1.087620
v 0.227577 2.544886 1.070566
v 0.227577 2.522604 1.061336
v 0.227577 2.510545 1.060149
v 0.227577 2.498486 1.061336
v 0.227577 2.476204 1.070566
v 0.227577 2.448733 1.121961
v 0.229930 2.571170 1.110134
v 0.232192 2.567652 1.098761
v 0.234277 2.561940 1.088280
v 0.236104 2.554253 1.079093
v 0.237604 2.544886 1.071553
v 0.238718 2.534199 1.065951
v 0.239404 2.522604 1.062501
v 0.239636 2.510545 1.061336
v 0.239404 2.498486 1.062501
v 0.238718 2.486891 1.065951
v 0.237604 2.476204 1.071553
v 0.236104 2.466837 1.079093
v 0.234277 2.459150 1.088280
v 0.232192 2.453438 1.098761
v 0.229930 2.449920 1.110134
v 0.232192 2.571170 1.110820
v 0.236629 2.567652 1.100107
v 0.240719 2.561940 1.090234
v 0.244303 2.554253 1.081580
v 0.247245 2.544886 1.074478
v 0.249431 2.534199 1.069201
v 0.250777 2.522604 1.065951
v 0.251232 2.510545 1.064854
v 0.250777 2.498486 1.065951
v 0.249431 2.486891 1.069201
v 0.247245 2.476204 1.074478
v 0.244303 2.466837 1.081580
v 0.240719 2.459150 1.090234
v 0.236629 2.453438 1.100107
v 0.232192 2.449920 1.110820
v 0.234277 2.571170 1.111934
v 0.240719 2.567652 1.102293
v 0.246656 2.561940 1.093407
v 0.251860 2.554253 1.085619
v 0.256131 2.544886 1.079227
v 0.259304 2.534199 1.074478
v 0.261258 2.522604 1.071553
v 0.261918 2.510545 1.070566
v 0.261258 2.498486 1.071553
v 0.259304 2.486891 1.074478
v 0.256131 2.476204 1.079227
v 0.251860 2.466837 1.085619
v 0.246656 2.459150 1.093407
v 0.240719 2.453438 1.102293
v 0.234277 2.449920 1.111934
v 0.236104 2.571170 1.113434
v 0.244303 2.567652 1.105235
v 0.251860 2.561940 1.097678
v 0.258483 2.554253 1.091055
v 0.263919 2.544886 1.085619
v 0.267958 2.534199 1.081580
v 0.270445 2.522604 1.079093
v 0.271285 2.510545 1.078253
v 0.270445 2.498486 1.079093
v 0.267958 2.486891 1.081580
v 0.263919 2.476204 1.085619
v 0.258483 2.466837 1.091055
v 0.251860 2.459150 1.097678
v 0.244303 2.453438 1.105235
v 0.236104 2.449920 1.113434
v 0.237604 2.571170 1.115261
v 0.247245 2.567652 1.108819
v 0.256131 2.561940 1.102882
v 0.263919 2.554253 1.097678
v 0.270310 2.544886 1.093407
v 0.275060 2.534199 1.090234
v 0.277985 2.522604 1.088280
v 0.278972 2.510545 1.087620
v 0.277985 2.498486 1.088280
v 0.275060 2.486891 1.090234
v 0.270310 2.476204 1.093407
v 0.263919 2.466837 1.097678
v 0.256131 2.459150 1.102882
v 0.247245 2.453438 1.108819
v 0.237604 2.449920 1.115261
v 0.238718 2.571170 1.117346
v 0.249431 2.567652 1.112909
v 0.259304 2.561940 1.108819
v 0.267958 2.554253 1.105235
v 0.275060 2.544886 1.102293
v 0.280337 2.534199 1.100107
v 0.283587 2.522604 1.098761
v 0.284684 2.510545 1.098306
v 0.283587 2.498486 1.098761
v 0.280337 2.486891 1.100107
v 0.275060 2.476204 1.102293
v 0.267958 2.466837 1.105235
v 0.259304 2.459150 1.108819
v 0.249431 2.453438 1.112909
v 0.238718 2.449920 1.117346
v 0.239404 2.571170 1.119608
v 0.250777 2.567652 1.117346
v 0.261258 2.561940 1.115261
v 0.270445 2.554253 1.113434
v 0.277985 2.544886 1.111934
v 0.283587 2.534199 1.110820
v 0.287037 2.522604 1.110134
v 0.288202 2.510545 1.109902
v 0.287037 2.498486 1.110134
v 0.283587 2.486891 1.110820
v 0.277985 2.476204 1.111934
v 0.270445 2.466837 1.113434
v 0.261258 2.459150 1.115261
v 0.250777 2.453438 1.117346
v 0.239404 2.449920 1.119608
v 0.239636 2.571170 1.121961
v 0.251232 2.567652 1.121961
v 0.261918 2.561940 1.121961
v 0.271285 2.554253 1.121961
v 0.278972 2.544886 1.121961
v 0.284684 2.534199 1.121961
v 0.288202 2.522604 1.121961
v 0.289389 2.510545 1.121961
v 0.288202 2.498486 1.121961
v 0.284684 2.486891 1.121961
v 0.278972 2.476204 1.121961
v 0.271285 2.466837 1.121961
v 0.261918 2.459150 1.121961
v 0.251232 2.453438 1.121961
v 0.239636 2.449920 1.121961
v 0.239404 2.571170 1.124313
v 0.250777 2.567652 1.126576
v 0.261258 2.561940 1.128660
v 0.270445 2.554253 1.130488
v 0.277985 2.544886 1.131988
v 0.283587 2.534199 1.133102
v 0.287037 2.522604 1.133788
v 0.288202 2.510545 1.134020
v 0.287037 2.498486 1.133788
v 0.283587 2.486891 1.133102
v 0.277985 2.476204 1.131988
v 0.270445 2.466837 1.130488
v 0.261258 2.459150 1.128660
v 0.250777 2.453438 1.126576
v 0.239404 2.449920 1.124313
v 0.238718 2.571170 1.126576
v 0.249431 2.567652 1.131013
v 0.259304 2.561940 1.135103
v 0.267958 2.554253 1.138687
v 0.275060 2.544886 1.141629
v 0.280337 2.534199 1.143815
v 0.283587 2.522604 1.145161
v 0.284684 2.510545 1.145615
v 0.283587 2.498486 1.145161
v 0.280337 2.486891 1.143815
v 0.275060 2.476204 1.141629
v 0.267958 2.466837 1.138687
v 0.259304 2.459150 1.135103
v 0.249431 2.453438 1.131013
v 0.238718 2.449920 1.126576
v 0.237604 2.571170 1.128660
v 0.247245 2.567652 1.135103
v 0.256131 2.561940 1.141040
v 0.263919 2.554253 1.146244
v 0.270310 2.544886 1.150514
v 0.275060 2.534199 1.153688
v 0.277985 2.522604 1.155642
v 0.278972 2.510545 1.156302
v 0.277985 2.498486 1.155642
v 0.275060 2.486891 1.153688
v 0.270310 2.476204 1.150514
v 0.263919 2.466837 1.146244
v 0.256131 2.459150 1.141040
v 0.247245 2.453438 1.135103
v 0.237604 2.449920 1.128660
v 0.236104 2.571170 1.130488
v 0.244303 2.567652 1.138687
v 0.251860 2.561940 1.146244
v 0.258483 2.554253 1.152867
v 0.263919 2.544886 1.158303
v 0.267958 2.534199 1.162342
v 0.270445 2.522604 1.164829
v 0.271285 2.510545 1.165669
v 0.270445 2.498486 1.164829
v 0.267958 2.486891 1.162342
v 0.263919 2.476204 1.158303
v 0.258483 2.466837 1.152867
v 0.251860 2.459150 1.146244
v 0.244303 2.453438 1.138687
v 0.236104 2.449920 1.130488
v 0.234277 2.571170 1.131988
v 0.240719 2.567652 1.141629
v 0.246656 2.561940 1.150514
v 0.251860 2.554253 1.158303
v 0.256131 2.544886 1.164694
v 0.259304 2.534199 1.169444
v 0.261258 2.522604 1.172368
v 0.261918 2.510545 1.173356
v 0.261258 2.498486 1.172368
v 0.259304 2.486891 1.169444
v 0.256131 2.476204 1.164694
v 0.251860 2.466837 1.158303
v 0.246656 2.459150 1.150514
v 0.240719 2.453438 1.141629
v 0.234277 2.449920 1.131988
v 0.232192 2.571170 1.133102
v 0.236629 2.567652 1.143815
v 0.240719 2.561940 1.153688
v 0.244303 2.554253 1.162342
v 0.247245 2.544886 1.169444
v 0.249431 2.534199 1.174721
v 0.250777 2.522604 1.177971
v 0.251232 2.510545 1.179068
v 0.250777 2.498486 1.177971
v 0.249431 2.486891 1.174721
v 0.247245 2.476204 1.169444
v 0.244303 2.466837 1.162342
v 0.240719 2.459150 1.153688
v 0.236629 2.453438 1.143815
v 0.232192 2.449920 1.133102
v 0.229930 2.571170 1.133788
v 0.232192 2.567652 1.145161
v 0.234277 2.561940 1.155642
v 0.236104 2.554253 1.164829
v 0.237604 2.544886 1.172368
v 0.238718 2.534199 1.177971
v 0.239404 2.522604 1.181421
v 0.239636 2.510545 1.182585
v 0.239404 2.498486 1.181421
v 0.238718 2.486891 1.177971
v 0.237604 2.476204 1.172368
v 0.236104 2.466837 1.164829
v 0.234277 2.459150 1.155642
v 0.232192 2.453438 1.145161
v 0.229930 2.449920 1.133788
v 0.227577 2.571170 1.134020
v 0.227577 2.567652 1.145615
v 0.227577 2.561940 1.156302
v 0.227577 2.554253 1.165669
v 0.227577 2.544886 1.173356
v 0.227577 2.534199 1.179068
v 0.227577 2.522604 1.182585
v 0.227577 2.510545 1.183773
v 0.227577 2.498486 1.182585
v 0.227577 2.486891 1.179068
v 0.227577 2.476204 1.173356
v 0.227577 2.466837 1.165669
v 0.227577 2.459150 1.156302
v 0.227577 2.453438 1.145615
v 0.227577 2.449920 1.134020
v 0.225224 2.571170 1.133788
v 0.222962 2.567652 1.145161
v 0.220877 2.561940 1.155642
v 0.219050 2.554253 1.164829
v 0.217550 2.544886 1.172368
v 0.216436 2.534199 1.177971
v 0.215750 2.522604 1.181421
v 0.215518 2.510545 1.182585
v 0.215750 2.498486 1.181421
v 0.216436 2.486891 1.177971
v 0.217550 2.476204 1.172368
v 0.219050 2.466837 1.164829
v 0.220877 2.459150 1.155642
v 0.222962 2.453438 1.145161
v 0.225224 2.449920 1.133788
v 0.222962 2.571170 1.133102
v 0.218525 2.567652 1.143815
v 0.214435 2.561940 1.153688
v 0.210851 2.554253 1.162342
v 0.207909 2.544886 1.169444
v 0.205723 2.534199 1.174721
v 0.204377 2.522604 1.177971
v 0.203923 2.510545 1.179068
v 0.204377 2.498486 1.177971
v 0.205723 2.486891 1.174721
v 0.207909 2.476204 1.169444
v 0.210851 2.466837 1.162342
v 0.214435 2.459150 1.153688
v 0.218525 2.453438 1.143815
v 0.222962 2.449920 1.133102
v 0.220877 2.571170 1.131988
v 0.214435 2.567652 1.141629
v 0.208498 2.561940 1.150514
v 0.203294 2.554253 1.158303
v 0.199024 2.544886 1.164694
v 0.195850 2.534199 1.169444
v 0.193896 2.522604 1.172368
v 0.193236 2.510545 1.173356
v 0.193896 2.498486 1.172368
v 0.195850 2.486891 1.169444
v 0.199024 2.476204 1.164694
v 0.203294 2.466837 1.158303
v 0.208498 2.459150 1.150514
v 0.214435 2.453438 1.141629
v 0.220877 2.449920 1.131988
v 0.219050 2.571170 1.130488
v 0.210851 2.567652 1.138687
v 0.203294 2.561940 1.146244
v 0.196671 2.554253 1.152867
v 0.191235 2.544886 1.158303
v 0.187196 2.534199 1.162342
v 0.184709 2.522604 1.164829
v 0.183869 2.510545 1.165669
v 0.184709 2.498486 1.164829
v 0.187196 2.486891 1.162342
v 0.191235 2.476204 1.158303
v 0.196671 2.466837 1.152867
v 0.203294 2.459150 1.146244
v 0.210851 2.453438 1.138687
v 0.219050 2.449920 1.130488
v 0.217550 2.571170 1.128660
v 0.207909 2.567652 1.135103
v 0.199024 2.561940 1.141040
v 0.191235 2.554253 1.146244
v 0.184844 2.544886 1.150514
v 0.180094 2.534199 1.153688
v 0.177170 2.522604 1.155642
v 0.176182 2.510545 1.156302
v 0.177170 2.498486 1.155642
v 0.180094 2.486891 1.153688
v 0.184844 2.476204 1.150514
v 0.191235 2.466837 1.146244
v 0.199024 2.459150 1.141040
v 0.207909 2.453438 1.135103
v 0.217550 2.449920 1.128660
v 0.216436 2.571170 1.126576
v 0.205723 2.567652 1.131013
v 0.195850 2.561940 1.135103
v 0.187196 2.554253 1.138687
v 0.180094 2.544886 1.141629
v 0.174817 2.534199 1.143815
v 0.171567 2.522604 1.145161
v 0.170470 2.510545 1.145615
v 0.171567 2.498486 1.145161
v 0.174817 2.486891 1.143815
v 0.180094 2.476204 1.141629
v 0.187196 2.466837 1.138687
v 0.195850 2.459150 1.135103
v 0.205723 2.453438 1.131013
v 0.216436 2.449920 1.126576
v 0.215750 2.571170 1.124313
v 0.204377 2.567652 1.126576
v 0.193896 2.561940 1.128660
v 0.184709 2.554253 1.130488
v 0.177170 2.544886 1.131988
v 0.171567 2.534199 1.133102
v 0.168117 2.522604 1.133788
v 0.166953 2.510545 1.134020
v 0.168117 2.498486 1.133788
v 0.171567 2.486891 1.133102
v 0.177170 2.476204 1.131988
v 0.184709 2.466837 1.130488
v 0.193896 2.459150 1.128660
v 0.204377 2.453438 1.126576
v 0.215750 2.449920 1.124313
v 0.215518 2.571170 1.121961
v 0.203923 2.567652 1.121961
v 0.193236 2.561940 1.121961
v 0.183869 2.554253 1.121961
v 0.176182 2.544886 1.121961
v 0.170470 2.534199 1.121961
v 0.166952 2.522604 1.121961
v 0.165765 2.510545 1.121961
v 0.166952 2.498486 1.121961
v 0.170470 2.486891 1.121961
v 0.176182 2.476204 1.121961
v 0.183869 2.466837 1.121961
v 0.193236 2.459150 1.121961
v 0.203923 2.453438 1.121961
v 0.215518 2.449920 1.121961
v 0.215750 2.571170 1.119608
v 0.204377 2.567652 1.117346
v 0.193896 2.561940 1.115261
v 0.184709 2.554253 1.113434
v 0.177170 2.544886 1.111934
v 0.171567 2.534199 1.110820
v 0.168117 2.522604 1.110134
v 0.166953 2.510545 1.109902
v 0.168117 2.498486 1.110134
v 0.171567 2.486891 1.110820
v 0.177170 2.476204 1.111934
v 0.184709 2.466837 1.113434
v 0.193896 2.459150 1.115261
v 0.204377 2.453438 1.117346
v 0.215750 2.449920 1.119608
v 0.216436 2.571170 1.117346
v 0.205723 2.567652 1.112909
v 0.195850 2.561940 1.108819
v 0.187196 2.554253 1.105235
v 0.180094 2.544886 1.102293
v 0.174817 2.534199 1.100107
v 0.171567 2.522604 1.098761
v 0.170470 2.510545 1.098306
v 0.171567 2.498486 1.098761
v 0.174817 2.486891 1.100107
v 0.180094 2.476204 1.102293
v 0.187196 2.466837 1.105235
v 0.195850 2.459150 1.108819
v 0.205723 2.453438 1.112909
v 0.216436 2.449920 1.117346
v 0.217550 2.571170 1.115261
v 0.207909 2.567652 1.108819
v 0.199024 2.561940 1.102882
v 0.191235 2.554253 1.097678
v 0.184844 2.544886 1.093407
v 0.180094 2.534199 1.090234
v 0.177170 2.522604 1.088280
v 0.176182 2.510545 1.087620
v 0.177170 2.498486 1.088280
v 0.180094 2.486891 1.090234
v 0.184844 2.476204 1.093407
v 0.191235 2.466837 1.097678
v 0.199024 2.459150 1.102882
v 0.207909 2.453438 1.108819
v 0.217550 2.449920 1.115261
v 0.219050 2.571170 1.113434
v 0.210851 2.567652 1.105235
v 0.203294 2.561940 1.097678
v 0.196671 2.554253 1.091055
v 0.191235 2.544886 1.085619
v 0.187196 2.534199 1.081580
v 0.184709 2.522604 1.079093
v 0.183869 2.510545 1.078253
v 0.184709 2.498486 1.079093
v 0.187196 2.486891 1.081580
v 0.191235 2.476204 1.085619
v 0.196671 2.466837 1.091055
v 0.203294 2.459150 1.097678
v 0.210851 2.453438 1.105235
v 0.219050 2.449920 1.113434
v 0.220877 2.571170 1.111934
v 0.214435 2.567652 1.102293
v 0.208498 2.561940 1.093407
v 0.203294 2.554253 1.085619
v 0.199024 2.544886 1.079227
v 0.195850 2.534199 1.074478
v 0.193896 2.522604 1.071553
v 0.193236 2.510545 1.070566
v 0.193896 2.498486 1.071553
v 0.195850 2.486891 1.074478
v 0.199024 2.476204 1.079227
v 0.203294 2.466837 1.085619
v 0.208498 2.459150 1.093407
v 0.214435 2.453438 1.102293
v 0.220877 2.449920 1.111934
v 0.222962 2.571170 1.110820
v 0.218525 2.567652 1.100107
v 0.214435 2.561940 1.090234
v 0.210851 2.554253 1.081580
v 0.207909 2.544886 1.074478
v 0.205723 2.534199 1.069201
v 0.204377 2.522604 1.065951
v 0.203923 2.510545 1.064854
v 0.204377 2.498486 1.065951
v 0.205723 2.486891 1.069201
v 0.207909 2.476204 1.074478
v 0.210851 2.466837 1.081580
v 0.214435 2.459150 1.090234
v 0.218525 2.453438 1.100107
v 0.222962 2.449920 1.110820
v 0.225224 2.571170 1.110134
v 0.222962 2.567652 1.098761
v 0.220877 2.561940 1.088280
v 0.219050 2.554253 1.079093
v 0.217550 2.544886 1.071553
v 0.216436 2.534199 1.065951
v 0.215750 2.522604 1.062501
v 0.215518 2.510545 1.061336
v 0.215750 2.498486 1.062501
v 0.216436 2.486891 1.065951
v 0.217550 2.476204 1.071553
v 0.219050 2.466837 1.079093
v 0.220877 2.459150 1.088280
v 0.222962 2.453438 1.098761
v 0.225224 2.449920 1.110134
v 0.227577 2.571170 1.109902
v 0.227577 2.567652 1.098306
v 0.227577 2.554253 1.078253
v 0.227577 2.534199 1.064854
v 0.227577 2.486891 1.064854
v 0.227577 2.466837 1.078253
v 0.227577 2.459150 1.087620
v 0.227577 2.453438 1.098306
v 0.227577 2.449920 1.109902
vn -0.0000 1.0000 -0.0000
vn -0.0000 0.8286 -0.5598
vn -0.0000 0.5528 -0.8333
vn -0.0000 0.1939 -0.9810
vn -0.0000 -0.0000 -1.0000
vn -0.0000 -0.1939 -0.9810
vn -0.0000 -0.5528 -0.8333
vn -0.0000 -1.0000 -0.0000
vn 0.0392 0.9796 -0.1971
vn 0.0757 0.9217 -0.3804
vn 0.1092 0.8286 -0.5490
vn 0.1385 0.7041 -0.6965
vn 0.1626 0.5528 -0.8173
vn 0.1804 0.3805 -0.9070
vn 0.1914 0.1939 -0.9622
vn 0.1951 -0.0000 -0.9808
vn 0.1914 -0.1939 -0.9622
vn 0.1804 -0.3805 -0.9070
vn 0.1626 -0.5528 -0.8173
vn 0.1385 -0.7041 -0.6965
vn 0.1092 -0.8286 -0.5490
vn 0.0757 -0.9217 -0.3804
vn 0.0392 -0.9796 -0.1971
vn 0.0769 0.9796 -0.1857
vn 0.1484 0.9217 -0.3584
vn 0.2142 0.8286 -0.5172
vn 0.2718 0.7041 -0.6561
vn 0.3189 0.5528 -0.7699
vn 0.3539 0.3805 -0.8544
vn 0.3754 0.1939 -0.9063
vn 0.3827 -0.0000 -0.9239
vn 0.3754 -0.1939 -0.9063
vn 0.3539 -0.3805 -0.8544
vn 0.3189 -0.5528 -0.7699
vn 0.2718 -0.7041 -0.6561
vn 0.2142 -0.8286 -0.5172
vn 0.1484 -0.9217 -0.3584
vn 0.0769 -0.9796 -0.1857
vn 0.1117 0.9796 -0.1671
vn 0.2155 0.9217 -0.3225
vn 0.3110 0.8286 -0.4654
vn 0.3945 0.7041 -0.5905
vn 0.4630 0.5528 -0.6929
vn 0.5138 0.3805 -0.7689
vn 0.5450 0.1939 -0.8157
vn 0.5556 -0.0000 -0.8315
vn 0.5450 -0.1939 -0.8157
vn 0.5138 -0.3805 -0.7689
vn 0.4630 -0.5528 -0.6929
vn 0.3945 -0.7041 -0.5905
vn 0.3110 -0.8286 -0.4654
vn 0.2155 -0.9217 -0.3225
vn 0.1117 -0.9796 -0.1671
vn 0.1421 0.9796 -0.1421
vn 0.2743 0.9217 -0.2743
vn 0.3958 0.8286 -0.3958
vn 0.5021 0.7041 -0.5021
vn 0.5893 0.5528 -0.5893
vn 0.6539 0.3805 -0.6539
vn 0.6937 0.1939 -0.6937
vn 0.7071 -0.0000 -0.7071
vn 0.6937 -0.1939 -0.6937
vn 0.6539 -0.3805 -0.6539
vn 0.5893 -0.5528 -0.5893
vn 0.5021 -0.7041 -0.5021
vn 0.3958 -0.8286 -0.3958
vn 0.2743 -0.9217 -0.2743
vn 0.1421 -0.9796 -0.1421
vn 0.1671 0.9796 -0.1117
vn 0.3225 0.9217 -0.2155
vn 0.4654 0.8286 -0.3110
vn 0.5905 0.7041 -0.3945
vn 0.6929 0.5528 -0.4630
vn 0.7689 0.3805 -0.5138
vn 0.8157 0.1939 -0.5450
vn 0.8315 -0.0000 -0.5556
vn 0.8157 -0.1939 -0.5450
vn 0.7689 -0.3805 -0.5138
vn 0.6929 -0.5528 -0.4630
vn 0.5905 -0.7041 -0.3945
vn 0.4654 -0.8286 -0.3110
vn 0.3225 -0.9217 -0.2155
vn 0.1671 -0.9796 -0.1117
vn 0.1857 0.9796 -0.0769
vn 0.3584 0.9217 -0.1484
vn 0.5172 0.8286 -0.2142
vn 0.6561 0.7041 -0.2718
vn 0.7699 0.5528 -0.3189
vn 0.8544 0.3805 -0.3539
vn 0.9063 0.1939 -0.3754
vn 0.9239 -0.0000 -0.3827
vn 0.9063 -0.1939 -0.3754
vn 0.8544 -0.3805 -0.3539
vn 0.7699 -0.5528 -0.3189
vn 0.6561 -0.7041 -0.2718
vn 0.5172 -0.8286 -0.2142
vn 0.3584 -0.9217 -0.1484
vn 0.1857 -0.9796 -0.0769
vn 0.1971 0.9796 -0.0392
vn 0.3804 0.9217 -0.0757
vn 0.5490 0.8286 -0.1092
vn 0.6965 0.7041 -0.1385
vn 0.8173 0.5528 -0.1626
vn 0.9070 0.3805 -0.1804
vn 0.9622 0.1939 -0.1914
vn 0.9808 -0.0000 -0.1951
vn 0.9622 -0.1939 -0.1914
vn 0.9070 -0.3805 -0.1804
vn 0.8173 -0.5528 -0.1626
vn 0.6965 -0.7041 -0.1385
vn 0.5490 -0.8286 -0.1092
vn 0.3804 -0.9217 -0.0757
vn 0.1971 -0.9796 -0.0392
vn 0.2010 0.9796 -0.0000
vn 0.3879 0.9217 -0.0000
vn 0.5598 0.8286 -0.0000
vn 0.7101 0.7041 -0.0000
vn 0.8333 0.5528 -0.0000
vn 0.9248 0.3805 -0.0000
vn 0.9810 0.1939 -0.0000
vn 1.0000 -0.0000 -0.0000
vn 0.9810 -0.1939 -0.0000
vn 0.9248 -0.3805 -0.0000
vn 0.8333 -0.5528 -0.0000
vn 0.7101 -0.7041 -0.0000
vn 0.5598 -0.8286 -0.0000
vn 0.3879 -0.9217 -0.0000
vn 0.2010 -0.9796 -0.0000
vn 0.1971 0.9796 0.0392
vn 0.3804 0.9217 0.0757
vn 0.5490 0.8286 0.1092
vn 0.6965 0.7041 0.1385
vn 0.8173 0.5528 0.1626
vn 0.9070 0.3805 0.1804
vn 0.9622 0.1939 0.1914
vn 0.9808 -0.0000 0.1951
vn 0.9622 -0.1939 0.1914
vn 0.9070 -0.3805 0.1804
vn 0.8173 -0.5528 0.1626
vn 0.6965 -0.7041 0.1385
vn 0.5490 -0.8286 0.1092
vn 0.3804 -0.9217 0.0757
vn 0.1971 -0.9796 0.0392
vn 0.1857 0.9796 0.0769
vn 0.3584 0.9217 0.1484
vn 0.5172 0.8286 0.2142
vn 0.6561 0.7041 0.2718
vn 0.7699 0.5528 0.3189
vn 0.8544 0.3805 0.3539
vn 0.9063 0.1939 0.3754
vn 0.9239 -0.0000 0.3827
vn 0.9063 -0.1939 0.3754
vn 0.8544 -0.3805 0.3539
vn 0.7699 -0.5528 0.3189
vn 0.6561 -0.7041 0.2718
vn 0.5172 -0.8286 0.2142
vn 0.3584 -0.9217 0.1484
vn 0.1857 -0.9796 0.0769
vn 0.1671 0.9796 0.1117
vn 0.3225 0.9217 0.2155
vn 0.4654 0.8286 0.3110
vn 0.5905 0.7041 0.3945
vn 0.6929 0.5528 0.4630
vn 0.7689 0.3805 0.5138
vn 0.8157 0.1939 0.5450
vn 0.8315 -0.0000 0.5556
vn 0.8157 -0.1939 0.5450
vn 0.7689 -0.3805 0.5138
vn 0.6929 -0.5528 0.4630
vn 0.5905 -0.7041 0.3945
vn 0.4654 -0.8286 0.3110
vn 0.3225 -0.9217 0.2155
vn 0.1671 -0.9796 0.1117
vn 0.1421 0.9796 0.1421
vn 0.2743 0.9217 0.2743
vn 0.3958 0.8286 0.3958
vn 0.5021 0.7041 0.5021
vn 0.5893 0.5528 0.5893
vn 0.6539 0.3805 0.6539
vn 0.6937 0.1939 0.6937
vn 0.7071 -0.0000 0.7071
vn 0.6937 -0.1939 0.6937
vn 0.6539 -0.3805 0.6539
vn 0.5893 -0.5528 0.5893
vn 0.5021 -0.7041 0.5021
vn 0.3958 -0.8286 0.3958
vn 0.2743 -0.9217 0.2743
vn 0.1421 -0.9796 0.1421
vn 0.1117 0.9796 0.1671
vn 0.2155 0.9217 0.3225
vn 0.3110 0.8286 0.4654
vn 0.3945 0.7041 0.5905
vn 0.4630 0.5528 0.6929
vn 0.5138 0.3805 0.7689
vn 0.5450 0.1939 0.8157
vn 0.5556 -0.0000 0.8315
vn 0.5450 -0.1939 0.8157
vn 0.5138 -0.3805 0.7689
vn 0.4630 -0.5528 0.6929
vn 0.3945 -0.7041 0.5905
vn 0.3110 -0.8286 0.4654
vn 0.2155 -0.9217 0.3225
vn 0.1117 -0.9796 0.1671
vn 0.0769 0.9796 0.1857
vn 0.1484 0.9217 0.3584
vn 0.2142 0.8286 0.5172
vn 0.2718 0.7041 0.6561
vn 0.3189 0.5528 0.7699
vn 0.3539 0.3805 0.8544
vn 0.3754 0.1939 0.9063
vn 0.3827 -0.0000 0.9239
vn 0.3754 -0.1939 0.9063
vn 0.3539 -0.3805 0.8544
vn 0.3189 -0.5528 0.7699
vn 0.2718 -0.7041 0.6561
vn 0.2142 -0.8286 0.5172
vn 0.1484 -0.9217 0.3584
vn 0.0769 -0.9796 0.1857
vn 0.0392 0.9796 0.1971
vn 0.0757 0.9217 0.3804
vn 0.1092 0.8286 0.5490
vn 0.1385 0.7041 0.6965
vn 0.1626 0.5528 0.8173
vn 0.1804 0.3805 0.9070
vn 0.1914 0.1939 0.9622
vn 0.1951 -0.0000 0.9808
vn 0.1914 -0.1939 0.9622
vn 0.1804 -0.3805 0.9070
vn 0.1626 -0.5528 0.8173
vn 0.1385 -0.7041 0.6965
vn 0.1092 -0.8286 0.5490
vn 0.0757 -0.9217 0.3804
vn 0.0392 -0.9796 0.1971
vn -0.0000 0.9796 0.2010
vn -0.0000 0.9217 0.3879
vn -0.0000 0.8286 0.5598
vn -0.0000 0.7041 0.7101
vn -0.0000 0.5528 0.8333
vn -0.0000 0.3805 0.9248
vn -0.0000 0.1939 0.9810
vn -0.0000 -0.0000 1.0000
vn -0.0000 -0.1939 0.9810
vn -0.0000 -0.3805 0.9248
vn -0.0000 -0.5528 0.8333
vn -0.0000 -0.7041 0.7101
vn -0.0000 -0.8286 0.5598
vn -0.0000 -0.9217 0.3879
vn -0.0000 -0.9796 0.2010
vn -0.0392 0.9796 0.1971
vn -0.0757 0.9217 0.3804
vn -0.1092 0.8286 0.5490
vn -0.1385 0.7041 0.6965
vn -0.1626 0.5528 0.8173
vn -0.1804 0.3805 0.9070
vn -0.1914 0.1939 0.9622
vn -0.1951 -0.0000 0.9808
vn -0.1914 -0.1939 0.9622
vn -0.1804 -0.3805 0.9070
vn -0.1626 -0.5528 0.8173
vn -0.1385 -0.7041 0.6965
vn -0.1092 -0.8286 0.5490
vn -0.0757 -0.9217 0.3804
vn -0.0392 -0.9796 0.1971
vn -0.0769 0.9796 0.1857
vn -0.1484 0.9217 0.3584
vn -0.2142 0.8286 0.5172
vn -0.2718 0.7041 0.6561
vn -0.3189 0.5528 0.7699
vn -0.3539 0.3805 0.8544
vn -0.3754 0.1939 0.9063
vn -0.3827 -0.0000 0.9239
vn -0.3754 -0.1939 0.9063
vn -0.3539 -0.3805 0.8544
vn -0.3189 -0.5528 0.7699
vn -0.2718 -0.7041 0.6561
vn -0.2142 -0.8286 0.5172
vn -0.1484 -0.9217 0.3584
vn -0.0769 -0.9796 0.1857
vn -0.1117 0.9796 0.1671
vn -0.2155 0.9217 0.3225
vn -0.3110 0.8286 0.4654
vn -0.3945 0.7041 0.5905
vn -0.4630 0.5528 0.6929
vn -0.5138 0.3805 0.7689
vn -0.5450 0.1939 0.8157
vn -0.5556 -0.0000 0.8315
vn -0.5450 -0.1939 0.8157
vn -0.5138 -0.3805 0.7689
vn -0.4630 -0.5528 0.6929
vn -0.3945 -0.7041 0.5905
vn -0.3110 -0.8286 0.4654
vn -0.2155 -0.9217 0.3225
vn -0.1117 -0.9796 0.1671
vn -0.1421 0.9796 0.1421
vn -0.2743 0.9217 0.2743
vn -0.3958 0.8286 0.3958
vn -0.5021 0.7041 0.5021
vn -0.5893 0.5528 0.5893
vn -0.6539 0.3805 0.6539
vn -0.6937 0.1939 0.6937
vn -0.7071 -0.0000 0.7071
vn -0.6937 -0.1939 0.6937
vn -0.6539 -0.3805 0.6539
vn -0.5893 -0.5528 0.5893
vn -0.5021 -0.7041 0.5021
vn -0.3958 -0.8286 0.3958
vn -0.2743 -0.9217 0.2743
vn -0.1421 -0.9796 0.1421
vn -0.1671 0.9796 0.1117
vn -0.3225 0.9217 0.2155
vn -0.4654 0.8286 0.3110
vn -0.5905 0.7041 0.3945
vn -0.6929 0.5528 0.4630
vn -0.7689 0.3805 0.5138
vn -0.8157 0.1939 0.5450
vn -0.8315 -0.0000 0.5556
vn -0.8157 -0.1939 0.5450
vn -0.7689 -0.3805 0.5138
vn -0.6929 -0.5528 0.4630
vn -0.5905 -0.7041 0.3945
vn -0.4654 -0.8286 0.3110
vn -0.3225 -0.9217 0.2155
vn -0.1671 -0.9796 0.1117
vn -0.1857 0.9796 0.0769
vn -0.3584 0.9217 0.1484
vn -0.5172 0.8286 0.2142
vn -0.6561 0.7041 0.2718
vn -0.7699 0.5528 0.3189
vn -0.8544 0.3805 0.3539
vn -0.9063 0.1939 0.3754
vn -0.9239 -0.0000 0.3827
vn -0.9063 -0.1939 0.3754
vn -0.8544 -0.3805 0.3539
vn -0.7699 -0.5528 0.3189
vn -0.6561 -0.7041 0.2718
vn -0.5172 -0.8286 0.2142
vn -0.3584 -0.9217 0.1484
vn -0.1857 -0.9796 0.0769
vn -0.1971 0.9796 0.0392
vn -0.3804 0.9217 0.0757
vn -0.5490 0.8286 0.1092
vn -0.6965 0.7041 0.1385
vn -0.8173 0.5528 0.1626
vn -0.9070 0.3805 0.1804
vn -0.9622 0.1939 0.1914
vn -0.9808 -0.0000 0.1951
vn -0.9622 -0.1939 0.1914
vn -0.9070 -0.3805 0.1804
vn -0.8173 -0.5528 0.1626
vn -0.6965 -0.7041 0.1385
vn -0.5490 -0.8286 0.1092
vn -0.3804 -0.9217 0.0757
vn -0.1971 -0.9796 0.0392
vn -0.2010 0.9796 -0.0000
vn -0.3879 0.9217 -0.0000
vn -0.5598 0.8286 -0.0000
vn -0.7101 0.7041 -0.0000
vn -0.8333 0.5528 -0.0000
vn -0.9248 0.3805 -0.0000
vn -0.9810 0.1939 -0.0000
vn -1.0000 -0.0000 -0.0000
vn -0.9810 -0.1939 -0.0000
vn -0.9248 -0.3805 -0.0000
vn -0.8333 -0.5528 -0.0000
vn -0.7101 -0.7041 -0.0000
vn -0.5598 -0.8286 -0.0000
vn -0.3879 -0.9217 -0.0000
vn -0.2010 -0.9796 -0.0000
vn -0.1971 0.9796 -0.0392
vn -0.3804 0.9217 -0.0757
vn -0.5490 0.8286 -0.1092
vn -0.6965 0.7041 -0.1385
vn -0.8173 0.5528 -0.1626
vn -0.9070 0.3805 -0.1804
vn -0.9622 0.1939 -0.1914
vn -0.9808 -0.0000 -0.1951
vn -0.9622 -0.1939 -0.1914
vn -0.9070 -0.3805 -0.1804
vn -0.8173 -0.5528 -0.1626
vn -0.6965 -0.7041 -0.1385
vn -0.5490 -0.8286 -0.1092
vn -0.3804 -0.9217 -0.0757
vn -0.1971 -0.9796 -0.0392
vn -0.1857 0.9796 -0.0769
vn -0.3584 0.9217 -0.1484
vn -0.5172 0.8286 -0.2142
vn -0.6561 0.7041 -0.2718
vn -0.7699 0.5528 -0.3189
vn -0.8544 0.3805 -0.3539
vn -0.9063 0.1939 -0.3754
vn -0.9239 -0.0000 -0.3827
vn -0.9063 -0.1939 -0.3754
vn -0.8544 -0.3805 -0.3539
vn -0.7699 -0.5528 -0.3189
vn -0.6561 -0.7041 -0.2718
vn -0.5172 -0.8286 -0.2142
vn -0.3584 -0.9217 -0.1484
vn -0.1857 -0.9796 -0.0769
vn -0.1671 0.9796 -0.1117
vn -0.3225 0.9217 -0.2155
vn -0.4654 0.8286 -0.3110
vn -0.5905 0.7041 -0.3945
vn -0.6929 0.5528 -0.4630
vn -0.7689 0.3805 -0.5138
vn -0.8157 0.1939 -0.5450
vn -0.8315 -0.0000 -0.5556
vn -0.8157 -0.1939 -0.5450
vn -0.7689 -0.3805 -0.5138
vn -0.6929 -0.5528 -0.4630
vn -0.5905 -0.7041 -0.3945
vn -0.4654 -0.8286 -0.3110
vn -0.3225 -0.9217 -0.2155
vn -0.1671 -0.9796 -0.1117
vn -0.1421 0.9796 -0.1421
vn -0.2743 0.9217 -0.2743
vn -0.3958 0.8286 -0.3958
vn -0.5021 0.7041 -0.5021
vn -0.5893 0.5528 -0.5893
vn -0.6539 0.3805 -0.6539
vn -0.6937 0.1939 -0.6937
vn -0.7071 -0.0000 -0.7071
vn -0.6937 -0.1939 -0.6937
vn -0.6539 -0.3805 -0.6539
vn -0.5893 -0.5528 -0.5893
vn -0.5021 -0.7041 -0.5021
vn -0.3958 -0.8286 -0.3958
vn -0.2743 -0.9217 -0.2743
vn -0.1421 -0.9796 -0.1421
vn -0.1117 0.9796 -0.1671
vn -0.2155 0.9217 -0.3225
vn -0.3110 0.8286 -0.4654
vn -0.3945 0.7041 -0.5905
vn -0.4630 0.5528 -0.6929
vn -0.5138 0.3805 -0.7689
vn -0.5450 0.1939 -0.8157
vn -0.5556 -0.0000 -0.8315
vn -0.5450 -0.1939 -0.8157
vn -0.5138 -0.3805 -0.7689
vn -0.4630 -0.5528 -0.6929
vn -0.3945 -0.7041 -0.5905
vn -0.3110 -0.8286 -0.4654
vn -0.2155 -0.9217 -0.3225
vn -0.1117 -0.9796 -0.1671
vn -0.0769 0.9796 -0.1857
vn -0.1484 0.9217 -0.3584
vn -0.2142 0.8286 -0.5172
vn -0.2718 0.7041 -0.6561
vn -0.3189 0.5528 -0.7699
vn -0.3539 0.3805 -0.8544
vn -0.3754 0.1939 -0.9063
vn -0.3827 -0.0000 -0.9239
vn -0.3754 -0.1939 -0.9063
vn -0.3539 -0.3805 -0.8544
vn -0.3189 -0.5528 -0.7699
vn -0.2718 -0.7041 -0.6561
vn -0.2142 -0.8286 -0.5172
vn -0.1484 -0.9217 -0.3584
vn -0.0769 -0.9796 -0.1857
vn -0.0392 0.9796 -0.1971
vn -0.0757 0.9217 -0.3804
vn -0.1092 0.8286 -0.5490
vn -0.1385 0.7041 -0.6965
vn -0.1626 0.5528 -0.8173
vn -0.1804 0.3805 -0.9070
vn -0.1914 0.1939 -0.9622
vn -0.1951 -0.0000 -0.9808
vn -0.1914 -0.1939 -0.9622
vn -0.1804 -0.3805 -0.9070
vn -0.1626 -0.5528 -0.8173
vn -0.1385 -0.7041 -0.6965
vn -0.1092 -0.8286 -0.5490
vn -0.0757 -0.9217 -0.3804
vn -0.0392 -0.9796 -0.1971
vn -0.0000 0.9796 -0.2010
vn -0.0000 0.9217 -0.3879
vn -0.0000 0.7041 -0.7101
vn -0.0000 0.3805 -0.9248
vn -0.0000 -0.3805 -0.9248
vn -0.0000 -0.7041 -0.7101
vn -0.0000 -0.8286 -0.5598
vn -0.0000 -0.9217 -0.3879
vn -0.0000 -0.9796 -0.2010
vt 0.750000 0.687500
vt 0.750000 0.750000
vt 0.718750 0.750000
vt 0.718750 0.687500
vt 0.750000 0.187500
vt 0.750000 0.250000
vt 0.718750 0.250000
vt 0.718750 0.187500
vt 0.750000 0.625000
vt 0.718750 0.625000
vt 0.750000 0.125000
vt 0.718750 0.125000
vt 0.750000 0.562500
vt 0.718750 0.562500
vt 0.750000 0.062500
vt 0.718750 0.062500
vt 0.750000 0.500000
vt 0.718750 0.500000
vt 0.750000 0.937500
vt 0.734375 1.000000
vt 0.718750 0.937500
vt 0.734375 0.000000
vt 0.750000 0.437500
vt 0.718750 0.437500
vt 0.750000 0.875000
vt 0.718750 0.875000
vt 0.750000 0.375000
vt 0.718750 0.375000
vt 0.750000 0.812500
vt 0.718750 0.812500
vt 0.750000 0.312500
vt 0.718750 0.312500
vt 0.687500 0.812500
vt 0.687500 0.750000
vt 0.687500 0.312500
vt 0.687500 0.250000
vt 0.687500 0.687500
vt 0.687500 0.187500
vt 0.687500 0.625000
vt 0.687500 0.125000
vt 0.687500 0.562500
vt 0.687500 0.062500
vt 0.687500 0.500000
vt 0.703125 1.000000
vt 0.687500 0.937500
vt 0.703125 0.000000
vt 0.687500 0.437500
vt 0.687500 0.875000
vt 0.687500 0.375000
vt 0.656250 0.562500
vt 0.656250 0.500000
vt 0.671875 1.000000
vt 0.656250 0.937500
vt 0.671875 0.000000
vt 0.656250 0.062500
vt 0.656250 0.437500
vt 0.656250 0.875000
vt 0.656250 0.375000
vt 0.656250 0.812500
vt 0.656250 0.312500
vt 0.656250 0.750000
vt 0.656250 0.250000
vt 0.656250 0.687500
vt 0.656250 0.187500
vt 0.656250 0.625000
vt 0.656250 0.125000
vt 0.625000 0.312500
vt 0.625000 0.250000
vt 0.625000 0.750000
vt 0.625000 0.687500
vt 0.625000 0.187500
vt 0.625000 0.625000
vt 0.625000 0.125000
vt 0.625000 0.562500
vt 0.625000 0.062500
vt 0.625000 0.500000
vt 0.640625 1.000000
vt 0.625000 0.937500
vt 0.640625 0.000000
vt 0.625000 0.437500
vt 0.625000 0.875000
vt 0.625000 0.375000
vt 0.625000 0.812500
vt 0.609375 1.000000
vt 0.593750 0.937500
vt 0.609375 0.000000
vt 0.593750 0.062500
vt 0.593750 0.500000
vt 0.593750 0.437500
vt 0.593750 0.875000
vt 0.593750 0.375000
vt 0.593750 0.812500
vt 0.593750 0.312500
vt 0.593750 0.750000
vt 0.593750 0.250000
vt 0.593750 0.687500
vt 0.593750 0.187500
vt 0.593750 0.625000
vt 0.593750 0.125000
vt 0.593750 0.562500
vt 0.562500 0.750000
vt 0.562500 0.687500
vt 0.562500 0.250000
vt 0.562500 0.187500
vt 0.562500 0.625000
vt 0.562500 0.125000
vt 0.562500 0.562500
vt 0.562500 0.062500
vt 0.562500 0.500000
vt 0.578125 1.000000
vt 0.562500 0.937500
vt 0.578125 0.000000
vt 0.562500 0.437500
vt 0.562500 0.875000
vt 0.562500 0.375000
vt 0.562500 0.812500
vt 0.562500 0.312500
vt 0.531250 0.500000
vt 0.531250 0.437500
vt 0.531250 0.937500
vt 0.531250 0.875000
vt 0.531250 0.375000
vt 0.531250 0.812500
vt 0.531250 0.312500
vt 0.531250 0.750000
vt 0.531250 0.250000
vt 0.531250 0.687500
vt 0.531250 0.187500
vt 0.531250 0.625000
vt 0.531250 0.125000
vt 0.531250 0.562500
vt 0.531250 0.062500
vt 0.546875 1.000000
vt 0.546875 0.000000
vt 0.500000 0.250000
vt 0.500000 0.187500
vt 0.500000 0.687500
vt 0.500000 0.625000
vt 0.500000 0.125000
vt 0.500000 0.562500
vt 0.500000 0.062500
vt 0.500000 0.500000
vt 0.515625 1.000000
vt 0.500000 0.937500
vt 0.515625 0.000000
vt 0.500000 0.437500
vt 0.500000 0.875000
vt 0.500000 0.375000
vt 0.500000 0.812500
vt 0.500000 0.312500
vt 0.500000 0.750000
vt 0.468750 0.437500
vt 0.468750 0.375000
vt 0.468750 0.875000
vt 0.468750 0.812500
vt 0.468750 0.312500
vt 0.468750 0.750000
vt 0.468750 0.250000
vt 0.468750 0.687500
vt 0.468750 0.187500
vt 0.468750 0.625000
vt 0.468750 0.125000
vt 0.468750 0.562500
vt 0.468750 0.062500
vt 0.468750 0.500000
vt 0.484375 1.000000
vt 0.468750 0.937500
vt 0.484375 0.000000
vt 0.437500 0.187500
vt 0.437500 0.125000
vt 0.437500 0.625000
vt 0.437500 0.562500
vt 0.437500 0.062500
vt 0.437500 0.500000
vt 0.453125 1.000000
vt 0.437500 0.937500
vt 0.453125 0.000000
vt 0.437500 0.437500
vt 0.437500 0.875000
vt 0.437500 0.375000
vt 0.437500 0.812500
vt 0.437500 0.312500
vt 0.437500 0.750000
vt 0.437500 0.250000
vt 0.437500 0.687500
vt 0.406250 0.875000
vt 0.406250 0.812500
vt 0.406250 0.375000
vt 0.406250 0.312500
vt 0.406250 0.750000
vt 0.406250 0.250000
vt 0.406250 0.687500
vt 0.406250 0.187500
vt 0.406250 0.625000
vt 0.406250 0.125000
vt 0.406250 0.562500
vt 0.406250 0.062500
vt 0.406250 0.500000
vt 0.421875 1.000000
vt 0.406250 0.937500
vt 0.421875 0.000000
vt 0.406250 0.437500
vt 0.375000 0.625000
vt 0.375000 0.562500
vt 0.375000 0.125000
vt 0.375000 0.062500
vt 0.375000 0.500000
vt 0.390625 1.000000
vt 0.375000 0.937500
vt 0.390625 0.000000
vt 0.375000 0.437500
vt 0.375000 0.875000
vt 0.375000 0.375000
vt 0.375000 0.812500
vt 0.375000 0.312500
vt 0.375000 0.750000
vt 0.375000 0.250000
vt 0.375000 0.687500
vt 0.375000 0.187500
vt 0.343750 0.375000
vt 0.343750 0.312500
vt 0.343750 0.812500
vt 0.343750 0.750000
vt 0.343750 0.250000
vt 0.343750 0.687500
vt 0.343750 0.187500
vt 0.343750 0.625000
vt 0.343750 0.125000
vt 0.343750 0.562500
vt 0.343750 0.062500
vt 0.343750 0.500000
vt 0.359375 1.000000
vt 0.343750 0.937500
vt 0.359375 0.000000
vt 0.343750 0.437500
vt 0.343750 0.875000
vt 0.312500 0.125000
vt 0.312500 0.062500
vt 0.312500 0.562500
vt 0.312500 0.500000
vt 0.328125 1.000000
vt 0.312500 0.937500
vt 0.328125 0.000000
vt 0.312500 0.437500
vt 0.312500 0.875000
vt 0.312500 0.375000
vt 0.312500 0.812500
vt 0.312500 0.312500
vt 0.312500 0.750000
vt 0.312500 0.250000
vt 0.312500 0.687500
vt 0.312500 0.187500
vt 0.312500 0.625000
vt 0.281250 0.812500
vt 0.281250 0.750000
vt 0.281250 0.312500
vt 0.281250 0.250000
vt 0.281250 0.687500
vt 0.281250 0.187500
vt 0.281250 0.625000
vt 0.281250 0.125000
vt 0.281250 0.562500
vt 0.281250 0.062500
vt 0.281250 0.500000
vt 0.296875 1.000000
vt 0.281250 0.937500
vt 0.296875 0.000000
vt 0.281250 0.437500
vt 0.281250 0.875000
vt 0.281250 0.375000
vt 0.250000 0.562500
vt 0.250000 0.500000
vt 0.265625 1.000000
vt 0.250000 0.937500
vt 0.265625 0.000000
vt 0.250000 0.062500
vt 0.250000 0.437500
vt 0.250000 0.875000
vt 0.250000 0.375000
vt 0.250000 0.812500
vt 0.250000 0.312500
vt 0.250000 0.750000
vt 0.250000 0.250000
vt 0.250000 0.687500
vt 0.250000 0.187500
vt 0.250000 0.625000
vt 0.250000 0.125000
vt 0.218750 0.312500
vt 0.218750 0.250000
vt 0.218750 0.750000
vt 0.218750 0.687500
vt 0.218750 0.187500
vt 0.218750 0.625000
vt 0.218750 0.125000
vt 0.218750 0.562500
vt 0.218750 0.062500
vt 0.218750 0.500000
vt 0.234375 1.000000
vt 0.218750 0.937500
vt 0.234375 0.000000
vt 0.218750 0.437500
vt 0.218750 0.875000
vt 0.218750 0.375000
vt 0.218750 0.812500
vt 0.203125 0.000000
vt 0.187500 0.062500
vt 0.187500 0.500000
vt 0.187500 0.437500
vt 0.187500 0.937500
vt 0.187500 0.875000
vt 0.187500 0.375000
vt 0.187500 0.812500
vt 0.187500 0.312500
vt 0.187500 0.750000
vt 0.187500 0.250000
vt 0.187500 0.687500
vt 0.187500 0.187500
vt 0.187500 0.625000
vt 0.187500 0.125000
vt 0.187500 0.562500
vt 0.203125 1.000000
vt 0.156250 0.250000
vt 0.156250 0.187500
vt 0.156250 0.687500
vt 0.156250 0.625000
vt 0.156250 0.125000
vt 0.156250 0.562500
vt 0.156250 0.062500
vt 0.156250 0.500000
vt 0.171875 1.000000
vt 0.156250 0.937500
vt 0.171875 0.000000
vt 0.156250 0.437500
vt 0.156250 0.875000
vt 0.156250 0.375000
vt 0.156250 0.812500
vt 0.156250 0.312500
vt 0.156250 0.750000
vt 0.125000 0.937500
vt 0.125000 0.875000
vt 0.125000 0.437500
vt 0.125000 0.375000
vt 0.125000 0.812500
vt 0.125000 0.312500
vt 0.125000 0.750000
vt 0.125000 0.250000
vt 0.125000 0.687500
vt 0.125000 0.187500
vt 0.125000 0.625000
vt 0.125000 0.125000
vt 0.125000 0.562500
vt 0.125000 0.062500
vt 0.125000 0.500000
vt 0.140625 1.000000
vt 0.140625 0.000000
vt 0.093750 0.687500
vt 0.093750 0.625000
vt 0.093750 0.187500
vt 0.093750 0.125000
vt 0.093750 0.562500
vt 0.093750 0.062500
vt 0.093750 0.500000
vt 0.109375 1.000000
vt 0.093750 0.937500
vt 0.109375 0.000000
vt 0.093750 0.437500
vt 0.093750 0.875000
vt 0.093750 0.375000
vt 0.093750 0.812500
vt 0.093750 0.312500
vt 0.093750 0.750000
vt 0.093750 0.250000
vt 0.062500 0.437500
vt 0.062500 0.375000
vt 0.062500 0.875000
vt 0.062500 0.812500
vt 0.062500 0.312500
vt 0.062500 0.750000
vt 0.062500 0.250000
vt 0.062500 0.687500
vt 0.062500 0.187500
vt 0.062500 0.625000
vt 0.062500 0.125000
vt 0.062500 0.562500
vt 0.062500 0.062500
vt 0.062500 0.500000
vt 0.078125 1.000000
vt 0.062500 0.937500
vt 0.078125 0.000000
vt 0.031250 0.187500
vt 0.031250 0.125000
vt 0.031250 0.625000
vt 0.031250 0.562500
vt 0.031250 0.062500
vt 0.031250 0.500000
vt 0.046875 1.000000
vt 0.031250 0.937500
vt 0.046875 0.000000
vt 0.031250 0.437500
vt 0.031250 0.875000
vt 0.031250 0.375000
vt 0.031250 0.812500
vt 0.031250 0.312500
vt 0.031250 0.750000
vt 0.031250 0.250000
vt 0.031250 0.687500
vt 0.000000 0.875000
vt 0.000000 0.812500
vt 0.000000 0.375000
vt 0.000000 0.312500
vt 0.000000 0.750000
vt 0.000000 0.250000
vt 0.000000 0.687500
vt 0.000000 0.187500
vt 0.000000 0.625000
vt 0.000000 0.125000
vt 0.000000 0.562500
vt 0.000000 0.062500
vt 0.000000 0.500000
vt 0.015625 1.000000
vt 0.000000 0.937500
vt 0.015625 0.000000
vt 0.000000 0.437500
vt 1.000000 0.562500
vt 1.000000 0.625000
vt 0.968750 0.625000
vt 0.968750 0.562500
vt 1.000000 0.062500
vt 1.000000 0.125000
vt 0.968750 0.125000
vt 0.968750 0.062500
vt 1.000000 0.500000
vt 0.968750 0.500000
vt 1.000000 0.937500
vt 0.984375 1.000000
vt 0.968750 0.937500
vt 0.984375 0.000000
vt 1.000000 0.437500
vt 0.968750 0.437500
vt 1.000000 0.875000
vt 0.968750 0.875000
vt 1.000000 0.375000
vt 0.968750 0.375000
vt 1.000000 0.812500
vt 0.968750 0.812500
vt 1.000000 0.312500
vt 0.968750 0.312500
vt 1.000000 0.750000
vt 0.968750 0.750000
vt 1.000000 0.250000
vt 0.968750 0.250000
vt 1.000000 0.687500
vt 0.968750 0.687500
vt 1.000000 0.187500
vt 0.968750 0.187500
vt 0.937500 0.375000
vt 0.937500 0.312500
vt 0.937500 0.812500
vt 0.937500 0.750000
vt 0.937500 0.250000
vt 0.937500 0.687500
vt 0.937500 0.187500
vt 0.937500 0.625000
vt 0.937500 0.125000
vt 0.937500 0.562500
vt 0.937500 0.062500
vt 0.937500 0.500000
vt 0.953125 1.000000
vt 0.937500 0.937500
vt 0.953125 0.000000
vt 0.937500 0.437500
vt 0.937500 0.875000
vt 0.906250 0.125000
vt 0.906250 0.062500
vt 0.906250 0.562500
vt 0.906250 0.500000
vt 0.921875 1.000000
vt 0.906250 0.937500
vt 0.921875 0.000000
vt 0.906250 0.437500
vt 0.906250 0.875000
vt 0.906250 0.375000
vt 0.906250 0.812500
vt 0.906250 0.312500
vt 0.906250 0.750000
vt 0.906250 0.250000
vt 0.906250 0.687500
vt 0.906250 0.187500
vt 0.906250 0.625000
vt 0.875000 0.312500
vt 0.875000 0.250000
vt 0.875000 0.750000
vt 0.875000 0.687500
vt 0.875000 0.187500
vt 0.875000 0.625000
vt 0.875000 0.125000
vt 0.875000 0.562500
vt 0.875000 0.062500
vt 0.875000 0.500000
vt 0.890625 1.000000
vt 0.875000 0.937500
vt 0.890625 0.000000
vt 0.875000 0.437500
vt 0.875000 0.875000
vt 0.875000 0.375000
vt 0.875000 0.812500
vt 0.859375 1.000000
vt 0.843750 0.937500
vt 0.859375 0.000000
vt 0.843750 0.062500
vt 0.843750 0.500000
vt 0.843750 0.437500
vt 0.843750 0.875000
vt 0.843750 0.375000
vt 0.843750 0.812500
vt 0.843750 0.312500
vt 0.843750 0.750000
vt 0.843750 0.250000
vt 0.843750 0.687500
vt 0.843750 0.187500
vt 0.843750 0.625000
vt 0.843750 0.125000
vt 0.843750 0.562500
vt 0.812500 0.750000
vt 0.812500 0.687500
vt 0.812500 0.250000
vt 0.812500 0.187500
vt 0.812500 0.625000
vt 0.812500 0.125000
vt 0.812500 0.562500
vt 0.812500 0.062500
vt 0.812500 0.500000
vt 0.828125 1.000000
vt 0.812500 0.937500
vt 0.828125 0.000000
vt 0.812500 0.437500
vt 0.812500 0.875000
vt 0.812500 0.375000
vt 0.812500 0.812500
vt 0.812500 0.312500
vt 0.781250 0.500000
vt 0.781250 0.437500
vt 0.781250 0.937500
vt 0.781250 0.875000
vt 0.781250 0.375000
vt 0.781250 0.812500
vt 0.781250 0.312500
vt 0.781250 0.750000
vt 0.781250 0.250000
vt 0.781250 0.687500
vt 0.781250 0.187500
vt 0.781250 0.625000
vt 0.781250 0.125000
vt 0.781250 0.562500
vt 0.781250 0.062500
vt 0.796875 1.000000
vt 0.796875 0.000000
vt 0.765625 1.000000
vt 0.765625 0.000000
s 1
usemtl マテリアル.003
f 1479/2074/1357 1952/2075/1830 1488/2076/1366 1489/2077/1367
f 1956/2078/1834 1955/2079/1833 1496/2080/1374 1497/2081/1375
f 1953/2082/1831 1479/2074/1357 1489/2077/1367 1490/2083/1368
f 1957/2084/1835 1956/2078/1834 1497/2081/1375 1498/2085/1376
f 1480/2086/1358 1953/2082/1831 1490/2083/1368 1491/2087/1369
f 1958/2088/1836 1957/2084/1835 1498/2085/1376 1499/2089/1377
f 1481/2090/1359 1480/2086/1358 1491/2087/1369 1492/2091/1370
f 1950/2092/1828 1477/2093/1355 1485/2094/1363
f 1484/2095/1362 1958/2088/1836 1499/2089/1377
f 1482/2096/1360 1481/2090/1359 1492/2091/1370 1493/2097/1371
f 1951/2098/1829 1950/2092/1828 1485/2094/1363 1486/2099/1364
f 1954/2100/1832 1482/2096/1360 1493/2097/1371 1494/2101/1372
f 1478/2102/1356 1951/2098/1829 1486/2099/1364 1487/2103/1365
f 1483/2104/1361 1954/2100/1832 1494/2101/1372 1495/2105/1373
f 1952/2075/1830 1478/2102/1356 1487/2103/1365 1488/2076/1366
f 1955/2079/1833 1483/2104/1361 1495/2105/1373 1496/2080/1374
f 1488/2076/1366 1487/2103/1365 1502/2106/1380 1503/2107/1381
f 1496/2080/1374 1495/2105/1373 1510/2108/1388 1511/2109/1389
f 1489/2077/1367 1488/2076/1366 1503/2107/1381 1504/2110/1382
f 1497/2081/1375 1496/2080/1374 1511/2109/1389 1512/2111/1390
f 1490/2083/1368 1489/2077/1367 1504/2110/1382 1505/2112/1383
f 1498/2085/1376 1497/2081/1375 1512/2111/1390 1513/2113/1391
f 1491/2087/1369 1490/2083/1368 1505/2112/1383 1506/2114/1384
f 1499/2089/1377 1498/2085/1376 1513/2113/1391 1514/2115/1392
f 1492/2091/1370 1491/2087/1369 1506/2114/1384 1507/2116/1385
f 1485/2094/1363 1477/2117/1355 1500/2118/1378
f 1484/2119/1362 1499/2089/1377 1514/2115/1392
f 1493/2097/1371 1492/2091/1370 1507/2116/1385 1508/2120/1386
f 1486/2099/1364 1485/2094/1363 1500/2118/1378 1501/2121/1379
f 1494/2101/1372 1493/2097/1371 1508/2120/1386 1509/2122/1387
f 1487/2103/1365 1486/2099/1364 1501/2121/1379 1502/2106/1380
f 1495/2105/1373 1494/2101/1372 1509/2122/1387 1510/2108/1388
f 1507/2116/1385 1506/2114/1384 1521/2123/1399 1522/2124/1400
f 1500/2118/1378 1477/2125/1355 1515/2126/1393
f 1484/2127/1362 1514/2115/1392 1529/2128/1407
f 1508/2120/1386 1507/2116/1385 1522/2124/1400 1523/2129/1401
f 1501/2121/1379 1500/2118/1378 1515/2126/1393 1516/2130/1394
f 1509/2122/1387 1508/2120/1386 1523/2129/1401 1524/2131/1402
f 1502/2106/1380 1501/2121/1379 1516/2130/1394 1517/2132/1395
f 1510/2108/1388 1509/2122/1387 1524/2131/1402 1525/2133/1403
f 1503/2107/1381 1502/2106/1380 1517/2132/1395 1518/2134/1396
f 1511/2109/1389 1510/2108/1388 1525/2133/1403 1526/2135/1404
f 1504/2110/1382 1503/2107/1381 1518/2134/1396 1519/2136/1397
f 1512/2111/1390 1511/2109/1389 1526/2135/1404 1527/2137/1405
f 1505/2112/1383 1504/2110/1382 1519/2136/1397 1520/2138/1398
f 1513/2113/1391 1512/2111/1390 1527/2137/1405 1528/2139/1406
f 1506/2114/1384 1505/2112/1383 1520/2138/1398 1521/2123/1399
f 1514/2115/1392 1513/2113/1391 1528/2139/1406 1529/2128/1407
f 1526/2135/1404 1525/2133/1403 1540/2140/1418 1541/2141/1419
f 1519/2136/1397 1518/2134/1396 1533/2142/1411 1534/2143/1412
f 1527/2137/1405 1526/2135/1404 1541/2141/1419 1542/2144/1420
f 1520/2138/1398 1519/2136/1397 1534/2143/1412 1535/2145/1413
f 1528/2139/1406 1527/2137/1405 1542/2144/1420 1543/2146/1421
f 1521/2123/1399 1520/2138/1398 1535/2145/1413 1536/2147/1414
f 1529/2128/1407 1528/2139/1406 1543/2146/1421 1544/2148/1422
f 1522/2124/1400 1521/2123/1399 1536/2147/1414 1537/2149/1415
f 1515/2126/1393 1477/2150/1355 1530/2151/1408
f 1484/2152/1362 1529/2128/1407 1544/2148/1422
f 1523/2129/1401 1522/2124/1400 1537/2149/1415 1538/2153/1416
f 1516/2130/1394 1515/2126/1393 1530/2151/1408 1531/2154/1409
f 1524/2131/1402 1523/2129/1401 1538/2153/1416 1539/2155/1417
f 1517/2132/1395 1516/2130/1394 1531/2154/1409 1532/2156/1410
f 1525/2133/1403 1524/2131/1402 1539/2155/1417 1540/2140/1418
f 1518/2134/1396 1517/2132/1395 1532/2156/1410 1533/2142/1411
f 1530/2151/1408 1477/2157/1355 1545/2158/1423
f 1484/2159/1362 1544/2148/1422 1559/2160/1437
f 1538/2153/1416 1537/2149/1415 1552/2161/1430 1553/2162/1431
f 1531/2154/1409 1530/2151/1408 1545/2158/1423 1546/2163/1424
f 1539/2155/1417 1538/2153/1416 1553/2162/1431 1554/2164/1432
f 1532/2156/1410 1531/2154/1409 1546/2163/1424 1547/2165/1425
f 1540/2140/1418 1539/2155/1417 1554/2164/1432 1555/2166/1433
f 1533/2142/1411 1532/2156/1410 1547/2165/1425 1548/2167/1426
f 1541/2141/1419 1540/2140/1418 1555/2166/1433 1556/2168/1434
f 1534/2143/1412 1533/2142/1411 1548/2167/1426 1549/2169/1427
f 1542/2144/1420 1541/2141/1419 1556/2168/1434 1557/2170/1435
f 1535/2145/1413 1534/2143/1412 1549/2169/1427 1550/2171/1428
f 1543/2146/1421 1542/2144/1420 1557/2170/1435 1558/2172/1436
f 1536/2147/1414 1535/2145/1413 1550/2171/1428 1551/2173/1429
f 1544/2148/1422 1543/2146/1421 1558/2172/1436 1559/2160/1437
f 1537/2149/1415 1536/2147/1414 1551/2173/1429 1552/2161/1430
f 1549/2169/1427 1548/2167/1426 1563/2174/1441 1564/2175/1442
f 1557/2170/1435 1556/2168/1434 1571/2176/1449 1572/2177/1450
f 1550/2171/1428 1549/2169/1427 1564/2175/1442 1565/2178/1443
f 1558/2172/1436 1557/2170/1435 1572/2177/1450 1573/2179/1451
f 1551/2173/1429 1550/2171/1428 1565/2178/1443 1566/2180/1444
f 1559/2160/1437 1558/2172/1436 1573/2179/1451 1574/2181/1452
f 1552/2161/1430 1551/2173/1429 1566/2180/1444 1567/2182/1445
f 1545/2158/1423 1477/2183/1355 1560/2184/1438
f 1484/2185/1362 1559/2160/1437 1574/2181/1452
f 1553/2162/1431 1552/2161/1430 1567/2182/1445 1568/2186/1446
f 1546/2163/1424 1545/2158/1423 1560/2184/1438 1561/2187/1439
f 1554/2164/1432 1553/2162/1431 1568/2186/1446 1569/2188/1447
f 1547/2165/1425 1546/2163/1424 1561/2187/1439 1562/2189/1440
f 1555/2166/1433 1554/2164/1432 1569/2188/1447 1570/2190/1448
f 1548/2167/1426 1547/2165/1425 1562/2189/1440 1563/2174/1441
f 1556/2168/1434 1555/2166/1433 1570/2190/1448 1571/2176/1449
f 1568/2186/1446 1567/2182/1445 1582/2191/1460 1583/2192/1461
f 1561/2187/1439 1560/2184/1438 1575/2193/1453 1576/2194/1454
f 1569/2188/1447 1568/2186/1446 1583/2192/1461 1584/2195/1462
f 1562/2189/1440 1561/2187/1439 1576/2194/1454 1577/2196/1455
f 1570/2190/1448 1569/2188/1447 1584/2195/1462 1585/2197/1463
f 1563/2174/1441 1562/2189/1440 1577/2196/1455 1578/2198/1456
f 1571/2176/1449 1570/2190/1448 1585/2197/1463 1586/2199/1464
f 1564/2175/1442 1563/2174/1441 1578/2198/1456 1579/2200/1457
f 1572/2177/1450 1571/2176/1449 1586/2199/1464 1587/2201/1465
f 1565/2178/1443 1564/2175/1442 1579/2200/1457 1580/2202/1458
f 1573/2179/1451 1572/2177/1450 1587/2201/1465 1588/2203/1466
f 1566/2180/1444 1565/2178/1443 1580/2202/1458 1581/2204/1459
f 1574/2181/1452 1573/2179/1451 1588/2203/1466 1589/2205/1467
f 1567/2182/1445 1566/2180/1444 1581/2204/1459 1582/2191/1460
f 1560/2184/1438 1477/2206/1355 1575/2193/1453
f 1484/2207/1362 1574/2181/1452 1589/2205/1467
f 1587/2201/1465 1586/2199/1464 1601/2208/1479 1602/2209/1480
f 1580/2202/1458 1579/2200/1457 1594/2210/1472 1595/2211/1473
f 1588/2203/1466 1587/2201/1465 1602/2209/1480 1603/2212/1481
f 1581/2204/1459 1580/2202/1458 1595/2211/1473 1596/2213/1474
f 1589/2205/1467 1588/2203/1466 1603/2212/1481 1604/2214/1482
f 1582/2191/1460 1581/2204/1459 1596/2213/1474 1597/2215/1475
f 1575/2193/1453 1477/2216/1355 1590/2217/1468
f 1484/2218/1362 1589/2205/1467 1604/2214/1482
f 1583/2192/1461 1582/2191/1460 1597/2215/1475 1598/2219/1476
f 1576/2194/1454 1575/2193/1453 1590/2217/1468 1591/2220/1469
f 1584/2195/1462 1583/2192/1461 1598/2219/1476 1599/2221/1477
f 1577/2196/1455 1576/2194/1454 1591/2220/1469 1592/2222/1470
f 1585/2197/1463 1584/2195/1462 1599/2221/1477 1600/2223/1478
f 1578/2198/1456 1577/2196/1455 1592/2222/1470 1593/2224/1471
f 1586/2199/1464 1585/2197/1463 1600/2223/1478 1601/2208/1479
f 1579/2200/1457 1578/2198/1456 1593/2224/1471 1594/2210/1472
f 1599/2221/1477 1598/2219/1476 1613/2225/1491 1614/2226/1492
f 1592/2222/1470 1591/2220/1469 1606/2227/1484 1607/2228/1485
f 1600/2223/1478 1599/2221/1477 1614/2226/1492 1615/2229/1493
f 1593/2224/1471 1592/2222/1470 1607/2228/1485 1608/2230/1486
f 1601/2208/1479 1600/2223/1478 1615/2229/1493 1616/2231/1494
f 1594/2210/1472 1593/2224/1471 1608/2230/1486 1609/2232/1487
f 1602/2209/1480 1601/2208/1479 1616/2231/1494 1617/2233/1495
f 1595/2211/1473 1594/2210/1472 1609/2232/1487 1610/2234/1488
f 1603/2212/1481 1602/2209/1480 1617/2233/1495 1618/2235/1496
f 1596/2213/1474 1595/2211/1473 1610/2234/1488 1611/2236/1489
f 1604/2214/1482 1603/2212/1481 1618/2235/1496 1619/2237/1497
f 1597/2215/1475 1596/2213/1474 1611/2236/1489 1612/2238/1490
f 1590/2217/1468 1477/2239/1355 1605/2240/1483
f 1484/2241/1362 1604/2214/1482 1619/2237/1497
f 1598/2219/1476 1597/2215/1475 1612/2238/1490 1613/2225/1491
f 1591/2220/1469 1590/2217/1468 1605/2240/1483 1606/2227/1484
f 1618/2235/1496 1617/2233/1495 1632/2242/1510 1633/2243/1511
f 1611/2236/1489 1610/2234/1488 1625/2244/1503 1626/2245/1504
f 1619/2237/1497 1618/2235/1496 1633/2243/1511 1634/2246/1512
f 1612/2238/1490 1611/2236/1489 1626/2245/1504 1627/2247/1505
f 1605/2240/1483 1477/2248/1355 1620/2249/1498
f 1484/2250/1362 1619/2237/1497 1634/2246/1512
f 1613/2225/1491 1612/2238/1490 1627/2247/1505 1628/2251/1506
f 1606/2227/1484 1605/2240/1483 1620/2249/1498 1621/2252/1499
f 1614/2226/1492 1613/2225/1491 1628/2251/1506 1629/2253/1507
f 1607/2228/1485 1606/2227/1484 1621/2252/1499 1622/2254/1500
f 1615/2229/1493 1614/2226/1492 1629/2253/1507 1630/2255/1508
f 1608/2230/1486 1607/2228/1485 1622/2254/1500 1623/2256/1501
f 1616/2231/1494 1615/2229/1493 1630/2255/1508 1631/2257/1509
f 1609/2232/1487 1608/2230/1486 1623/2256/1501 1624/2258/1502
f 1617/2233/1495 1616/2231/1494 1631/2257/1509 1632/2242/1510
f 1610/2234/1488 1609/2232/1487 1624/2258/1502 1625/2244/1503
f 1622/2254/1500 1621/2252/1499 1636/2259/1514 1637/2260/1515
f 1630/2255/1508 1629/2253/1507 1644/2261/1522 1645/2262/1523
f 1623/2256/1501 1622/2254/1500 1637/2260/1515 1638/2263/1516
f 1631/2257/1509 1630/2255/1508 1645/2262/1523 1646/2264/1524
f 1624/2258/1502 1623/2256/1501 1638/2263/1516 1639/2265/1517
f 1632/2242/1510 1631/2257/1509 1646/2264/1524 1647/2266/1525
f 1625/2244/1503 1624/2258/1502 1639/2265/1517 1640/2267/1518
f 1633/2243/1511 1632/2242/1510 1647/2266/1525 1648/2268/1526
f 1626/2245/1504 1625/2244/1503 1640/2267/1518 1641/2269/1519
f 1634/2246/1512 1633/2243/1511 1648/2268/1526 1649/2270/1527
f 1627/2247/1505 1626/2245/1504 1641/2269/1519 1642/2271/1520
f 1620/2249/1498 1477/2272/1355 1635/2273/1513
f 1484/2274/1362 1634/2246/1512 1649/2270/1527
f 1628/2251/1506 1627/2247/1505 1642/2271/1520 1643/2275/1521
f 1621/2252/1499 1620/2249/1498 1635/2273/1513 1636/2259/1514
f 1629/2253/1507 1628/2251/1506 1643/2275/1521 1644/2261/1522
f 1641/2269/1519 1640/2267/1518 1655/2276/1533 1656/2277/1534
f 1649/2270/1527 1648/2268/1526 1663/2278/1541 1664/2279/1542
f 1642/2271/1520 1641/2269/1519 1656/2277/1534 1657/2280/1535
f 1635/2273/1513 1477/2281/1355 1650/2282/1528
f 1484/2283/1362 1649/2270/1527 1664/2279/1542
f 1643/2275/1521 1642/2271/1520 1657/2280/1535 1658/2284/1536
f 1636/2259/1514 1635/2273/1513 1650/2282/1528 1651/2285/1529
f 1644/2261/1522 1643/2275/1521 1658/2284/1536 1659/2286/1537
f 1637/2260/1515 1636/2259/1514 1651/2285/1529 1652/2287/1530
f 1645/2262/1523 1644/2261/1522 1659/2286/1537 1660/2288/1538
f 1638/2263/1516 1637/2260/1515 1652/2287/1530 1653/2289/1531
f 1646/2264/1524 1645/2262/1523 1660/2288/1538 1661/2290/1539
f 1639/2265/1517 1638/2263/1516 1653/2289/1531 1654/2291/1532
f 1647/2266/1525 1646/2264/1524 1661/2290/1539 1662/2292/1540
f 1640/2267/1518 1639/2265/1517 1654/2291/1532 1655/2276/1533
f 1648/2268/1526 1647/2266/1525 1662/2292/1540 1663/2278/1541
f 1660/2288/1538 1659/2286/1537 1674/2293/1552 1675/2294/1553
f 1653/2289/1531 1652/2287/1530 1667/2295/1545 1668/2296/1546
f 1661/2290/1539 1660/2288/1538 1675/2294/1553 1676/2297/1554
f 1654/2291/1532 1653/2289/1531 1668/2296/1546 1669/2298/1547
f 1662/2292/1540 1661/2290/1539 1676/2297/1554 1677/2299/1555
f 1655/2276/1533 1654/2291/1532 1669/2298/1547 1670/2300/1548
f 1663/2278/1541 1662/2292/1540 1677/2299/1555 1678/2301/1556
f 1656/2277/1534 1655/2276/1533 1670/2300/1548 1671/2302/1549
f 1664/2279/1542 1663/2278/1541 1678/2301/1556 1679/2303/1557
f 1657/2280/1535 1656/2277/1534 1671/2302/1549 1672/2304/1550
f 1650/2282/1528 1477/2305/1355 1665/2306/1543
f 1484/2307/1362 1664/2279/1542 1679/2303/1557
f 1658/2284/1536 1657/2280/1535 1672/2304/1550 1673/2308/1551
f 1651/2285/1529 1650/2282/1528 1665/2306/1543 1666/2309/1544
f 1659/2286/1537 1658/2284/1536 1673/2308/1551 1674/2293/1552
f 1652/2287/1530 1651/2285/1529 1666/2309/1544 1667/2295/1545
f 1679/2303/1557 1678/2301/1556 1693/2310/1571 1694/2311/1572
f 1672/2304/1550 1671/2302/1549 1686/2312/1564 1687/2313/1565
f 1665/2306/1543 1477/2314/1355 1680/2315/1558
f 1484/2316/1362 1679/2303/1557 1694/2311/1572
f 1673/2308/1551 1672/2304/1550 1687/2313/1565 1688/2317/1566
f 1666/2309/1544 1665/2306/1543 1680/2315/1558 1681/2318/1559
f 1674/2293/1552 1673/2308/1551 1688/2317/1566 1689/2319/1567
f 1667/2295/1545 1666/2309/1544 1681/2318/1559 1682/2320/1560
f 1675/2294/1553 1674/2293/1552 1689/2319/1567 1690/2321/1568
f 1668/2296/1546 1667/2295/1545 1682/2320/1560 1683/2322/1561
f 1676/2297/1554 1675/2294/1553 1690/2321/1568 1691/2323/1569
f 1669/2298/1547 1668/2296/1546 1683/2322/1561 1684/2324/1562
f 1677/2299/1555 1676/2297/1554 1691/2323/1569 1692/2325/1570
f 1670/2300/1548 1669/2298/1547 1684/2324/1562 1685/2326/1563
f 1678/2301/1556 1677/2299/1555 1692/2325/1570 1693/2310/1571
f 1671/2302/1549 1670/2300/1548 1685/2326/1563 1686/2312/1564
f 1683/2322/1561 1682/2320/1560 1697/2327/1575 1698/2328/1576
f 1691/2323/1569 1690/2321/1568 1705/2329/1583 1706/2330/1584
f 1684/2324/1562 1683/2322/1561 1698/2328/1576 1699/2331/1577
f 1692/2325/1570 1691/2323/1569 1706/2330/1584 1707/2332/1585
f 1685/2326/1563 1684/2324/1562 1699/2331/1577 1700/2333/1578
f 1693/2310/1571 1692/2325/1570 1707/2332/1585 1708/2334/1586
f 1686/2312/1564 1685/2326/1563 1700/2333/1578 1701/2335/1579
f 1694/2311/1572 1693/2310/1571 1708/2334/1586 1709/2336/1587
f 1687/2313/1565 1686/2312/1564 1701/2335/1579 1702/2337/1580
f 1680/2315/1558 1477/2338/1355 1695/2339/1573
f 1484/2340/1362 1694/2311/1572 1709/2336/1587
f 1688/2317/1566 1687/2313/1565 1702/2337/1580 1703/2341/1581
f 1681/2318/1559 1680/2315/1558 1695/2339/1573 1696/2342/1574
f 1689/2319/1567 1688/2317/1566 1703/2341/1581 1704/2343/1582
f 1682/2320/1560 1681/2318/1559 1696/2342/1574 1697/2327/1575
f 1690/2321/1568 1689/2319/1567 1704/2343/1582 1705/2329/1583
f 1702/2337/1580 1701/2335/1579 1716/2344/1594 1717/2345/1595
f 1695/2339/1573 1477/2346/1355 1710/2347/1588
f 1484/2348/1362 1709/2336/1587 1724/2349/1602
f 1703/2341/1581 1702/2337/1580 1717/2345/1595 1718/2350/1596
f 1696/2342/1574 1695/2339/1573 1710/2347/1588 1711/2351/1589
f 1704/2343/1582 1703/2341/1581 1718/2350/1596 1719/2352/1597
f 1697/2327/1575 1696/2342/1574 1711/2351/1589 1712/2353/1590
f 1705/2329/1583 1704/2343/1582 1719/2352/1597 1720/2354/1598
f 1698/2328/1576 1697/2327/1575 1712/2353/1590 1713/2355/1591
f 1706/2330/1584 1705/2329/1583 1720/2354/1598 1721/2356/1599
f 1699/2331/1577 1698/2328/1576 1713/2355/1591 1714/2357/1592
f 1707/2332/1585 1706/2330/1584 1721/2356/1599 1722/2358/1600
f 1700/2333/1578 1699/2331/1577 1714/2357/1592 1715/2359/1593
f 1708/2334/1586 1707/2332/1585 1722/2358/1600 1723/2360/1601
f 1701/2335/1579 1700/2333/1578 1715/2359/1593 1716/2344/1594
f 1709/2336/1587 1708/2334/1586 1723/2360/1601 1724/2349/1602
f 1721/2356/1599 1720/2354/1598 1735/2361/1613 1736/2362/1614
f 1714/2357/1592 1713/2355/1591 1728/2363/1606 1729/2364/1607
f 1722/2358/1600 1721/2356/1599 1736/2362/1614 1737/2365/1615
f 1715/2359/1593 1714/2357/1592 1729/2364/1607 1730/2366/1608
f 1723/2360/1601 1722/2358/1600 1737/2365/1615 1738/2367/1616
f 1716/2344/1594 1715/2359/1593 1730/2366/1608 1731/2368/1609
f 1724/2349/1602 1723/2360/1601 1738/2367/1616 1739/2369/1617
f 1717/2345/1595 1716/2344/1594 1731/2368/1609 1732/2370/1610
f 1710/2347/1588 1477/2371/1355 1725/2372/1603
f 1484/2373/1362 1724/2349/1602 1739/2369/1617
f 1718/2350/1596 1717/2345/1595 1732/2370/1610 1733/2374/1611
f 1711/2351/1589 1710/2347/1588 1725/2372/1603 1726/2375/1604
f 1719/2352/1597 1718/2350/1596 1733/2374/1611 1734/2376/1612
f 1712/2353/1590 1711/2351/1589 1726/2375/1604 1727/2377/1605
f 1720/2354/1598 1719/2352/1597 1734/2376/1612 1735/2361/1613
f 1713/2355/1591 1712/2353/1590 1727/2377/1605 1728/2363/1606
f 1484/2378/1362 1739/2369/1617 1754/2379/1632
f 1733/2374/1611 1732/2370/1610 1747/2380/1625 1748/2381/1626
f 1726/2375/1604 1725/2372/1603 1740/2382/1618 1741/2383/1619
f 1734/2376/1612 1733/2374/1611 1748/2381/1626 1749/2384/1627
f 1727/2377/1605 1726/2375/1604 1741/2383/1619 1742/2385/1620
f 1735/2361/1613 1734/2376/1612 1749/2384/1627 1750/2386/1628
f 1728/2363/1606 1727/2377/1605 1742/2385/1620 1743/2387/1621
f 1736/2362/1614 1735/2361/1613 1750/2386/1628 1751/2388/1629
f 1729/2364/1607 1728/2363/1606 1743/2387/1621 1744/2389/1622
f 1737/2365/1615 1736/2362/1614 1751/2388/1629 1752/2390/1630
f 1730/2366/1608 1729/2364/1607 1744/2389/1622 1745/2391/1623
f 1738/2367/1616 1737/2365/1615 1752/2390/1630 1753/2392/1631
f 1731/2368/1609 1730/2366/1608 1745/2391/1623 1746/2393/1624
f 1739/2369/1617 1738/2367/1616 1753/2392/1631 1754/2379/1632
f 1732/2370/1610 1731/2368/1609 1746/2393/1624 1747/2380/1625
f 1725/2372/1603 1477/2394/1355 1740/2382/1618
f 1752/2390/1630 1751/2388/1629 1766/2395/1644 1767/2396/1645
f 1745/2391/1623 1744/2389/1622 1759/2397/1637 1760/2398/1638
f 1753/2392/1631 1752/2390/1630 1767/2396/1645 1768/2399/1646
f 1746/2393/1624 1745/2391/1623 1760/2398/1638 1761/2400/1639
f 1754/2379/1632 1753/2392/1631 1768/2399/1646 1769/2401/1647
f 1747/2380/1625 1746/2393/1624 1761/2400/1639 1762/2402/1640
f 1740/2382/1618 1477/2403/1355 1755/2404/1633
f 1484/2405/1362 1754/2379/1632 1769/2401/1647
f 1748/2381/1626 1747/2380/1625 1762/2402/1640 1763/2406/1641
f 1741/2383/1619 1740/2382/1618 1755/2404/1633 1756/2407/1634
f 1749/2384/1627 1748/2381/1626 1763/2406/1641 1764/2408/1642
f 1742/2385/1620 1741/2383/1619 1756/2407/1634 1757/2409/1635
f 1750/2386/1628 1749/2384/1627 1764/2408/1642 1765/2410/1643
f 1743/2387/1621 1742/2385/1620 1757/2409/1635 1758/2411/1636
f 1751/2388/1629 1750/2386/1628 1765/2410/1643 1766/2395/1644
f 1744/2389/1622 1743/2387/1621 1758/2411/1636 1759/2397/1637
f 1756/2407/1634 1755/2404/1633 1770/2412/1648 1771/2413/1649
f 1764/2408/1642 1763/2406/1641 1778/2414/1656 1779/2415/1657
f 1757/2409/1635 1756/2407/1634 1771/2413/1649 1772/2416/1650
f 1765/2410/1643 1764/2408/1642 1779/2415/1657 1780/2417/1658
f 1758/2411/1636 1757/2409/1635 1772/2416/1650 1773/2418/1651
f 1766/2395/1644 1765/2410/1643 1780/2417/1658 1781/2419/1659
f 1759/2397/1637 1758/2411/1636 1773/2418/1651 1774/2420/1652
f 1767/2396/1645 1766/2395/1644 1781/2419/1659 1782/2421/1660
f 1760/2398/1638 1759/2397/1637 1774/2420/1652 1775/2422/1653
f 1768/2399/1646 1767/2396/1645 1782/2421/1660 1783/2423/1661
f 1761/2400/1639 1760/2398/1638 1775/2422/1653 1776/2424/1654
f 1769/2401/1647 1768/2399/1646 1783/2423/1661 1784/2425/1662
f 1762/2402/1640 1761/2400/1639 1776/2424/1654 1777/2426/1655
f 1755/2404/1633 1477/2427/1355 1770/2412/1648
f 1484/2428/1362 1769/2401/1647 1784/2425/1662
f 1763/2406/1641 1762/2402/1640 1777/2426/1655 1778/2414/1656
f 1775/2422/1653 1774/2420/1652 1789/2429/1667 1790/2430/1668
f 1783/2423/1661 1782/2421/1660 1797/2431/1675 1798/2432/1676
f 1776/2424/1654 1775/2422/1653 1790/2430/1668 1791/2433/1669
f 1784/2425/1662 1783/2423/1661 1798/2432/1676 1799/2434/1677
f 1777/2426/1655 1776/2424/1654 1791/2433/1669 1792/2435/1670
f 1770/2412/1648 1477/2436/1355 1785/2437/1663
f 1484/2438/1362 1784/2425/1662 1799/2434/1677
f 1778/2414/1656 1777/2426/1655 1792/2435/1670 1793/2439/1671
f 1771/2413/1649 1770/2412/1648 1785/2437/1663 1786/2440/1664
f 1779/2415/1657 1778/2414/1656 1793/2439/1671 1794/2441/1672
f 1772/2416/1650 1771/2413/1649 1786/2440/1664 1787/2442/1665
f 1780/2417/1658 1779/2415/1657 1794/2441/1672 1795/2443/1673
f 1773/2418/1651 1772/2416/1650 1787/2442/1665 1788/2444/1666
f 1781/2419/1659 1780/2417/1658 1795/2443/1673 1796/2445/1674
f 1774/2420/1652 1773/2418/1651 1788/2444/1666 1789/2429/1667
f 1782/2421/1660 1781/2419/1659 1796/2445/1674 1797/2431/1675
f 1794/2441/1672 1793/2439/1671 1808/2446/1686 1809/2447/1687
f 1787/2442/1665 1786/2440/1664 1801/2448/1679 1802/2449/1680
f 1795/2443/1673 1794/2441/1672 1809/2447/1687 1810/2450/1688
f 1788/2444/1666 1787/2442/1665 1802/2449/1680 1803/2451/1681
f 1796/2445/1674 1795/2443/1673 1810/2450/1688 1811/2452/1689
f 1789/2429/1667 1788/2444/1666 1803/2451/1681 1804/2453/1682
f 1797/2431/1675 1796/2445/1674 1811/2452/1689 1812/2454/1690
f 1790/2430/1668 1789/2429/1667 1804/2453/1682 1805/2455/1683
f 1798/2432/1676 1797/2431/1675 1812/2454/1690 1813/2456/1691
f 1791/2433/1669 1790/2430/1668 1805/2455/1683 1806/2457/1684
f 1799/2434/1677 1798/2432/1676 1813/2456/1691 1814/2458/1692
f 1792/2435/1670 1791/2433/1669 1806/2457/1684 1807/2459/1685
f 1785/2437/1663 1477/2460/1355 1800/2461/1678
f 1484/2462/1362 1799/2434/1677 1814/2458/1692
f 1793/2439/1671 1792/2435/1670 1807/2459/1685 1808/2446/1686
f 1786/2440/1664 1785/2437/1663 1800/2461/1678 1801/2448/1679
f 1813/2456/1691 1812/2454/1690 1827/2463/1705 1828/2464/1706
f 1806/2457/1684 1805/2455/1683 1820/2465/1698 1821/2466/1699
f 1814/2458/1692 1813/2456/1691 1828/2464/1706 1829/2467/1707
f 1807/2459/1685 1806/2457/1684 1821/2466/1699 1822/2468/1700
f 1800/2461/1678 1477/2469/1355 1815/2470/1693
f 1484/2471/1362 1814/2458/1692 1829/2467/1707
f 1808/2446/1686 1807/2459/1685 1822/2468/1700 1823/2472/1701
f 1801/2448/1679 1800/2461/1678 1815/2470/1693 1816/2473/1694
f 1809/2447/1687 1808/2446/1686 1823/2472/1701 1824/2474/1702
f 1802/2449/1680 1801/2448/1679 1816/2473/1694 1817/2475/1695
f 1810/2450/1688 1809/2447/1687 1824/2474/1702 1825/2476/1703
f 1803/2451/1681 1802/2449/1680 1817/2475/1695 1818/2477/1696
f 1811/2452/1689 1810/2450/1688 1825/2476/1703 1826/2478/1704
f 1804/2453/1682 1803/2451/1681 1818/2477/1696 1819/2479/1697
f 1812/2454/1690 1811/2452/1689 1826/2478/1704 1827/2463/1705
f 1805/2455/1683 1804/2453/1682 1819/2479/1697 1820/2465/1698
f 1817/2475/1695 1816/2473/1694 1831/2480/1709 1832/2481/1710
f 1825/2476/1703 1824/2474/1702 1839/2482/1717 1840/2483/1718
f 1818/2477/1696 1817/2475/1695 1832/2481/1710 1833/2484/1711
f 1826/2478/1704 1825/2476/1703 1840/2483/1718 1841/2485/1719
f 1819/2479/1697 1818/2477/1696 1833/2484/1711 1834/2486/1712
f 1827/2463/1705 1826/2478/1704 1841/2485/1719 1842/2487/1720
f 1820/2465/1698 1819/2479/1697 1834/2486/1712 1835/2488/1713
f 1828/2464/1706 1827/2463/1705 1842/2487/1720 1843/2489/1721
f 1821/2466/1699 1820/2465/1698 1835/2488/1713 1836/2490/1714
f 1829/2467/1707 1828/2464/1706 1843/2489/1721 1844/2491/1722
f 1822/2468/1700 1821/2466/1699 1836/2490/1714 1837/2492/1715
f 1815/2470/1693 1477/2493/1355 1830/2494/1708
f 1484/2495/1362 1829/2467/1707 1844/2491/1722
f 1823/2472/1701 1822/2468/1700 1837/2492/1715 1838/2496/1716
f 1816/2473/1694 1815/2470/1693 1830/2494/1708 1831/2480/1709
f 1824/2474/1702 1823/2472/1701 1838/2496/1716 1839/2482/1717
f 1836/2497/1714 1835/2498/1713 1850/2499/1728 1851/2500/1729
f 1844/2501/1722 1843/2502/1721 1858/2503/1736 1859/2504/1737
f 1837/2505/1715 1836/2497/1714 1851/2500/1729 1852/2506/1730
f 1830/2507/1708 1477/2508/1355 1845/2509/1723
f 1484/2510/1362 1844/2501/1722 1859/2504/1737
f 1838/2511/1716 1837/2505/1715 1852/2506/1730 1853/2512/1731
f 1831/2513/1709 1830/2507/1708 1845/2509/1723 1846/2514/1724
f 1839/2515/1717 1838/2511/1716 1853/2512/1731 1854/2516/1732
f 1832/2517/1710 1831/2513/1709 1846/2514/1724 1847/2518/1725
f 1840/2519/1718 1839/2515/1717 1854/2516/1732 1855/2520/1733
f 1833/2521/1711 1832/2517/1710 1847/2518/1725 1848/2522/1726
f 1841/2523/1719 1840/2519/1718 1855/2520/1733 1856/2524/1734
f 1834/2525/1712 1833/2521/1711 1848/2522/1726 1849/2526/1727
f 1842/2527/1720 1841/2523/1719 1856/2524/1734 1857/2528/1735
f 1835/2498/1713 1834/2525/1712 1849/2526/1727 1850/2499/1728
f 1843/2502/1721 1842/2527/1720 1857/2528/1735 1858/2503/1736
f 1855/2520/1733 1854/2516/1732 1869/2529/1747 1870/2530/1748
f 1848/2522/1726 1847/2518/1725 1862/2531/1740 1863/2532/1741
f 1856/2524/1734 1855/2520/1733 1870/2530/1748 1871/2533/1749
f 1849/2526/1727 1848/2522/1726 1863/2532/1741 1864/2534/1742
f 1857/2528/1735 1856/2524/1734 1871/2533/1749 1872/2535/1750
f 1850/2499/1728 1849/2526/1727 1864/2534/1742 1865/2536/1743
f 1858/2503/1736 1857/2528/1735 1872/2535/1750 1873/2537/1751
f 1851/2500/1729 1850/2499/1728 1865/2536/1743 1866/2538/1744
f 1859/2504/1737 1858/2503/1736 1873/2537/1751 1874/2539/1752
f 1852/2506/1730 1851/2500/1729 1866/2538/1744 1867/2540/1745
f 1845/2509/1723 1477/2541/1355 1860/2542/1738
f 1484/2543/1362 1859/2504/1737 1874/2539/1752
f 1853/2512/1731 1852/2506/1730 1867/2540/1745 1868/2544/1746
f 1846/2514/1724 1845/2509/1723 1860/2542/1738 1861/2545/1739
f 1854/2516/1732 1853/2512/1731 1868/2544/1746 1869/2529/1747
f 1847/2518/1725 1846/2514/1724 1861/2545/1739 1862/2531/1740
f 1874/2539/1752 1873/2537/1751 1888/2546/1766 1889/2547/1767
f 1867/2540/1745 1866/2538/1744 1881/2548/1759 1882/2549/1760
f 1860/2542/1738 1477/2550/1355 1875/2551/1753
f 1484/2552/1362 1874/2539/1752 1889/2547/1767
f 1868/2544/1746 1867/2540/1745 1882/2549/1760 1883/2553/1761
f 1861/2545/1739 1860/2542/1738 1875/2551/1753 1876/2554/1754
f 1869/2529/1747 1868/2544/1746 1883/2553/1761 1884/2555/1762
f 1862/2531/1740 1861/2545/1739 1876/2554/1754 1877/2556/1755
f 1870/2530/1748 1869/2529/1747 1884/2555/1762 1885/2557/1763
f 1863/2532/1741 1862/2531/1740 1877/2556/1755 1878/2558/1756
f 1871/2533/1749 1870/2530/1748 1885/2557/1763 1886/2559/1764
f 1864/2534/1742 1863/2532/1741 1878/2558/1756 1879/2560/1757
f 1872/2535/1750 1871/2533/1749 1886/2559/1764 1887/2561/1765
f 1865/2536/1743 1864/2534/1742 1879/2560/1757 1880/2562/1758
f 1873/2537/1751 1872/2535/1750 1887/2561/1765 1888/2546/1766
f 1866/2538/1744 1865/2536/1743 1880/2562/1758 1881/2548/1759
f 1886/2559/1764 1885/2557/1763 1900/2563/1778 1901/2564/1779
f 1879/2560/1757 1878/2558/1756 1893/2565/1771 1894/2566/1772
f 1887/2561/1765 1886/2559/1764 1901/2564/1779 1902/2567/1780
f 1880/2562/1758 1879/2560/1757 1894/2566/1772 1895/2568/1773
f 1888/2546/1766 1887/2561/1765 1902/2567/1780 1903/2569/1781
f 1881/2548/1759 1880/2562/1758 1895/2568/1773 1896/2570/1774
f 1889/2547/1767 1888/2546/1766 1903/2569/1781 1904/2571/1782
f 1882/2549/1760 1881/2548/1759 1896/2570/1774 1897/2572/1775
f 1875/2551/1753 1477/2573/1355 1890/2574/1768
f 1484/2575/1362 1889/2547/1767 1904/2571/1782
f 1883/2553/1761 1882/2549/1760 1897/2572/1775 1898/2576/1776
f 1876/2554/1754 1875/2551/1753 1890/2574/1768 1891/2577/1769
f 1884/2555/1762 1883/2553/1761 1898/2576/1776 1899/2578/1777
f 1877/2556/1755 1876/2554/1754 1891/2577/1769 1892/2579/1770
f 1885/2557/1763 1884/2555/1762 1899/2578/1777 1900/2563/1778
f 1878/2558/1756 1877/2556/1755 1892/2579/1770 1893/2565/1771
f 1890/2574/1768 1477/2580/1355 1905/2581/1783
f 1484/2582/1362 1904/2571/1782 1919/2583/1797
f 1898/2576/1776 1897/2572/1775 1912/2584/1790 1913/2585/1791
f 1891/2577/1769 1890/2574/1768 1905/2581/1783 1906/2586/1784
f 1899/2578/1777 1898/2576/1776 1913/2585/1791 1914/2587/1792
f 1892/2579/1770 1891/2577/1769 1906/2586/1784 1907/2588/1785
f 1900/2563/1778 1899/2578/1777 1914/2587/1792 1915/2589/1793
f 1893/2565/1771 1892/2579/1770 1907/2588/1785 1908/2590/1786
f 1901/2564/1779 1900/2563/1778 1915/2589/1793 1916/2591/1794
f 1894/2566/1772 1893/2565/1771 1908/2590/1786 1909/2592/1787
f 1902/2567/1780 1901/2564/1779 1916/2591/1794 1917/2593/1795
f 1895/2568/1773 1894/2566/1772 1909/2592/1787 1910/2594/1788
f 1903/2569/1781 1902/2567/1780 1917/2593/1795 1918/2595/1796
f 1896/2570/1774 1895/2568/1773 1910/2594/1788 1911/2596/1789
f 1904/2571/1782 1903/2569/1781 1918/2595/1796 1919/2583/1797
f 1897/2572/1775 1896/2570/1774 1911/2596/1789 1912/2584/1790
f 1909/2592/1787 1908/2590/1786 1923/2597/1801 1924/2598/1802
f 1917/2593/1795 1916/2591/1794 1931/2599/1809 1932/2600/1810
f 1910/2594/1788 1909/2592/1787 1924/2598/1802 1925/2601/1803
f 1918/2595/1796 1917/2593/1795 1932/2600/1810 1933/2602/1811
f 1911/2596/1789 1910/2594/1788 1925/2601/1803 1926/2603/1804
f 1919/2583/1797 1918/2595/1796 1933/2602/1811 1934/2604/1812
f 1912/2584/1790 1911/2596/1789 1926/2603/1804 1927/2605/1805
f 1905/2581/1783 1477/2606/1355 1920/2607/1798
f 1484/2608/1362 1919/2583/1797 1934/2604/1812
f 1913/2585/1791 1912/2584/1790 1927/2605/1805 1928/2609/1806
f 1906/2586/1784 1905/2581/1783 1920/2607/1798 1921/2610/1799
f 1914/2587/1792 1913/2585/1791 1928/2609/1806 1929/2611/1807
f 1907/2588/1785 1906/2586/1784 1921/2610/1799 1922/2612/1800
f 1915/2589/1793 1914/2587/1792 1929/2611/1807 1930/2613/1808
f 1908/2590/1786 1907/2588/1785 1922/2612/1800 1923/2597/1801
f 1916/2591/1794 1915/2589/1793 1930/2613/1808 1931/2599/1809
f 1928/2609/1806 1927/2605/1805 1942/2614/1820 1943/2615/1821
f 1921/2610/1799 1920/2607/1798 1935/2616/1813 1936/2617/1814
f 1929/2611/1807 1928/2609/1806 1943/2615/1821 1944/2618/1822
f 1922/2612/1800 1921/2610/1799 1936/2617/1814 1937/2619/1815
f 1930/2613/1808 1929/2611/1807 1944/2618/1822 1945/2620/1823
f 1923/2597/1801 1922/2612/1800 1937/2619/1815 1938/2621/1816
f 1931/2599/1809 1930/2613/1808 1945/2620/1823 1946/2622/1824
f 1924/2598/1802 1923/2597/1801 1938/2621/1816 1939/2623/1817
f 1932/2600/1810 1931/2599/1809 1946/2622/1824 1947/2624/1825
f 1925/2601/1803 1924/2598/1802 1939/2623/1817 1940/2625/1818
f 1933/2602/1811 1932/2600/1810 1947/2624/1825 1948/2626/1826
f 1926/2603/1804 1925/2601/1803 1940/2625/1818 1941/2627/1819
f 1934/2604/1812 1933/2602/1811 1948/2626/1826 1949/2628/1827
f 1927/2605/1805 1926/2603/1804 1941/2627/1819 1942/2614/1820
f 1920/2607/1798 1477/2629/1355 1935/2616/1813
f 1484/2630/1362 1934/2604/1812 1949/2628/1827
f 1947/2624/1825 1946/2622/1824 1955/2079/1833 1956/2078/1834
f 1940/2625/1818 1939/2623/1817 1479/2074/1357 1953/2082/1831
f 1948/2626/1826 1947/2624/1825 1956/2078/1834 1957/2084/1835
f 1941/2627/1819 1940/2625/1818 1953/2082/1831 1480/2086/1358
f 1949/2628/1827 1948/2626/1826 1957/2084/1835 1958/2088/1836
f 1942/2614/1820 1941/2627/1819 1480/2086/1358 1481/2090/1359
f 1935/2616/1813 1477/2631/1355 1950/2092/1828
f 1484/2632/1362 1949/2628/1827 1958/2088/1836
f 1943/2615/1821 1942/2614/1820 1481/2090/1359 1482/2096/1360
f 1936/2617/1814 1935/2616/1813 1950/2092/1828 1951/2098/1829
f 1944/2618/1822 1943/2615/1821 1482/2096/1360 1954/2100/1832
f 1937/2619/1815 1936/2617/1814 1951/2098/1829 1478/2102/1356
f 1945/2620/1823 1944/2618/1822 1954/2100/1832 1483/2104/1361
f 1938/2621/1816 1937/2619/1815 1478/2102/1356 1952/2075/1830
f 1946/2622/1824 1945/2620/1823 1483/2104/1361 1955/2079/1833
f 1939/2623/1817 1938/2621/1816 1952/2075/1830 1479/2074/1357
o 鼻
v -0.000000 2.390574 1.141747
v -0.008130 2.390574 1.142547
v -0.015947 2.390574 1.144919
v -0.023151 2.390574 1.148769
v -0.029465 2.390574 1.153952
v -0.034648 2.390574 1.160266
v -0.038498 2.390574 1.167470
v -0.040870 2.390574 1.175288
v -0.041670 2.390574 1.183417
v -0.040870 2.390574 1.191547
v -0.038498 2.390574 1.199364
v -0.034648 2.390574 1.206568
v -0.029465 2.390574 1.212883
v -0.023151 2.390574 1.218065
v -0.015947 2.390574 1.221915
v -0.008130 2.390574 1.224287
v -0.000000 2.390574 1.225088
v 0.008129 2.390574 1.224287
v 0.015947 2.390574 1.221915
v 0.023151 2.390574 1.218065
v 0.029465 2.390574 1.212883
v 0.034648 2.390574 1.206568
v 0.038498 2.390574 1.199364
v 0.040870 2.390574 1.191547
v 0.041670 2.390574 1.183417
v 0.040870 2.390574 1.175288
v 0.038498 2.390574 1.167470
v 0.034648 2.390574 1.160266
v 0.029465 2.390574 1.153952
v 0.023151 2.390574 1.148769
v 0.015947 2.390574 1.144919
v 0.008129 2.390574 1.142547
v 0.000000 2.307234 1.183417
vn -0.0000 -0.4472 -0.8944
vn -0.0000 -1.0000 -0.0000
vn -0.1745 -0.4472 -0.8772
vn -0.3423 -0.4472 -0.8263
vn -0.4969 -0.4472 -0.7437
vn -0.6325 -0.4472 -0.6325
vn -0.7437 -0.4472 -0.4969
vn -0.8263 -0.4472 -0.3423
vn -0.8772 -0.4472 -0.1745
vn -0.8944 -0.4472 -0.0000
vn -0.8772 -0.4472 0.1745
vn -0.8263 -0.4472 0.3423
vn -0.7437 -0.4472 0.4969
vn -0.6325 -0.4472 0.6325
vn -0.4969 -0.4472 0.7437
vn -0.3423 -0.4472 0.8263
vn -0.1745 -0.4472 0.8772
vn -0.0000 -0.4472 0.8944
vn 0.1745 -0.4472 0.8772
vn 0.3423 -0.4472 0.8263
vn 0.4969 -0.4472 0.7437
vn 0.6325 -0.4472 0.6325
vn 0.7437 -0.4472 0.4969
vn 0.8263 -0.4472 0.3423
vn 0.8772 -0.4472 0.1745
vn 0.8944 -0.4472 -0.0000
vn 0.8772 -0.4472 -0.1745
vn 0.8263 -0.4472 -0.3423
vn 0.7437 -0.4472 -0.4969
vn 0.6325 -0.4472 -0.6325
vn 0.4969 -0.4472 -0.7437
vn 0.3423 -0.4472 -0.8263
vn -0.0000 1.0000 -0.0000
vn 0.1745 -0.4472 -0.8772
vt 0.250000 0.490000
vt 0.250000 0.250000
vt 0.296822 0.485388
vt 0.341844 0.471731
vt 0.383337 0.449553
vt 0.419706 0.419706
vt 0.449553 0.383337
vt 0.471731 0.341844
vt 0.485388 0.296822
vt 0.490000 0.250000
vt 0.485388 0.203178
vt 0.471731 0.158156
vt 0.449553 0.116663
vt 0.419706 0.080294
vt 0.383337 0.050447
vt 0.341844 0.028269
vt 0.296822 0.014612
vt 0.250000 0.010000
vt 0.203178 0.014612
vt 0.158156 0.028269
vt 0.116663 0.050447
vt 0.080294 0.080294
vt 0.050447 0.116663
vt 0.028269 0.158156
vt 0.014612 0.203178
vt 0.010000 0.250000
vt 0.014612 0.296822
vt 0.028269 0.341844
vt 0.050447 0.383337
vt 0.080294 0.419706
vt 0.116663 0.449553
vt 0.158156 0.471731
vt 0.750000 0.490000
vt 0.796822 0.485388
vt 0.841844 0.471731
vt 0.883337 0.449553
vt 0.919706 0.419706
vt 0.949553 0.383337
vt 0.971731 0.341844
vt 0.985388 0.296822
vt 0.990000 0.250000
vt 0.985388 0.203178
vt 0.971731 0.158156
vt 0.949553 0.116663
vt 0.919706 0.080294
vt 0.883337 0.050447
vt 0.841844 0.028269
vt 0.796822 0.014612
vt 0.750000 0.010000
vt 0.703178 0.014612
vt 0.658156 0.028269
vt 0.616663 0.050447
vt 0.580294 0.080294
vt 0.550447 0.116663
vt 0.528269 0.158156
vt 0.514612 0.203178
vt 0.510000 0.250000
vt 0.514612 0.296822
vt 0.528269 0.341844
vt 0.550447 0.383337
vt 0.580294 0.419706
vt 0.616663 0.449553
vt 0.658156 0.471731
vt 0.703178 0.485388
vt 0.203178 0.485388
s 1
usemtl マテリアル.002
f 1959/2633/1837 1991/2634/1838 1960/2635/1839
f 1960/2635/1839 1991/2634/1838 1961/2636/1840
f 1961/2636/1840 1991/2634/1838 1962/2637/1841
f 1962/2637/1841 1991/2634/1838 1963/2638/1842
f 1963/2638/1842 1991/2634/1838 1964/2639/1843
f 1964/2639/1843 1991/2634/1838 1965/2640/1844
f 1965/2640/1844 1991/2634/1838 1966/2641/1845
f 1966/2641/1845 1991/2634/1838 1967/2642/1846
f 1967/2642/1846 1991/2634/1838 1968/2643/1847
f 1968/2643/1847 1991/2634/1838 1969/2644/1848
f 1969/2644/1848 1991/2634/1838 1970/2645/1849
f 1970/2645/1849 1991/2634/1838 1971/2646/1850
f 1971/2646/1850 1991/2634/1838 1972/2647/1851
f 1972/2647/1851 1991/2634/1838 1973/2648/1852
f 1973/2648/1852 1991/2634/1838 1974/2649/1853
f 1974/2649/1853 1991/2634/1838 1975/2650/1854
f 1975/2650/1854 1991/2634/1838 1976/2651/1855
f 1976/2651/1855 1991/2634/1838 1977/2652/1856
f 1977/2652/1856 1991/2634/1838 1978/2653/1857
f 1978/2653/1857 1991/2634/1838 1979/2654/1858
f 1979/2654/1858 1991/2634/1838 1980/2655/1859
f 1980/2655/1859 1991/2634/1838 1981/2656/1860
f 1981/2656/1860 1991/2634/1838 1982/2657/1861
f 1982/2657/1861 1991/2634/1838 1983/2658/1862
f 1983/2658/1862 1991/2634/1838 1984/2659/1863
f 1984/2659/1863 1991/2634/1838 1985/2660/1864
f 1985/2660/1864 1991/2634/1838 1986/2661/1865
f 1986/2661/1865 1991/2634/1838 1987/2662/1866
f 1987/2662/1866 1991/2634/1838 1988/2663/1867
f 1988/2663/1867 1991/2634/1838 1989/2664/1868
f 1959/2665/1869 1960/2666/1869 1961/2667/1869 1962/2668/1869 1963/2669/1869 1964/2670/1869 1965/2671/1869 1966/2672/1869 1967/2673/1869 1968/2674/1869 1969/2675/1869 1970/2676/1869 1971/2677/1869 1972/2678/1869 1973/2679/1869 1974/2680/1869 1975/2681/1869 1976/2682/1869 1977/2683/1869 1978/2684/1869 1979/2685/1869 1980/2686/1869 1981/2687/1869 1982/2688/1869 1983/2689/1869 1984/2690/1869 1985/2691/1869 1986/2692/1869 1987/2693/1869 1988/2694/1869 1989/2695/1869 1990/2696/1869
f 1989/2664/1868 1991/2634/1838 1990/2697/1870
f 1990/2697/1870 1991/2634/1838 1959/2633/1837
o 円錐
v -0.414185 2.812464 -2.469342
v -0.414185 2.682464 -2.069342
v -0.197678 2.687464 -2.469342
v -0.310261 2.622464 -2.069342
v -0.197678 2.437464 -2.469342
v -0.310261 2.502464 -2.069342
v -0.414185 2.312464 -2.469342
v -0.414185 2.442464 -2.069342
v -0.630691 2.437464 -2.469342
v -0.518108 2.502464 -2.069342
v -0.630691 2.687464 -2.469342
v -0.518108 2.622464 -2.069342
vn 0.4813 0.8336 0.2709
vn 0.9626 -0.0000 0.2709
vn 0.4813 -0.8336 0.2709
vn -0.4813 -0.8336 0.2709
vn -0.0000 -0.0000 1.0000
vn -0.9626 -0.0000 0.2709
vn -0.4813 0.8336 0.2709
vn -0.0000 -0.0000 -1.0000
vt 1.000000 0.500000
vt 1.000000 1.000000
vt 0.833333 1.000000
vt 0.833333 0.500000
vt 0.666667 1.000000
vt 0.666667 0.500000
vt 0.500000 1.000000
vt 0.500000 0.500000
vt 0.333333 1.000000
vt 0.333333 0.500000
vt 0.457846 0.370000
vt 0.250000 0.490000
vt 0.042154 0.370000
vt 0.042154 0.130000
vt 0.250000 0.010000
vt 0.457846 0.130000
vt 0.166667 1.000000
vt 0.166667 0.500000
vt -0.000000 1.000000
vt -0.000000 0.500000
vt 0.750000 0.490000
vt 0.957846 0.370000
vt 0.957846 0.130000
vt 0.750000 0.010000
vt 0.542154 0.130000
vt 0.542154 0.370000
s 1
usemtl Nozzle_Gray
f 1992/2698/1871 1993/2699/1871 1995/2700/1871 1994/2701/1871
f 1994/2701/1872 1995/2700/1872 1997/2702/1872 1996/2703/1872
f 1996/2703/1873 1997/2702/1873 1999/2704/1873 1998/2705/1873
f 1998/2705/1874 1999/2704/1874 2001/2706/1874 2000/2707/1874
f 1995/2708/1875 1993/2709/1875 2003/2710/1875 2001/2711/1875 1999/2712/1875 1997/2713/1875
f 2000/2707/1876 2001/2706/1876 2003/2714/1876 2002/2715/1876
f 2002/2715/1877 2003/2714/1877 1993/2716/1877 1992/2717/1877
usemtl Nozzle_Black
f 1992/2718/1878 1994/2719/1878 1996/2720/1878 1998/2721/1878 2000/2722/1878 2002/2723/1878
o 円錐.001
v 0.397294 2.806324 -2.475833
v 0.397294 2.676324 -2.075833
v 0.613800 2.681324 -2.475833
v 0.501217 2.616324 -2.075833
v 0.613800 2.431324 -2.475833
v 0.501217 2.496324 -2.075833
v 0.397294 2.306324 -2.475833
v 0.397294 2.436324 -2.075833
v 0.180787 2.431324 -2.475833
v 0.293371 2.496324 -2.075833
v 0.180787 2.681324 -2.475833
v 0.293371 2.616324 -2.075833
vn 0.4813 0.8336 0.2709
vn 0.9626 -0.0000 0.2709
vn 0.4813 -0.8336 0.2709
vn -0.4813 -0.8336 0.2709
vn -0.0000 -0.0000 1.0000
vn -0.9626 -0.0000 0.2709
vn -0.4813 0.8336 0.2709
vn -0.0000 -0.0000 -1.0000
vt 1.000000 0.500000
vt 1.000000 1.000000
vt 0.833333 1.000000
vt 0.833333 0.500000
vt 0.666667 1.000000
vt 0.666667 0.500000
vt 0.500000 1.000000
vt 0.500000 0.500000
vt 0.333333 1.000000
vt 0.333333 0.500000
vt 0.457846 0.370000
vt 0.250000 0.490000
vt 0.042154 0.370000
vt 0.042154 0.130000
vt 0.250000 0.010000
vt 0.457846 0.130000
vt 0.166667 1.000000
vt 0.166667 0.500000
vt -0.000000 1.000000
vt -0.000000 0.500000
vt 0.750000 0.490000
vt 0.957846 0.370000
vt 0.957846 0.130000
vt 0.750000 0.010000
vt 0.542154 0.130000
vt 0.542154 0.370000
s 1
usemtl Nozzle_Gray
f 2004/2724/1879 2005/2725/1879 2007/2726/1879 2006/2727/1879
f 2006/2727/1880 2007/2726/1880 2009/2728/1880 2008/2729/1880
f 2008/2729/1881 2009/2728/1881 2011/2730/1881 2010/2731/1881
f 2010/2731/1882 2011/2730/1882 2013/2732/1882 2012/2733/1882
f 2007/2734/1883 2005/2735/1883 2015/2736/1883 2013/2737/1883 2011/2738/1883 2009/2739/1883
f 2012/2733/1884 2013/2732/1884 2015/2740/1884 2014/2741/1884
f 2014/2741/1885 2015/2740/1885 2005/2742/1885 2004/2743/1885
usemtl Nozzle_Black
f 2004/2744/1886 2006/2745/1886 2008/2746/1886 2010/2747/1886 2012/2748/1886 2014/2749/1886
o 球
v 0.367370 0.034074 -0.357787
v 0.367370 0.053665 -0.509488
v 0.367370 0.040051 -0.591225
v 0.367370 0.007037 -0.642493
v 0.367370 -0.015272 -0.654043
v 0.367370 -0.040351 -0.655488
v 0.367370 -0.094898 -0.628230
v 0.367370 -0.208828 -0.424395
v 0.375281 0.045537 -0.408741
v 0.382889 0.051892 -0.459016
v 0.389900 0.052896 -0.506681
v 0.396045 0.048508 -0.549904
v 0.401088 0.038899 -0.587024
v 0.404836 0.024437 -0.616614
v 0.407144 0.005678 -0.637538
v 0.407923 -0.016657 -0.648990
v 0.407144 -0.041710 -0.650532
v 0.404836 -0.068518 -0.642104
v 0.401088 -0.096050 -0.624029
v 0.396045 -0.123250 -0.597003
v 0.389900 -0.149070 -0.562063
v 0.382889 -0.172520 -0.520553
v 0.375281 -0.192698 -0.474068
v 0.382889 0.044736 -0.405822
v 0.397811 0.050322 -0.453290
v 0.411564 0.050616 -0.498368
v 0.423618 0.045607 -0.539323
v 0.433511 0.035487 -0.574582
v 0.440862 0.020646 -0.602790
v 0.445389 0.001653 -0.622862
v 0.446917 -0.020760 -0.634027
v 0.445389 -0.045734 -0.635856
v 0.440862 -0.072309 -0.628279
v 0.433511 -0.099462 -0.611587
v 0.423618 -0.126151 -0.586422
v 0.411564 -0.151350 -0.553750
v 0.397811 -0.174090 -0.514827
v 0.382889 -0.193498 -0.471149
v 0.389900 0.043436 -0.401081
v 0.411564 0.047772 -0.443991
v 0.431530 0.046914 -0.484868
v 0.449030 0.040895 -0.522141
v 0.463392 0.029947 -0.554378
v 0.474064 0.014490 -0.580340
v 0.480636 -0.004882 -0.599029
v 0.482855 -0.027424 -0.609728
v 0.480636 -0.052270 -0.612024
v 0.474064 -0.078465 -0.605830
v 0.463392 -0.105002 -0.591383
v 0.449030 -0.130863 -0.569240
v 0.431530 -0.155052 -0.540250
v 0.411564 -0.176640 -0.505528
v 0.389900 -0.194798 -0.466409
v 0.396045 0.041687 -0.394701
v 0.423618 0.044340 -0.431477
v 0.449030 0.041932 -0.466700
v 0.471304 0.034554 -0.499018
v 0.489583 0.022491 -0.527188
v 0.503166 0.006205 -0.550128
v 0.511530 -0.013677 -0.566956
v 0.514355 -0.036391 -0.577026
v 0.511530 -0.061065 -0.579951
v 0.503166 -0.086749 -0.575617
v 0.489583 -0.112458 -0.564193
v 0.471304 -0.137203 -0.546116
v 0.449030 -0.160034 -0.522082
v 0.423618 -0.180072 -0.493014
v 0.396045 -0.196548 -0.460029
v 0.401088 0.039555 -0.386927
v 0.433511 0.040159 -0.416228
v 0.463392 0.035862 -0.444562
v 0.489583 0.026828 -0.470842
v 0.511077 0.013406 -0.494056
v 0.527049 -0.003890 -0.513314
v 0.536885 -0.024393 -0.527875
v 0.540206 -0.047318 -0.537179
v 0.536885 -0.071781 -0.540869
v 0.527049 -0.096844 -0.538804
v 0.511077 -0.121543 -0.531061
v 0.489583 -0.144930 -0.517940
v 0.463392 -0.166104 -0.499944
v 0.433511 -0.184253 -0.477765
v 0.401088 -0.198679 -0.452255
v 0.404836 0.037123 -0.378058
v 0.440862 0.035388 -0.398831
v 0.474064 0.028936 -0.419305
v 0.503166 0.018013 -0.438696
v 0.527049 0.003041 -0.456257
v 0.544796 -0.015407 -0.471314
v 0.555724 -0.036620 -0.483288
v 0.559415 -0.059784 -0.491718
v 0.555724 -0.084008 -0.496282
v 0.544796 -0.108361 -0.496803
v 0.527049 -0.131909 -0.493262
v 0.503166 -0.153745 -0.485795
v 0.474064 -0.173030 -0.474688
v 0.440862 -0.189024 -0.460368
v 0.404836 -0.201111 -0.443386
v 0.407144 0.034484 -0.368435
v 0.445389 0.030212 -0.379954
v 0.480636 0.021421 -0.391900
v 0.511530 0.008448 -0.403816
v 0.536885 -0.008206 -0.415242
v 0.555724 -0.027904 -0.425741
v 0.567326 -0.049887 -0.434907
v 0.571243 -0.073310 -0.442390
v 0.567326 -0.097274 -0.447902
v 0.555724 -0.120858 -0.451230
v 0.536885 -0.143156 -0.452247
v 0.511530 -0.163309 -0.450914
v 0.480636 -0.180545 -0.447282
v 0.445389 -0.194200 -0.441491
v 0.407144 -0.203750 -0.433763
v 0.407923 0.031740 -0.358427
v 0.446917 0.024829 -0.360322
v 0.482855 0.013606 -0.363400
v 0.514354 -0.001498 -0.367542
v 0.540205 -0.019903 -0.372588
v 0.559415 -0.040900 -0.378346
v 0.571243 -0.063683 -0.384594
v 0.575238 -0.087377 -0.391091
v 0.571243 -0.111071 -0.397588
v 0.559415 -0.133855 -0.403836
v 0.540205 -0.154852 -0.409593
v 0.514354 -0.173256 -0.414640
v 0.482855 -0.188360 -0.418782
v 0.446917 -0.199583 -0.421860
v 0.407923 -0.206495 -0.423755
v 0.407144 0.028996 -0.348419
v 0.445389 0.019446 -0.340691
v 0.480636 0.005790 -0.334899
v 0.511530 -0.011445 -0.331267
v 0.536884 -0.031599 -0.329934
v 0.555724 -0.053896 -0.330952
v 0.567326 -0.077480 -0.334280
v 0.571243 -0.101444 -0.339791
v 0.567326 -0.124868 -0.347274
v 0.555724 -0.146851 -0.356441
v 0.536884 -0.166548 -0.366940
v 0.511530 -0.183203 -0.378366
v 0.480636 -0.196175 -0.390281
v 0.445389 -0.204967 -0.402228
v 0.407144 -0.209239 -0.413747
v 0.404836 0.026357 -0.338796
v 0.440862 0.014269 -0.321814
v 0.474064 -0.001725 -0.307494
v 0.503166 -0.021010 -0.296387
v 0.527049 -0.042846 -0.288920
v 0.544796 -0.066393 -0.285378
v 0.555724 -0.090747 -0.285900
v 0.559415 -0.114971 -0.290463
v 0.555724 -0.138135 -0.298894
v 0.544796 -0.159348 -0.310868
v 0.527049 -0.177795 -0.325925
v 0.503166 -0.192768 -0.343486
v 0.474064 -0.203690 -0.362876
v 0.440862 -0.210143 -0.383351
v 0.404836 -0.211878 -0.404123
v 0.401088 0.023925 -0.329927
v 0.433511 0.009499 -0.304417
v 0.463392 -0.008650 -0.282237
v 0.489583 -0.029825 -0.264241
v 0.511077 -0.053211 -0.251120
v 0.527049 -0.077910 -0.243378
v 0.536884 -0.102973 -0.241312
v 0.540205 -0.127437 -0.245002
v 0.536884 -0.150361 -0.254307
v 0.527049 -0.170865 -0.268868
v 0.511077 -0.188160 -0.288125
v 0.489583 -0.201583 -0.311340
v 0.463392 -0.210616 -0.337620
v 0.433511 -0.214914 -0.365954
v 0.401088 -0.214310 -0.395254
v 0.396045 0.021793 -0.322153
v 0.423618 0.005317 -0.289168
v 0.449030 -0.014721 -0.260100
v 0.471304 -0.037551 -0.236065
v 0.489583 -0.062296 -0.217989
v 0.503166 -0.088005 -0.206564
v 0.511530 -0.113690 -0.202231
v 0.514354 -0.138364 -0.205156
v 0.511530 -0.161078 -0.215226
v 0.503166 -0.180960 -0.232054
v 0.489583 -0.197245 -0.254994
v 0.471304 -0.209309 -0.283164
v 0.449030 -0.216687 -0.315482
v 0.423618 -0.219095 -0.350705
v 0.396045 -0.216442 -0.387481
v 0.389900 0.020044 -0.315773
v 0.411564 0.001886 -0.276654
v 0.431530 -0.019703 -0.241932
v 0.449030 -0.043892 -0.212942
v 0.463392 -0.069752 -0.190799
v 0.474064 -0.096290 -0.176352
v 0.480636 -0.122485 -0.170158
v 0.482855 -0.147331 -0.172454
v 0.480636 -0.169873 -0.183152
v 0.474064 -0.189244 -0.201842
v 0.463392 -0.204701 -0.227804
v 0.449030 -0.215650 -0.260041
v 0.431530 -0.221669 -0.297314
v 0.411564 -0.222527 -0.338191
v 0.389900 -0.218191 -0.381101
v 0.382889 0.018744 -0.311033
v 0.397811 -0.000664 -0.267355
v 0.411564 -0.023405 -0.228432
v 0.423618 -0.048604 -0.195760
v 0.433511 -0.075293 -0.170594
v 0.440862 -0.102446 -0.153902
v 0.445389 -0.129020 -0.146326
v 0.446917 -0.153994 -0.148155
v 0.445389 -0.176408 -0.159320
v 0.440862 -0.195401 -0.179392
v 0.433511 -0.210242 -0.207600
v 0.423618 -0.220361 -0.242858
v 0.411564 -0.225370 -0.283814
v 0.397811 -0.225077 -0.328892
v 0.382889 -0.219491 -0.376360
v 0.375281 0.017943 -0.308113
v 0.382889 -0.002235 -0.261628
v 0.389900 -0.025684 -0.220119
v 0.396045 -0.051505 -0.185179
v 0.401088 -0.078704 -0.158153
v 0.404836 -0.106237 -0.140078
v 0.407144 -0.133045 -0.131650
v 0.407923 -0.158097 -0.133191
v 0.407144 -0.180432 -0.144644
v 0.404836 -0.199191 -0.165568
v 0.401088 -0.213653 -0.195158
v 0.396045 -0.223263 -0.232278
v 0.389900 -0.227650 -0.275501
v 0.382889 -0.226647 -0.323166
v 0.375281 -0.220292 -0.373441
v 0.367370 0.017673 -0.307128
v 0.367370 -0.002765 -0.259695
v 0.367370 -0.026454 -0.217311
v 0.367370 -0.052485 -0.181606
v 0.367370 -0.079856 -0.153952
v 0.367370 -0.107517 -0.135410
v 0.367370 -0.134403 -0.126694
v 0.367370 -0.159483 -0.128139
v 0.367370 -0.181791 -0.139689
v 0.367370 -0.200471 -0.160900
v 0.367370 -0.214805 -0.190957
v 0.367370 -0.224242 -0.228705
v 0.367370 -0.228420 -0.272694
v 0.367370 -0.227177 -0.321232
v 0.367370 -0.220562 -0.372455
v 0.359458 0.017943 -0.308113
v 0.351851 -0.002235 -0.261628
v 0.344840 -0.025684 -0.220119
v 0.338695 -0.051505 -0.185179
v 0.333651 -0.078704 -0.158153
v 0.329904 -0.106237 -0.140078
v 0.327596 -0.133045 -0.131650
v 0.326817 -0.158097 -0.133191
v 0.327596 -0.180432 -0.144644
v 0.329904 -0.199191 -0.165568
v 0.333651 -0.213653 -0.195158
v 0.338695 -0.223263 -0.232278
v 0.344840 -0.227650 -0.275501
v 0.351851 -0.226647 -0.323166
v 0.359458 -0.220291 -0.373441
v 0.351851 0.018744 -0.311033
v 0.336928 -0.000664 -0.267355
v 0.323176 -0.023405 -0.228432
v 0.311121 -0.048604 -0.195760
v 0.301229 -0.075293 -0.170594
v 0.293878 -0.102446 -0.153902
v 0.289351 -0.129020 -0.146326
v 0.287822 -0.153994 -0.148155
v 0.289351 -0.176408 -0.159320
v 0.293878 -0.195401 -0.179392
v 0.301229 -0.210242 -0.207600
v 0.311121 -0.220361 -0.242858
v 0.323176 -0.225370 -0.283814
v 0.336928 -0.225077 -0.328892
v 0.351851 -0.219491 -0.376360
v 0.344840 0.020044 -0.315773
v 0.323176 0.001886 -0.276654
v 0.303210 -0.019703 -0.241932
v 0.285710 -0.043892 -0.212942
v 0.271348 -0.069752 -0.190799
v 0.260676 -0.096290 -0.176352
v 0.254104 -0.122485 -0.170158
v 0.251885 -0.147331 -0.172454
v 0.254104 -0.169873 -0.183153
v 0.260676 -0.189244 -0.201842
v 0.271348 -0.204701 -0.227804
v 0.285710 -0.215650 -0.260041
v 0.303210 -0.221669 -0.297314
v 0.323176 -0.222527 -0.338191
v 0.344840 -0.218191 -0.381101
v 0.338695 0.021793 -0.322153
v 0.311121 0.005317 -0.289168
v 0.285710 -0.014721 -0.260100
v 0.263436 -0.037551 -0.236066
v 0.245157 -0.062296 -0.217989
v 0.231574 -0.088005 -0.206564
v 0.223210 -0.113690 -0.202231
v 0.220385 -0.138364 -0.205156
v 0.223210 -0.161078 -0.215226
v 0.231574 -0.180960 -0.232054
v 0.245157 -0.197245 -0.254994
v 0.263436 -0.209309 -0.283164
v 0.285710 -0.216687 -0.315482
v 0.311121 -0.219095 -0.350705
v 0.338695 -0.216442 -0.387481
v 0.333651 0.023925 -0.329927
v 0.301229 0.009499 -0.304417
v 0.271348 -0.008650 -0.282238
v 0.245157 -0.029825 -0.264242
v 0.223662 -0.053211 -0.251120
v 0.207691 -0.077910 -0.243378
v 0.197855 -0.102973 -0.241312
v 0.194534 -0.127437 -0.245003
v 0.197855 -0.150361 -0.254307
v 0.207691 -0.170865 -0.268868
v 0.223662 -0.188160 -0.288125
v 0.245157 -0.201583 -0.311340
v 0.271348 -0.210616 -0.337620
v 0.301229 -0.214914 -0.365954
v 0.333651 -0.214310 -0.395254
v 0.329904 0.026357 -0.338796
v 0.293878 0.014269 -0.321814
v 0.260676 -0.001725 -0.307494
v 0.231574 -0.021010 -0.296387
v 0.207691 -0.042846 -0.288920
v 0.189944 -0.066393 -0.285378
v 0.179015 -0.090747 -0.285900
v 0.175325 -0.114971 -0.290464
v 0.179015 -0.138135 -0.298894
v 0.189944 -0.159348 -0.310868
v 0.207691 -0.177795 -0.325925
v 0.231574 -0.192768 -0.343486
v 0.260676 -0.203690 -0.362876
v 0.293878 -0.210143 -0.383351
v 0.329904 -0.211878 -0.404123
v 0.327596 0.028996 -0.348419
v 0.289351 0.019446 -0.340691
v 0.254104 0.005790 -0.334899
v 0.223210 -0.011445 -0.331267
v 0.197855 -0.031599 -0.329934
v 0.179015 -0.053896 -0.330952
v 0.167414 -0.077480 -0.334280
v 0.163496 -0.101444 -0.339792
v 0.167414 -0.124868 -0.347274
v 0.179015 -0.146851 -0.356441
v 0.197855 -0.166548 -0.366940
v 0.223210 -0.183203 -0.378366
v 0.254104 -0.196175 -0.390282
v 0.289351 -0.204967 -0.402228
v 0.327596 -0.209239 -0.413747
v 0.326817 0.031740 -0.358427
v 0.287822 0.024829 -0.360322
v 0.251885 0.013606 -0.363400
v 0.220385 -0.001498 -0.367542
v 0.194534 -0.019903 -0.372588
v 0.175325 -0.040900 -0.378346
v 0.163496 -0.063683 -0.384594
v 0.159502 -0.087377 -0.391091
v 0.163496 -0.111071 -0.397588
v 0.175325 -0.133855 -0.403836
v 0.194534 -0.154852 -0.409593
v 0.220385 -0.173256 -0.414640
v 0.251885 -0.188360 -0.418782
v 0.287822 -0.199583 -0.421860
v 0.326817 -0.206495 -0.423755
v 0.327596 0.034484 -0.368435
v 0.289351 0.030212 -0.379954
v 0.254104 0.021421 -0.391900
v 0.223210 0.008448 -0.403816
v 0.197855 -0.008206 -0.415242
v 0.179015 -0.027904 -0.425741
v 0.167414 -0.049887 -0.434907
v 0.163496 -0.073310 -0.442390
v 0.167414 -0.097274 -0.447902
v 0.179015 -0.120858 -0.451230
v 0.197855 -0.143156 -0.452247
v 0.223210 -0.163309 -0.450914
v 0.254104 -0.180545 -0.447282
v 0.289351 -0.194200 -0.441491
v 0.327596 -0.203750 -0.433763
v 0.329904 0.037123 -0.378058
v 0.293878 0.035388 -0.398831
v 0.260676 0.028936 -0.419305
v 0.231574 0.018013 -0.438696
v 0.207691 0.003041 -0.456257
v 0.189944 -0.015407 -0.471314
v 0.179015 -0.036620 -0.483288
v 0.175325 -0.059784 -0.491718
v 0.179015 -0.084008 -0.496282
v 0.189944 -0.108361 -0.496803
v 0.207691 -0.131909 -0.493262
v 0.231574 -0.153745 -0.485795
v 0.260676 -0.173030 -0.474688
v 0.293878 -0.189024 -0.460368
v 0.329904 -0.201111 -0.443386
v 0.333651 0.039555 -0.386927
v 0.301229 0.040159 -0.416228
v 0.271348 0.035862 -0.444562
v 0.245157 0.026828 -0.470842
v 0.223662 0.013406 -0.494056
v 0.207691 -0.003890 -0.513314
v 0.197855 -0.024393 -0.527875
v 0.194534 -0.047318 -0.537179
v 0.197855 -0.071781 -0.540869
v 0.207691 -0.096844 -0.538804
v 0.223662 -0.121543 -0.531061
v 0.245157 -0.144930 -0.517940
v 0.271348 -0.166104 -0.499944
v 0.301229 -0.184253 -0.477765
v 0.333651 -0.198679 -0.452255
v 0.338695 0.041687 -0.394701
v 0.311121 0.044340 -0.431477
v 0.285710 0.041932 -0.466700
v 0.263436 0.034554 -0.499018
v 0.245157 0.022491 -0.527188
v 0.231574 0.006205 -0.550128
v 0.223210 -0.013677 -0.566956
v 0.220385 -0.036391 -0.577026
v 0.223210 -0.061065 -0.579951
v 0.231574 -0.086749 -0.575617
v 0.245157 -0.112458 -0.564193
v 0.263436 -0.137203 -0.546116
v 0.285710 -0.160034 -0.522082
v 0.311121 -0.180072 -0.493014
v 0.338695 -0.196548 -0.460029
v 0.344840 0.043436 -0.401081
v 0.323176 0.047772 -0.443991
v 0.303210 0.046914 -0.484868
v 0.285710 0.040895 -0.522141
v 0.271348 0.029947 -0.554378
v 0.260676 0.014490 -0.580340
v 0.254104 -0.004882 -0.599029
v 0.251885 -0.027424 -0.609727
v 0.254104 -0.052270 -0.612024
v 0.260676 -0.078465 -0.605830
v 0.271348 -0.105002 -0.591383
v 0.285710 -0.130863 -0.569240
v 0.303210 -0.155052 -0.540250
v 0.323176 -0.176640 -0.505528
v 0.344840 -0.194798 -0.466409
v 0.351851 0.044736 -0.405821
v 0.336928 0.050322 -0.453290
v 0.323176 0.050616 -0.498368
v 0.311121 0.045607 -0.539323
v 0.301229 0.035487 -0.574582
v 0.293878 0.020646 -0.602790
v 0.289351 0.001653 -0.622862
v 0.287823 -0.020761 -0.634027
v 0.289351 -0.045734 -0.635856
v 0.293878 -0.072309 -0.628279
v 0.301229 -0.099462 -0.611587
v 0.311121 -0.126151 -0.586422
v 0.323176 -0.151350 -0.553750
v 0.336928 -0.174090 -0.514827
v 0.351851 -0.193498 -0.471149
v 0.359458 0.045537 -0.408741
v 0.351851 0.051892 -0.459016
v 0.344840 0.052895 -0.506681
v 0.338695 0.048508 -0.549904
v 0.333651 0.038899 -0.587024
v 0.329904 0.024437 -0.616614
v 0.327596 0.005678 -0.637538
v 0.326817 -0.016657 -0.648990
v 0.327596 -0.041710 -0.650532
v 0.329904 -0.068518 -0.642104
v 0.333651 -0.096050 -0.624029
v 0.338695 -0.123250 -0.597003
v 0.344840 -0.149070 -0.562063
v 0.351851 -0.172520 -0.520553
v 0.359458 -0.192698 -0.474068
v 0.367370 0.045807 -0.409726
v 0.367370 0.052422 -0.460950
v 0.367370 0.049488 -0.553477
v 0.367370 0.025717 -0.621282
v 0.367370 -0.067238 -0.646772
v 0.367370 -0.122270 -0.600575
v 0.367370 -0.148301 -0.564870
v 0.367370 -0.171990 -0.522487
v 0.367370 -0.192428 -0.475054
vn -0.0000 0.9644 0.2645
vn -0.0000 0.9994 -0.0348
vn -0.0000 0.9425 -0.3341
vn -0.0000 0.6226 -0.7825
vn -0.0000 0.2645 -0.9644
vn -0.0000 -0.1363 -0.9907
vn -0.0000 -0.6403 -0.7681
vn -0.0000 -0.9644 -0.2645
vn 0.0241 0.9844 0.1740
vn 0.0488 0.9957 0.0791
vn 0.0761 0.9967 -0.0292
vn 0.1078 0.9813 -0.1593
vn 0.1456 0.9355 -0.3220
vn 0.1896 0.8289 -0.5263
vn 0.2326 0.6109 -0.7568
vn 0.2525 0.2559 -0.9332
vn 0.2326 -0.1394 -0.9625
vn 0.1896 -0.4445 -0.8755
vn 0.1456 -0.6404 -0.7542
vn 0.1078 -0.7628 -0.6376
vn 0.0761 -0.8424 -0.5335
vn 0.0488 -0.8967 -0.4398
vn 0.0241 -0.9355 -0.3525
vn 0.0473 0.9827 0.1791
vn 0.0956 0.9914 0.0894
vn 0.1488 0.9888 -0.0129
vn 0.2100 0.9683 -0.1353
vn 0.2820 0.9154 -0.2872
vn 0.3642 0.8007 -0.4756
vn 0.4422 0.5788 -0.6852
vn 0.4774 0.2324 -0.8474
vn 0.4422 -0.1484 -0.8846
vn 0.3642 -0.4462 -0.8175
vn 0.2820 -0.6409 -0.7140
vn 0.2100 -0.7639 -0.6103
vn 0.1488 -0.8439 -0.5154
vn 0.0956 -0.8983 -0.4288
vn 0.0473 -0.9366 -0.3472
vn 0.0687 0.9799 0.1874
vn 0.1385 0.9847 0.1062
vn 0.2149 0.9765 0.0135
vn 0.3018 0.9484 -0.0970
vn 0.4021 0.8855 -0.2329
vn 0.5132 0.7600 -0.3988
vn 0.6147 0.5336 -0.5809
vn 0.6591 0.1989 -0.7253
vn 0.6147 -0.1627 -0.7718
vn 0.5132 -0.4503 -0.7307
vn 0.4021 -0.6429 -0.6520
vn 0.3018 -0.7663 -0.5672
vn 0.2149 -0.8468 -0.4865
vn 0.1385 -0.9011 -0.4109
vn 0.0687 -0.9384 -0.3386
vn 0.0874 0.9762 0.1986
vn 0.1758 0.9760 0.1286
vn 0.2719 0.9611 0.0486
vn 0.3797 0.9239 -0.0468
vn 0.5013 0.8497 -0.1633
vn 0.6320 0.7128 -0.3041
vn 0.7466 0.4828 -0.4578
vn 0.7953 0.1603 -0.5847
vn 0.7466 -0.1817 -0.6400
vn 0.6320 -0.4580 -0.6252
vn 0.5013 -0.6475 -0.5739
vn 0.3797 -0.7708 -0.5115
vn 0.2719 -0.8514 -0.4485
vn 0.1758 -0.9051 -0.3872
vn 0.0874 -0.9410 -0.3271
vn 0.1027 0.9718 0.2123
vn 0.2062 0.9660 0.1560
vn 0.3179 0.9438 0.0909
vn 0.4414 0.8972 0.0129
vn 0.5780 0.8118 -0.0827
vn 0.7204 0.6646 -0.1983
vn 0.8411 0.4316 -0.3259
vn 0.8911 0.1200 -0.4377
vn 0.8411 -0.2050 -0.5005
vn 0.7204 -0.4705 -0.5095
vn 0.5780 -0.6561 -0.4852
vn 0.4414 -0.7783 -0.4466
vn 0.3179 -0.8581 -0.4032
vn 0.2062 -0.9104 -0.3586
vn 0.1027 -0.9441 -0.3131
vn 0.1140 0.9670 0.2278
vn 0.2287 0.9554 0.1871
vn 0.3515 0.9258 0.1388
vn 0.4858 0.8704 0.0796
vn 0.6319 0.7750 0.0056
vn 0.7808 0.6188 -0.0860
vn 0.9037 0.3833 -0.1908
vn 0.9536 0.0796 -0.2904
vn 0.9037 -0.2323 -0.3596
vn 0.7808 -0.4884 -0.3896
vn 0.6319 -0.6695 -0.3905
vn 0.4858 -0.7893 -0.3755
vn 0.3515 -0.8671 -0.3529
vn 0.2287 -0.9172 -0.3264
vn 0.1140 -0.9480 -0.2973
vn 0.1210 0.9620 0.2448
vn 0.2424 0.9447 0.2209
vn 0.3719 0.9085 0.1906
vn 0.5125 0.8453 0.1512
vn 0.6638 0.7413 0.0989
vn 0.8158 0.5776 0.0301
vn 0.9392 0.3390 -0.0547
vn 0.9887 0.0396 -0.1446
vn 0.9392 -0.2637 -0.2200
vn 0.8158 -0.5121 -0.2687
vn 0.6638 -0.6881 -0.2931
vn 0.5125 -0.8042 -0.3011
vn 0.3719 -0.8787 -0.2994
vn 0.2424 -0.9252 -0.2918
vn 0.1210 -0.9523 -0.2802
vn 0.1233 0.9570 0.2624
vn 0.2471 0.9345 0.2563
vn 0.3788 0.8925 0.2447
vn 0.5214 0.8229 0.2257
vn 0.6744 0.7121 0.1953
vn 0.8272 0.5419 0.1486
vn 0.9507 0.2992 0.0820
vn 1.0000 -0.0000 -0.0000
vn 0.9507 -0.2992 -0.0820
vn 0.8272 -0.5419 -0.1486
vn 0.6744 -0.7121 -0.1953
vn 0.5214 -0.8229 -0.2257
vn 0.3788 -0.8925 -0.2447
vn 0.2471 -0.9345 -0.2563
vn 0.1233 -0.9570 -0.2624
vn 0.1210 0.9523 0.2802
vn 0.2424 0.9252 0.2918
vn 0.3719 0.8787 0.2994
vn 0.5125 0.8042 0.3011
vn 0.6638 0.6881 0.2931
vn 0.8158 0.5121 0.2687
vn 0.9392 0.2637 0.2200
vn 0.9887 -0.0396 0.1446
vn 0.9392 -0.3390 0.0547
vn 0.8158 -0.5776 -0.0301
vn 0.6638 -0.7413 -0.0989
vn 0.5125 -0.8453 -0.1512
vn 0.3719 -0.9085 -0.1906
vn 0.2424 -0.9447 -0.2209
vn 0.1210 -0.9620 -0.2448
vn 0.1140 0.9480 0.2973
vn 0.2287 0.9172 0.3264
vn 0.3515 0.8671 0.3529
vn 0.4858 0.7893 0.3755
vn 0.6319 0.6695 0.3905
vn 0.7808 0.4884 0.3896
vn 0.9037 0.2323 0.3596
vn 0.9536 -0.0796 0.2904
vn 0.9037 -0.3833 0.1908
vn 0.7808 -0.6188 0.0860
vn 0.6319 -0.7750 -0.0056
vn 0.4858 -0.8704 -0.0796
vn 0.3515 -0.9258 -0.1388
vn 0.2287 -0.9554 -0.1871
vn 0.1140 -0.9670 -0.2278
vn 0.1027 0.9441 0.3131
vn 0.2062 0.9104 0.3586
vn 0.3179 0.8581 0.4032
vn 0.4414 0.7783 0.4466
vn 0.5780 0.6561 0.4852
vn 0.7204 0.4705 0.5095
vn 0.8411 0.2050 0.5005
vn 0.8911 -0.1200 0.4377
vn 0.8411 -0.4316 0.3259
vn 0.7204 -0.6646 0.1983
vn 0.5780 -0.8118 0.0827
vn 0.4414 -0.8972 -0.0129
vn 0.3179 -0.9438 -0.0909
vn 0.2062 -0.9660 -0.1560
vn 0.1027 -0.9718 -0.2123
vn 0.0874 0.9410 0.3271
vn 0.1758 0.9051 0.3872
vn 0.2719 0.8514 0.4485
vn 0.3797 0.7708 0.5115
vn 0.5013 0.6475 0.5739
vn 0.6320 0.4580 0.6252
vn 0.7466 0.1817 0.6400
vn 0.7953 -0.1603 0.5847
vn 0.7466 -0.4828 0.4578
vn 0.6320 -0.7128 0.3041
vn 0.5013 -0.8497 0.1633
vn 0.3797 -0.9239 0.0468
vn 0.2719 -0.9611 -0.0486
vn 0.1758 -0.9760 -0.1286
vn 0.0874 -0.9762 -0.1986
vn 0.0687 0.9384 0.3386
vn 0.1385 0.9011 0.4109
vn 0.2149 0.8468 0.4865
vn 0.3018 0.7663 0.5672
vn 0.4021 0.6429 0.6520
vn 0.5132 0.4503 0.7307
vn 0.6147 0.1627 0.7718
vn 0.6591 -0.1989 0.7253
vn 0.6147 -0.5336 0.5809
vn 0.5132 -0.7600 0.3988
vn 0.4021 -0.8855 0.2329
vn 0.3018 -0.9484 0.0970
vn 0.2149 -0.9765 -0.0135
vn 0.1385 -0.9847 -0.1062
vn 0.0687 -0.9799 -0.1874
vn 0.0473 0.9366 0.3472
vn 0.0956 0.8983 0.4288
vn 0.1488 0.8439 0.5154
vn 0.2100 0.7639 0.6103
vn 0.2820 0.6409 0.7140
vn 0.3642 0.4462 0.8175
vn 0.4422 0.1484 0.8846
vn 0.4774 -0.2324 0.8474
vn 0.4422 -0.5788 0.6852
vn 0.3642 -0.8007 0.4756
vn 0.2820 -0.9154 0.2872
vn 0.2100 -0.9683 0.1353
vn 0.1488 -0.9888 0.0129
vn 0.0956 -0.9914 -0.0894
vn 0.0473 -0.9827 -0.1791
vn 0.0241 0.9355 0.3525
vn 0.0488 0.8967 0.4398
vn 0.0761 0.8424 0.5335
vn 0.1078 0.7628 0.6376
vn 0.1456 0.6404 0.7542
vn 0.1896 0.4445 0.8755
vn 0.2326 0.1394 0.9625
vn 0.2525 -0.2559 0.9332
vn 0.2326 -0.6109 0.7568
vn 0.1896 -0.8289 0.5263
vn 0.1456 -0.9355 0.3220
vn 0.1078 -0.9813 0.1593
vn 0.0761 -0.9967 0.0292
vn 0.0488 -0.9957 -0.0791
vn 0.0241 -0.9844 -0.1740
vn -0.0000 0.9352 0.3542
vn -0.0000 0.8962 0.4436
vn -0.0000 0.8419 0.5397
vn -0.0000 0.7625 0.6470
vn -0.0000 0.6403 0.7681
vn -0.0000 0.4441 0.8960
vn -0.0000 0.1363 0.9907
vn -0.0000 -0.2645 0.9644
vn -0.0000 -0.6226 0.7825
vn -0.0000 -0.8390 0.5442
vn -0.0000 -0.9426 0.3341
vn -0.0000 -0.9859 0.1675
vn -0.0000 -0.9994 0.0348
vn -0.0000 -0.9971 -0.0756
vn -0.0000 -0.9850 -0.1723
vn -0.0241 0.9355 0.3525
vn -0.0488 0.8967 0.4398
vn -0.0761 0.8424 0.5335
vn -0.1078 0.7628 0.6376
vn -0.1456 0.6404 0.7542
vn -0.1896 0.4445 0.8755
vn -0.2326 0.1394 0.9625
vn -0.2525 -0.2559 0.9332
vn -0.2326 -0.6109 0.7568
vn -0.1896 -0.8289 0.5263
vn -0.1456 -0.9355 0.3220
vn -0.1078 -0.9813 0.1593
vn -0.0761 -0.9967 0.0292
vn -0.0488 -0.9957 -0.0791
vn -0.0241 -0.9844 -0.1740
vn -0.0473 0.9366 0.3472
vn -0.0956 0.8983 0.4288
vn -0.1488 0.8439 0.5154
vn -0.2100 0.7639 0.6103
vn -0.2820 0.6409 0.7140
vn -0.3642 0.4462 0.8175
vn -0.4422 0.1484 0.8846
vn -0.4774 -0.2324 0.8474
vn -0.4422 -0.5788 0.6852
vn -0.3642 -0.8007 0.4756
vn -0.2820 -0.9154 0.2872
vn -0.2100 -0.9683 0.1353
vn -0.1488 -0.9888 0.0129
vn -0.0956 -0.9914 -0.0894
vn -0.0473 -0.9827 -0.1791
vn -0.0687 0.9384 0.3386
vn -0.1385 0.9011 0.4109
vn -0.2149 0.8468 0.4865
vn -0.3018 0.7663 0.5672
vn -0.4021 0.6429 0.6520
vn -0.5132 0.4503 0.7307
vn -0.6147 0.1627 0.7718
vn -0.6591 -0.1989 0.7253
vn -0.6147 -0.5336 0.5809
vn -0.5132 -0.7600 0.3988
vn -0.4021 -0.8855 0.2329
vn -0.3018 -0.9484 0.0970
vn -0.2149 -0.9765 -0.0135
vn -0.1385 -0.9847 -0.1062
vn -0.0687 -0.9799 -0.1874
vn -0.0874 0.9410 0.3271
vn -0.1758 0.9051 0.3872
vn -0.2719 0.8514 0.4485
vn -0.3797 0.7708 0.5115
vn -0.5013 0.6475 0.5739
vn -0.6320 0.4580 0.6252
vn -0.7466 0.1817 0.6400
vn -0.7953 -0.1603 0.5847
vn -0.7466 -0.4828 0.4578
vn -0.6320 -0.7128 0.3041
vn -0.5013 -0.8497 0.1633
vn -0.3797 -0.9239 0.0468
vn -0.2719 -0.9611 -0.0486
vn -0.1758 -0.9760 -0.1286
vn -0.0874 -0.9762 -0.1986
vn -0.1027 0.9441 0.3131
vn -0.2062 0.9104 0.3586
vn -0.3179 0.8581 0.4032
vn -0.4414 0.7783 0.4466
vn -0.5780 0.6561 0.4852
vn -0.7204 0.4705 0.5095
vn -0.8411 0.2050 0.5005
vn -0.8911 -0.1200 0.4377
vn -0.8411 -0.4316 0.3259
vn -0.7204 -0.6646 0.1983
vn -0.5780 -0.8118 0.0827
vn -0.4414 -0.8972 -0.0129
vn -0.3179 -0.9438 -0.0909
vn -0.2062 -0.9660 -0.1560
vn -0.1027 -0.9718 -0.2123
vn -0.1140 0.9480 0.2973
vn -0.2287 0.9172 0.3264
vn -0.3515 0.8671 0.3529
vn -0.4858 0.7893 0.3755
vn -0.6319 0.6695 0.3905
vn -0.7808 0.4884 0.3896
vn -0.9037 0.2323 0.3596
vn -0.9536 -0.0796 0.2904
vn -0.9037 -0.3833 0.1908
vn -0.7808 -0.6188 0.0860
vn -0.6319 -0.7750 -0.0056
vn -0.4858 -0.8704 -0.0796
vn -0.3515 -0.9258 -0.1388
vn -0.2287 -0.9554 -0.1871
vn -0.1140 -0.9670 -0.2278
vn -0.1210 0.9523 0.2802
vn -0.2424 0.9252 0.2918
vn -0.3719 0.8787 0.2994
vn -0.5125 0.8042 0.3011
vn -0.6638 0.6881 0.2931
vn -0.8158 0.5121 0.2687
vn -0.9392 0.2637 0.2200
vn -0.9887 -0.0396 0.1446
vn -0.9392 -0.3390 0.0547
vn -0.8158 -0.5776 -0.0301
vn -0.6638 -0.7413 -0.0989
vn -0.5125 -0.8453 -0.1512
vn -0.3719 -0.9085 -0.1906
vn -0.2424 -0.9447 -0.2209
vn -0.1210 -0.9620 -0.2448
vn -0.1233 0.9570 0.2624
vn -0.2471 0.9345 0.2563
vn -0.3788 0.8925 0.2447
vn -0.5214 0.8229 0.2257
vn -0.6744 0.7121 0.1953
vn -0.8272 0.5419 0.1486
vn -0.9507 0.2992 0.0820
vn -1.0000 -0.0000 -0.0000
vn -0.9507 -0.2992 -0.0820
vn -0.8272 -0.5419 -0.1486
vn -0.6744 -0.7121 -0.1953
vn -0.5214 -0.8229 -0.2257
vn -0.3788 -0.8925 -0.2447
vn -0.2471 -0.9345 -0.2563
vn -0.1233 -0.9570 -0.2624
vn -0.1210 0.9620 0.2448
vn -0.2424 0.9447 0.2209
vn -0.3719 0.9085 0.1906
vn -0.5125 0.8453 0.1512
vn -0.6638 0.7413 0.0989
vn -0.8158 0.5776 0.0301
vn -0.9392 0.3390 -0.0547
vn -0.9887 0.0396 -0.1446
vn -0.9392 -0.2637 -0.2200
vn -0.8158 -0.5121 -0.2687
vn -0.6638 -0.6881 -0.2931
vn -0.5125 -0.8042 -0.3011
vn -0.3719 -0.8787 -0.2994
vn -0.2424 -0.9252 -0.2918
vn -0.1210 -0.9523 -0.2802
vn -0.1140 0.9670 0.2278
vn -0.2287 0.9554 0.1871
vn -0.3515 0.9258 0.1388
vn -0.4858 0.8704 0.0796
vn -0.6319 0.7750 0.0056
vn -0.7808 0.6188 -0.0860
vn -0.9037 0.3833 -0.1908
vn -0.9536 0.0796 -0.2904
vn -0.9037 -0.2323 -0.3596
vn -0.7808 -0.4884 -0.3896
vn -0.6319 -0.6695 -0.3905
vn -0.4858 -0.7893 -0.3755
vn -0.3515 -0.8671 -0.3529
vn -0.2287 -0.9172 -0.3264
vn -0.1140 -0.9480 -0.2973
vn -0.1027 0.9718 0.2123
vn -0.2062 0.9660 0.1560
vn -0.3179 0.9438 0.0909
vn -0.4414 0.8972 0.0129
vn -0.5780 0.8118 -0.0827
vn -0.7204 0.6646 -0.1983
vn -0.8411 0.4316 -0.3259
vn -0.8911 0.1200 -0.4377
vn -0.8411 -0.2050 -0.5005
vn -0.7204 -0.4705 -0.5095
vn -0.5780 -0.6561 -0.4852
vn -0.4414 -0.7783 -0.4466
vn -0.3179 -0.8581 -0.4032
vn -0.2062 -0.9104 -0.3586
vn -0.1027 -0.9441 -0.3131
vn -0.0874 0.9762 0.1986
vn -0.1758 0.9760 0.1286
vn -0.2719 0.9611 0.0486
vn -0.3797 0.9239 -0.0468
vn -0.5013 0.8497 -0.1633
vn -0.6320 0.7128 -0.3041
vn -0.7466 0.4828 -0.4578
vn -0.7953 0.1603 -0.5847
vn -0.7466 -0.1817 -0.6400
vn -0.6320 -0.4580 -0.6252
vn -0.5013 -0.6475 -0.5739
vn -0.3797 -0.7708 -0.5115
vn -0.2719 -0.8514 -0.4485
vn -0.1758 -0.9051 -0.3872
vn -0.0874 -0.9410 -0.3271
vn -0.0687 0.9799 0.1874
vn -0.1385 0.9847 0.1062
vn -0.2149 0.9765 0.0135
vn -0.3018 0.9484 -0.0970
vn -0.4021 0.8855 -0.2329
vn -0.5132 0.7600 -0.3988
vn -0.6147 0.5336 -0.5809
vn -0.6591 0.1989 -0.7253
vn -0.6147 -0.1627 -0.7718
vn -0.5132 -0.4503 -0.7307
vn -0.4021 -0.6429 -0.6520
vn -0.3018 -0.7663 -0.5672
vn -0.2149 -0.8468 -0.4865
vn -0.1385 -0.9011 -0.4109
vn -0.0687 -0.9384 -0.3386
vn -0.0473 0.9827 0.1791
vn -0.0956 0.9914 0.0894
vn -0.1488 0.9888 -0.0129
vn -0.2100 0.9683 -0.1353
vn -0.2820 0.9154 -0.2872
vn -0.3642 0.8007 -0.4756
vn -0.4422 0.5788 -0.6852
vn -0.4774 0.2324 -0.8474
vn -0.4422 -0.1484 -0.8846
vn -0.3642 -0.4462 -0.8175
vn -0.2820 -0.6409 -0.7140
vn -0.2100 -0.7639 -0.6103
vn -0.1488 -0.8439 -0.5154
vn -0.0956 -0.8983 -0.4288
vn -0.0473 -0.9366 -0.3472
vn -0.0241 0.9844 0.1740
vn -0.0488 0.9957 0.0791
vn -0.0761 0.9967 -0.0292
vn -0.1078 0.9813 -0.1593
vn -0.1456 0.9355 -0.3220
vn -0.1896 0.8289 -0.5263
vn -0.2326 0.6109 -0.7568
vn -0.2525 0.2559 -0.9332
vn -0.2326 -0.1394 -0.9625
vn -0.1896 -0.4445 -0.8755
vn -0.1456 -0.6404 -0.7542
vn -0.1078 -0.7628 -0.6376
vn -0.0761 -0.8424 -0.5335
vn -0.0488 -0.8967 -0.4398
vn -0.0241 -0.9355 -0.3525
vn -0.0000 0.9850 0.1723
vn -0.0000 0.9971 0.0756
vn -0.0000 0.9859 -0.1675
vn -0.0000 0.8390 -0.5442
vn -0.0000 -0.4441 -0.8960
vn -0.0000 -0.7625 -0.6470
vn -0.0000 -0.8419 -0.5397
vn -0.0000 -0.8962 -0.4436
vn -0.0000 -0.9352 -0.3542
vt 0.750000 0.062500
vt 0.750000 0.125000
vt 0.718750 0.125000
vt 0.718750 0.062500
vt 0.750000 0.500000
vt 0.750000 0.562500
vt 0.718750 0.562500
vt 0.718750 0.500000
vt 0.750000 0.937500
vt 0.734375 1.000000
vt 0.718750 0.937500
vt 0.734375 0.000000
vt 0.750000 0.437500
vt 0.718750 0.437500
vt 0.750000 0.875000
vt 0.718750 0.875000
vt 0.750000 0.375000
vt 0.718750 0.375000
vt 0.750000 0.812500
vt 0.718750 0.812500
vt 0.750000 0.312500
vt 0.718750 0.312500
vt 0.750000 0.750000
vt 0.718750 0.750000
vt 0.750000 0.250000
vt 0.718750 0.250000
vt 0.750000 0.687500
vt 0.718750 0.687500
vt 0.750000 0.187500
vt 0.718750 0.187500
vt 0.750000 0.625000
vt 0.718750 0.625000
vt 0.687500 0.687500
vt 0.687500 0.625000
vt 0.687500 0.187500
vt 0.687500 0.125000
vt 0.687500 0.562500
vt 0.687500 0.062500
vt 0.687500 0.500000
vt 0.703125 1.000000
vt 0.687500 0.937500
vt 0.703125 0.000000
vt 0.687500 0.437500
vt 0.687500 0.875000
vt 0.687500 0.375000
vt 0.687500 0.812500
vt 0.687500 0.312500
vt 0.687500 0.750000
vt 0.687500 0.250000
vt 0.656250 0.437500
vt 0.656250 0.375000
vt 0.656250 0.875000
vt 0.656250 0.812500
vt 0.656250 0.312500
vt 0.656250 0.750000
vt 0.656250 0.250000
vt 0.656250 0.687500
vt 0.656250 0.187500
vt 0.656250 0.625000
vt 0.656250 0.125000
vt 0.656250 0.562500
vt 0.656250 0.062500
vt 0.656250 0.500000
vt 0.671875 1.000000
vt 0.656250 0.937500
vt 0.671875 0.000000
vt 0.625000 0.187500
vt 0.625000 0.125000
vt 0.625000 0.625000
vt 0.625000 0.562500
vt 0.625000 0.062500
vt 0.625000 0.500000
vt 0.640625 1.000000
vt 0.625000 0.937500
vt 0.640625 0.000000
vt 0.625000 0.437500
vt 0.625000 0.875000
vt 0.625000 0.375000
vt 0.625000 0.812500
vt 0.625000 0.312500
vt 0.625000 0.750000
vt 0.625000 0.250000
vt 0.625000 0.687500
vt 0.593750 0.375000
vt 0.593750 0.312500
vt 0.593750 0.812500
vt 0.593750 0.750000
vt 0.593750 0.250000
vt 0.593750 0.687500
vt 0.593750 0.187500
vt 0.593750 0.625000
vt 0.593750 0.125000
vt 0.593750 0.562500
vt 0.593750 0.062500
vt 0.593750 0.500000
vt 0.609375 1.000000
vt 0.593750 0.937500
vt 0.609375 0.000000
vt 0.593750 0.437500
vt 0.593750 0.875000
vt 0.562500 0.125000
vt 0.562500 0.062500
vt 0.562500 0.562500
vt 0.562500 0.500000
vt 0.578125 1.000000
vt 0.562500 0.937500
vt 0.578125 0.000000
vt 0.562500 0.437500
vt 0.562500 0.875000
vt 0.562500 0.375000
vt 0.562500 0.812500
vt 0.562500 0.312500
vt 0.562500 0.750000
vt 0.562500 0.250000
vt 0.562500 0.687500
vt 0.562500 0.187500
vt 0.562500 0.625000
vt 0.531250 0.812500
vt 0.531250 0.750000
vt 0.531250 0.312500
vt 0.531250 0.250000
vt 0.531250 0.687500
vt 0.531250 0.187500
vt 0.531250 0.625000
vt 0.531250 0.125000
vt 0.531250 0.562500
vt 0.531250 0.062500
vt 0.531250 0.500000
vt 0.546875 1.000000
vt 0.531250 0.937500
vt 0.546875 0.000000
vt 0.531250 0.437500
vt 0.531250 0.875000
vt 0.531250 0.375000
vt 0.500000 0.562500
vt 0.500000 0.500000
vt 0.515625 1.000000
vt 0.500000 0.937500
vt 0.515625 0.000000
vt 0.500000 0.062500
vt 0.500000 0.437500
vt 0.500000 0.875000
vt 0.500000 0.375000
vt 0.500000 0.812500
vt 0.500000 0.312500
vt 0.500000 0.750000
vt 0.500000 0.250000
vt 0.500000 0.687500
vt 0.500000 0.187500
vt 0.500000 0.625000
vt 0.500000 0.125000
vt 0.468750 0.312500
vt 0.468750 0.250000
vt 0.468750 0.750000
vt 0.468750 0.687500
vt 0.468750 0.187500
vt 0.468750 0.625000
vt 0.468750 0.125000
vt 0.468750 0.562500
vt 0.468750 0.062500
vt 0.468750 0.500000
vt 0.484375 1.000000
vt 0.468750 0.937500
vt 0.484375 0.000000
vt 0.468750 0.437500
vt 0.468750 0.875000
vt 0.468750 0.375000
vt 0.468750 0.812500
vt 0.453125 1.000000
vt 0.437500 0.937500
vt 0.453125 0.000000
vt 0.437500 0.062500
vt 0.437500 0.500000
vt 0.437500 0.437500
vt 0.437500 0.875000
vt 0.437500 0.375000
vt 0.437500 0.812500
vt 0.437500 0.312500
vt 0.437500 0.750000
vt 0.437500 0.250000
vt 0.437500 0.687500
vt 0.437500 0.187500
vt 0.437500 0.625000
vt 0.437500 0.125000
vt 0.437500 0.562500
vt 0.406250 0.750000
vt 0.406250 0.687500
vt 0.406250 0.250000
vt 0.406250 0.187500
vt 0.406250 0.625000
vt 0.406250 0.125000
vt 0.406250 0.562500
vt 0.406250 0.062500
vt 0.406250 0.500000
vt 0.421875 1.000000
vt 0.406250 0.937500
vt 0.421875 0.000000
vt 0.406250 0.437500
vt 0.406250 0.875000
vt 0.406250 0.375000
vt 0.406250 0.812500
vt 0.406250 0.312500
vt 0.375000 0.500000
vt 0.375000 0.437500
vt 0.375000 0.937500
vt 0.375000 0.875000
vt 0.375000 0.375000
vt 0.375000 0.812500
vt 0.375000 0.312500
vt 0.375000 0.750000
vt 0.375000 0.250000
vt 0.375000 0.687500
vt 0.375000 0.187500
vt 0.375000 0.625000
vt 0.375000 0.125000
vt 0.375000 0.562500
vt 0.375000 0.062500
vt 0.390625 1.000000
vt 0.390625 0.000000
vt 0.343750 0.250000
vt 0.343750 0.187500
vt 0.343750 0.687500
vt 0.343750 0.625000
vt 0.343750 0.125000
vt 0.343750 0.562500
vt 0.343750 0.062500
vt 0.343750 0.500000
vt 0.359375 1.000000
vt 0.343750 0.937500
vt 0.359375 0.000000
vt 0.343750 0.437500
vt 0.343750 0.875000
vt 0.343750 0.375000
vt 0.343750 0.812500
vt 0.343750 0.312500
vt 0.343750 0.750000
vt 0.312500 0.437500
vt 0.312500 0.375000
vt 0.312500 0.875000
vt 0.312500 0.812500
vt 0.312500 0.312500
vt 0.312500 0.750000
vt 0.312500 0.250000
vt 0.312500 0.687500
vt 0.312500 0.187500
vt 0.312500 0.625000
vt 0.312500 0.125000
vt 0.312500 0.562500
vt 0.312500 0.062500
vt 0.312500 0.500000
vt 0.328125 1.000000
vt 0.312500 0.937500
vt 0.328125 0.000000
vt 0.281250 0.187500
vt 0.281250 0.125000
vt 0.281250 0.625000
vt 0.281250 0.562500
vt 0.281250 0.062500
vt 0.281250 0.500000
vt 0.296875 1.000000
vt 0.281250 0.937500
vt 0.296875 0.000000
vt 0.281250 0.437500
vt 0.281250 0.875000
vt 0.281250 0.375000
vt 0.281250 0.812500
vt 0.281250 0.312500
vt 0.281250 0.750000
vt 0.281250 0.250000
vt 0.281250 0.687500
vt 0.250000 0.875000
vt 0.250000 0.812500
vt 0.250000 0.375000
vt 0.250000 0.312500
vt 0.250000 0.750000
vt 0.250000 0.250000
vt 0.250000 0.687500
vt 0.250000 0.187500
vt 0.250000 0.625000
vt 0.250000 0.125000
vt 0.250000 0.562500
vt 0.250000 0.062500
vt 0.250000 0.500000
vt 0.265625 1.000000
vt 0.250000 0.937500
vt 0.265625 0.000000
vt 0.250000 0.437500
vt 0.218750 0.625000
vt 0.218750 0.562500
vt 0.218750 0.125000
vt 0.218750 0.062500
vt 0.218750 0.500000
vt 0.234375 1.000000
vt 0.218750 0.937500
vt 0.234375 0.000000
vt 0.218750 0.437500
vt 0.218750 0.875000
vt 0.218750 0.375000
vt 0.218750 0.812500
vt 0.218750 0.312500
vt 0.218750 0.750000
vt 0.218750 0.250000
vt 0.218750 0.687500
vt 0.218750 0.187500
vt 0.187500 0.375000
vt 0.187500 0.312500
vt 0.187500 0.812500
vt 0.187500 0.750000
vt 0.187500 0.250000
vt 0.187500 0.687500
vt 0.187500 0.187500
vt 0.187500 0.625000
vt 0.187500 0.125000
vt 0.187500 0.562500
vt 0.187500 0.062500
vt 0.187500 0.500000
vt 0.203125 1.000000
vt 0.187500 0.937500
vt 0.203125 0.000000
vt 0.187500 0.437500
vt 0.187500 0.875000
vt 0.156250 0.125000
vt 0.156250 0.062500
vt 0.156250 0.562500
vt 0.156250 0.500000
vt 0.171875 1.000000
vt 0.156250 0.937500
vt 0.171875 0.000000
vt 0.156250 0.437500
vt 0.156250 0.875000
vt 0.156250 0.375000
vt 0.156250 0.812500
vt 0.156250 0.312500
vt 0.156250 0.750000
vt 0.156250 0.250000
vt 0.156250 0.687500
vt 0.156250 0.187500
vt 0.156250 0.625000
vt 0.125000 0.812500
vt 0.125000 0.750000
vt 0.125000 0.312500
vt 0.125000 0.250000
vt 0.125000 0.687500
vt 0.125000 0.187500
vt 0.125000 0.625000
vt 0.125000 0.125000
vt 0.125000 0.562500
vt 0.125000 0.062500
vt 0.125000 0.500000
vt 0.140625 1.000000
vt 0.125000 0.937500
vt 0.140625 0.000000
vt 0.125000 0.437500
vt 0.125000 0.875000
vt 0.125000 0.375000
vt 0.093750 0.562500
vt 0.093750 0.500000
vt 0.109375 1.000000
vt 0.093750 0.937500
vt 0.109375 0.000000
vt 0.093750 0.062500
vt 0.093750 0.437500
vt 0.093750 0.875000
vt 0.093750 0.375000
vt 0.093750 0.812500
vt 0.093750 0.312500
vt 0.093750 0.750000
vt 0.093750 0.250000
vt 0.093750 0.687500
vt 0.093750 0.187500
vt 0.093750 0.625000
vt 0.093750 0.125000
vt 0.062500 0.312500
vt 0.062500 0.250000
vt 0.062500 0.750000
vt 0.062500 0.687500
vt 0.062500 0.187500
vt 0.062500 0.625000
vt 0.062500 0.125000
vt 0.062500 0.562500
vt 0.062500 0.062500
vt 0.062500 0.500000
vt 0.078125 1.000000
vt 0.062500 0.937500
vt 0.078125 0.000000
vt 0.062500 0.437500
vt 0.062500 0.875000
vt 0.062500 0.375000
vt 0.062500 0.812500
vt 0.046875 0.000000
vt 0.031250 0.062500
vt 0.031250 0.500000
vt 0.031250 0.437500
vt 0.031250 0.937500
vt 0.031250 0.875000
vt 0.031250 0.375000
vt 0.031250 0.812500
vt 0.031250 0.312500
vt 0.031250 0.750000
vt 0.031250 0.250000
vt 0.031250 0.687500
vt 0.031250 0.187500
vt 0.031250 0.625000
vt 0.031250 0.125000
vt 0.031250 0.562500
vt 0.046875 1.000000
vt 0.000000 0.250000
vt 0.000000 0.187500
vt 0.000000 0.687500
vt 0.000000 0.625000
vt 0.000000 0.125000
vt 0.000000 0.562500
vt 0.000000 0.062500
vt 0.000000 0.500000
vt 0.015625 1.000000
vt 0.000000 0.937500
vt 0.015625 0.000000
vt 0.000000 0.437500
vt 0.000000 0.875000
vt 0.000000 0.375000
vt 0.000000 0.812500
vt 0.000000 0.312500
vt 0.000000 0.750000
vt 1.000000 0.875000
vt 1.000000 0.937500
vt 0.968750 0.937500
vt 0.968750 0.875000
vt 1.000000 0.375000
vt 1.000000 0.437500
vt 0.968750 0.437500
vt 0.968750 0.375000
vt 1.000000 0.812500
vt 0.968750 0.812500
vt 1.000000 0.312500
vt 0.968750 0.312500
vt 1.000000 0.750000
vt 0.968750 0.750000
vt 1.000000 0.250000
vt 0.968750 0.250000
vt 1.000000 0.687500
vt 0.968750 0.687500
vt 1.000000 0.187500
vt 0.968750 0.187500
vt 1.000000 0.625000
vt 0.968750 0.625000
vt 1.000000 0.125000
vt 0.968750 0.125000
vt 1.000000 0.562500
vt 0.968750 0.562500
vt 1.000000 0.062500
vt 0.968750 0.062500
vt 1.000000 0.500000
vt 0.968750 0.500000
vt 0.984375 1.000000
vt 0.984375 0.000000
vt 0.937500 0.687500
vt 0.937500 0.625000
vt 0.937500 0.187500
vt 0.937500 0.125000
vt 0.937500 0.562500
vt 0.937500 0.062500
vt 0.937500 0.500000
vt 0.953125 1.000000
vt 0.937500 0.937500
vt 0.953125 0.000000
vt 0.937500 0.437500
vt 0.937500 0.875000
vt 0.937500 0.375000
vt 0.937500 0.812500
vt 0.937500 0.312500
vt 0.937500 0.750000
vt 0.937500 0.250000
vt 0.906250 0.437500
vt 0.906250 0.375000
vt 0.906250 0.875000
vt 0.906250 0.812500
vt 0.906250 0.312500
vt 0.906250 0.750000
vt 0.906250 0.250000
vt 0.906250 0.687500
vt 0.906250 0.187500
vt 0.906250 0.625000
vt 0.906250 0.125000
vt 0.906250 0.562500
vt 0.906250 0.062500
vt 0.906250 0.500000
vt 0.921875 1.000000
vt 0.906250 0.937500
vt 0.921875 0.000000
vt 0.875000 0.187500
vt 0.875000 0.125000
vt 0.875000 0.625000
vt 0.875000 0.562500
vt 0.875000 0.062500
vt 0.875000 0.500000
vt 0.890625 1.000000
vt 0.875000 0.937500
vt 0.890625 0.000000
vt 0.875000 0.437500
vt 0.875000 0.875000
vt 0.875000 0.375000
vt 0.875000 0.812500
vt 0.875000 0.312500
vt 0.875000 0.750000
vt 0.875000 0.250000
vt 0.875000 0.687500
vt 0.843750 0.875000
vt 0.843750 0.812500
vt 0.843750 0.375000
vt 0.843750 0.312500
vt 0.843750 0.750000
vt 0.843750 0.250000
vt 0.843750 0.687500
vt 0.843750 0.187500
vt 0.843750 0.625000
vt 0.843750 0.125000
vt 0.843750 0.562500
vt 0.843750 0.062500
vt 0.843750 0.500000
vt 0.859375 1.000000
vt 0.843750 0.937500
vt 0.859375 0.000000
vt 0.843750 0.437500
vt 0.812500 0.625000
vt 0.812500 0.562500
vt 0.812500 0.125000
vt 0.812500 0.062500
vt 0.812500 0.500000
vt 0.828125 1.000000
vt 0.812500 0.937500
vt 0.828125 0.000000
vt 0.812500 0.437500
vt 0.812500 0.875000
vt 0.812500 0.375000
vt 0.812500 0.812500
vt 0.812500 0.312500
vt 0.812500 0.750000
vt 0.812500 0.250000
vt 0.812500 0.687500
vt 0.812500 0.187500
vt 0.781250 0.375000
vt 0.781250 0.312500
vt 0.781250 0.812500
vt 0.781250 0.750000
vt 0.781250 0.250000
vt 0.781250 0.687500
vt 0.781250 0.187500
vt 0.781250 0.625000
vt 0.781250 0.125000
vt 0.781250 0.562500
vt 0.781250 0.062500
vt 0.781250 0.500000
vt 0.796875 1.000000
vt 0.781250 0.937500
vt 0.796875 0.000000
vt 0.781250 0.437500
vt 0.781250 0.875000
vt 0.765625 1.000000
vt 0.765625 0.000000
s 1
f 2497/2750/2368 2496/2751/2367 2037/2752/1908 2038/2753/1909
f 2020/2754/1891 2019/2755/1890 2030/2756/1901 2031/2757/1902
f 2489/2758/2360 2016/2759/1887 2024/2760/1895
f 2023/2761/1894 2497/2750/2368 2038/2753/1909
f 2021/2762/1892 2020/2754/1891 2031/2757/1902 2032/2763/1903
f 2490/2764/2361 2489/2758/2360 2024/2760/1895 2025/2765/1896
f 2493/2766/2364 2021/2762/1892 2032/2763/1903 2033/2767/1904
f 2017/2768/1888 2490/2764/2361 2025/2765/1896 2026/2769/1897
f 2022/2770/1893 2493/2766/2364 2033/2767/1904 2034/2771/1905
f 2491/2772/2362 2017/2768/1888 2026/2769/1897 2027/2773/1898
f 2494/2774/2365 2022/2770/1893 2034/2771/1905 2035/2775/1906
f 2018/2776/1889 2491/2772/2362 2027/2773/1898 2028/2777/1899
f 2495/2778/2366 2494/2774/2365 2035/2775/1906 2036/2779/1907
f 2492/2780/2363 2018/2776/1889 2028/2777/1899 2029/2781/1900
f 2496/2751/2367 2495/2778/2366 2036/2779/1907 2037/2752/1908
f 2019/2755/1890 2492/2780/2363 2029/2781/1900 2030/2756/1901
f 2029/2781/1900 2028/2777/1899 2043/2782/1914 2044/2783/1915
f 2037/2752/1908 2036/2779/1907 2051/2784/1922 2052/2785/1923
f 2030/2756/1901 2029/2781/1900 2044/2783/1915 2045/2786/1916
f 2038/2753/1909 2037/2752/1908 2052/2785/1923 2053/2787/1924
f 2031/2757/1902 2030/2756/1901 2045/2786/1916 2046/2788/1917
f 2024/2760/1895 2016/2789/1887 2039/2790/1910
f 2023/2791/1894 2038/2753/1909 2053/2787/1924
f 2032/2763/1903 2031/2757/1902 2046/2788/1917 2047/2792/1918
f 2025/2765/1896 2024/2760/1895 2039/2790/1910 2040/2793/1911
f 2033/2767/1904 2032/2763/1903 2047/2792/1918 2048/2794/1919
f 2026/2769/1897 2025/2765/1896 2040/2793/1911 2041/2795/1912
f 2034/2771/1905 2033/2767/1904 2048/2794/1919 2049/2796/1920
f 2027/2773/1898 2026/2769/1897 2041/2795/1912 2042/2797/1913
f 2035/2775/1906 2034/2771/1905 2049/2796/1920 2050/2798/1921
f 2028/2777/1899 2027/2773/1898 2042/2797/1913 2043/2782/1914
f 2036/2779/1907 2035/2775/1906 2050/2798/1921 2051/2784/1922
f 2048/2794/1919 2047/2792/1918 2062/2799/1933 2063/2800/1934
f 2041/2795/1912 2040/2793/1911 2055/2801/1926 2056/2802/1927
f 2049/2796/1920 2048/2794/1919 2063/2800/1934 2064/2803/1935
f 2042/2797/1913 2041/2795/1912 2056/2802/1927 2057/2804/1928
f 2050/2798/1921 2049/2796/1920 2064/2803/1935 2065/2805/1936
f 2043/2782/1914 2042/2797/1913 2057/2804/1928 2058/2806/1929
f 2051/2784/1922 2050/2798/1921 2065/2805/1936 2066/2807/1937
f 2044/2783/1915 2043/2782/1914 2058/2806/1929 2059/2808/1930
f 2052/2785/1923 2051/2784/1922 2066/2807/1937 2067/2809/1938
f 2045/2786/1916 2044/2783/1915 2059/2808/1930 2060/2810/1931
f 2053/2787/1924 2052/2785/1923 2067/2809/1938 2068/2811/1939
f 2046/2788/1917 2045/2786/1916 2060/2810/1931 2061/2812/1932
f 2039/2790/1910 2016/2813/1887 2054/2814/1925
f 2023/2815/1894 2053/2787/1924 2068/2811/1939
f 2047/2792/1918 2046/2788/1917 2061/2812/1932 2062/2799/1933
f 2040/2793/1911 2039/2790/1910 2054/2814/1925 2055/2801/1926
f 2067/2809/1938 2066/2807/1937 2081/2816/1952 2082/2817/1953
f 2060/2810/1931 2059/2808/1930 2074/2818/1945 2075/2819/1946
f 2068/2811/1939 2067/2809/1938 2082/2817/1953 2083/2820/1954
f 2061/2812/1932 2060/2810/1931 2075/2819/1946 2076/2821/1947
f 2054/2814/1925 2016/2822/1887 2069/2823/1940
f 2023/2824/1894 2068/2811/1939 2083/2820/1954
f 2062/2799/1933 2061/2812/1932 2076/2821/1947 2077/2825/1948
f 2055/2801/1926 2054/2814/1925 2069/2823/1940 2070/2826/1941
f 2063/2800/1934 2062/2799/1933 2077/2825/1948 2078/2827/1949
f 2056/2802/1927 2055/2801/1926 2070/2826/1941 2071/2828/1942
f 2064/2803/1935 2063/2800/1934 2078/2827/1949 2079/2829/1950
f 2057/2804/1928 2056/2802/1927 2071/2828/1942 2072/2830/1943
f 2065/2805/1936 2064/2803/1935 2079/2829/1950 2080/2831/1951
f 2058/2806/1929 2057/2804/1928 2072/2830/1943 2073/2832/1944
f 2066/2807/1937 2065/2805/1936 2080/2831/1951 2081/2816/1952
f 2059/2808/1930 2058/2806/1929 2073/2832/1944 2074/2818/1945
f 2079/2829/1950 2078/2827/1949 2093/2833/1964 2094/2834/1965
f 2072/2830/1943 2071/2828/1942 2086/2835/1957 2087/2836/1958
f 2080/2831/1951 2079/2829/1950 2094/2834/1965 2095/2837/1966
f 2073/2832/1944 2072/2830/1943 2087/2836/1958 2088/2838/1959
f 2081/2816/1952 2080/2831/1951 2095/2837/1966 2096/2839/1967
f 2074/2818/1945 2073/2832/1944 2088/2838/1959 2089/2840/1960
f 2082/2817/1953 2081/2816/1952 2096/2839/1967 2097/2841/1968
f 2075/2819/1946 2074/2818/1945 2089/2840/1960 2090/2842/1961
f 2083/2820/1954 2082/2817/1953 2097/2841/1968 2098/2843/1969
f 2076/2821/1947 2075/2819/1946 2090/2842/1961 2091/2844/1962
f 2069/2823/1940 2016/2845/1887 2084/2846/1955
f 2023/2847/1894 2083/2820/1954 2098/2843/1969
f 2077/2825/1948 2076/2821/1947 2091/2844/1962 2092/2848/1963
f 2070/2826/1941 2069/2823/1940 2084/2846/1955 2085/2849/1956
f 2078/2827/1949 2077/2825/1948 2092/2848/1963 2093/2833/1964
f 2071/2828/1942 2070/2826/1941 2085/2849/1956 2086/2835/1957
f 2098/2843/1969 2097/2841/1968 2112/2850/1983 2113/2851/1984
f 2091/2844/1962 2090/2842/1961 2105/2852/1976 2106/2853/1977
f 2084/2846/1955 2016/2854/1887 2099/2855/1970
f 2023/2856/1894 2098/2843/1969 2113/2851/1984
f 2092/2848/1963 2091/2844/1962 2106/2853/1977 2107/2857/1978
f 2085/2849/1956 2084/2846/1955 2099/2855/1970 2100/2858/1971
f 2093/2833/1964 2092/2848/1963 2107/2857/1978 2108/2859/1979
f 2086/2835/1957 2085/2849/1956 2100/2858/1971 2101/2860/1972
f 2094/2834/1965 2093/2833/1964 2108/2859/1979 2109/2861/1980
f 2087/2836/1958 2086/2835/1957 2101/2860/1972 2102/2862/1973
f 2095/2837/1966 2094/2834/1965 2109/2861/1980 2110/2863/1981
f 2088/2838/1959 2087/2836/1958 2102/2862/1973 2103/2864/1974
f 2096/2839/1967 2095/2837/1966 2110/2863/1981 2111/2865/1982
f 2089/2840/1960 2088/2838/1959 2103/2864/1974 2104/2866/1975
f 2097/2841/1968 2096/2839/1967 2111/2865/1982 2112/2850/1983
f 2090/2842/1961 2089/2840/1960 2104/2866/1975 2105/2852/1976
f 2102/2862/1973 2101/2860/1972 2116/2867/1987 2117/2868/1988
f 2110/2863/1981 2109/2861/1980 2124/2869/1995 2125/2870/1996
f 2103/2864/1974 2102/2862/1973 2117/2868/1988 2118/2871/1989
f 2111/2865/1982 2110/2863/1981 2125/2870/1996 2126/2872/1997
f 2104/2866/1975 2103/2864/1974 2118/2871/1989 2119/2873/1990
f 2112/2850/1983 2111/2865/1982 2126/2872/1997 2127/2874/1998
f 2105/2852/1976 2104/2866/1975 2119/2873/1990 2120/2875/1991
f 2113/2851/1984 2112/2850/1983 2127/2874/1998 2128/2876/1999
f 2106/2853/1977 2105/2852/1976 2120/2875/1991 2121/2877/1992
f 2099/2855/1970 2016/2878/1887 2114/2879/1985
f 2023/2880/1894 2113/2851/1984 2128/2876/1999
f 2107/2857/1978 2106/2853/1977 2121/2877/1992 2122/2881/1993
f 2100/2858/1971 2099/2855/1970 2114/2879/1985 2115/2882/1986
f 2108/2859/1979 2107/2857/1978 2122/2881/1993 2123/2883/1994
f 2101/2860/1972 2100/2858/1971 2115/2882/1986 2116/2867/1987
f 2109/2861/1980 2108/2859/1979 2123/2883/1994 2124/2869/1995
f 2121/2877/1992 2120/2875/1991 2135/2884/2006 2136/2885/2007
f 2114/2879/1985 2016/2886/1887 2129/2887/2000
f 2023/2888/1894 2128/2876/1999 2143/2889/2014
f 2122/2881/1993 2121/2877/1992 2136/2885/2007 2137/2890/2008
f 2115/2882/1986 2114/2879/1985 2129/2887/2000 2130/2891/2001
f 2123/2883/1994 2122/2881/1993 2137/2890/2008 2138/2892/2009
f 2116/2867/1987 2115/2882/1986 2130/2891/2001 2131/2893/2002
f 2124/2869/1995 2123/2883/1994 2138/2892/2009 2139/2894/2010
f 2117/2868/1988 2116/2867/1987 2131/2893/2002 2132/2895/2003
f 2125/2870/1996 2124/2869/1995 2139/2894/2010 2140/2896/2011
f 2118/2871/1989 2117/2868/1988 2132/2895/2003 2133/2897/2004
f 2126/2872/1997 2125/2870/1996 2140/2896/2011 2141/2898/2012
f 2119/2873/1990 2118/2871/1989 2133/2897/2004 2134/2899/2005
f 2127/2874/1998 2126/2872/1997 2141/2898/2012 2142/2900/2013
f 2120/2875/1991 2119/2873/1990 2134/2899/2005 2135/2884/2006
f 2128/2876/1999 2127/2874/1998 2142/2900/2013 2143/2889/2014
f 2140/2896/2011 2139/2894/2010 2154/2901/2025 2155/2902/2026
f 2133/2897/2004 2132/2895/2003 2147/2903/2018 2148/2904/2019
f 2141/2898/2012 2140/2896/2011 2155/2902/2026 2156/2905/2027
f 2134/2899/2005 2133/2897/2004 2148/2904/2019 2149/2906/2020
f 2142/2900/2013 2141/2898/2012 2156/2905/2027 2157/2907/2028
f 2135/2884/2006 2134/2899/2005 2149/2906/2020 2150/2908/2021
f 2143/2889/2014 2142/2900/2013 2157/2907/2028 2158/2909/2029
f 2136/2885/2007 2135/2884/2006 2150/2908/2021 2151/2910/2022
f 2129/2887/2000 2016/2911/1887 2144/2912/2015
f 2023/2913/1894 2143/2889/2014 2158/2909/2029
f 2137/2890/2008 2136/2885/2007 2151/2910/2022 2152/2914/2023
f 2130/2891/2001 2129/2887/2000 2144/2912/2015 2145/2915/2016
f 2138/2892/2009 2137/2890/2008 2152/2914/2023 2153/2916/2024
f 2131/2893/2002 2130/2891/2001 2145/2915/2016 2146/2917/2017
f 2139/2894/2010 2138/2892/2009 2153/2916/2024 2154/2901/2025
f 2132/2895/2003 2131/2893/2002 2146/2917/2017 2147/2903/2018
f 2144/2912/2015 2016/2918/1887 2159/2919/2030
f 2023/2920/1894 2158/2909/2029 2173/2921/2044
f 2152/2914/2023 2151/2910/2022 2166/2922/2037 2167/2923/2038
f 2145/2915/2016 2144/2912/2015 2159/2919/2030 2160/2924/2031
f 2153/2916/2024 2152/2914/2023 2167/2923/2038 2168/2925/2039
f 2146/2917/2017 2145/2915/2016 2160/2924/2031 2161/2926/2032
f 2154/2901/2025 2153/2916/2024 2168/2925/2039 2169/2927/2040
f 2147/2903/2018 2146/2917/2017 2161/2926/2032 2162/2928/2033
f 2155/2902/2026 2154/2901/2025 2169/2927/2040 2170/2929/2041
f 2148/2904/2019 2147/2903/2018 2162/2928/2033 2163/2930/2034
f 2156/2905/2027 2155/2902/2026 2170/2929/2041 2171/2931/2042
f 2149/2906/2020 2148/2904/2019 2163/2930/2034 2164/2932/2035
f 2157/2907/2028 2156/2905/2027 2171/2931/2042 2172/2933/2043
f 2150/2908/2021 2149/2906/2020 2164/2932/2035 2165/2934/2036
f 2158/2909/2029 2157/2907/2028 2172/2933/2043 2173/2921/2044
f 2151/2910/2022 2150/2908/2021 2165/2934/2036 2166/2922/2037
f 2163/2930/2034 2162/2928/2033 2177/2935/2048 2178/2936/2049
f 2171/2931/2042 2170/2929/2041 2185/2937/2056 2186/2938/2057
f 2164/2932/2035 2163/2930/2034 2178/2936/2049 2179/2939/2050
f 2172/2933/2043 2171/2931/2042 2186/2938/2057 2187/2940/2058
f 2165/2934/2036 2164/2932/2035 2179/2939/2050 2180/2941/2051
f 2173/2921/2044 2172/2933/2043 2187/2940/2058 2188/2942/2059
f 2166/2922/2037 2165/2934/2036 2180/2941/2051 2181/2943/2052
f 2159/2919/2030 2016/2944/1887 2174/2945/2045
f 2023/2946/1894 2173/2921/2044 2188/2942/2059
f 2167/2923/2038 2166/2922/2037 2181/2943/2052 2182/2947/2053
f 2160/2924/2031 2159/2919/2030 2174/2945/2045 2175/2948/2046
f 2168/2925/2039 2167/2923/2038 2182/2947/2053 2183/2949/2054
f 2161/2926/2032 2160/2924/2031 2175/2948/2046 2176/2950/2047
f 2169/2927/2040 2168/2925/2039 2183/2949/2054 2184/2951/2055
f 2162/2928/2033 2161/2926/2032 2176/2950/2047 2177/2935/2048
f 2170/2929/2041 2169/2927/2040 2184/2951/2055 2185/2937/2056
f 2182/2947/2053 2181/2943/2052 2196/2952/2067 2197/2953/2068
f 2175/2948/2046 2174/2945/2045 2189/2954/2060 2190/2955/2061
f 2183/2949/2054 2182/2947/2053 2197/2953/2068 2198/2956/2069
f 2176/2950/2047 2175/2948/2046 2190/2955/2061 2191/2957/2062
f 2184/2951/2055 2183/2949/2054 2198/2956/2069 2199/2958/2070
f 2177/2935/2048 2176/2950/2047 2191/2957/2062 2192/2959/2063
f 2185/2937/2056 2184/2951/2055 2199/2958/2070 2200/2960/2071
f 2178/2936/2049 2177/2935/2048 2192/2959/2063 2193/2961/2064
f 2186/2938/2057 2185/2937/2056 2200/2960/2071 2201/2962/2072
f 2179/2939/2050 2178/2936/2049 2193/2961/2064 2194/2963/2065
f 2187/2940/2058 2186/2938/2057 2201/2962/2072 2202/2964/2073
f 2180/2941/2051 2179/2939/2050 2194/2963/2065 2195/2965/2066
f 2188/2942/2059 2187/2940/2058 2202/2964/2073 2203/2966/2074
f 2181/2943/2052 2180/2941/2051 2195/2965/2066 2196/2952/2067
f 2174/2945/2045 2016/2967/1887 2189/2954/2060
f 2023/2968/1894 2188/2942/2059 2203/2966/2074
f 2201/2962/2072 2200/2960/2071 2215/2969/2086 2216/2970/2087
f 2194/2963/2065 2193/2961/2064 2208/2971/2079 2209/2972/2080
f 2202/2964/2073 2201/2962/2072 2216/2970/2087 2217/2973/2088
f 2195/2965/2066 2194/2963/2065 2209/2972/2080 2210/2974/2081
f 2203/2966/2074 2202/2964/2073 2217/2973/2088 2218/2975/2089
f 2196/2952/2067 2195/2965/2066 2210/2974/2081 2211/2976/2082
f 2189/2954/2060 2016/2977/1887 2204/2978/2075
f 2023/2979/1894 2203/2966/2074 2218/2975/2089
f 2197/2953/2068 2196/2952/2067 2211/2976/2082 2212/2980/2083
f 2190/2955/2061 2189/2954/2060 2204/2978/2075 2205/2981/2076
f 2198/2956/2069 2197/2953/2068 2212/2980/2083 2213/2982/2084
f 2191/2957/2062 2190/2955/2061 2205/2981/2076 2206/2983/2077
f 2199/2958/2070 2198/2956/2069 2213/2982/2084 2214/2984/2085
f 2192/2959/2063 2191/2957/2062 2206/2983/2077 2207/2985/2078
f 2200/2960/2071 2199/2958/2070 2214/2984/2085 2215/2969/2086
f 2193/2961/2064 2192/2959/2063 2207/2985/2078 2208/2971/2079
f 2213/2982/2084 2212/2980/2083 2227/2986/2098 2228/2987/2099
f 2206/2983/2077 2205/2981/2076 2220/2988/2091 2221/2989/2092
f 2214/2984/2085 2213/2982/2084 2228/2987/2099 2229/2990/2100
f 2207/2985/2078 2206/2983/2077 2221/2989/2092 2222/2991/2093
f 2215/2969/2086 2214/2984/2085 2229/2990/2100 2230/2992/2101
f 2208/2971/2079 2207/2985/2078 2222/2991/2093 2223/2993/2094
f 2216/2970/2087 2215/2969/2086 2230/2992/2101 2231/2994/2102
f 2209/2972/2080 2208/2971/2079 2223/2993/2094 2224/2995/2095
f 2217/2973/2088 2216/2970/2087 2231/2994/2102 2232/2996/2103
f 2210/2974/2081 2209/2972/2080 2224/2995/2095 2225/2997/2096
f 2218/2975/2089 2217/2973/2088 2232/2996/2103 2233/2998/2104
f 2211/2976/2082 2210/2974/2081 2225/2997/2096 2226/2999/2097
f 2204/2978/2075 2016/3000/1887 2219/3001/2090
f 2023/3002/1894 2218/2975/2089 2233/2998/2104
f 2212/2980/2083 2211/2976/2082 2226/2999/2097 2227/2986/2098
f 2205/2981/2076 2204/2978/2075 2219/3001/2090 2220/2988/2091
f 2232/2996/2103 2231/2994/2102 2246/3003/2117 2247/3004/2118
f 2225/2997/2096 2224/2995/2095 2239/3005/2110 2240/3006/2111
f 2233/2998/2104 2232/2996/2103 2247/3004/2118 2248/3007/2119
f 2226/2999/2097 2225/2997/2096 2240/3006/2111 2241/3008/2112
f 2219/3001/2090 2016/3009/1887 2234/3010/2105
f 2023/3011/1894 2233/2998/2104 2248/3007/2119
f 2227/2986/2098 2226/2999/2097 2241/3008/2112 2242/3012/2113
f 2220/2988/2091 2219/3001/2090 2234/3010/2105 2235/3013/2106
f 2228/2987/2099 2227/2986/2098 2242/3012/2113 2243/3014/2114
f 2221/2989/2092 2220/2988/2091 2235/3013/2106 2236/3015/2107
f 2229/2990/2100 2228/2987/2099 2243/3014/2114 2244/3016/2115
f 2222/2991/2093 2221/2989/2092 2236/3015/2107 2237/3017/2108
f 2230/2992/2101 2229/2990/2100 2244/3016/2115 2245/3018/2116
f 2223/2993/2094 2222/2991/2093 2237/3017/2108 2238/3019/2109
f 2231/2994/2102 2230/2992/2101 2245/3018/2116 2246/3003/2117
f 2224/2995/2095 2223/2993/2094 2238/3019/2109 2239/3005/2110
f 2236/3015/2107 2235/3013/2106 2250/3020/2121 2251/3021/2122
f 2244/3016/2115 2243/3014/2114 2258/3022/2129 2259/3023/2130
f 2237/3017/2108 2236/3015/2107 2251/3021/2122 2252/3024/2123
f 2245/3018/2116 2244/3016/2115 2259/3023/2130 2260/3025/2131
f 2238/3019/2109 2237/3017/2108 2252/3024/2123 2253/3026/2124
f 2246/3003/2117 2245/3018/2116 2260/3025/2131 2261/3027/2132
f 2239/3005/2110 2238/3019/2109 2253/3026/2124 2254/3028/2125
f 2247/3004/2118 2246/3003/2117 2261/3027/2132 2262/3029/2133
f 2240/3006/2111 2239/3005/2110 2254/3028/2125 2255/3030/2126
f 2248/3007/2119 2247/3004/2118 2262/3029/2133 2263/3031/2134
f 2241/3008/2112 2240/3006/2111 2255/3030/2126 2256/3032/2127
f 2234/3010/2105 2016/3033/1887 2249/3034/2120
f 2023/3035/1894 2248/3007/2119 2263/3031/2134
f 2242/3012/2113 2241/3008/2112 2256/3032/2127 2257/3036/2128
f 2235/3013/2106 2234/3010/2105 2249/3034/2120 2250/3020/2121
f 2243/3014/2114 2242/3012/2113 2257/3036/2128 2258/3022/2129
f 2255/3030/2126 2254/3028/2125 2269/3037/2140 2270/3038/2141
f 2263/3031/2134 2262/3029/2133 2277/3039/2148 2278/3040/2149
f 2256/3032/2127 2255/3030/2126 2270/3038/2141 2271/3041/2142
f 2249/3034/2120 2016/3042/1887 2264/3043/2135
f 2023/3044/1894 2263/3031/2134 2278/3040/2149
f 2257/3036/2128 2256/3032/2127 2271/3041/2142 2272/3045/2143
f 2250/3020/2121 2249/3034/2120 2264/3043/2135 2265/3046/2136
f 2258/3022/2129 2257/3036/2128 2272/3045/2143 2273/3047/2144
f 2251/3021/2122 2250/3020/2121 2265/3046/2136 2266/3048/2137
f 2259/3023/2130 2258/3022/2129 2273/3047/2144 2274/3049/2145
f 2252/3024/2123 2251/3021/2122 2266/3048/2137 2267/3050/2138
f 2260/3025/2131 2259/3023/2130 2274/3049/2145 2275/3051/2146
f 2253/3026/2124 2252/3024/2123 2267/3050/2138 2268/3052/2139
f 2261/3027/2132 2260/3025/2131 2275/3051/2146 2276/3053/2147
f 2254/3028/2125 2253/3026/2124 2268/3052/2139 2269/3037/2140
f 2262/3029/2133 2261/3027/2132 2276/3053/2147 2277/3039/2148
f 2274/3049/2145 2273/3047/2144 2288/3054/2159 2289/3055/2160
f 2267/3050/2138 2266/3048/2137 2281/3056/2152 2282/3057/2153
f 2275/3051/2146 2274/3049/2145 2289/3055/2160 2290/3058/2161
f 2268/3052/2139 2267/3050/2138 2282/3057/2153 2283/3059/2154
f 2276/3053/2147 2275/3051/2146 2290/3058/2161 2291/3060/2162
f 2269/3037/2140 2268/3052/2139 2283/3059/2154 2284/3061/2155
f 2277/3039/2148 2276/3053/2147 2291/3060/2162 2292/3062/2163
f 2270/3038/2141 2269/3037/2140 2284/3061/2155 2285/3063/2156
f 2278/3040/2149 2277/3039/2148 2292/3062/2163 2293/3064/2164
f 2271/3041/2142 2270/3038/2141 2285/3063/2156 2286/3065/2157
f 2264/3043/2135 2016/3066/1887 2279/3067/2150
f 2023/3068/1894 2278/3040/2149 2293/3064/2164
f 2272/3045/2143 2271/3041/2142 2286/3065/2157 2287/3069/2158
f 2265/3046/2136 2264/3043/2135 2279/3067/2150 2280/3070/2151
f 2273/3047/2144 2272/3045/2143 2287/3069/2158 2288/3054/2159
f 2266/3048/2137 2265/3046/2136 2280/3070/2151 2281/3056/2152
f 2293/3064/2164 2292/3062/2163 2307/3071/2178 2308/3072/2179
f 2286/3065/2157 2285/3063/2156 2300/3073/2171 2301/3074/2172
f 2279/3067/2150 2016/3075/1887 2294/3076/2165
f 2023/3077/1894 2293/3064/2164 2308/3072/2179
f 2287/3069/2158 2286/3065/2157 2301/3074/2172 2302/3078/2173
f 2280/3070/2151 2279/3067/2150 2294/3076/2165 2295/3079/2166
f 2288/3054/2159 2287/3069/2158 2302/3078/2173 2303/3080/2174
f 2281/3056/2152 2280/3070/2151 2295/3079/2166 2296/3081/2167
f 2289/3055/2160 2288/3054/2159 2303/3080/2174 2304/3082/2175
f 2282/3057/2153 2281/3056/2152 2296/3081/2167 2297/3083/2168
f 2290/3058/2161 2289/3055/2160 2304/3082/2175 2305/3084/2176
f 2283/3059/2154 2282/3057/2153 2297/3083/2168 2298/3085/2169
f 2291/3060/2162 2290/3058/2161 2305/3084/2176 2306/3086/2177
f 2284/3061/2155 2283/3059/2154 2298/3085/2169 2299/3087/2170
f 2292/3062/2163 2291/3060/2162 2306/3086/2177 2307/3071/2178
f 2285/3063/2156 2284/3061/2155 2299/3087/2170 2300/3073/2171
f 2297/3083/2168 2296/3081/2167 2311/3088/2182 2312/3089/2183
f 2305/3084/2176 2304/3082/2175 2319/3090/2190 2320/3091/2191
f 2298/3085/2169 2297/3083/2168 2312/3089/2183 2313/3092/2184
f 2306/3086/2177 2305/3084/2176 2320/3091/2191 2321/3093/2192
f 2299/3087/2170 2298/3085/2169 2313/3092/2184 2314/3094/2185
f 2307/3071/2178 2306/3086/2177 2321/3093/2192 2322/3095/2193
f 2300/3073/2171 2299/3087/2170 2314/3094/2185 2315/3096/2186
f 2308/3072/2179 2307/3071/2178 2322/3095/2193 2323/3097/2194
f 2301/3074/2172 2300/3073/2171 2315/3096/2186 2316/3098/2187
f 2294/3076/2165 2016/3099/1887 2309/3100/2180
f 2023/3101/1894 2308/3072/2179 2323/3097/2194
f 2302/3078/2173 2301/3074/2172 2316/3098/2187 2317/3102/2188
f 2295/3079/2166 2294/3076/2165 2309/3100/2180 2310/3103/2181
f 2303/3080/2174 2302/3078/2173 2317/3102/2188 2318/3104/2189
f 2296/3081/2167 2295/3079/2166 2310/3103/2181 2311/3088/2182
f 2304/3082/2175 2303/3080/2174 2318/3104/2189 2319/3090/2190
f 2316/3098/2187 2315/3096/2186 2330/3105/2201 2331/3106/2202
f 2309/3100/2180 2016/3107/1887 2324/3108/2195
f 2023/3109/1894 2323/3097/2194 2338/3110/2209
f 2317/3102/2188 2316/3098/2187 2331/3106/2202 2332/3111/2203
f 2310/3103/2181 2309/3100/2180 2324/3108/2195 2325/3112/2196
f 2318/3104/2189 2317/3102/2188 2332/3111/2203 2333/3113/2204
f 2311/3088/2182 2310/3103/2181 2325/3112/2196 2326/3114/2197
f 2319/3090/2190 2318/3104/2189 2333/3113/2204 2334/3115/2205
f 2312/3089/2183 2311/3088/2182 2326/3114/2197 2327/3116/2198
f 2320/3091/2191 2319/3090/2190 2334/3115/2205 2335/3117/2206
f 2313/3092/2184 2312/3089/2183 2327/3116/2198 2328/3118/2199
f 2321/3093/2192 2320/3091/2191 2335/3117/2206 2336/3119/2207
f 2314/3094/2185 2313/3092/2184 2328/3118/2199 2329/3120/2200
f 2322/3095/2193 2321/3093/2192 2336/3119/2207 2337/3121/2208
f 2315/3096/2186 2314/3094/2185 2329/3120/2200 2330/3105/2201
f 2323/3097/2194 2322/3095/2193 2337/3121/2208 2338/3110/2209
f 2335/3117/2206 2334/3115/2205 2349/3122/2220 2350/3123/2221
f 2328/3118/2199 2327/3116/2198 2342/3124/2213 2343/3125/2214
f 2336/3119/2207 2335/3117/2206 2350/3123/2221 2351/3126/2222
f 2329/3120/2200 2328/3118/2199 2343/3125/2214 2344/3127/2215
f 2337/3121/2208 2336/3119/2207 2351/3126/2222 2352/3128/2223
f 2330/3105/2201 2329/3120/2200 2344/3127/2215 2345/3129/2216
f 2338/3110/2209 2337/3121/2208 2352/3128/2223 2353/3130/2224
f 2331/3106/2202 2330/3105/2201 2345/3129/2216 2346/3131/2217
f 2324/3108/2195 2016/3132/1887 2339/3133/2210
f 2023/3134/1894 2338/3110/2209 2353/3130/2224
f 2332/3111/2203 2331/3106/2202 2346/3131/2217 2347/3135/2218
f 2325/3112/2196 2324/3108/2195 2339/3133/2210 2340/3136/2211
f 2333/3113/2204 2332/3111/2203 2347/3135/2218 2348/3137/2219
f 2326/3114/2197 2325/3112/2196 2340/3136/2211 2341/3138/2212
f 2334/3115/2205 2333/3113/2204 2348/3137/2219 2349/3122/2220
f 2327/3116/2198 2326/3114/2197 2341/3138/2212 2342/3124/2213
f 2023/3139/1894 2353/3130/2224 2368/3140/2239
f 2347/3135/2218 2346/3131/2217 2361/3141/2232 2362/3142/2233
f 2340/3136/2211 2339/3133/2210 2354/3143/2225 2355/3144/2226
f 2348/3137/2219 2347/3135/2218 2362/3142/2233 2363/3145/2234
f 2341/3138/2212 2340/3136/2211 2355/3144/2226 2356/3146/2227
f 2349/3122/2220 2348/3137/2219 2363/3145/2234 2364/3147/2235
f 2342/3124/2213 2341/3138/2212 2356/3146/2227 2357/3148/2228
f 2350/3123/2221 2349/3122/2220 2364/3147/2235 2365/3149/2236
f 2343/3125/2214 2342/3124/2213 2357/3148/2228 2358/3150/2229
f 2351/3126/2222 2350/3123/2221 2365/3149/2236 2366/3151/2237
f 2344/3127/2215 2343/3125/2214 2358/3150/2229 2359/3152/2230
f 2352/3128/2223 2351/3126/2222 2366/3151/2237 2367/3153/2238
f 2345/3129/2216 2344/3127/2215 2359/3152/2230 2360/3154/2231
f 2353/3130/2224 2352/3128/2223 2367/3153/2238 2368/3140/2239
f 2346/3131/2217 2345/3129/2216 2360/3154/2231 2361/3141/2232
f 2339/3133/2210 2016/3155/1887 2354/3143/2225
f 2366/3151/2237 2365/3149/2236 2380/3156/2251 2381/3157/2252
f 2359/3152/2230 2358/3150/2229 2373/3158/2244 2374/3159/2245
f 2367/3153/2238 2366/3151/2237 2381/3157/2252 2382/3160/2253
f 2360/3154/2231 2359/3152/2230 2374/3159/2245 2375/3161/2246
f 2368/3140/2239 2367/3153/2238 2382/3160/2253 2383/3162/2254
f 2361/3141/2232 2360/3154/2231 2375/3161/2246 2376/3163/2247
f 2354/3143/2225 2016/3164/1887 2369/3165/2240
f 2023/3166/1894 2368/3140/2239 2383/3162/2254
f 2362/3142/2233 2361/3141/2232 2376/3163/2247 2377/3167/2248
f 2355/3144/2226 2354/3143/2225 2369/3165/2240 2370/3168/2241
f 2363/3145/2234 2362/3142/2233 2377/3167/2248 2378/3169/2249
f 2356/3146/2227 2355/3144/2226 2370/3168/2241 2371/3170/2242
f 2364/3147/2235 2363/3145/2234 2378/3169/2249 2379/3171/2250
f 2357/3148/2228 2356/3146/2227 2371/3170/2242 2372/3172/2243
f 2365/3149/2236 2364/3147/2235 2379/3171/2250 2380/3156/2251
f 2358/3150/2229 2357/3148/2228 2372/3172/2243 2373/3158/2244
f 2370/3173/2241 2369/3174/2240 2384/3175/2255 2385/3176/2256
f 2378/3177/2249 2377/3178/2248 2392/3179/2263 2393/3180/2264
f 2371/3181/2242 2370/3173/2241 2385/3176/2256 2386/3182/2257
f 2379/3183/2250 2378/3177/2249 2393/3180/2264 2394/3184/2265
f 2372/3185/2243 2371/3181/2242 2386/3182/2257 2387/3186/2258
f 2380/3187/2251 2379/3183/2250 2394/3184/2265 2395/3188/2266
f 2373/3189/2244 2372/3185/2243 2387/3186/2258 2388/3190/2259
f 2381/3191/2252 2380/3187/2251 2395/3188/2266 2396/3192/2267
f 2374/3193/2245 2373/3189/2244 2388/3190/2259 2389/3194/2260
f 2382/3195/2253 2381/3191/2252 2396/3192/2267 2397/3196/2268
f 2375/3197/2246 2374/3193/2245 2389/3194/2260 2390/3198/2261
f 2383/3199/2254 2382/3195/2253 2397/3196/2268 2398/3200/2269
f 2376/3201/2247 2375/3197/2246 2390/3198/2261 2391/3202/2262
f 2369/3174/2240 2016/3203/1887 2384/3175/2255
f 2023/3204/1894 2383/3199/2254 2398/3200/2269
f 2377/3178/2248 2376/3201/2247 2391/3202/2262 2392/3179/2263
f 2389/3194/2260 2388/3190/2259 2403/3205/2274 2404/3206/2275
f 2397/3196/2268 2396/3192/2267 2411/3207/2282 2412/3208/2283
f 2390/3198/2261 2389/3194/2260 2404/3206/2275 2405/3209/2276
f 2398/3200/2269 2397/3196/2268 2412/3208/2283 2413/3210/2284
f 2391/3202/2262 2390/3198/2261 2405/3209/2276 2406/3211/2277
f 2384/3175/2255 2016/3212/1887 2399/3213/2270
f 2023/3214/1894 2398/3200/2269 2413/3210/2284
f 2392/3179/2263 2391/3202/2262 2406/3211/2277 2407/3215/2278
f 2385/3176/2256 2384/3175/2255 2399/3213/2270 2400/3216/2271
f 2393/3180/2264 2392/3179/2263 2407/3215/2278 2408/3217/2279
f 2386/3182/2257 2385/3176/2256 2400/3216/2271 2401/3218/2272
f 2394/3184/2265 2393/3180/2264 2408/3217/2279 2409/3219/2280
f 2387/3186/2258 2386/3182/2257 2401/3218/2272 2402/3220/2273
f 2395/3188/2266 2394/3184/2265 2409/3219/2280 2410/3221/2281
f 2388/3190/2259 2387/3186/2258 2402/3220/2273 2403/3205/2274
f 2396/3192/2267 2395/3188/2266 2410/3221/2281 2411/3207/2282
f 2408/3217/2279 2407/3215/2278 2422/3222/2293 2423/3223/2294
f 2401/3218/2272 2400/3216/2271 2415/3224/2286 2416/3225/2287
f 2409/3219/2280 2408/3217/2279 2423/3223/2294 2424/3226/2295
f 2402/3220/2273 2401/3218/2272 2416/3225/2287 2417/3227/2288
f 2410/3221/2281 2409/3219/2280 2424/3226/2295 2425/3228/2296
f 2403/3205/2274 2402/3220/2273 2417/3227/2288 2418/3229/2289
f 2411/3207/2282 2410/3221/2281 2425/3228/2296 2426/3230/2297
f 2404/3206/2275 2403/3205/2274 2418/3229/2289 2419/3231/2290
f 2412/3208/2283 2411/3207/2282 2426/3230/2297 2427/3232/2298
f 2405/3209/2276 2404/3206/2275 2419/3231/2290 2420/3233/2291
f 2413/3210/2284 2412/3208/2283 2427/3232/2298 2428/3234/2299
f 2406/3211/2277 2405/3209/2276 2420/3233/2291 2421/3235/2292
f 2399/3213/2270 2016/3236/1887 2414/3237/2285
f 2023/3238/1894 2413/3210/2284 2428/3234/2299
f 2407/3215/2278 2406/3211/2277 2421/3235/2292 2422/3222/2293
f 2400/3216/2271 2399/3213/2270 2414/3237/2285 2415/3224/2286
f 2427/3232/2298 2426/3230/2297 2441/3239/2312 2442/3240/2313
f 2420/3233/2291 2419/3231/2290 2434/3241/2305 2435/3242/2306
f 2428/3234/2299 2427/3232/2298 2442/3240/2313 2443/3243/2314
f 2421/3235/2292 2420/3233/2291 2435/3242/2306 2436/3244/2307
f 2414/3237/2285 2016/3245/1887 2429/3246/2300
f 2023/3247/1894 2428/3234/2299 2443/3243/2314
f 2422/3222/2293 2421/3235/2292 2436/3244/2307 2437/3248/2308
f 2415/3224/2286 2414/3237/2285 2429/3246/2300 2430/3249/2301
f 2423/3223/2294 2422/3222/2293 2437/3248/2308 2438/3250/2309
f 2416/3225/2287 2415/3224/2286 2430/3249/2301 2431/3251/2302
f 2424/3226/2295 2423/3223/2294 2438/3250/2309 2439/3252/2310
f 2417/3227/2288 2416/3225/2287 2431/3251/2302 2432/3253/2303
f 2425/3228/2296 2424/3226/2295 2439/3252/2310 2440/3254/2311
f 2418/3229/2289 2417/3227/2288 2432/3253/2303 2433/3255/2304
f 2426/3230/2297 2425/3228/2296 2440/3254/2311 2441/3239/2312
f 2419/3231/2290 2418/3229/2289 2433/3255/2304 2434/3241/2305
f 2431/3251/2302 2430/3249/2301 2445/3256/2316 2446/3257/2317
f 2439/3252/2310 2438/3250/2309 2453/3258/2324 2454/3259/2325
f 2432/3253/2303 2431/3251/2302 2446/3257/2317 2447/3260/2318
f 2440/3254/2311 2439/3252/2310 2454/3259/2325 2455/3261/2326
f 2433/3255/2304 2432/3253/2303 2447/3260/2318 2448/3262/2319
f 2441/3239/2312 2440/3254/2311 2455/3261/2326 2456/3263/2327
f 2434/3241/2305 2433/3255/2304 2448/3262/2319 2449/3264/2320
f 2442/3240/2313 2441/3239/2312 2456/3263/2327 2457/3265/2328
f 2435/3242/2306 2434/3241/2305 2449/3264/2320 2450/3266/2321
f 2443/3243/2314 2442/3240/2313 2457/3265/2328 2458/3267/2329
f 2436/3244/2307 2435/3242/2306 2450/3266/2321 2451/3268/2322
f 2429/3246/2300 2016/3269/1887 2444/3270/2315
f 2023/3271/1894 2443/3243/2314 2458/3267/2329
f 2437/3248/2308 2436/3244/2307 2451/3268/2322 2452/3272/2323
f 2430/3249/2301 2429/3246/2300 2444/3270/2315 2445/3256/2316
f 2438/3250/2309 2437/3248/2308 2452/3272/2323 2453/3258/2324
f 2450/3266/2321 2449/3264/2320 2464/3273/2335 2465/3274/2336
f 2458/3267/2329 2457/3265/2328 2472/3275/2343 2473/3276/2344
f 2451/3268/2322 2450/3266/2321 2465/3274/2336 2466/3277/2337
f 2444/3270/2315 2016/3278/1887 2459/3279/2330
f 2023/3280/1894 2458/3267/2329 2473/3276/2344
f 2452/3272/2323 2451/3268/2322 2466/3277/2337 2467/3281/2338
f 2445/3256/2316 2444/3270/2315 2459/3279/2330 2460/3282/2331
f 2453/3258/2324 2452/3272/2323 2467/3281/2338 2468/3283/2339
f 2446/3257/2317 2445/3256/2316 2460/3282/2331 2461/3284/2332
f 2454/3259/2325 2453/3258/2324 2468/3283/2339 2469/3285/2340
f 2447/3260/2318 2446/3257/2317 2461/3284/2332 2462/3286/2333
f 2455/3261/2326 2454/3259/2325 2469/3285/2340 2470/3287/2341
f 2448/3262/2319 2447/3260/2318 2462/3286/2333 2463/3288/2334
f 2456/3263/2327 2455/3261/2326 2470/3287/2341 2471/3289/2342
f 2449/3264/2320 2448/3262/2319 2463/3288/2334 2464/3273/2335
f 2457/3265/2328 2456/3263/2327 2471/3289/2342 2472/3275/2343
f 2469/3285/2340 2468/3283/2339 2483/3290/2354 2484/3291/2355
f 2462/3286/2333 2461/3284/2332 2476/3292/2347 2477/3293/2348
f 2470/3287/2341 2469/3285/2340 2484/3291/2355 2485/3294/2356
f 2463/3288/2334 2462/3286/2333 2477/3293/2348 2478/3295/2349
f 2471/3289/2342 2470/3287/2341 2485/3294/2356 2486/3296/2357
f 2464/3273/2335 2463/3288/2334 2478/3295/2349 2479/3297/2350
f 2472/3275/2343 2471/3289/2342 2486/3296/2357 2487/3298/2358
f 2465/3274/2336 2464/3273/2335 2479/3297/2350 2480/3299/2351
f 2473/3276/2344 2472/3275/2343 2487/3298/2358 2488/3300/2359
f 2466/3277/2337 2465/3274/2336 2480/3299/2351 2481/3301/2352
f 2459/3279/2330 2016/3302/1887 2474/3303/2345
f 2023/3304/1894 2473/3276/2344 2488/3300/2359
f 2467/3281/2338 2466/3277/2337 2481/3301/2352 2482/3305/2353
f 2460/3282/2331 2459/3279/2330 2474/3303/2345 2475/3306/2346
f 2468/3283/2339 2467/3281/2338 2482/3305/2353 2483/3290/2354
f 2461/3284/2332 2460/3282/2331 2475/3306/2346 2476/3292/2347
f 2488/3300/2359 2487/3298/2358 2496/2751/2367 2497/2750/2368
f 2481/3301/2352 2480/3299/2351 2019/2755/1890 2020/2754/1891
f 2474/3303/2345 2016/3307/1887 2489/2758/2360
f 2023/3308/1894 2488/3300/2359 2497/2750/2368
f 2482/3305/2353 2481/3301/2352 2020/2754/1891 2021/2762/1892
f 2475/3306/2346 2474/3303/2345 2489/2758/2360 2490/2764/2361
f 2483/3290/2354 2482/3305/2353 2021/2762/1892 2493/2766/2364
f 2476/3292/2347 2475/3306/2346 2490/2764/2361 2017/2768/1888
f 2484/3291/2355 2483/3290/2354 2493/2766/2364 2022/2770/1893
f 2477/3293/2348 2476/3292/2347 2017/2768/1888 2491/2772/2362
f 2485/3294/2356 2484/3291/2355 2022/2770/1893 2494/2774/2365
f 2478/3295/2349 2477/3293/2348 2491/2772/2362 2018/2776/1889
f 2486/3296/2357 2485/3294/2356 2494/2774/2365 2495/2778/2366
f 2479/3297/2350 2478/3295/2349 2018/2776/1889 2492/2780/2363
f 2487/3298/2358 2486/3296/2357 2495/2778/2366 2496/2751/2367
f 2480/3299/2351 2479/3297/2350 2492/2780/2363 2019/2755/1890
o 球.001
v -0.356833 0.022772 -0.317150
v -0.356833 0.042363 -0.468851
v -0.356833 0.028749 -0.550588
v -0.356833 -0.004265 -0.601856
v -0.356833 -0.026574 -0.613406
v -0.356833 -0.051653 -0.614850
v -0.356833 -0.106200 -0.587593
v -0.356833 -0.220130 -0.383757
v -0.348921 0.034235 -0.368104
v -0.341314 0.040590 -0.418379
v -0.334303 0.041594 -0.466044
v -0.328157 0.037206 -0.509267
v -0.323114 0.027597 -0.546387
v -0.319367 0.013135 -0.575977
v -0.317059 -0.005624 -0.596901
v -0.316280 -0.027959 -0.608353
v -0.317059 -0.053012 -0.609895
v -0.319367 -0.079820 -0.601467
v -0.323114 -0.107352 -0.583392
v -0.328157 -0.134551 -0.556365
v -0.334303 -0.160372 -0.521426
v -0.341314 -0.183822 -0.479916
v -0.348921 -0.204000 -0.433431
v -0.341314 0.033435 -0.365184
v -0.326391 0.039020 -0.412653
v -0.312638 0.039314 -0.457731
v -0.300584 0.034305 -0.498686
v -0.290691 0.024185 -0.533945
v -0.283340 0.009344 -0.562153
v -0.278814 -0.009648 -0.582225
v -0.277285 -0.032062 -0.593390
v -0.278814 -0.057036 -0.595219
v -0.283340 -0.083610 -0.587642
v -0.290691 -0.110764 -0.570950
v -0.300584 -0.137453 -0.545785
v -0.312638 -0.162652 -0.513113
v -0.326391 -0.185392 -0.474190
v -0.341314 -0.204800 -0.430512
v -0.334303 0.032135 -0.360444
v -0.312638 0.036470 -0.403354
v -0.292673 0.035612 -0.444231
v -0.275172 0.029593 -0.481504
v -0.260810 0.018645 -0.513741
v -0.250138 0.003188 -0.539703
v -0.243567 -0.016184 -0.558392
v -0.241348 -0.038725 -0.569090
v -0.243567 -0.063571 -0.571387
v -0.250138 -0.089766 -0.565192
v -0.260810 -0.116304 -0.550746
v -0.275172 -0.142164 -0.528602
v -0.292673 -0.166353 -0.499613
v -0.312638 -0.187942 -0.464891
v -0.334303 -0.206100 -0.425771
v -0.328157 0.030385 -0.354064
v -0.300584 0.033039 -0.390839
v -0.275172 0.030630 -0.426063
v -0.252899 0.023253 -0.458380
v -0.234619 0.011189 -0.486551
v -0.221037 -0.005097 -0.509491
v -0.212672 -0.024979 -0.526319
v -0.209848 -0.047693 -0.536389
v -0.212672 -0.072366 -0.539313
v -0.221037 -0.098051 -0.534980
v -0.234619 -0.123760 -0.523556
v -0.252899 -0.148505 -0.505479
v -0.275172 -0.171335 -0.481445
v -0.300584 -0.191374 -0.452377
v -0.328157 -0.207850 -0.419392
v -0.323114 0.028254 -0.346290
v -0.290691 0.028857 -0.375591
v -0.260810 0.024560 -0.403925
v -0.234619 0.015526 -0.430204
v -0.213125 0.002104 -0.453419
v -0.197153 -0.015191 -0.472677
v -0.187318 -0.035695 -0.487238
v -0.183997 -0.058619 -0.496542
v -0.187318 -0.083083 -0.500232
v -0.197153 -0.108146 -0.498167
v -0.213125 -0.132845 -0.490424
v -0.234619 -0.156231 -0.477303
v -0.260810 -0.177406 -0.459307
v -0.290691 -0.195555 -0.437128
v -0.323114 -0.209981 -0.411618
v -0.319367 0.025822 -0.337421
v -0.283340 0.024087 -0.358193
v -0.250138 0.017634 -0.378668
v -0.221037 0.006711 -0.398059
v -0.197153 -0.008261 -0.415620
v -0.179407 -0.026709 -0.430676
v -0.168478 -0.047922 -0.442650
v -0.164788 -0.071085 -0.451081
v -0.168478 -0.095310 -0.455645
v -0.179407 -0.119663 -0.456166
v -0.197153 -0.143210 -0.452625
v -0.221037 -0.165046 -0.445157
v -0.250138 -0.184332 -0.434050
v -0.283340 -0.200326 -0.419731
v -0.319367 -0.212413 -0.402749
v -0.317059 0.023183 -0.327798
v -0.278814 0.018910 -0.339316
v -0.243567 0.010119 -0.351263
v -0.212672 -0.002853 -0.363178
v -0.187318 -0.019508 -0.374605
v -0.168478 -0.039205 -0.385103
v -0.156877 -0.061188 -0.394270
v -0.152959 -0.084612 -0.401753
v -0.156877 -0.108576 -0.407265
v -0.168478 -0.132160 -0.410593
v -0.187318 -0.154457 -0.411610
v -0.212672 -0.174611 -0.410277
v -0.243567 -0.191847 -0.406645
v -0.278814 -0.205502 -0.400854
v -0.317059 -0.215052 -0.393126
v -0.316280 0.020438 -0.317790
v -0.277285 0.013527 -0.319685
v -0.241348 0.002304 -0.322763
v -0.209848 -0.012800 -0.326904
v -0.183997 -0.031204 -0.331951
v -0.164788 -0.052202 -0.337709
v -0.152959 -0.074985 -0.343956
v -0.148965 -0.098679 -0.350454
v -0.152959 -0.122373 -0.356951
v -0.164788 -0.145156 -0.363198
v -0.183997 -0.166154 -0.368956
v -0.209848 -0.184558 -0.374003
v -0.241348 -0.199662 -0.378145
v -0.277285 -0.210885 -0.381222
v -0.316280 -0.217796 -0.383117
v -0.317059 0.017694 -0.307782
v -0.278814 0.008144 -0.300054
v -0.243567 -0.005511 -0.294262
v -0.212672 -0.022747 -0.290630
v -0.187318 -0.042901 -0.289297
v -0.168478 -0.065198 -0.290314
v -0.156877 -0.088782 -0.293643
v -0.152959 -0.112746 -0.299154
v -0.156877 -0.136170 -0.306637
v -0.168478 -0.158153 -0.315804
v -0.187318 -0.177850 -0.326302
v -0.212672 -0.194505 -0.337729
v -0.243567 -0.207477 -0.349644
v -0.278814 -0.216268 -0.361591
v -0.317059 -0.220541 -0.373109
v -0.319367 0.015055 -0.298158
v -0.283340 0.002967 -0.281177
v -0.250138 -0.013026 -0.266857
v -0.221037 -0.032312 -0.255750
v -0.197153 -0.054148 -0.248282
v -0.179407 -0.077695 -0.244741
v -0.168478 -0.102049 -0.245263
v -0.164788 -0.126273 -0.249826
v -0.168478 -0.149436 -0.258257
v -0.179407 -0.170650 -0.270231
v -0.197153 -0.189097 -0.285288
v -0.221037 -0.204070 -0.302849
v -0.250138 -0.214992 -0.322239
v -0.283340 -0.221445 -0.342714
v -0.319367 -0.223180 -0.363486
v -0.323114 0.012623 -0.289289
v -0.290691 -0.001803 -0.263779
v -0.260810 -0.019952 -0.241600
v -0.234619 -0.041127 -0.223604
v -0.213125 -0.064513 -0.210483
v -0.197153 -0.089212 -0.202741
v -0.187318 -0.114275 -0.200675
v -0.183997 -0.138739 -0.204365
v -0.187318 -0.161663 -0.213670
v -0.197153 -0.182167 -0.228230
v -0.213125 -0.199462 -0.247488
v -0.234619 -0.212884 -0.270703
v -0.260810 -0.221918 -0.296982
v -0.290691 -0.226215 -0.325317
v -0.323114 -0.225612 -0.354617
v -0.328157 0.010491 -0.281516
v -0.300584 -0.005985 -0.248531
v -0.275172 -0.026023 -0.219463
v -0.252899 -0.048853 -0.195428
v -0.234619 -0.073598 -0.177352
v -0.221037 -0.099307 -0.165927
v -0.212672 -0.124992 -0.161594
v -0.209848 -0.149665 -0.164518
v -0.212672 -0.172380 -0.174588
v -0.221037 -0.192262 -0.191417
v -0.234619 -0.208547 -0.214357
v -0.252899 -0.220611 -0.242527
v -0.275172 -0.227988 -0.274845
v -0.300584 -0.230397 -0.310068
v -0.328157 -0.227743 -0.346843
v -0.334303 0.008742 -0.275136
v -0.312638 -0.009416 -0.236016
v -0.292673 -0.031005 -0.201295
v -0.275172 -0.055194 -0.172305
v -0.260810 -0.081054 -0.150161
v -0.250138 -0.107592 -0.135715
v -0.243567 -0.133787 -0.129521
v -0.241348 -0.158633 -0.131817
v -0.243567 -0.181175 -0.142515
v -0.250138 -0.200546 -0.161205
v -0.260810 -0.216003 -0.187166
v -0.275172 -0.226951 -0.219403
v -0.292673 -0.232970 -0.256677
v -0.312638 -0.233828 -0.297554
v -0.334303 -0.229493 -0.340464
v -0.341314 0.007442 -0.270395
v -0.326391 -0.011966 -0.226717
v -0.312638 -0.034707 -0.187795
v -0.300584 -0.059905 -0.155123
v -0.290691 -0.086594 -0.129957
v -0.283340 -0.113748 -0.113265
v -0.278814 -0.140322 -0.105688
v -0.277285 -0.165296 -0.107518
v -0.278814 -0.187710 -0.118683
v -0.283340 -0.206702 -0.138755
v -0.290691 -0.221544 -0.166962
v -0.300584 -0.231663 -0.202221
v -0.312638 -0.236672 -0.243177
v -0.326391 -0.236378 -0.288255
v -0.341314 -0.230793 -0.335723
v -0.348921 0.006642 -0.267476
v -0.341314 -0.013536 -0.220991
v -0.334303 -0.036986 -0.179481
v -0.328157 -0.062807 -0.144542
v -0.323114 -0.090006 -0.117515
v -0.319367 -0.117539 -0.099441
v -0.317059 -0.144346 -0.091012
v -0.316280 -0.169399 -0.092554
v -0.317059 -0.191734 -0.104007
v -0.319367 -0.210493 -0.124930
v -0.323114 -0.224955 -0.154521
v -0.328157 -0.234565 -0.191640
v -0.334303 -0.238952 -0.234863
v -0.341314 -0.237949 -0.282528
v -0.348921 -0.231593 -0.332804
v -0.356833 0.006371 -0.266490
v -0.356833 -0.014067 -0.219058
v -0.356833 -0.037756 -0.176674
v -0.356833 -0.063787 -0.140969
v -0.356833 -0.091158 -0.113314
v -0.356833 -0.118819 -0.094773
v -0.356833 -0.145705 -0.086057
v -0.356833 -0.170785 -0.087502
v -0.356833 -0.193093 -0.099051
v -0.356833 -0.211773 -0.120262
v -0.356833 -0.226107 -0.150320
v -0.356833 -0.235544 -0.188068
v -0.356833 -0.239722 -0.232056
v -0.356833 -0.238479 -0.280595
v -0.356833 -0.231864 -0.331818
v -0.364744 0.006642 -0.267476
v -0.372352 -0.013536 -0.220991
v -0.379363 -0.036986 -0.179481
v -0.385508 -0.062807 -0.144542
v -0.390551 -0.090006 -0.117515
v -0.394299 -0.117539 -0.099441
v -0.396606 -0.144346 -0.091012
v -0.397386 -0.169399 -0.092554
v -0.396606 -0.191734 -0.104007
v -0.394299 -0.210493 -0.124930
v -0.390551 -0.224955 -0.154521
v -0.385508 -0.234565 -0.191640
v -0.379363 -0.238952 -0.234863
v -0.372352 -0.237949 -0.282528
v -0.364744 -0.231593 -0.332804
v -0.372352 0.007442 -0.270395
v -0.387274 -0.011966 -0.226717
v -0.401027 -0.034707 -0.187795
v -0.413081 -0.059905 -0.155123
v -0.422974 -0.086594 -0.129957
v -0.430325 -0.113748 -0.113265
v -0.434852 -0.140322 -0.105688
v -0.436380 -0.165296 -0.107518
v -0.434852 -0.187710 -0.118683
v -0.430325 -0.206702 -0.138755
v -0.422974 -0.221544 -0.166962
v -0.413081 -0.231663 -0.202221
v -0.401027 -0.236672 -0.243177
v -0.387274 -0.236378 -0.288255
v -0.372352 -0.230793 -0.335723
v -0.379363 0.008742 -0.275136
v -0.401027 -0.009416 -0.236016
v -0.420993 -0.031005 -0.201295
v -0.438493 -0.055194 -0.172305
v -0.452855 -0.081054 -0.150161
v -0.463527 -0.107592 -0.135715
v -0.470099 -0.133787 -0.129521
v -0.472318 -0.158633 -0.131817
v -0.470099 -0.181175 -0.142515
v -0.463527 -0.200546 -0.161205
v -0.452855 -0.216003 -0.187167
v -0.438493 -0.226951 -0.219403
v -0.420993 -0.232970 -0.256677
v -0.401027 -0.233828 -0.297554
v -0.379363 -0.229493 -0.340464
v -0.385508 0.010491 -0.281516
v -0.413081 -0.005985 -0.248531
v -0.438493 -0.026023 -0.219463
v -0.460767 -0.048853 -0.195428
v -0.479046 -0.073598 -0.177352
v -0.492629 -0.099307 -0.165927
v -0.500993 -0.124992 -0.161594
v -0.503817 -0.149665 -0.164519
v -0.500993 -0.172380 -0.174588
v -0.492629 -0.192262 -0.191417
v -0.479046 -0.208547 -0.214357
v -0.460767 -0.220611 -0.242527
v -0.438493 -0.227988 -0.274845
v -0.413081 -0.230397 -0.310068
v -0.385508 -0.227743 -0.346843
v -0.390551 0.012623 -0.289289
v -0.422974 -0.001803 -0.263779
v -0.452855 -0.019952 -0.241600
v -0.479046 -0.041127 -0.223604
v -0.500540 -0.064513 -0.210483
v -0.516512 -0.089212 -0.202741
v -0.526347 -0.114275 -0.200675
v -0.529668 -0.138739 -0.204365
v -0.526347 -0.161663 -0.213670
v -0.516512 -0.182167 -0.228230
v -0.500540 -0.199462 -0.247488
v -0.479046 -0.212884 -0.270703
v -0.452855 -0.221918 -0.296982
v -0.422974 -0.226215 -0.325317
v -0.390551 -0.225612 -0.354617
v -0.394299 0.015055 -0.298158
v -0.430325 0.002967 -0.281177
v -0.463527 -0.013026 -0.266857
v -0.492629 -0.032312 -0.255750
v -0.516512 -0.054148 -0.248282
v -0.534259 -0.077695 -0.244741
v -0.545187 -0.102049 -0.245263
v -0.548877 -0.126273 -0.249826
v -0.545187 -0.149436 -0.258257
v -0.534259 -0.170650 -0.270231
v -0.516512 -0.189097 -0.285288
v -0.492629 -0.204070 -0.302849
v -0.463527 -0.214992 -0.322239
v -0.430325 -0.221445 -0.342714
v -0.394299 -0.223180 -0.363486
v -0.396606 0.017694 -0.307782
v -0.434852 0.008144 -0.300054
v -0.470099 -0.005511 -0.294262
v -0.500993 -0.022747 -0.290630
v -0.526347 -0.042901 -0.289297
v -0.545187 -0.065198 -0.290314
v -0.556789 -0.088782 -0.293643
v -0.560706 -0.112746 -0.299154
v -0.556789 -0.136170 -0.306637
v -0.545187 -0.158153 -0.315804
v -0.526347 -0.177850 -0.326302
v -0.500993 -0.194505 -0.337729
v -0.470099 -0.207477 -0.349644
v -0.434852 -0.216268 -0.361591
v -0.396606 -0.220541 -0.373109
v -0.397386 0.020438 -0.317790
v -0.436380 0.013527 -0.319685
v -0.472318 0.002304 -0.322763
v -0.503817 -0.012800 -0.326904
v -0.529668 -0.031204 -0.331951
v -0.548877 -0.052202 -0.337709
v -0.560706 -0.074985 -0.343956
v -0.564700 -0.098679 -0.350454
v -0.560706 -0.122373 -0.356951
v -0.548877 -0.145156 -0.363198
v -0.529668 -0.166154 -0.368956
v -0.503817 -0.184558 -0.374003
v -0.472318 -0.199662 -0.378145
v -0.436380 -0.210885 -0.381222
v -0.397386 -0.217796 -0.383117
v -0.396606 0.023183 -0.327798
v -0.434852 0.018910 -0.339316
v -0.470099 0.010119 -0.351263
v -0.500993 -0.002853 -0.363178
v -0.526347 -0.019508 -0.374605
v -0.545187 -0.039205 -0.385103
v -0.556789 -0.061188 -0.394270
v -0.560706 -0.084612 -0.401753
v -0.556789 -0.108576 -0.407265
v -0.545187 -0.132160 -0.410593
v -0.526347 -0.154457 -0.411610
v -0.500993 -0.174611 -0.410277
v -0.470099 -0.191847 -0.406645
v -0.434852 -0.205502 -0.400854
v -0.396606 -0.215052 -0.393126
v -0.394299 0.025822 -0.337421
v -0.430325 0.024087 -0.358193
v -0.463527 0.017634 -0.378668
v -0.492629 0.006711 -0.398059
v -0.516512 -0.008261 -0.415620
v -0.534259 -0.026709 -0.430676
v -0.545187 -0.047922 -0.442650
v -0.548877 -0.071085 -0.451081
v -0.545187 -0.095310 -0.455645
v -0.534259 -0.119663 -0.456166
v -0.516512 -0.143210 -0.452625
v -0.492629 -0.165046 -0.445157
v -0.463527 -0.184332 -0.434050
v -0.430325 -0.200326 -0.419731
v -0.394299 -0.212413 -0.402749
v -0.390551 0.028254 -0.346290
v -0.422974 0.028857 -0.375591
v -0.452855 0.024560 -0.403925
v -0.479046 0.015526 -0.430204
v -0.500540 0.002104 -0.453419
v -0.516512 -0.015191 -0.472677
v -0.526347 -0.035695 -0.487238
v -0.529668 -0.058619 -0.496542
v -0.526347 -0.083083 -0.500232
v -0.516512 -0.108146 -0.498166
v -0.500540 -0.132845 -0.490424
v -0.479046 -0.156231 -0.477303
v -0.452855 -0.177406 -0.459307
v -0.422974 -0.195555 -0.437128
v -0.390551 -0.209981 -0.411618
v -0.385508 0.030385 -0.354064
v -0.413081 0.033039 -0.390839
v -0.438493 0.030630 -0.426063
v -0.460766 0.023253 -0.458380
v -0.479046 0.011189 -0.486551
v -0.492629 -0.005097 -0.509491
v -0.500993 -0.024979 -0.526319
v -0.503817 -0.047693 -0.536389
v -0.500993 -0.072366 -0.539313
v -0.492629 -0.098051 -0.534980
v -0.479046 -0.123760 -0.523556
v -0.460766 -0.148505 -0.505479
v -0.438493 -0.171335 -0.481445
v -0.413081 -0.191374 -0.452377
v -0.385508 -0.207850 -0.419392
v -0.379363 0.032135 -0.360444
v -0.401027 0.036470 -0.403354
v -0.420993 0.035612 -0.444231
v -0.438493 0.029593 -0.481504
v -0.452855 0.018645 -0.513741
v -0.463527 0.003188 -0.539703
v -0.470099 -0.016184 -0.558392
v -0.472318 -0.038726 -0.569090
v -0.470099 -0.063571 -0.571386
v -0.463527 -0.089767 -0.565192
v -0.452855 -0.116304 -0.550746
v -0.438493 -0.142164 -0.528602
v -0.420993 -0.166354 -0.499613
v -0.401027 -0.187942 -0.464891
v -0.379363 -0.206100 -0.425771
v -0.372352 0.033435 -0.365184
v -0.387274 0.039020 -0.412653
v -0.401027 0.039314 -0.457731
v -0.413081 0.034305 -0.498686
v -0.422974 0.024185 -0.533945
v -0.430325 0.009344 -0.562152
v -0.434852 -0.009648 -0.582224
v -0.436380 -0.032062 -0.593390
v -0.434852 -0.057036 -0.595219
v -0.430325 -0.083610 -0.587642
v -0.422974 -0.110764 -0.570950
v -0.413081 -0.137453 -0.545785
v -0.401027 -0.162652 -0.513113
v -0.387274 -0.185392 -0.474190
v -0.372352 -0.204800 -0.430512
v -0.364744 0.034235 -0.368103
v -0.372352 0.040590 -0.418379
v -0.379363 0.041594 -0.466044
v -0.385508 0.037206 -0.509267
v -0.390551 0.027597 -0.546387
v -0.394299 0.013135 -0.575977
v -0.396606 -0.005624 -0.596900
v -0.397386 -0.027959 -0.608353
v -0.396606 -0.053012 -0.609895
v -0.394299 -0.079820 -0.601466
v -0.390551 -0.107352 -0.583392
v -0.385508 -0.134551 -0.556365
v -0.379363 -0.160372 -0.521426
v -0.372352 -0.183822 -0.479916
v -0.364744 -0.204000 -0.433431
v -0.356833 0.034505 -0.369089
v -0.356833 0.041121 -0.420312
v -0.356833 0.038186 -0.512840
v -0.356833 0.014415 -0.580645
v -0.356833 -0.078540 -0.606134
v -0.356833 -0.133572 -0.559938
v -0.356833 -0.159602 -0.524233
v -0.356833 -0.183292 -0.481850
v -0.356833 -0.203729 -0.434417
vn -0.0000 0.9644 0.2645
vn -0.0000 0.9994 -0.0348
vn -0.0000 0.9425 -0.3341
vn -0.0000 0.6226 -0.7825
vn -0.0000 0.2645 -0.9644
vn -0.0000 -0.1363 -0.9907
vn -0.0000 -0.6403 -0.7681
vn -0.0000 -0.9644 -0.2645
vn 0.0241 0.9844 0.1740
vn 0.0488 0.9957 0.0791
vn 0.0761 0.9967 -0.0292
vn 0.1078 0.9813 -0.1593
vn 0.1456 0.9355 -0.3220
vn 0.1896 0.8289 -0.5263
vn 0.2326 0.6109 -0.7568
vn 0.2525 0.2559 -0.9332
vn 0.2326 -0.1394 -0.9625
vn 0.1896 -0.4445 -0.8755
vn 0.1456 -0.6404 -0.7542
vn 0.1078 -0.7628 -0.6376
vn 0.0761 -0.8424 -0.5335
vn 0.0488 -0.8967 -0.4398
vn 0.0241 -0.9355 -0.3525
vn 0.0473 0.9827 0.1791
vn 0.0956 0.9914 0.0894
vn 0.1488 0.9888 -0.0129
vn 0.2100 0.9683 -0.1353
vn 0.2820 0.9154 -0.2872
vn 0.3642 0.8007 -0.4756
vn 0.4422 0.5788 -0.6852
vn 0.4774 0.2324 -0.8474
vn 0.4422 -0.1484 -0.8846
vn 0.3642 -0.4462 -0.8175
vn 0.2820 -0.6409 -0.7140
vn 0.2100 -0.7639 -0.6103
vn 0.1488 -0.8439 -0.5154
vn 0.0956 -0.8983 -0.4288
vn 0.0473 -0.9366 -0.3472
vn 0.0687 0.9799 0.1874
vn 0.1385 0.9847 0.1062
vn 0.2149 0.9765 0.0135
vn 0.3018 0.9484 -0.0970
vn 0.4021 0.8855 -0.2329
vn 0.5132 0.7600 -0.3988
vn 0.6147 0.5336 -0.5809
vn 0.6591 0.1989 -0.7253
vn 0.6147 -0.1627 -0.7718
vn 0.5132 -0.4503 -0.7307
vn 0.4021 -0.6429 -0.6520
vn 0.3018 -0.7663 -0.5672
vn 0.2149 -0.8468 -0.4865
vn 0.1385 -0.9011 -0.4109
vn 0.0687 -0.9384 -0.3386
vn 0.0874 0.9762 0.1986
vn 0.1758 0.9760 0.1286
vn 0.2719 0.9611 0.0486
vn 0.3797 0.9239 -0.0468
vn 0.5013 0.8497 -0.1633
vn 0.6320 0.7128 -0.3041
vn 0.7466 0.4828 -0.4578
vn 0.7953 0.1603 -0.5847
vn 0.7466 -0.1817 -0.6400
vn 0.6320 -0.4580 -0.6252
vn 0.5013 -0.6475 -0.5739
vn 0.3797 -0.7708 -0.5115
vn 0.2719 -0.8514 -0.4485
vn 0.1758 -0.9051 -0.3872
vn 0.0874 -0.9410 -0.3271
vn 0.1027 0.9718 0.2123
vn 0.2062 0.9660 0.1560
vn 0.3179 0.9438 0.0909
vn 0.4414 0.8972 0.0129
vn 0.5780 0.8118 -0.0827
vn 0.7204 0.6646 -0.1983
vn 0.8411 0.4316 -0.3259
vn 0.8911 0.1200 -0.4377
vn 0.8411 -0.2050 -0.5005
vn 0.7204 -0.4705 -0.5095
vn 0.5780 -0.6561 -0.4852
vn 0.4414 -0.7783 -0.4466
vn 0.3179 -0.8581 -0.4032
vn 0.2062 -0.9104 -0.3586
vn 0.1027 -0.9441 -0.3131
vn 0.1140 0.9670 0.2278
vn 0.2287 0.9554 0.1871
vn 0.3515 0.9258 0.1388
vn 0.4858 0.8704 0.0796
vn 0.6319 0.7750 0.0056
vn 0.7808 0.6188 -0.0860
vn 0.9037 0.3833 -0.1908
vn 0.9536 0.0796 -0.2904
vn 0.9037 -0.2323 -0.3596
vn 0.7808 -0.4884 -0.3896
vn 0.6319 -0.6695 -0.3905
vn 0.4858 -0.7893 -0.3755
vn 0.3515 -0.8671 -0.3529
vn 0.2287 -0.9172 -0.3264
vn 0.1140 -0.9480 -0.2973
vn 0.1210 0.9620 0.2448
vn 0.2424 0.9447 0.2209
vn 0.3719 0.9085 0.1906
vn 0.5125 0.8453 0.1512
vn 0.6638 0.7413 0.0989
vn 0.8158 0.5776 0.0301
vn 0.9392 0.3390 -0.0547
vn 0.9887 0.0396 -0.1446
vn 0.9392 -0.2637 -0.2200
vn 0.8158 -0.5121 -0.2687
vn 0.6638 -0.6881 -0.2931
vn 0.5125 -0.8042 -0.3011
vn 0.3719 -0.8787 -0.2994
vn 0.2424 -0.9252 -0.2918
vn 0.1210 -0.9523 -0.2802
vn 0.1233 0.9570 0.2624
vn 0.2471 0.9345 0.2563
vn 0.3788 0.8925 0.2447
vn 0.5214 0.8229 0.2257
vn 0.6744 0.7121 0.1953
vn 0.8272 0.5419 0.1486
vn 0.9507 0.2992 0.0820
vn 1.0000 -0.0000 -0.0000
vn 0.9507 -0.2992 -0.0820
vn 0.8272 -0.5419 -0.1486
vn 0.6744 -0.7121 -0.1953
vn 0.5214 -0.8229 -0.2257
vn 0.3788 -0.8925 -0.2447
vn 0.2471 -0.9345 -0.2563
vn 0.1233 -0.9570 -0.2624
vn 0.1210 0.9523 0.2802
vn 0.2424 0.9252 0.2918
vn 0.3719 0.8787 0.2994
vn 0.5125 0.8042 0.3011
vn 0.6638 0.6881 0.2931
vn 0.8158 0.5121 0.2687
vn 0.9392 0.2637 0.2200
vn 0.9887 -0.0396 0.1446
vn 0.9392 -0.3390 0.0547
vn 0.8158 -0.5776 -0.0301
vn 0.6638 -0.7413 -0.0989
vn 0.5125 -0.8453 -0.1512
vn 0.3719 -0.9085 -0.1906
vn 0.2424 -0.9447 -0.2209
vn 0.1210 -0.9620 -0.2448
vn 0.1140 0.9480 0.2973
vn 0.2287 0.9172 0.3264
vn 0.3515 0.8671 0.3529
vn 0.4858 0.7893 0.3755
vn 0.6319 0.6695 0.3905
vn 0.7808 0.4884 0.3896
vn 0.9037 0.2323 0.3596
vn 0.9536 -0.0796 0.2904
vn 0.9037 -0.3833 0.1908
vn 0.7808 -0.6188 0.0860
vn 0.6319 -0.7750 -0.0056
vn 0.4858 -0.8704 -0.0796
vn 0.3515 -0.9258 -0.1388
vn 0.2287 -0.9554 -0.1871
vn 0.1140 -0.9670 -0.2278
vn 0.1027 0.9441 0.3131
vn 0.2062 0.9104 0.3586
vn 0.3179 0.8581 0.4032
vn 0.4414 0.7783 0.4466
vn 0.5780 0.6561 0.4852
vn 0.7204 0.4705 0.5095
vn 0.8411 0.2050 0.5005
vn 0.8911 -0.1200 0.4377
vn 0.8411 -0.4316 0.3259
vn 0.7204 -0.6646 0.1983
vn 0.5780 -0.8118 0.0827
vn 0.4414 -0.8972 -0.0129
vn 0.3179 -0.9438 -0.0909
vn 0.2062 -0.9660 -0.1560
vn 0.1027 -0.9718 -0.2123
vn 0.0874 0.9410 0.3271
vn 0.1758 0.9051 0.3872
vn 0.2719 0.8514 0.4485
vn 0.3797 0.7708 0.5115
vn 0.5013 0.6475 0.5739
vn 0.6320 0.4580 0.6252
vn 0.7466 0.1817 0.6400
vn 0.7953 -0.1603 0.5847
vn 0.7466 -0.4828 0.4578
vn 0.6320 -0.7128 0.3041
vn 0.5013 -0.8497 0.1633
vn 0.3797 -0.9239 0.0468
vn 0.2719 -0.9611 -0.0486
vn 0.1758 -0.9760 -0.1286
vn 0.0874 -0.9762 -0.1986
vn 0.0687 0.9384 0.3386
vn 0.1385 0.9011 0.4109
vn 0.2149 0.8468 0.4865
vn 0.3018 0.7663 0.5672
vn 0.4021 0.6429 0.6520
vn 0.5132 0.4503 0.7307
vn 0.6147 0.1627 0.7718
vn 0.6591 -0.1989 0.7253
vn 0.6147 -0.5336 0.5809
vn 0.5132 -0.7600 0.3988
vn 0.4021 -0.8855 0.2329
vn 0.3018 -0.9484 0.0970
vn 0.2149 -0.9765 -0.0135
vn 0.1385 -0.9847 -0.1062
vn 0.0687 -0.9799 -0.1874
vn 0.0473 0.9366 0.3472
vn 0.0956 0.8983 0.4288
vn 0.1488 0.8439 0.5154
vn 0.2100 0.7639 0.6103
vn 0.2820 0.6409 0.7140
vn 0.3642 0.4462 0.8175
vn 0.4422 0.1484 0.8846
vn 0.4774 -0.2324 0.8474
vn 0.4422 -0.5788 0.6852
vn 0.3642 -0.8007 0.4756
vn 0.2820 -0.9154 0.2872
vn 0.2100 -0.9683 0.1353
vn 0.1488 -0.9888 0.0129
vn 0.0956 -0.9914 -0.0894
vn 0.0473 -0.9827 -0.1791
vn 0.0241 0.9355 0.3525
vn 0.0488 0.8967 0.4398
vn 0.0761 0.8424 0.5335
vn 0.1078 0.7628 0.6376
vn 0.1456 0.6404 0.7542
vn 0.1896 0.4445 0.8755
vn 0.2326 0.1394 0.9625
vn 0.2525 -0.2559 0.9332
vn 0.2326 -0.6109 0.7568
vn 0.1896 -0.8289 0.5263
vn 0.1456 -0.9355 0.3220
vn 0.1078 -0.9813 0.1593
vn 0.0761 -0.9967 0.0292
vn 0.0488 -0.9957 -0.0791
vn 0.0241 -0.9844 -0.1740
vn -0.0000 0.9352 0.3542
vn -0.0000 0.8962 0.4436
vn -0.0000 0.8419 0.5397
vn -0.0000 0.7625 0.6470
vn -0.0000 0.6403 0.7681
vn -0.0000 0.4441 0.8960
vn -0.0000 0.1363 0.9907
vn -0.0000 -0.2645 0.9644
vn -0.0000 -0.6226 0.7825
vn -0.0000 -0.8390 0.5442
vn -0.0000 -0.9426 0.3341
vn -0.0000 -0.9859 0.1675
vn -0.0000 -0.9994 0.0348
vn -0.0000 -0.9971 -0.0756
vn -0.0000 -0.9850 -0.1723
vn -0.0241 0.9355 0.3525
vn -0.0488 0.8967 0.4398
vn -0.0761 0.8424 0.5335
vn -0.1078 0.7628 0.6376
vn -0.1456 0.6404 0.7542
vn -0.1896 0.4445 0.8755
vn -0.2326 0.1394 0.9625
vn -0.2525 -0.2559 0.9332
vn -0.2326 -0.6109 0.7568
vn -0.1896 -0.8289 0.5263
vn -0.1456 -0.9355 0.3220
vn -0.1078 -0.9813 0.1593
vn -0.0761 -0.9967 0.0292
vn -0.0488 -0.9957 -0.0791
vn -0.0241 -0.9844 -0.1740
vn -0.0473 0.9366 0.3472
vn -0.0956 0.8983 0.4288
vn -0.1488 0.8439 0.5154
vn -0.2100 0.7639 0.6103
vn -0.2820 0.6409 0.7140
vn -0.3642 0.4462 0.8175
vn -0.4422 0.1484 0.8846
vn -0.4774 -0.2324 0.8474
vn -0.4422 -0.5788 0.6852
vn -0.3642 -0.8007 0.4756
vn -0.2820 -0.9154 0.2872
vn -0.2100 -0.9683 0.1353
vn -0.1488 -0.9888 0.0129
vn -0.0956 -0.9914 -0.0894
vn -0.0473 -0.9827 -0.1791
vn -0.0687 0.9384 0.3386
vn -0.1385 0.9011 0.4109
vn -0.2149 0.8468 0.4865
vn -0.3018 0.7663 0.5672
vn -0.4021 0.6429 0.6520
vn -0.5132 0.4503 0.7307
vn -0.6147 0.1627 0.7718
vn -0.6591 -0.1989 0.7253
vn -0.6147 -0.5336 0.5809
vn -0.5132 -0.7600 0.3988
vn -0.4021 -0.8855 0.2329
vn -0.3018 -0.9484 0.0970
vn -0.2149 -0.9765 -0.0135
vn -0.1385 -0.9847 -0.1062
vn -0.0687 -0.9799 -0.1874
vn -0.0874 0.9410 0.3271
vn -0.1758 0.9051 0.3872
vn -0.2719 0.8514 0.4485
vn -0.3797 0.7708 0.5115
vn -0.5013 0.6475 0.5739
vn -0.6320 0.4580 0.6252
vn -0.7466 0.1817 0.6400
vn -0.7953 -0.1603 0.5847
vn -0.7466 -0.4828 0.4578
vn -0.6320 -0.7128 0.3041
vn -0.5013 -0.8497 0.1633
vn -0.3797 -0.9239 0.0468
vn -0.2719 -0.9611 -0.0486
vn -0.1758 -0.9760 -0.1286
vn -0.0874 -0.9762 -0.1986
vn -0.1027 0.9441 0.3131
vn -0.2062 0.9104 0.3586
vn -0.3179 0.8581 0.4032
vn -0.4414 0.7783 0.4466
vn -0.5780 0.6561 0.4852
vn -0.7204 0.4705 0.5095
vn -0.8411 0.2050 0.5005
vn -0.8911 -0.1200 0.4377
vn -0.8411 -0.4316 0.3259
vn -0.7204 -0.6646 0.1983
vn -0.5780 -0.8118 0.0827
vn -0.4414 -0.8972 -0.0129
vn -0.3179 -0.9438 -0.0909
vn -0.2062 -0.9660 -0.1560
vn -0.1027 -0.9718 -0.2123
vn -0.1140 0.9480 0.2973
vn -0.2287 0.9172 0.3264
vn -0.3515 0.8671 0.3529
vn -0.4858 0.7893 0.3755
vn -0.6319 0.6695 0.3905
vn -0.7808 0.4884 0.3896
vn -0.9037 0.2323 0.3596
vn -0.9536 -0.0796 0.2904
vn -0.9037 -0.3833 0.1908
vn -0.7808 -0.6188 0.0860
vn -0.6319 -0.7750 -0.0056
vn -0.4858 -0.8704 -0.0796
vn -0.3515 -0.9258 -0.1388
vn -0.2287 -0.9554 -0.1871
vn -0.1140 -0.9670 -0.2278
vn -0.1210 0.9523 0.2802
vn -0.2424 0.9252 0.2918
vn -0.3719 0.8787 0.2994
vn -0.5125 0.8042 0.3011
vn -0.6638 0.6881 0.2931
vn -0.8158 0.5121 0.2687
vn -0.9392 0.2637 0.2200
vn -0.9887 -0.0396 0.1446
vn -0.9392 -0.3390 0.0547
vn -0.8158 -0.5776 -0.0301
vn -0.6638 -0.7413 -0.0989
vn -0.5125 -0.8453 -0.1512
vn -0.3719 -0.9085 -0.1906
vn -0.2424 -0.9447 -0.2209
vn -0.1210 -0.9620 -0.2448
vn -0.1233 0.9570 0.2624
vn -0.2471 0.9345 0.2563
vn -0.3788 0.8925 0.2447
vn -0.5214 0.8229 0.2257
vn -0.6744 0.7121 0.1953
vn -0.8272 0.5419 0.1486
vn -0.9507 0.2992 0.0820
vn -1.0000 -0.0000 -0.0000
vn -0.9507 -0.2992 -0.0820
vn -0.8272 -0.5419 -0.1486
vn -0.6744 -0.7121 -0.1953
vn -0.5214 -0.8229 -0.2257
vn -0.3788 -0.8925 -0.2447
vn -0.2471 -0.9345 -0.2563
vn -0.1233 -0.9570 -0.2624
vn -0.1210 0.9620 0.2448
vn -0.2424 0.9447 0.2209
vn -0.3719 0.9085 0.1906
vn -0.5125 0.8453 0.1512
vn -0.6638 0.7413 0.0989
vn -0.8158 0.5776 0.0301
vn -0.9392 0.3390 -0.0547
vn -0.9887 0.0396 -0.1446
vn -0.9392 -0.2637 -0.2200
vn -0.8158 -0.5121 -0.2687
vn -0.6638 -0.6881 -0.2931
vn -0.5125 -0.8042 -0.3011
vn -0.3719 -0.8787 -0.2994
vn -0.2424 -0.9252 -0.2918
vn -0.1210 -0.9523 -0.2802
vn -0.1140 0.9670 0.2278
vn -0.2287 0.9554 0.1871
vn -0.3515 0.9258 0.1388
vn -0.4858 0.8704 0.0796
vn -0.6319 0.7750 0.0056
vn -0.7808 0.6188 -0.0860
vn -0.9037 0.3833 -0.1908
vn -0.9536 0.0796 -0.2904
vn -0.9037 -0.2323 -0.3596
vn -0.7808 -0.4884 -0.3896
vn -0.6319 -0.6695 -0.3905
vn -0.4858 -0.7893 -0.3755
vn -0.3515 -0.8671 -0.3529
vn -0.2287 -0.9172 -0.3264
vn -0.1140 -0.9480 -0.2973
vn -0.1027 0.9718 0.2123
vn -0.2062 0.9660 0.1560
vn -0.3179 0.9438 0.0909
vn -0.4414 0.8972 0.0129
vn -0.5780 0.8118 -0.0827
vn -0.7204 0.6646 -0.1983
vn -0.8411 0.4316 -0.3259
vn -0.8911 0.1200 -0.4377
vn -0.8411 -0.2050 -0.5005
vn -0.7204 -0.4705 -0.5095
vn -0.5780 -0.6561 -0.4852
vn -0.4414 -0.7783 -0.4466
vn -0.3179 -0.8581 -0.4032
vn -0.2062 -0.9104 -0.3586
vn -0.1027 -0.9441 -0.3131
vn -0.0874 0.9762 0.1986
vn -0.1758 0.9760 0.1286
vn -0.2719 0.9611 0.0486
vn -0.3797 0.9239 -0.0468
vn -0.5013 0.8497 -0.1633
vn -0.6320 0.7128 -0.3041
vn -0.7466 0.4828 -0.4578
vn -0.7953 0.1603 -0.5847
vn -0.7466 -0.1817 -0.6400
vn -0.6320 -0.4580 -0.6252
vn -0.5013 -0.6475 -0.5739
vn -0.3797 -0.7708 -0.5115
vn -0.2719 -0.8514 -0.4485
vn -0.1758 -0.9051 -0.3872
vn -0.0874 -0.9410 -0.3271
vn -0.0687 0.9799 0.1874
vn -0.1385 0.9847 0.1062
vn -0.2149 0.9765 0.0135
vn -0.3018 0.9484 -0.0970
vn -0.4021 0.8855 -0.2329
vn -0.5132 0.7600 -0.3988
vn -0.6147 0.5336 -0.5809
vn -0.6591 0.1989 -0.7253
vn -0.6147 -0.1627 -0.7718
vn -0.5132 -0.4503 -0.7307
vn -0.4021 -0.6429 -0.6520
vn -0.3018 -0.7663 -0.5672
vn -0.2149 -0.8468 -0.4865
vn -0.1385 -0.9011 -0.4109
vn -0.0687 -0.9384 -0.3386
vn -0.0473 0.9827 0.1791
vn -0.0956 0.9914 0.0894
vn -0.1488 0.9888 -0.0129
vn -0.2100 0.9683 -0.1353
vn -0.2820 0.9154 -0.2872
vn -0.3642 0.8007 -0.4756
vn -0.4422 0.5788 -0.6852
vn -0.4774 0.2324 -0.8474
vn -0.4422 -0.1484 -0.8846
vn -0.3642 -0.4462 -0.8175
vn -0.2820 -0.6409 -0.7140
vn -0.2100 -0.7639 -0.6103
vn -0.1488 -0.8439 -0.5154
vn -0.0956 -0.8983 -0.4288
vn -0.0473 -0.9366 -0.3472
vn -0.0241 0.9844 0.1740
vn -0.0488 0.9957 0.0791
vn -0.0761 0.9967 -0.0292
vn -0.1078 0.9813 -0.1593
vn -0.1456 0.9355 -0.3220
vn -0.1896 0.8289 -0.5263
vn -0.2326 0.6109 -0.7568
vn -0.2525 0.2559 -0.9332
vn -0.2326 -0.1394 -0.9625
vn -0.1896 -0.4445 -0.8755
vn -0.1456 -0.6404 -0.7542
vn -0.1078 -0.7628 -0.6376
vn -0.0761 -0.8424 -0.5335
vn -0.0488 -0.8967 -0.4398
vn -0.0241 -0.9355 -0.3525
vn -0.0000 0.9850 0.1723
vn -0.0000 0.9971 0.0756
vn -0.0000 0.9859 -0.1675
vn -0.0000 0.8390 -0.5442
vn -0.0000 -0.4441 -0.8960
vn -0.0000 -0.7625 -0.6470
vn -0.0000 -0.8419 -0.5397
vn -0.0000 -0.8962 -0.4436
vn -0.0000 -0.9352 -0.3542
vt 0.750000 0.062500
vt 0.750000 0.125000
vt 0.718750 0.125000
vt 0.718750 0.062500
vt 0.750000 0.500000
vt 0.750000 0.562500
vt 0.718750 0.562500
vt 0.718750 0.500000
vt 0.750000 0.937500
vt 0.734375 1.000000
vt 0.718750 0.937500
vt 0.734375 0.000000
vt 0.750000 0.437500
vt 0.718750 0.437500
vt 0.750000 0.875000
vt 0.718750 0.875000
vt 0.750000 0.375000
vt 0.718750 0.375000
vt 0.750000 0.812500
vt 0.718750 0.812500
vt 0.750000 0.312500
vt 0.718750 0.312500
vt 0.750000 0.750000
vt 0.718750 0.750000
vt 0.750000 0.250000
vt 0.718750 0.250000
vt 0.750000 0.687500
vt 0.718750 0.687500
vt 0.750000 0.187500
vt 0.718750 0.187500
vt 0.750000 0.625000
vt 0.718750 0.625000
vt 0.687500 0.687500
vt 0.687500 0.625000
vt 0.687500 0.187500
vt 0.687500 0.125000
vt 0.687500 0.562500
vt 0.687500 0.062500
vt 0.687500 0.500000
vt 0.703125 1.000000
vt 0.687500 0.937500
vt 0.703125 0.000000
vt 0.687500 0.437500
vt 0.687500 0.875000
vt 0.687500 0.375000
vt 0.687500 0.812500
vt 0.687500 0.312500
vt 0.687500 0.750000
vt 0.687500 0.250000
vt 0.656250 0.437500
vt 0.656250 0.375000
vt 0.656250 0.875000
vt 0.656250 0.812500
vt 0.656250 0.312500
vt 0.656250 0.750000
vt 0.656250 0.250000
vt 0.656250 0.687500
vt 0.656250 0.187500
vt 0.656250 0.625000
vt 0.656250 0.125000
vt 0.656250 0.562500
vt 0.656250 0.062500
vt 0.656250 0.500000
vt 0.671875 1.000000
vt 0.656250 0.937500
vt 0.671875 0.000000
vt 0.625000 0.187500
vt 0.625000 0.125000
vt 0.625000 0.625000
vt 0.625000 0.562500
vt 0.625000 0.062500
vt 0.625000 0.500000
vt 0.640625 1.000000
vt 0.625000 0.937500
vt 0.640625 0.000000
vt 0.625000 0.437500
vt 0.625000 0.875000
vt 0.625000 0.375000
vt 0.625000 0.812500
vt 0.625000 0.312500
vt 0.625000 0.750000
vt 0.625000 0.250000
vt 0.625000 0.687500
vt 0.593750 0.375000
vt 0.593750 0.312500
vt 0.593750 0.812500
vt 0.593750 0.750000
vt 0.593750 0.250000
vt 0.593750 0.687500
vt 0.593750 0.187500
vt 0.593750 0.625000
vt 0.593750 0.125000
vt 0.593750 0.562500
vt 0.593750 0.062500
vt 0.593750 0.500000
vt 0.609375 1.000000
vt 0.593750 0.937500
vt 0.609375 0.000000
vt 0.593750 0.437500
vt 0.593750 0.875000
vt 0.562500 0.125000
vt 0.562500 0.062500
vt 0.562500 0.562500
vt 0.562500 0.500000
vt 0.578125 1.000000
vt 0.562500 0.937500
vt 0.578125 0.000000
vt 0.562500 0.437500
vt 0.562500 0.875000
vt 0.562500 0.375000
vt 0.562500 0.812500
vt 0.562500 0.312500
vt 0.562500 0.750000
vt 0.562500 0.250000
vt 0.562500 0.687500
vt 0.562500 0.187500
vt 0.562500 0.625000
vt 0.531250 0.812500
vt 0.531250 0.750000
vt 0.531250 0.312500
vt 0.531250 0.250000
vt 0.531250 0.687500
vt 0.531250 0.187500
vt 0.531250 0.625000
vt 0.531250 0.125000
vt 0.531250 0.562500
vt 0.531250 0.062500
vt 0.531250 0.500000
vt 0.546875 1.000000
vt 0.531250 0.937500
vt 0.546875 0.000000
vt 0.531250 0.437500
vt 0.531250 0.875000
vt 0.531250 0.375000
vt 0.500000 0.562500
vt 0.500000 0.500000
vt 0.515625 1.000000
vt 0.500000 0.937500
vt 0.515625 0.000000
vt 0.500000 0.062500
vt 0.500000 0.437500
vt 0.500000 0.875000
vt 0.500000 0.375000
vt 0.500000 0.812500
vt 0.500000 0.312500
vt 0.500000 0.750000
vt 0.500000 0.250000
vt 0.500000 0.687500
vt 0.500000 0.187500
vt 0.500000 0.625000
vt 0.500000 0.125000
vt 0.468750 0.312500
vt 0.468750 0.250000
vt 0.468750 0.750000
vt 0.468750 0.687500
vt 0.468750 0.187500
vt 0.468750 0.625000
vt 0.468750 0.125000
vt 0.468750 0.562500
vt 0.468750 0.062500
vt 0.468750 0.500000
vt 0.484375 1.000000
vt 0.468750 0.937500
vt 0.484375 0.000000
vt 0.468750 0.437500
vt 0.468750 0.875000
vt 0.468750 0.375000
vt 0.468750 0.812500
vt 0.453125 1.000000
vt 0.437500 0.937500
vt 0.453125 0.000000
vt 0.437500 0.062500
vt 0.437500 0.500000
vt 0.437500 0.437500
vt 0.437500 0.875000
vt 0.437500 0.375000
vt 0.437500 0.812500
vt 0.437500 0.312500
vt 0.437500 0.750000
vt 0.437500 0.250000
vt 0.437500 0.687500
vt 0.437500 0.187500
vt 0.437500 0.625000
vt 0.437500 0.125000
vt 0.437500 0.562500
vt 0.406250 0.750000
vt 0.406250 0.687500
vt 0.406250 0.250000
vt 0.406250 0.187500
vt 0.406250 0.625000
vt 0.406250 0.125000
vt 0.406250 0.562500
vt 0.406250 0.062500
vt 0.406250 0.500000
vt 0.421875 1.000000
vt 0.406250 0.937500
vt 0.421875 0.000000
vt 0.406250 0.437500
vt 0.406250 0.875000
vt 0.406250 0.375000
vt 0.406250 0.812500
vt 0.406250 0.312500
vt 0.375000 0.500000
vt 0.375000 0.437500
vt 0.375000 0.937500
vt 0.375000 0.875000
vt 0.375000 0.375000
vt 0.375000 0.812500
vt 0.375000 0.312500
vt 0.375000 0.750000
vt 0.375000 0.250000
vt 0.375000 0.687500
vt 0.375000 0.187500
vt 0.375000 0.625000
vt 0.375000 0.125000
vt 0.375000 0.562500
vt 0.375000 0.062500
vt 0.390625 1.000000
vt 0.390625 0.000000
vt 0.343750 0.250000
vt 0.343750 0.187500
vt 0.343750 0.687500
vt 0.343750 0.625000
vt 0.343750 0.125000
vt 0.343750 0.562500
vt 0.343750 0.062500
vt 0.343750 0.500000
vt 0.359375 1.000000
vt 0.343750 0.937500
vt 0.359375 0.000000
vt 0.343750 0.437500
vt 0.343750 0.875000
vt 0.343750 0.375000
vt 0.343750 0.812500
vt 0.343750 0.312500
vt 0.343750 0.750000
vt 0.312500 0.437500
vt 0.312500 0.375000
vt 0.312500 0.875000
vt 0.312500 0.812500
vt 0.312500 0.312500
vt 0.312500 0.750000
vt 0.312500 0.250000
vt 0.312500 0.687500
vt 0.312500 0.187500
vt 0.312500 0.625000
vt 0.312500 0.125000
vt 0.312500 0.562500
vt 0.312500 0.062500
vt 0.312500 0.500000
vt 0.328125 1.000000
vt 0.312500 0.937500
vt 0.328125 0.000000
vt 0.281250 0.187500
vt 0.281250 0.125000
vt 0.281250 0.625000
vt 0.281250 0.562500
vt 0.281250 0.062500
vt 0.281250 0.500000
vt 0.296875 1.000000
vt 0.281250 0.937500
vt 0.296875 0.000000
vt 0.281250 0.437500
vt 0.281250 0.875000
vt 0.281250 0.375000
vt 0.281250 0.812500
vt 0.281250 0.312500
vt 0.281250 0.750000
vt 0.281250 0.250000
vt 0.281250 0.687500
vt 0.250000 0.875000
vt 0.250000 0.812500
vt 0.250000 0.375000
vt 0.250000 0.312500
vt 0.250000 0.750000
vt 0.250000 0.250000
vt 0.250000 0.687500
vt 0.250000 0.187500
vt 0.250000 0.625000
vt 0.250000 0.125000
vt 0.250000 0.562500
vt 0.250000 0.062500
vt 0.250000 0.500000
vt 0.265625 1.000000
vt 0.250000 0.937500
vt 0.265625 0.000000
vt 0.250000 0.437500
vt 0.218750 0.625000
vt 0.218750 0.562500
vt 0.218750 0.125000
vt 0.218750 0.062500
vt 0.218750 0.500000
vt 0.234375 1.000000
vt 0.218750 0.937500
vt 0.234375 0.000000
vt 0.218750 0.437500
vt 0.218750 0.875000
vt 0.218750 0.375000
vt 0.218750 0.812500
vt 0.218750 0.312500
vt 0.218750 0.750000
vt 0.218750 0.250000
vt 0.218750 0.687500
vt 0.218750 0.187500
vt 0.187500 0.375000
vt 0.187500 0.312500
vt 0.187500 0.812500
vt 0.187500 0.750000
vt 0.187500 0.250000
vt 0.187500 0.687500
vt 0.187500 0.187500
vt 0.187500 0.625000
vt 0.187500 0.125000
vt 0.187500 0.562500
vt 0.187500 0.062500
vt 0.187500 0.500000
vt 0.203125 1.000000
vt 0.187500 0.937500
vt 0.203125 0.000000
vt 0.187500 0.437500
vt 0.187500 0.875000
vt 0.156250 0.125000
vt 0.156250 0.062500
vt 0.156250 0.562500
vt 0.156250 0.500000
vt 0.171875 1.000000
vt 0.156250 0.937500
vt 0.171875 0.000000
vt 0.156250 0.437500
vt 0.156250 0.875000
vt 0.156250 0.375000
vt 0.156250 0.812500
vt 0.156250 0.312500
vt 0.156250 0.750000
vt 0.156250 0.250000
vt 0.156250 0.687500
vt 0.156250 0.187500
vt 0.156250 0.625000
vt 0.125000 0.812500
vt 0.125000 0.750000
vt 0.125000 0.312500
vt 0.125000 0.250000
vt 0.125000 0.687500
vt 0.125000 0.187500
vt 0.125000 0.625000
vt 0.125000 0.125000
vt 0.125000 0.562500
vt 0.125000 0.062500
vt 0.125000 0.500000
vt 0.140625 1.000000
vt 0.125000 0.937500
vt 0.140625 0.000000
vt 0.125000 0.437500
vt 0.125000 0.875000
vt 0.125000 0.375000
vt 0.093750 0.562500
vt 0.093750 0.500000
vt 0.109375 1.000000
vt 0.093750 0.937500
vt 0.109375 0.000000
vt 0.093750 0.062500
vt 0.093750 0.437500
vt 0.093750 0.875000
vt 0.093750 0.375000
vt 0.093750 0.812500
vt 0.093750 0.312500
vt 0.093750 0.750000
vt 0.093750 0.250000
vt 0.093750 0.687500
vt 0.093750 0.187500
vt 0.093750 0.625000
vt 0.093750 0.125000
vt 0.062500 0.312500
vt 0.062500 0.250000
vt 0.062500 0.750000
vt 0.062500 0.687500
vt 0.062500 0.187500
vt 0.062500 0.625000
vt 0.062500 0.125000
vt 0.062500 0.562500
vt 0.062500 0.062500
vt 0.062500 0.500000
vt 0.078125 1.000000
vt 0.062500 0.937500
vt 0.078125 0.000000
vt 0.062500 0.437500
vt 0.062500 0.875000
vt 0.062500 0.375000
vt 0.062500 0.812500
vt 0.046875 0.000000
vt 0.031250 0.062500
vt 0.031250 0.500000
vt 0.031250 0.437500
vt 0.031250 0.937500
vt 0.031250 0.875000
vt 0.031250 0.375000
vt 0.031250 0.812500
vt 0.031250 0.312500
vt 0.031250 0.750000
vt 0.031250 0.250000
vt 0.031250 0.687500
vt 0.031250 0.187500
vt 0.031250 0.625000
vt 0.031250 0.125000
vt 0.031250 0.562500
vt 0.046875 1.000000
vt 0.000000 0.250000
vt 0.000000 0.187500
vt 0.000000 0.687500
vt 0.000000 0.625000
vt 0.000000 0.125000
vt 0.000000 0.562500
vt 0.000000 0.062500
vt 0.000000 0.500000
vt 0.015625 1.000000
vt 0.000000 0.937500
vt 0.015625 0.000000
vt 0.000000 0.437500
vt 0.000000 0.875000
vt 0.000000 0.375000
vt 0.000000 0.812500
vt 0.000000 0.312500
vt 0.000000 0.750000
vt 1.000000 0.875000
vt 1.000000 0.937500
vt 0.968750 0.937500
vt 0.968750 0.875000
vt 1.000000 0.375000
vt 1.000000 0.437500
vt 0.968750 0.437500
vt 0.968750 0.375000
vt 1.000000 0.812500
vt 0.968750 0.812500
vt 1.000000 0.312500
vt 0.968750 0.312500
vt 1.000000 0.750000
vt 0.968750 0.750000
vt 1.000000 0.250000
vt 0.968750 0.250000
vt 1.000000 0.687500
vt 0.968750 0.687500
vt 1.000000 0.187500
vt 0.968750 0.187500
vt 1.000000 0.625000
vt 0.968750 0.625000
vt 1.000000 0.125000
vt 0.968750 0.125000
vt 1.000000 0.562500
vt 0.968750 0.562500
vt 1.000000 0.062500
vt 0.968750 0.062500
vt 1.000000 0.500000
vt 0.968750 0.500000
vt 0.984375 1.000000
vt 0.984375 0.000000
vt 0.937500 0.687500
vt 0.937500 0.625000
vt 0.937500 0.187500
vt 0.937500 0.125000
vt 0.937500 0.562500
vt 0.937500 0.062500
vt 0.937500 0.500000
vt 0.953125 1.000000
vt 0.937500 0.937500
vt 0.953125 0.000000
vt 0.937500 0.437500
vt 0.937500 0.875000
vt 0.937500 0.375000
vt 0.937500 0.812500
vt 0.937500 0.312500
vt 0.937500 0.750000
vt 0.937500 0.250000
vt 0.906250 0.437500
vt 0.906250 0.375000
vt 0.906250 0.875000
vt 0.906250 0.812500
vt 0.906250 0.312500
vt 0.906250 0.750000
vt 0.906250 0.250000
vt 0.906250 0.687500
vt 0.906250 0.187500
vt 0.906250 0.625000
vt 0.906250 0.125000
vt 0.906250 0.562500
vt 0.906250 0.062500
vt 0.906250 0.500000
vt 0.921875 1.000000
vt 0.906250 0.937500
vt 0.921875 0.000000
vt 0.875000 0.187500
vt 0.875000 0.125000
vt 0.875000 0.625000
vt 0.875000 0.562500
vt 0.875000 0.062500
vt 0.875000 0.500000
vt 0.890625 1.000000
vt 0.875000 0.937500
vt 0.890625 0.000000
vt 0.875000 0.437500
vt 0.875000 0.875000
vt 0.875000 0.375000
vt 0.875000 0.812500
vt 0.875000 0.312500
vt 0.875000 0.750000
vt 0.875000 0.250000
vt 0.875000 0.687500
vt 0.843750 0.875000
vt 0.843750 0.812500
vt 0.843750 0.375000
vt 0.843750 0.312500
vt 0.843750 0.750000
vt 0.843750 0.250000
vt 0.843750 0.687500
vt 0.843750 0.187500
vt 0.843750 0.625000
vt 0.843750 0.125000
vt 0.843750 0.562500
vt 0.843750 0.062500
vt 0.843750 0.500000
vt 0.859375 1.000000
vt 0.843750 0.937500
vt 0.859375 0.000000
vt 0.843750 0.437500
vt 0.812500 0.625000
vt 0.812500 0.562500
vt 0.812500 0.125000
vt 0.812500 0.062500
vt 0.812500 0.500000
vt 0.828125 1.000000
vt 0.812500 0.937500
vt 0.828125 0.000000
vt 0.812500 0.437500
vt 0.812500 0.875000
vt 0.812500 0.375000
vt 0.812500 0.812500
vt 0.812500 0.312500
vt 0.812500 0.750000
vt 0.812500 0.250000
vt 0.812500 0.687500
vt 0.812500 0.187500
vt 0.781250 0.375000
vt 0.781250 0.312500
vt 0.781250 0.812500
vt 0.781250 0.750000
vt 0.781250 0.250000
vt 0.781250 0.687500
vt 0.781250 0.187500
vt 0.781250 0.625000
vt 0.781250 0.125000
vt 0.781250 0.562500
vt 0.781250 0.062500
vt 0.781250 0.500000
vt 0.796875 1.000000
vt 0.781250 0.937500
vt 0.796875 0.000000
vt 0.781250 0.437500
vt 0.781250 0.875000
vt 0.765625 1.000000
vt 0.765625 0.000000
s 1
f 2979/3309/2850 2978/3310/2849 2519/3311/2390 2520/3312/2391
f 2502/3313/2373 2501/3314/2372 2512/3315/2383 2513/3316/2384
f 2971/3317/2842 2498/3318/2369 2506/3319/2377
f 2505/3320/2376 2979/3309/2850 2520/3312/2391
f 2503/3321/2374 2502/3313/2373 2513/3316/2384 2514/3322/2385
f 2972/3323/2843 2971/3317/2842 2506/3319/2377 2507/3324/2378
f 2975/3325/2846 2503/3321/2374 2514/3322/2385 2515/3326/2386
f 2499/3327/2370 2972/3323/2843 2507/3324/2378 2508/3328/2379
f 2504/3329/2375 2975/3325/2846 2515/3326/2386 2516/3330/2387
f 2973/3331/2844 2499/3327/2370 2508/3328/2379 2509/3332/2380
f 2976/3333/2847 2504/3329/2375 2516/3330/2387 2517/3334/2388
f 2500/3335/2371 2973/3331/2844 2509/3332/2380 2510/3336/2381
f 2977/3337/2848 2976/3333/2847 2517/3334/2388 2518/3338/2389
f 2974/3339/2845 2500/3335/2371 2510/3336/2381 2511/3340/2382
f 2978/3310/2849 2977/3337/2848 2518/3338/2389 2519/3311/2390
f 2501/3314/2372 2974/3339/2845 2511/3340/2382 2512/3315/2383
f 2511/3340/2382 2510/3336/2381 2525/3341/2396 2526/3342/2397
f 2519/3311/2390 2518/3338/2389 2533/3343/2404 2534/3344/2405
f 2512/3315/2383 2511/3340/2382 2526/3342/2397 2527/3345/2398
f 2520/3312/2391 2519/3311/2390 2534/3344/2405 2535/3346/2406
f 2513/3316/2384 2512/3315/2383 2527/3345/2398 2528/3347/2399
f 2506/3319/2377 2498/3348/2369 2521/3349/2392
f 2505/3350/2376 2520/3312/2391 2535/3346/2406
f 2514/3322/2385 2513/3316/2384 2528/3347/2399 2529/3351/2400
f 2507/3324/2378 2506/3319/2377 2521/3349/2392 2522/3352/2393
f 2515/3326/2386 2514/3322/2385 2529/3351/2400 2530/3353/2401
f 2508/3328/2379 2507/3324/2378 2522/3352/2393 2523/3354/2394
f 2516/3330/2387 2515/3326/2386 2530/3353/2401 2531/3355/2402
f 2509/3332/2380 2508/3328/2379 2523/3354/2394 2524/3356/2395
f 2517/3334/2388 2516/3330/2387 2531/3355/2402 2532/3357/2403
f 2510/3336/2381 2509/3332/2380 2524/3356/2395 2525/3341/2396
f 2518/3338/2389 2517/3334/2388 2532/3357/2403 2533/3343/2404
f 2530/3353/2401 2529/3351/2400 2544/3358/2415 2545/3359/2416
f 2523/3354/2394 2522/3352/2393 2537/3360/2408 2538/3361/2409
f 2531/3355/2402 2530/3353/2401 2545/3359/2416 2546/3362/2417
f 2524/3356/2395 2523/3354/2394 2538/3361/2409 2539/3363/2410
f 2532/3357/2403 2531/3355/2402 2546/3362/2417 2547/3364/2418
f 2525/3341/2396 2524/3356/2395 2539/3363/2410 2540/3365/2411
f 2533/3343/2404 2532/3357/2403 2547/3364/2418 2548/3366/2419
f 2526/3342/2397 2525/3341/2396 2540/3365/2411 2541/3367/2412
f 2534/3344/2405 2533/3343/2404 2548/3366/2419 2549/3368/2420
f 2527/3345/2398 2526/3342/2397 2541/3367/2412 2542/3369/2413
f 2535/3346/2406 2534/3344/2405 2549/3368/2420 2550/3370/2421
f 2528/3347/2399 2527/3345/2398 2542/3369/2413 2543/3371/2414
f 2521/3349/2392 2498/3372/2369 2536/3373/2407
f 2505/3374/2376 2535/3346/2406 2550/3370/2421
f 2529/3351/2400 2528/3347/2399 2543/3371/2414 2544/3358/2415
f 2522/3352/2393 2521/3349/2392 2536/3373/2407 2537/3360/2408
f 2549/3368/2420 2548/3366/2419 2563/3375/2434 2564/3376/2435
f 2542/3369/2413 2541/3367/2412 2556/3377/2427 2557/3378/2428
f 2550/3370/2421 2549/3368/2420 2564/3376/2435 2565/3379/2436
f 2543/3371/2414 2542/3369/2413 2557/3378/2428 2558/3380/2429
f 2536/3373/2407 2498/3381/2369 2551/3382/2422
f 2505/3383/2376 2550/3370/2421 2565/3379/2436
f 2544/3358/2415 2543/3371/2414 2558/3380/2429 2559/3384/2430
f 2537/3360/2408 2536/3373/2407 2551/3382/2422 2552/3385/2423
f 2545/3359/2416 2544/3358/2415 2559/3384/2430 2560/3386/2431
f 2538/3361/2409 2537/3360/2408 2552/3385/2423 2553/3387/2424
f 2546/3362/2417 2545/3359/2416 2560/3386/2431 2561/3388/2432
f 2539/3363/2410 2538/3361/2409 2553/3387/2424 2554/3389/2425
f 2547/3364/2418 2546/3362/2417 2561/3388/2432 2562/3390/2433
f 2540/3365/2411 2539/3363/2410 2554/3389/2425 2555/3391/2426
f 2548/3366/2419 2547/3364/2418 2562/3390/2433 2563/3375/2434
f 2541/3367/2412 2540/3365/2411 2555/3391/2426 2556/3377/2427
f 2561/3388/2432 2560/3386/2431 2575/3392/2446 2576/3393/2447
f 2554/3389/2425 2553/3387/2424 2568/3394/2439 2569/3395/2440
f 2562/3390/2433 2561/3388/2432 2576/3393/2447 2577/3396/2448
f 2555/3391/2426 2554/3389/2425 2569/3395/2440 2570/3397/2441
f 2563/3375/2434 2562/3390/2433 2577/3396/2448 2578/3398/2449
f 2556/3377/2427 2555/3391/2426 2570/3397/2441 2571/3399/2442
f 2564/3376/2435 2563/3375/2434 2578/3398/2449 2579/3400/2450
f 2557/3378/2428 2556/3377/2427 2571/3399/2442 2572/3401/2443
f 2565/3379/2436 2564/3376/2435 2579/3400/2450 2580/3402/2451
f 2558/3380/2429 2557/3378/2428 2572/3401/2443 2573/3403/2444
f 2551/3382/2422 2498/3404/2369 2566/3405/2437
f 2505/3406/2376 2565/3379/2436 2580/3402/2451
f 2559/3384/2430 2558/3380/2429 2573/3403/2444 2574/3407/2445
f 2552/3385/2423 2551/3382/2422 2566/3405/2437 2567/3408/2438
f 2560/3386/2431 2559/3384/2430 2574/3407/2445 2575/3392/2446
f 2553/3387/2424 2552/3385/2423 2567/3408/2438 2568/3394/2439
f 2580/3402/2451 2579/3400/2450 2594/3409/2465 2595/3410/2466
f 2573/3403/2444 2572/3401/2443 2587/3411/2458 2588/3412/2459
f 2566/3405/2437 2498/3413/2369 2581/3414/2452
f 2505/3415/2376 2580/3402/2451 2595/3410/2466
f 2574/3407/2445 2573/3403/2444 2588/3412/2459 2589/3416/2460
f 2567/3408/2438 2566/3405/2437 2581/3414/2452 2582/3417/2453
f 2575/3392/2446 2574/3407/2445 2589/3416/2460 2590/3418/2461
f 2568/3394/2439 2567/3408/2438 2582/3417/2453 2583/3419/2454
f 2576/3393/2447 2575/3392/2446 2590/3418/2461 2591/3420/2462
f 2569/3395/2440 2568/3394/2439 2583/3419/2454 2584/3421/2455
f 2577/3396/2448 2576/3393/2447 2591/3420/2462 2592/3422/2463
f 2570/3397/2441 2569/3395/2440 2584/3421/2455 2585/3423/2456
f 2578/3398/2449 2577/3396/2448 2592/3422/2463 2593/3424/2464
f 2571/3399/2442 2570/3397/2441 2585/3423/2456 2586/3425/2457
f 2579/3400/2450 2578/3398/2449 2593/3424/2464 2594/3409/2465
f 2572/3401/2443 2571/3399/2442 2586/3425/2457 2587/3411/2458
f 2584/3421/2455 2583/3419/2454 2598/3426/2469 2599/3427/2470
f 2592/3422/2463 2591/3420/2462 2606/3428/2477 2607/3429/2478
f 2585/3423/2456 2584/3421/2455 2599/3427/2470 2600/3430/2471
f 2593/3424/2464 2592/3422/2463 2607/3429/2478 2608/3431/2479
f 2586/3425/2457 2585/3423/2456 2600/3430/2471 2601/3432/2472
f 2594/3409/2465 2593/3424/2464 2608/3431/2479 2609/3433/2480
f 2587/3411/2458 2586/3425/2457 2601/3432/2472 2602/3434/2473
f 2595/3410/2466 2594/3409/2465 2609/3433/2480 2610/3435/2481
f 2588/3412/2459 2587/3411/2458 2602/3434/2473 2603/3436/2474
f 2581/3414/2452 2498/3437/2369 2596/3438/2467
f 2505/3439/2376 2595/3410/2466 2610/3435/2481
f 2589/3416/2460 2588/3412/2459 2603/3436/2474 2604/3440/2475
f 2582/3417/2453 2581/3414/2452 2596/3438/2467 2597/3441/2468
f 2590/3418/2461 2589/3416/2460 2604/3440/2475 2605/3442/2476
f 2583/3419/2454 2582/3417/2453 2597/3441/2468 2598/3426/2469
f 2591/3420/2462 2590/3418/2461 2605/3442/2476 2606/3428/2477
f 2603/3436/2474 2602/3434/2473 2617/3443/2488 2618/3444/2489
f 2596/3438/2467 2498/3445/2369 2611/3446/2482
f 2505/3447/2376 2610/3435/2481 2625/3448/2496
f 2604/3440/2475 2603/3436/2474 2618/3444/2489 2619/3449/2490
f 2597/3441/2468 2596/3438/2467 2611/3446/2482 2612/3450/2483
f 2605/3442/2476 2604/3440/2475 2619/3449/2490 2620/3451/2491
f 2598/3426/2469 2597/3441/2468 2612/3450/2483 2613/3452/2484
f 2606/3428/2477 2605/3442/2476 2620/3451/2491 2621/3453/2492
f 2599/3427/2470 2598/3426/2469 2613/3452/2484 2614/3454/2485
f 2607/3429/2478 2606/3428/2477 2621/3453/2492 2622/3455/2493
f 2600/3430/2471 2599/3427/2470 2614/3454/2485 2615/3456/2486
f 2608/3431/2479 2607/3429/2478 2622/3455/2493 2623/3457/2494
f 2601/3432/2472 2600/3430/2471 2615/3456/2486 2616/3458/2487
f 2609/3433/2480 2608/3431/2479 2623/3457/2494 2624/3459/2495
f 2602/3434/2473 2601/3432/2472 2616/3458/2487 2617/3443/2488
f 2610/3435/2481 2609/3433/2480 2624/3459/2495 2625/3448/2496
f 2622/3455/2493 2621/3453/2492 2636/3460/2507 2637/3461/2508
f 2615/3456/2486 2614/3454/2485 2629/3462/2500 2630/3463/2501
f 2623/3457/2494 2622/3455/2493 2637/3461/2508 2638/3464/2509
f 2616/3458/2487 2615/3456/2486 2630/3463/2501 2631/3465/2502
f 2624/3459/2495 2623/3457/2494 2638/3464/2509 2639/3466/2510
f 2617/3443/2488 2616/3458/2487 2631/3465/2502 2632/3467/2503
f 2625/3448/2496 2624/3459/2495 2639/3466/2510 2640/3468/2511
f 2618/3444/2489 2617/3443/2488 2632/3467/2503 2633/3469/2504
f 2611/3446/2482 2498/3470/2369 2626/3471/2497
f 2505/3472/2376 2625/3448/2496 2640/3468/2511
f 2619/3449/2490 2618/3444/2489 2633/3469/2504 2634/3473/2505
f 2612/3450/2483 2611/3446/2482 2626/3471/2497 2627/3474/2498
f 2620/3451/2491 2619/3449/2490 2634/3473/2505 2635/3475/2506
f 2613/3452/2484 2612/3450/2483 2627/3474/2498 2628/3476/2499
f 2621/3453/2492 2620/3451/2491 2635/3475/2506 2636/3460/2507
f 2614/3454/2485 2613/3452/2484 2628/3476/2499 2629/3462/2500
f 2626/3471/2497 2498/3477/2369 2641/3478/2512
f 2505/3479/2376 2640/3468/2511 2655/3480/2526
f 2634/3473/2505 2633/3469/2504 2648/3481/2519 2649/3482/2520
f 2627/3474/2498 2626/3471/2497 2641/3478/2512 2642/3483/2513
f 2635/3475/2506 2634/3473/2505 2649/3482/2520 2650/3484/2521
f 2628/3476/2499 2627/3474/2498 2642/3483/2513 2643/3485/2514
f 2636/3460/2507 2635/3475/2506 2650/3484/2521 2651/3486/2522
f 2629/3462/2500 2628/3476/2499 2643/3485/2514 2644/3487/2515
f 2637/3461/2508 2636/3460/2507 2651/3486/2522 2652/3488/2523
f 2630/3463/2501 2629/3462/2500 2644/3487/2515 2645/3489/2516
f 2638/3464/2509 2637/3461/2508 2652/3488/2523 2653/3490/2524
f 2631/3465/2502 2630/3463/2501 2645/3489/2516 2646/3491/2517
f 2639/3466/2510 2638/3464/2509 2653/3490/2524 2654/3492/2525
f 2632/3467/2503 2631/3465/2502 2646/3491/2517 2647/3493/2518
f 2640/3468/2511 2639/3466/2510 2654/3492/2525 2655/3480/2526
f 2633/3469/2504 2632/3467/2503 2647/3493/2518 2648/3481/2519
f 2645/3489/2516 2644/3487/2515 2659/3494/2530 2660/3495/2531
f 2653/3490/2524 2652/3488/2523 2667/3496/2538 2668/3497/2539
f 2646/3491/2517 2645/3489/2516 2660/3495/2531 2661/3498/2532
f 2654/3492/2525 2653/3490/2524 2668/3497/2539 2669/3499/2540
f 2647/3493/2518 2646/3491/2517 2661/3498/2532 2662/3500/2533
f 2655/3480/2526 2654/3492/2525 2669/3499/2540 2670/3501/2541
f 2648/3481/2519 2647/3493/2518 2662/3500/2533 2663/3502/2534
f 2641/3478/2512 2498/3503/2369 2656/3504/2527
f 2505/3505/2376 2655/3480/2526 2670/3501/2541
f 2649/3482/2520 2648/3481/2519 2663/3502/2534 2664/3506/2535
f 2642/3483/2513 2641/3478/2512 2656/3504/2527 2657/3507/2528
f 2650/3484/2521 2649/3482/2520 2664/3506/2535 2665/3508/2536
f 2643/3485/2514 2642/3483/2513 2657/3507/2528 2658/3509/2529
f 2651/3486/2522 2650/3484/2521 2665/3508/2536 2666/3510/2537
f 2644/3487/2515 2643/3485/2514 2658/3509/2529 2659/3494/2530
f 2652/3488/2523 2651/3486/2522 2666/3510/2537 2667/3496/2538
f 2664/3506/2535 2663/3502/2534 2678/3511/2549 2679/3512/2550
f 2657/3507/2528 2656/3504/2527 2671/3513/2542 2672/3514/2543
f 2665/3508/2536 2664/3506/2535 2679/3512/2550 2680/3515/2551
f 2658/3509/2529 2657/3507/2528 2672/3514/2543 2673/3516/2544
f 2666/3510/2537 2665/3508/2536 2680/3515/2551 2681/3517/2552
f 2659/3494/2530 2658/3509/2529 2673/3516/2544 2674/3518/2545
f 2667/3496/2538 2666/3510/2537 2681/3517/2552 2682/3519/2553
f 2660/3495/2531 2659/3494/2530 2674/3518/2545 2675/3520/2546
f 2668/3497/2539 2667/3496/2538 2682/3519/2553 2683/3521/2554
f 2661/3498/2532 2660/3495/2531 2675/3520/2546 2676/3522/2547
f 2669/3499/2540 2668/3497/2539 2683/3521/2554 2684/3523/2555
f 2662/3500/2533 2661/3498/2532 2676/3522/2547 2677/3524/2548
f 2670/3501/2541 2669/3499/2540 2684/3523/2555 2685/3525/2556
f 2663/3502/2534 2662/3500/2533 2677/3524/2548 2678/3511/2549
f 2656/3504/2527 2498/3526/2369 2671/3513/2542
f 2505/3527/2376 2670/3501/2541 2685/3525/2556
f 2683/3521/2554 2682/3519/2553 2697/3528/2568 2698/3529/2569
f 2676/3522/2547 2675/3520/2546 2690/3530/2561 2691/3531/2562
f 2684/3523/2555 2683/3521/2554 2698/3529/2569 2699/3532/2570
f 2677/3524/2548 2676/3522/2547 2691/3531/2562 2692/3533/2563
f 2685/3525/2556 2684/3523/2555 2699/3532/2570 2700/3534/2571
f 2678/3511/2549 2677/3524/2548 2692/3533/2563 2693/3535/2564
f 2671/3513/2542 2498/3536/2369 2686/3537/2557
f 2505/3538/2376 2685/3525/2556 2700/3534/2571
f 2679/3512/2550 2678/3511/2549 2693/3535/2564 2694/3539/2565
f 2672/3514/2543 2671/3513/2542 2686/3537/2557 2687/3540/2558
f 2680/3515/2551 2679/3512/2550 2694/3539/2565 2695/3541/2566
f 2673/3516/2544 2672/3514/2543 2687/3540/2558 2688/3542/2559
f 2681/3517/2552 2680/3515/2551 2695/3541/2566 2696/3543/2567
f 2674/3518/2545 2673/3516/2544 2688/3542/2559 2689/3544/2560
f 2682/3519/2553 2681/3517/2552 2696/3543/2567 2697/3528/2568
f 2675/3520/2546 2674/3518/2545 2689/3544/2560 2690/3530/2561
f 2695/3541/2566 2694/3539/2565 2709/3545/2580 2710/3546/2581
f 2688/3542/2559 2687/3540/2558 2702/3547/2573 2703/3548/2574
f 2696/3543/2567 2695/3541/2566 2710/3546/2581 2711/3549/2582
f 2689/3544/2560 2688/3542/2559 2703/3548/2574 2704/3550/2575
f 2697/3528/2568 2696/3543/2567 2711/3549/2582 2712/3551/2583
f 2690/3530/2561 2689/3544/2560 2704/3550/2575 2705/3552/2576
f 2698/3529/2569 2697/3528/2568 2712/3551/2583 2713/3553/2584
f 2691/3531/2562 2690/3530/2561 2705/3552/2576 2706/3554/2577
f 2699/3532/2570 2698/3529/2569 2713/3553/2584 2714/3555/2585
f 2692/3533/2563 2691/3531/2562 2706/3554/2577 2707/3556/2578
f 2700/3534/2571 2699/3532/2570 2714/3555/2585 2715/3557/2586
f 2693/3535/2564 2692/3533/2563 2707/3556/2578 2708/3558/2579
f 2686/3537/2557 2498/3559/2369 2701/3560/2572
f 2505/3561/2376 2700/3534/2571 2715/3557/2586
f 2694/3539/2565 2693/3535/2564 2708/3558/2579 2709/3545/2580
f 2687/3540/2558 2686/3537/2557 2701/3560/2572 2702/3547/2573
f 2714/3555/2585 2713/3553/2584 2728/3562/2599 2729/3563/2600
f 2707/3556/2578 2706/3554/2577 2721/3564/2592 2722/3565/2593
f 2715/3557/2586 2714/3555/2585 2729/3563/2600 2730/3566/2601
f 2708/3558/2579 2707/3556/2578 2722/3565/2593 2723/3567/2594
f 2701/3560/2572 2498/3568/2369 2716/3569/2587
f 2505/3570/2376 2715/3557/2586 2730/3566/2601
f 2709/3545/2580 2708/3558/2579 2723/3567/2594 2724/3571/2595
f 2702/3547/2573 2701/3560/2572 2716/3569/2587 2717/3572/2588
f 2710/3546/2581 2709/3545/2580 2724/3571/2595 2725/3573/2596
f 2703/3548/2574 2702/3547/2573 2717/3572/2588 2718/3574/2589
f 2711/3549/2582 2710/3546/2581 2725/3573/2596 2726/3575/2597
f 2704/3550/2575 2703/3548/2574 2718/3574/2589 2719/3576/2590
f 2712/3551/2583 2711/3549/2582 2726/3575/2597 2727/3577/2598
f 2705/3552/2576 2704/3550/2575 2719/3576/2590 2720/3578/2591
f 2713/3553/2584 2712/3551/2583 2727/3577/2598 2728/3562/2599
f 2706/3554/2577 2705/3552/2576 2720/3578/2591 2721/3564/2592
f 2718/3574/2589 2717/3572/2588 2732/3579/2603 2733/3580/2604
f 2726/3575/2597 2725/3573/2596 2740/3581/2611 2741/3582/2612
f 2719/3576/2590 2718/3574/2589 2733/3580/2604 2734/3583/2605
f 2727/3577/2598 2726/3575/2597 2741/3582/2612 2742/3584/2613
f 2720/3578/2591 2719/3576/2590 2734/3583/2605 2735/3585/2606
f 2728/3562/2599 2727/3577/2598 2742/3584/2613 2743/3586/2614
f 2721/3564/2592 2720/3578/2591 2735/3585/2606 2736/3587/2607
f 2729/3563/2600 2728/3562/2599 2743/3586/2614 2744/3588/2615
f 2722/3565/2593 2721/3564/2592 2736/3587/2607 2737/3589/2608
f 2730/3566/2601 2729/3563/2600 2744/3588/2615 2745/3590/2616
f 2723/3567/2594 2722/3565/2593 2737/3589/2608 2738/3591/2609
f 2716/3569/2587 2498/3592/2369 2731/3593/2602
f 2505/3594/2376 2730/3566/2601 2745/3590/2616
f 2724/3571/2595 2723/3567/2594 2738/3591/2609 2739/3595/2610
f 2717/3572/2588 2716/3569/2587 2731/3593/2602 2732/3579/2603
f 2725/3573/2596 2724/3571/2595 2739/3595/2610 2740/3581/2611
f 2737/3589/2608 2736/3587/2607 2751/3596/2622 2752/3597/2623
f 2745/3590/2616 2744/3588/2615 2759/3598/2630 2760/3599/2631
f 2738/3591/2609 2737/3589/2608 2752/3597/2623 2753/3600/2624
f 2731/3593/2602 2498/3601/2369 2746/3602/2617
f 2505/3603/2376 2745/3590/2616 2760/3599/2631
f 2739/3595/2610 2738/3591/2609 2753/3600/2624 2754/3604/2625
f 2732/3579/2603 2731/3593/2602 2746/3602/2617 2747/3605/2618
f 2740/3581/2611 2739/3595/2610 2754/3604/2625 2755/3606/2626
f 2733/3580/2604 2732/3579/2603 2747/3605/2618 2748/3607/2619
f 2741/3582/2612 2740/3581/2611 2755/3606/2626 2756/3608/2627
f 2734/3583/2605 2733/3580/2604 2748/3607/2619 2749/3609/2620
f 2742/3584/2613 2741/3582/2612 2756/3608/2627 2757/3610/2628
f 2735/3585/2606 2734/3583/2605 2749/3609/2620 2750/3611/2621
f 2743/3586/2614 2742/3584/2613 2757/3610/2628 2758/3612/2629
f 2736/3587/2607 2735/3585/2606 2750/3611/2621 2751/3596/2622
f 2744/3588/2615 2743/3586/2614 2758/3612/2629 2759/3598/2630
f 2756/3608/2627 2755/3606/2626 2770/3613/2641 2771/3614/2642
f 2749/3609/2620 2748/3607/2619 2763/3615/2634 2764/3616/2635
f 2757/3610/2628 2756/3608/2627 2771/3614/2642 2772/3617/2643
f 2750/3611/2621 2749/3609/2620 2764/3616/2635 2765/3618/2636
f 2758/3612/2629 2757/3610/2628 2772/3617/2643 2773/3619/2644
f 2751/3596/2622 2750/3611/2621 2765/3618/2636 2766/3620/2637
f 2759/3598/2630 2758/3612/2629 2773/3619/2644 2774/3621/2645
f 2752/3597/2623 2751/3596/2622 2766/3620/2637 2767/3622/2638
f 2760/3599/2631 2759/3598/2630 2774/3621/2645 2775/3623/2646
f 2753/3600/2624 2752/3597/2623 2767/3622/2638 2768/3624/2639
f 2746/3602/2617 2498/3625/2369 2761/3626/2632
f 2505/3627/2376 2760/3599/2631 2775/3623/2646
f 2754/3604/2625 2753/3600/2624 2768/3624/2639 2769/3628/2640
f 2747/3605/2618 2746/3602/2617 2761/3626/2632 2762/3629/2633
f 2755/3606/2626 2754/3604/2625 2769/3628/2640 2770/3613/2641
f 2748/3607/2619 2747/3605/2618 2762/3629/2633 2763/3615/2634
f 2775/3623/2646 2774/3621/2645 2789/3630/2660 2790/3631/2661
f 2768/3624/2639 2767/3622/2638 2782/3632/2653 2783/3633/2654
f 2761/3626/2632 2498/3634/2369 2776/3635/2647
f 2505/3636/2376 2775/3623/2646 2790/3631/2661
f 2769/3628/2640 2768/3624/2639 2783/3633/2654 2784/3637/2655
f 2762/3629/2633 2761/3626/2632 2776/3635/2647 2777/3638/2648
f 2770/3613/2641 2769/3628/2640 2784/3637/2655 2785/3639/2656
f 2763/3615/2634 2762/3629/2633 2777/3638/2648 2778/3640/2649
f 2771/3614/2642 2770/3613/2641 2785/3639/2656 2786/3641/2657
f 2764/3616/2635 2763/3615/2634 2778/3640/2649 2779/3642/2650
f 2772/3617/2643 2771/3614/2642 2786/3641/2657 2787/3643/2658
f 2765/3618/2636 2764/3616/2635 2779/3642/2650 2780/3644/2651
f 2773/3619/2644 2772/3617/2643 2787/3643/2658 2788/3645/2659
f 2766/3620/2637 2765/3618/2636 2780/3644/2651 2781/3646/2652
f 2774/3621/2645 2773/3619/2644 2788/3645/2659 2789/3630/2660
f 2767/3622/2638 2766/3620/2637 2781/3646/2652 2782/3632/2653
f 2779/3642/2650 2778/3640/2649 2793/3647/2664 2794/3648/2665
f 2787/3643/2658 2786/3641/2657 2801/3649/2672 2802/3650/2673
f 2780/3644/2651 2779/3642/2650 2794/3648/2665 2795/3651/2666
f 2788/3645/2659 2787/3643/2658 2802/3650/2673 2803/3652/2674
f 2781/3646/2652 2780/3644/2651 2795/3651/2666 2796/3653/2667
f 2789/3630/2660 2788/3645/2659 2803/3652/2674 2804/3654/2675
f 2782/3632/2653 2781/3646/2652 2796/3653/2667 2797/3655/2668
f 2790/3631/2661 2789/3630/2660 2804/3654/2675 2805/3656/2676
f 2783/3633/2654 2782/3632/2653 2797/3655/2668 2798/3657/2669
f 2776/3635/2647 2498/3658/2369 2791/3659/2662
f 2505/3660/2376 2790/3631/2661 2805/3656/2676
f 2784/3637/2655 2783/3633/2654 2798/3657/2669 2799/3661/2670
f 2777/3638/2648 2776/3635/2647 2791/3659/2662 2792/3662/2663
f 2785/3639/2656 2784/3637/2655 2799/3661/2670 2800/3663/2671
f 2778/3640/2649 2777/3638/2648 2792/3662/2663 2793/3647/2664
f 2786/3641/2657 2785/3639/2656 2800/3663/2671 2801/3649/2672
f 2798/3657/2669 2797/3655/2668 2812/3664/2683 2813/3665/2684
f 2791/3659/2662 2498/3666/2369 2806/3667/2677
f 2505/3668/2376 2805/3656/2676 2820/3669/2691
f 2799/3661/2670 2798/3657/2669 2813/3665/2684 2814/3670/2685
f 2792/3662/2663 2791/3659/2662 2806/3667/2677 2807/3671/2678
f 2800/3663/2671 2799/3661/2670 2814/3670/2685 2815/3672/2686
f 2793/3647/2664 2792/3662/2663 2807/3671/2678 2808/3673/2679
f 2801/3649/2672 2800/3663/2671 2815/3672/2686 2816/3674/2687
f 2794/3648/2665 2793/3647/2664 2808/3673/2679 2809/3675/2680
f 2802/3650/2673 2801/3649/2672 2816/3674/2687 2817/3676/2688
f 2795/3651/2666 2794/3648/2665 2809/3675/2680 2810/3677/2681
f 2803/3652/2674 2802/3650/2673 2817/3676/2688 2818/3678/2689
f 2796/3653/2667 2795/3651/2666 2810/3677/2681 2811/3679/2682
f 2804/3654/2675 2803/3652/2674 2818/3678/2689 2819/3680/2690
f 2797/3655/2668 2796/3653/2667 2811/3679/2682 2812/3664/2683
f 2805/3656/2676 2804/3654/2675 2819/3680/2690 2820/3669/2691
f 2817/3676/2688 2816/3674/2687 2831/3681/2702 2832/3682/2703
f 2810/3677/2681 2809/3675/2680 2824/3683/2695 2825/3684/2696
f 2818/3678/2689 2817/3676/2688 2832/3682/2703 2833/3685/2704
f 2811/3679/2682 2810/3677/2681 2825/3684/2696 2826/3686/2697
f 2819/3680/2690 2818/3678/2689 2833/3685/2704 2834/3687/2705
f 2812/3664/2683 2811/3679/2682 2826/3686/2697 2827/3688/2698
f 2820/3669/2691 2819/3680/2690 2834/3687/2705 2835/3689/2706
f 2813/3665/2684 2812/3664/2683 2827/3688/2698 2828/3690/2699
f 2806/3667/2677 2498/3691/2369 2821/3692/2692
f 2505/3693/2376 2820/3669/2691 2835/3689/2706
f 2814/3670/2685 2813/3665/2684 2828/3690/2699 2829/3694/2700
f 2807/3671/2678 2806/3667/2677 2821/3692/2692 2822/3695/2693
f 2815/3672/2686 2814/3670/2685 2829/3694/2700 2830/3696/2701
f 2808/3673/2679 2807/3671/2678 2822/3695/2693 2823/3697/2694
f 2816/3674/2687 2815/3672/2686 2830/3696/2701 2831/3681/2702
f 2809/3675/2680 2808/3673/2679 2823/3697/2694 2824/3683/2695
f 2505/3698/2376 2835/3689/2706 2850/3699/2721
f 2829/3694/2700 2828/3690/2699 2843/3700/2714 2844/3701/2715
f 2822/3695/2693 2821/3692/2692 2836/3702/2707 2837/3703/2708
f 2830/3696/2701 2829/3694/2700 2844/3701/2715 2845/3704/2716
f 2823/3697/2694 2822/3695/2693 2837/3703/2708 2838/3705/2709
f 2831/3681/2702 2830/3696/2701 2845/3704/2716 2846/3706/2717
f 2824/3683/2695 2823/3697/2694 2838/3705/2709 2839/3707/2710
f 2832/3682/2703 2831/3681/2702 2846/3706/2717 2847/3708/2718
f 2825/3684/2696 2824/3683/2695 2839/3707/2710 2840/3709/2711
f 2833/3685/2704 2832/3682/2703 2847/3708/2718 2848/3710/2719
f 2826/3686/2697 2825/3684/2696 2840/3709/2711 2841/3711/2712
f 2834/3687/2705 2833/3685/2704 2848/3710/2719 2849/3712/2720
f 2827/3688/2698 2826/3686/2697 2841/3711/2712 2842/3713/2713
f 2835/3689/2706 2834/3687/2705 2849/3712/2720 2850/3699/2721
f 2828/3690/2699 2827/3688/2698 2842/3713/2713 2843/3700/2714
f 2821/3692/2692 2498/3714/2369 2836/3702/2707
f 2848/3710/2719 2847/3708/2718 2862/3715/2733 2863/3716/2734
f 2841/3711/2712 2840/3709/2711 2855/3717/2726 2856/3718/2727
f 2849/3712/2720 2848/3710/2719 2863/3716/2734 2864/3719/2735
f 2842/3713/2713 2841/3711/2712 2856/3718/2727 2857/3720/2728
f 2850/3699/2721 2849/3712/2720 2864/3719/2735 2865/3721/2736
f 2843/3700/2714 2842/3713/2713 2857/3720/2728 2858/3722/2729
f 2836/3702/2707 2498/3723/2369 2851/3724/2722
f 2505/3725/2376 2850/3699/2721 2865/3721/2736
f 2844/3701/2715 2843/3700/2714 2858/3722/2729 2859/3726/2730
f 2837/3703/2708 2836/3702/2707 2851/3724/2722 2852/3727/2723
f 2845/3704/2716 2844/3701/2715 2859/3726/2730 2860/3728/2731
f 2838/3705/2709 2837/3703/2708 2852/3727/2723 2853/3729/2724
f 2846/3706/2717 2845/3704/2716 2860/3728/2731 2861/3730/2732
f 2839/3707/2710 2838/3705/2709 2853/3729/2724 2854/3731/2725
f 2847/3708/2718 2846/3706/2717 2861/3730/2732 2862/3715/2733
f 2840/3709/2711 2839/3707/2710 2854/3731/2725 2855/3717/2726
f 2852/3732/2723 2851/3733/2722 2866/3734/2737 2867/3735/2738
f 2860/3736/2731 2859/3737/2730 2874/3738/2745 2875/3739/2746
f 2853/3740/2724 2852/3732/2723 2867/3735/2738 2868/3741/2739
f 2861/3742/2732 2860/3736/2731 2875/3739/2746 2876/3743/2747
f 2854/3744/2725 2853/3740/2724 2868/3741/2739 2869/3745/2740
f 2862/3746/2733 2861/3742/2732 2876/3743/2747 2877/3747/2748
f 2855/3748/2726 2854/3744/2725 2869/3745/2740 2870/3749/2741
f 2863/3750/2734 2862/3746/2733 2877/3747/2748 2878/3751/2749
f 2856/3752/2727 2855/3748/2726 2870/3749/2741 2871/3753/2742
f 2864/3754/2735 2863/3750/2734 2878/3751/2749 2879/3755/2750
f 2857/3756/2728 2856/3752/2727 2871/3753/2742 2872/3757/2743
f 2865/3758/2736 2864/3754/2735 2879/3755/2750 2880/3759/2751
f 2858/3760/2729 2857/3756/2728 2872/3757/2743 2873/3761/2744
f 2851/3733/2722 2498/3762/2369 2866/3734/2737
f 2505/3763/2376 2865/3758/2736 2880/3759/2751
f 2859/3737/2730 2858/3760/2729 2873/3761/2744 2874/3738/2745
f 2871/3753/2742 2870/3749/2741 2885/3764/2756 2886/3765/2757
f 2879/3755/2750 2878/3751/2749 2893/3766/2764 2894/3767/2765
f 2872/3757/2743 2871/3753/2742 2886/3765/2757 2887/3768/2758
f 2880/3759/2751 2879/3755/2750 2894/3767/2765 2895/3769/2766
f 2873/3761/2744 2872/3757/2743 2887/3768/2758 2888/3770/2759
f 2866/3734/2737 2498/3771/2369 2881/3772/2752
f 2505/3773/2376 2880/3759/2751 2895/3769/2766
f 2874/3738/2745 2873/3761/2744 2888/3770/2759 2889/3774/2760
f 2867/3735/2738 2866/3734/2737 2881/3772/2752 2882/3775/2753
f 2875/3739/2746 2874/3738/2745 2889/3774/2760 2890/3776/2761
f 2868/3741/2739 2867/3735/2738 2882/3775/2753 2883/3777/2754
f 2876/3743/2747 2875/3739/2746 2890/3776/2761 2891/3778/2762
f 2869/3745/2740 2868/3741/2739 2883/3777/2754 2884/3779/2755
f 2877/3747/2748 2876/3743/2747 2891/3778/2762 2892/3780/2763
f 2870/3749/2741 2869/3745/2740 2884/3779/2755 2885/3764/2756
f 2878/3751/2749 2877/3747/2748 2892/3780/2763 2893/3766/2764
f 2890/3776/2761 2889/3774/2760 2904/3781/2775 2905/3782/2776
f 2883/3777/2754 2882/3775/2753 2897/3783/2768 2898/3784/2769
f 2891/3778/2762 2890/3776/2761 2905/3782/2776 2906/3785/2777
f 2884/3779/2755 2883/3777/2754 2898/3784/2769 2899/3786/2770
f 2892/3780/2763 2891/3778/2762 2906/3785/2777 2907/3787/2778
f 2885/3764/2756 2884/3779/2755 2899/3786/2770 2900/3788/2771
f 2893/3766/2764 2892/3780/2763 2907/3787/2778 2908/3789/2779
f 2886/3765/2757 2885/3764/2756 2900/3788/2771 2901/3790/2772
f 2894/3767/2765 2893/3766/2764 2908/3789/2779 2909/3791/2780
f 2887/3768/2758 2886/3765/2757 2901/3790/2772 2902/3792/2773
f 2895/3769/2766 2894/3767/2765 2909/3791/2780 2910/3793/2781
f 2888/3770/2759 2887/3768/2758 2902/3792/2773 2903/3794/2774
f 2881/3772/2752 2498/3795/2369 2896/3796/2767
f 2505/3797/2376 2895/3769/2766 2910/3793/2781
f 2889/3774/2760 2888/3770/2759 2903/3794/2774 2904/3781/2775
f 2882/3775/2753 2881/3772/2752 2896/3796/2767 2897/3783/2768
f 2909/3791/2780 2908/3789/2779 2923/3798/2794 2924/3799/2795
f 2902/3792/2773 2901/3790/2772 2916/3800/2787 2917/3801/2788
f 2910/3793/2781 2909/3791/2780 2924/3799/2795 2925/3802/2796
f 2903/3794/2774 2902/3792/2773 2917/3801/2788 2918/3803/2789
f 2896/3796/2767 2498/3804/2369 2911/3805/2782
f 2505/3806/2376 2910/3793/2781 2925/3802/2796
f 2904/3781/2775 2903/3794/2774 2918/3803/2789 2919/3807/2790
f 2897/3783/2768 2896/3796/2767 2911/3805/2782 2912/3808/2783
f 2905/3782/2776 2904/3781/2775 2919/3807/2790 2920/3809/2791
f 2898/3784/2769 2897/3783/2768 2912/3808/2783 2913/3810/2784
f 2906/3785/2777 2905/3782/2776 2920/3809/2791 2921/3811/2792
f 2899/3786/2770 2898/3784/2769 2913/3810/2784 2914/3812/2785
f 2907/3787/2778 2906/3785/2777 2921/3811/2792 2922/3813/2793
f 2900/3788/2771 2899/3786/2770 2914/3812/2785 2915/3814/2786
f 2908/3789/2779 2907/3787/2778 2922/3813/2793 2923/3798/2794
f 2901/3790/2772 2900/3788/2771 2915/3814/2786 2916/3800/2787
f 2913/3810/2784 2912/3808/2783 2927/3815/2798 2928/3816/2799
f 2921/3811/2792 2920/3809/2791 2935/3817/2806 2936/3818/2807
f 2914/3812/2785 2913/3810/2784 2928/3816/2799 2929/3819/2800
f 2922/3813/2793 2921/3811/2792 2936/3818/2807 2937/3820/2808
f 2915/3814/2786 2914/3812/2785 2929/3819/2800 2930/3821/2801
f 2923/3798/2794 2922/3813/2793 2937/3820/2808 2938/3822/2809
f 2916/3800/2787 2915/3814/2786 2930/3821/2801 2931/3823/2802
f 2924/3799/2795 2923/3798/2794 2938/3822/2809 2939/3824/2810
f 2917/3801/2788 2916/3800/2787 2931/3823/2802 2932/3825/2803
f 2925/3802/2796 2924/3799/2795 2939/3824/2810 2940/3826/2811
f 2918/3803/2789 2917/3801/2788 2932/3825/2803 2933/3827/2804
f 2911/3805/2782 2498/3828/2369 2926/3829/2797
f 2505/3830/2376 2925/3802/2796 2940/3826/2811
f 2919/3807/2790 2918/3803/2789 2933/3827/2804 2934/3831/2805
f 2912/3808/2783 2911/3805/2782 2926/3829/2797 2927/3815/2798
f 2920/3809/2791 2919/3807/2790 2934/3831/2805 2935/3817/2806
f 2932/3825/2803 2931/3823/2802 2946/3832/2817 2947/3833/2818
f 2940/3826/2811 2939/3824/2810 2954/3834/2825 2955/3835/2826
f 2933/3827/2804 2932/3825/2803 2947/3833/2818 2948/3836/2819
f 2926/3829/2797 2498/3837/2369 2941/3838/2812
f 2505/3839/2376 2940/3826/2811 2955/3835/2826
f 2934/3831/2805 2933/3827/2804 2948/3836/2819 2949/3840/2820
f 2927/3815/2798 2926/3829/2797 2941/3838/2812 2942/3841/2813
f 2935/3817/2806 2934/3831/2805 2949/3840/2820 2950/3842/2821
f 2928/3816/2799 2927/3815/2798 2942/3841/2813 2943/3843/2814
f 2936/3818/2807 2935/3817/2806 2950/3842/2821 2951/3844/2822
f 2929/3819/2800 2928/3816/2799 2943/3843/2814 2944/3845/2815
f 2937/3820/2808 2936/3818/2807 2951/3844/2822 2952/3846/2823
f 2930/3821/2801 2929/3819/2800 2944/3845/2815 2945/3847/2816
f 2938/3822/2809 2937/3820/2808 2952/3846/2823 2953/3848/2824
f 2931/3823/2802 2930/3821/2801 2945/3847/2816 2946/3832/2817
f 2939/3824/2810 2938/3822/2809 2953/3848/2824 2954/3834/2825
f 2951/3844/2822 2950/3842/2821 2965/3849/2836 2966/3850/2837
f 2944/3845/2815 2943/3843/2814 2958/3851/2829 2959/3852/2830
f 2952/3846/2823 2951/3844/2822 2966/3850/2837 2967/3853/2838
f 2945/3847/2816 2944/3845/2815 2959/3852/2830 2960/3854/2831
f 2953/3848/2824 2952/3846/2823 2967/3853/2838 2968/3855/2839
f 2946/3832/2817 2945/3847/2816 2960/3854/2831 2961/3856/2832
f 2954/3834/2825 2953/3848/2824 2968/3855/2839 2969/3857/2840
f 2947/3833/2818 2946/3832/2817 2961/3856/2832 2962/3858/2833
f 2955/3835/2826 2954/3834/2825 2969/3857/2840 2970/3859/2841
f 2948/3836/2819 2947/3833/2818 2962/3858/2833 2963/3860/2834
f 2941/3838/2812 2498/3861/2369 2956/3862/2827
f 2505/3863/2376 2955/3835/2826 2970/3859/2841
f 2949/3840/2820 2948/3836/2819 2963/3860/2834 2964/3864/2835
f 2942/3841/2813 2941/3838/2812 2956/3862/2827 2957/3865/2828
f 2950/3842/2821 2949/3840/2820 2964/3864/2835 2965/3849/2836
f 2943/3843/2814 2942/3841/2813 2957/3865/2828 2958/3851/2829
f 2970/3859/2841 2969/3857/2840 2978/3310/2849 2979/3309/2850
f 2963/3860/2834 2962/3858/2833 2501/3314/2372 2502/3313/2373
f 2956/3862/2827 2498/3866/2369 2971/3317/2842
f 2505/3867/2376 2970/3859/2841 2979/3309/2850
f 2964/3864/2835 2963/3860/2834 2502/3313/2373 2503/3321/2374
f 2957/3865/2828 2956/3862/2827 2971/3317/2842 2972/3323/2843
f 2965/3849/2836 2964/3864/2835 2503/3321/2374 2975/3325/2846
f 2958/3851/2829 2957/3865/2828 2972/3323/2843 2499/3327/2370
f 2966/3850/2837 2965/3849/2836 2975/3325/2846 2504/3329/2375
f 2959/3852/2830 2958/3851/2829 2499/3327/2370 2973/3331/2844
f 2967/3853/2838 2966/3850/2837 2504/3329/2375 2976/3333/2847
f 2960/3854/2831 2959/3852/2830 2973/3331/2844 2500/3335/2371
f 2968/3855/2839 2967/3853/2838 2976/3333/2847 2977/3337/2848
f 2961/3856/2832 2960/3854/2831 2500/3335/2371 2974/3339/2845
f 2969/3857/2840 2968/3855/2839 2977/3337/2848 2978/3310/2849
f 2962/3858/2833 2961/3856/2832 2974/3339/2845 2501/3314/2372
o 球.002
v 0.409249 0.038294 -2.540205
v 0.409249 0.059936 -2.707789
v 0.409249 0.044897 -2.798084
v 0.409249 0.008426 -2.854720
v 0.409249 -0.016218 -2.867479
v 0.409249 -0.043924 -2.869075
v 0.409249 -0.104182 -2.838964
v 0.409249 -0.230041 -2.613786
v 0.417989 0.050957 -2.596494
v 0.426392 0.057978 -2.652033
v 0.434138 0.059086 -2.704689
v 0.440926 0.054239 -2.752437
v 0.446498 0.043624 -2.793443
v 0.450637 0.027648 -2.826132
v 0.453187 0.006925 -2.849246
v 0.454048 -0.017749 -2.861898
v 0.453187 -0.045425 -2.863601
v 0.450637 -0.075039 -2.854290
v 0.446498 -0.105455 -2.834323
v 0.440926 -0.135502 -2.804467
v 0.434138 -0.164026 -2.765869
v 0.426392 -0.189931 -2.720013
v 0.417989 -0.212221 -2.668661
v 0.426392 0.050073 -2.593269
v 0.442877 0.056243 -2.645707
v 0.458070 0.056568 -2.695505
v 0.471387 0.051034 -2.740748
v 0.482315 0.039855 -2.779699
v 0.490436 0.023460 -2.810860
v 0.495436 0.002479 -2.833033
v 0.497125 -0.022282 -2.845368
v 0.495436 -0.049871 -2.847389
v 0.490436 -0.079227 -2.839018
v 0.482315 -0.109223 -2.820579
v 0.471387 -0.138707 -2.792778
v 0.458070 -0.166544 -2.756685
v 0.442877 -0.191665 -2.713687
v 0.426392 -0.213106 -2.665436
v 0.434138 0.048637 -2.588032
v 0.458070 0.053426 -2.635435
v 0.480126 0.052478 -2.680591
v 0.499459 0.045829 -2.721767
v 0.515325 0.033735 -2.757379
v 0.527114 0.016659 -2.786060
v 0.534374 -0.004741 -2.806706
v 0.536825 -0.029643 -2.818524
v 0.534374 -0.057090 -2.821061
v 0.527114 -0.086028 -2.814218
v 0.515325 -0.115344 -2.798259
v 0.499459 -0.143912 -2.773797
v 0.480126 -0.170634 -2.741772
v 0.458070 -0.194482 -2.703415
v 0.434138 -0.214542 -2.660199
v 0.440926 0.046704 -2.580984
v 0.471387 0.049635 -2.621610
v 0.499459 0.046975 -2.660521
v 0.524065 0.038825 -2.696223
v 0.544258 0.025498 -2.727342
v 0.559263 0.007507 -2.752684
v 0.568503 -0.014456 -2.771274
v 0.571623 -0.039549 -2.782399
v 0.568503 -0.066806 -2.785630
v 0.559263 -0.095180 -2.780843
v 0.544258 -0.123581 -2.768222
v 0.524065 -0.150916 -2.748253
v 0.499459 -0.176137 -2.721702
v 0.471387 -0.198273 -2.689590
v 0.440926 -0.216474 -2.653152
v 0.446498 0.044349 -2.572397
v 0.482315 0.045016 -2.604765
v 0.515325 0.040269 -2.636066
v 0.544258 0.030289 -2.665097
v 0.568003 0.015462 -2.690742
v 0.585647 -0.003645 -2.712016
v 0.596512 -0.026295 -2.728101
v 0.600180 -0.051620 -2.738380
v 0.596512 -0.078645 -2.742456
v 0.585647 -0.106332 -2.740174
v 0.568003 -0.133617 -2.731622
v 0.544258 -0.159452 -2.717127
v 0.515325 -0.182843 -2.697246
v 0.482315 -0.202892 -2.672745
v 0.446498 -0.218829 -2.644564
v 0.450637 0.041662 -2.562599
v 0.490436 0.039746 -2.585546
v 0.527114 0.032618 -2.608165
v 0.559263 0.020551 -2.629585
v 0.585647 0.004011 -2.648985
v 0.605252 -0.016368 -2.665618
v 0.617324 -0.039802 -2.678846
v 0.621401 -0.065391 -2.688159
v 0.617324 -0.092151 -2.693201
v 0.605252 -0.119055 -2.693776
v 0.585647 -0.145067 -2.689864
v 0.559263 -0.169189 -2.681615
v 0.527114 -0.190494 -2.669345
v 0.490436 -0.208163 -2.653526
v 0.450637 -0.221516 -2.634767
v 0.453187 0.038747 -2.551968
v 0.495436 0.034028 -2.564692
v 0.534374 0.024316 -2.577890
v 0.568503 0.009985 -2.591053
v 0.596512 -0.008413 -2.603676
v 0.617324 -0.030173 -2.615273
v 0.630140 -0.054457 -2.625400
v 0.634468 -0.080334 -2.633666
v 0.630140 -0.106807 -2.639755
v 0.617324 -0.132860 -2.643432
v 0.596512 -0.157492 -2.644556
v 0.568503 -0.179756 -2.643083
v 0.534374 -0.198796 -2.639071
v 0.495436 -0.213881 -2.632673
v 0.453187 -0.224431 -2.624135
v 0.454048 0.035716 -2.540912
v 0.497125 0.028081 -2.543006
v 0.536825 0.015682 -2.546406
v 0.571623 -0.001003 -2.550981
v 0.600180 -0.021334 -2.556556
v 0.621401 -0.044530 -2.562917
v 0.634468 -0.069699 -2.569818
v 0.638880 -0.095874 -2.576996
v 0.634468 -0.122048 -2.584173
v 0.621401 -0.147217 -2.591075
v 0.600180 -0.170413 -2.597436
v 0.571623 -0.190744 -2.603011
v 0.536825 -0.207429 -2.607586
v 0.497125 -0.219828 -2.610986
v 0.454048 -0.227463 -2.613080
v 0.453187 0.032684 -2.529856
v 0.495436 0.022134 -2.521319
v 0.534374 0.007049 -2.514921
v 0.568503 -0.011991 -2.510909
v 0.596512 -0.034255 -2.509436
v 0.617324 -0.058887 -2.510560
v 0.630140 -0.084940 -2.514237
v 0.634468 -0.111413 -2.520325
v 0.630140 -0.137290 -2.528592
v 0.617324 -0.161574 -2.538718
v 0.596512 -0.183334 -2.550316
v 0.568503 -0.201732 -2.562939
v 0.534374 -0.216063 -2.576102
v 0.495436 -0.225775 -2.589299
v 0.453187 -0.230494 -2.602024
v 0.450637 0.029769 -2.519225
v 0.490436 0.016416 -2.500465
v 0.527114 -0.001253 -2.484647
v 0.559263 -0.022558 -2.472377
v 0.585647 -0.046680 -2.464127
v 0.605252 -0.072692 -2.460215
v 0.617324 -0.099596 -2.460791
v 0.621401 -0.126356 -2.465833
v 0.617324 -0.151945 -2.475146
v 0.605252 -0.175379 -2.488374
v 0.585647 -0.195758 -2.505007
v 0.559263 -0.212298 -2.524406
v 0.527114 -0.224365 -2.545827
v 0.490436 -0.231493 -2.568446
v 0.450637 -0.233409 -2.591393
v 0.446498 0.027082 -2.509428
v 0.482315 0.011145 -2.481247
v 0.515325 -0.008904 -2.456745
v 0.544258 -0.032295 -2.436865
v 0.568003 -0.058130 -2.422370
v 0.585647 -0.085415 -2.413817
v 0.596512 -0.113102 -2.411535
v 0.600180 -0.140127 -2.415612
v 0.596512 -0.165452 -2.425890
v 0.585647 -0.188102 -2.441976
v 0.568003 -0.207209 -2.463250
v 0.544258 -0.222036 -2.488895
v 0.515325 -0.232016 -2.517926
v 0.482315 -0.236763 -2.549227
v 0.446498 -0.236096 -2.581595
v 0.440926 0.024727 -2.500840
v 0.471387 0.006526 -2.464401
v 0.499459 -0.015610 -2.432290
v 0.524064 -0.040831 -2.405739
v 0.544258 -0.068166 -2.385770
v 0.559263 -0.096567 -2.373149
v 0.568503 -0.124941 -2.368362
v 0.571623 -0.152198 -2.371593
v 0.568503 -0.177291 -2.382717
v 0.559263 -0.199254 -2.401308
v 0.544258 -0.217245 -2.426650
v 0.524064 -0.230571 -2.457769
v 0.499459 -0.238722 -2.493470
v 0.471387 -0.241382 -2.532382
v 0.440926 -0.238451 -2.573008
v 0.434138 0.022795 -2.493792
v 0.458070 0.002735 -2.450577
v 0.480126 -0.021113 -2.412220
v 0.499459 -0.047835 -2.380195
v 0.515325 -0.076403 -2.355733
v 0.527114 -0.105719 -2.339774
v 0.534374 -0.134657 -2.332931
v 0.536825 -0.162104 -2.335468
v 0.534374 -0.187006 -2.347286
v 0.527114 -0.208406 -2.367932
v 0.515325 -0.225482 -2.396612
v 0.499459 -0.237576 -2.432225
v 0.480126 -0.244225 -2.473400
v 0.458070 -0.245173 -2.518557
v 0.434138 -0.240384 -2.565960
v 0.426392 0.021359 -2.488555
v 0.442877 -0.000082 -2.440304
v 0.458070 -0.025203 -2.397306
v 0.471387 -0.053040 -2.361213
v 0.482315 -0.082523 -2.333413
v 0.490436 -0.112520 -2.314974
v 0.495436 -0.141876 -2.306603
v 0.497125 -0.169465 -2.308624
v 0.495436 -0.194226 -2.320958
v 0.490436 -0.215207 -2.343132
v 0.482315 -0.231602 -2.374293
v 0.471387 -0.242781 -2.413243
v 0.458070 -0.248315 -2.458487
v 0.442877 -0.247990 -2.508285
v 0.426392 -0.241820 -2.560723
v 0.417989 0.020474 -2.485331
v 0.426392 -0.001816 -2.433979
v 0.434138 -0.027721 -2.388123
v 0.440926 -0.056245 -2.349525
v 0.446498 -0.086292 -2.319669
v 0.450637 -0.116708 -2.299702
v 0.453187 -0.146322 -2.290391
v 0.454048 -0.173998 -2.292094
v 0.453187 -0.198672 -2.304746
v 0.450637 -0.219395 -2.327860
v 0.446498 -0.235371 -2.360548
v 0.440926 -0.245986 -2.401555
v 0.434138 -0.250833 -2.449303
v 0.426392 -0.249725 -2.501959
v 0.417989 -0.242704 -2.557498
v 0.409249 0.020176 -2.484241
v 0.409249 -0.002402 -2.431843
v 0.409249 -0.028572 -2.385022
v 0.409249 -0.057328 -2.345578
v 0.409249 -0.087565 -2.315028
v 0.409249 -0.118122 -2.294545
v 0.409249 -0.147823 -2.284916
v 0.409249 -0.175529 -2.286513
v 0.409249 -0.200173 -2.299272
v 0.409249 -0.220809 -2.322703
v 0.409249 -0.236643 -2.355907
v 0.409249 -0.247069 -2.397608
v 0.409249 -0.251683 -2.446202
v 0.409249 -0.250310 -2.499823
v 0.409249 -0.243003 -2.556409
v 0.400509 0.020474 -2.485331
v 0.392105 -0.001816 -2.433979
v 0.384360 -0.027721 -2.388123
v 0.377571 -0.056245 -2.349525
v 0.372000 -0.086292 -2.319669
v 0.367860 -0.116708 -2.299702
v 0.365311 -0.146322 -2.290391
v 0.364450 -0.173998 -2.292094
v 0.365311 -0.198672 -2.304746
v 0.367860 -0.219395 -2.327860
v 0.372000 -0.235371 -2.360548
v 0.377571 -0.245986 -2.401555
v 0.384360 -0.250833 -2.449303
v 0.392105 -0.249725 -2.501959
v 0.400509 -0.242704 -2.557498
v 0.392105 0.021359 -2.488555
v 0.375620 -0.000082 -2.440304
v 0.360427 -0.025203 -2.397306
v 0.347111 -0.053040 -2.361213
v 0.336182 -0.082523 -2.333413
v 0.328062 -0.112520 -2.314974
v 0.323061 -0.141876 -2.306603
v 0.321372 -0.169465 -2.308624
v 0.323061 -0.194226 -2.320958
v 0.328062 -0.215207 -2.343132
v 0.336182 -0.231602 -2.374293
v 0.347111 -0.242781 -2.413243
v 0.360427 -0.248315 -2.458487
v 0.375620 -0.247990 -2.508285
v 0.392105 -0.241820 -2.560723
v 0.384360 0.022795 -2.493792
v 0.360427 0.002735 -2.450577
v 0.338371 -0.021113 -2.412220
v 0.319038 -0.047835 -2.380195
v 0.303173 -0.076403 -2.355733
v 0.291383 -0.105719 -2.339774
v 0.284124 -0.134657 -2.332931
v 0.281672 -0.162104 -2.335468
v 0.284124 -0.187006 -2.347286
v 0.291383 -0.208406 -2.367932
v 0.303173 -0.225482 -2.396612
v 0.319038 -0.237576 -2.432225
v 0.338371 -0.244225 -2.473400
v 0.360427 -0.245173 -2.518557
v 0.384360 -0.240384 -2.565960
v 0.377571 0.024727 -2.500840
v 0.347111 0.006526 -2.464401
v 0.319039 -0.015610 -2.432290
v 0.294433 -0.040831 -2.405739
v 0.274240 -0.068166 -2.385770
v 0.259235 -0.096567 -2.373149
v 0.249995 -0.124941 -2.368362
v 0.246875 -0.152198 -2.371593
v 0.249995 -0.177291 -2.382717
v 0.259235 -0.199254 -2.401308
v 0.274240 -0.217245 -2.426650
v 0.294433 -0.230571 -2.457769
v 0.319039 -0.238722 -2.493471
v 0.347111 -0.241382 -2.532382
v 0.377571 -0.238451 -2.573008
v 0.372000 0.027082 -2.509428
v 0.336182 0.011145 -2.481247
v 0.303173 -0.008904 -2.456745
v 0.274240 -0.032295 -2.436865
v 0.250495 -0.058130 -2.422370
v 0.232851 -0.085415 -2.413817
v 0.221986 -0.113102 -2.411536
v 0.218317 -0.140127 -2.415612
v 0.221986 -0.165452 -2.425890
v 0.232851 -0.188102 -2.441976
v 0.250495 -0.207209 -2.463250
v 0.274240 -0.222036 -2.488895
v 0.303173 -0.232016 -2.517926
v 0.336182 -0.236763 -2.549227
v 0.372000 -0.236096 -2.581595
v 0.367860 0.029769 -2.519225
v 0.328062 0.016416 -2.500465
v 0.291383 -0.001253 -2.484647
v 0.259235 -0.022558 -2.472377
v 0.232851 -0.046680 -2.464127
v 0.213246 -0.072692 -2.460215
v 0.201173 -0.099596 -2.460791
v 0.197097 -0.126356 -2.465833
v 0.201173 -0.151945 -2.475146
v 0.213246 -0.175379 -2.488374
v 0.232851 -0.195758 -2.505007
v 0.259235 -0.212298 -2.524407
v 0.291383 -0.224365 -2.545827
v 0.328062 -0.231493 -2.568446
v 0.367860 -0.233409 -2.591393
v 0.365311 0.032684 -2.529856
v 0.323061 0.022134 -2.521319
v 0.284124 0.007049 -2.514921
v 0.249995 -0.011991 -2.510909
v 0.221986 -0.034255 -2.509436
v 0.201173 -0.058887 -2.510560
v 0.188357 -0.084940 -2.514237
v 0.184030 -0.111413 -2.520325
v 0.188357 -0.137290 -2.528592
v 0.201173 -0.161574 -2.538718
v 0.221986 -0.183334 -2.550316
v 0.249995 -0.201732 -2.562939
v 0.284124 -0.216063 -2.576102
v 0.323061 -0.225775 -2.589299
v 0.365311 -0.230494 -2.602024
v 0.364450 0.035716 -2.540912
v 0.321372 0.028081 -2.543006
v 0.281672 0.015682 -2.546406
v 0.246875 -0.001003 -2.550981
v 0.218317 -0.021334 -2.556556
v 0.197097 -0.044530 -2.562917
v 0.184029 -0.069699 -2.569818
v 0.179617 -0.095873 -2.576996
v 0.184029 -0.122048 -2.584173
v 0.197097 -0.147217 -2.591075
v 0.218317 -0.170413 -2.597436
v 0.246875 -0.190744 -2.603011
v 0.281672 -0.207429 -2.607586
v 0.321372 -0.219828 -2.610986
v 0.364450 -0.227463 -2.613080
v 0.365311 0.038747 -2.551968
v 0.323061 0.034028 -2.564692
v 0.284124 0.024316 -2.577890
v 0.249995 0.009985 -2.591053
v 0.221986 -0.008413 -2.603676
v 0.201173 -0.030173 -2.615273
v 0.188357 -0.054457 -2.625400
v 0.184030 -0.080334 -2.633667
v 0.188357 -0.106807 -2.639755
v 0.201173 -0.132860 -2.643432
v 0.221986 -0.157492 -2.644556
v 0.249995 -0.179756 -2.643083
v 0.284124 -0.198796 -2.639071
v 0.323061 -0.213881 -2.632673
v 0.365311 -0.224431 -2.624135
v 0.367860 0.041662 -2.562599
v 0.328062 0.039746 -2.585546
v 0.291383 0.032618 -2.608165
v 0.259235 0.020551 -2.629585
v 0.232851 0.004011 -2.648985
v 0.213246 -0.016368 -2.665618
v 0.201173 -0.039802 -2.678846
v 0.197097 -0.065391 -2.688159
v 0.201173 -0.092151 -2.693201
v 0.213246 -0.119055 -2.693776
v 0.232851 -0.145067 -2.689864
v 0.259235 -0.169189 -2.681615
v 0.291383 -0.190494 -2.669345
v 0.328062 -0.208163 -2.653526
v 0.367860 -0.221516 -2.634767
v 0.372000 0.044349 -2.572397
v 0.336182 0.045016 -2.604765
v 0.303173 0.040269 -2.636066
v 0.274240 0.030289 -2.665097
v 0.250495 0.015462 -2.690742
v 0.232851 -0.003645 -2.712016
v 0.221986 -0.026295 -2.728101
v 0.218317 -0.051620 -2.738380
v 0.221986 -0.078645 -2.742456
v 0.232851 -0.106332 -2.740174
v 0.250495 -0.133617 -2.731622
v 0.274240 -0.159452 -2.717126
v 0.303173 -0.182843 -2.697246
v 0.336182 -0.202892 -2.672745
v 0.372000 -0.218829 -2.644564
v 0.377571 0.046704 -2.580984
v 0.347111 0.049635 -2.621610
v 0.319039 0.046975 -2.660521
v 0.294433 0.038824 -2.696223
v 0.274240 0.025498 -2.727342
v 0.259235 0.007507 -2.752684
v 0.249995 -0.014456 -2.771274
v 0.246875 -0.039549 -2.782399
v 0.249995 -0.066806 -2.785629
v 0.259235 -0.095180 -2.780843
v 0.274240 -0.123581 -2.768222
v 0.294433 -0.150916 -2.748253
v 0.319039 -0.176137 -2.721702
v 0.347111 -0.198273 -2.689590
v 0.377571 -0.216474 -2.653152
v 0.384360 0.048637 -2.588032
v 0.360427 0.053426 -2.635434
v 0.338371 0.052478 -2.680591
v 0.319039 0.045829 -2.721767
v 0.303173 0.033735 -2.757379
v 0.291383 0.016659 -2.786060
v 0.284124 -0.004741 -2.806705
v 0.281672 -0.029643 -2.818524
v 0.284124 -0.057090 -2.821061
v 0.291383 -0.086028 -2.814218
v 0.303173 -0.115344 -2.798259
v 0.319039 -0.143912 -2.773797
v 0.338371 -0.170634 -2.741772
v 0.360427 -0.194482 -2.703415
v 0.384360 -0.214542 -2.660199
v 0.392105 0.050073 -2.593269
v 0.375620 0.056243 -2.645707
v 0.360427 0.056568 -2.695505
v 0.347111 0.051034 -2.740748
v 0.336182 0.039855 -2.779699
v 0.328062 0.023460 -2.810860
v 0.323061 0.002479 -2.833033
v 0.321373 -0.022282 -2.845367
v 0.323061 -0.049871 -2.847388
v 0.328062 -0.079227 -2.839018
v 0.336182 -0.109224 -2.820579
v 0.347111 -0.138707 -2.792778
v 0.360427 -0.166544 -2.756685
v 0.375620 -0.191665 -2.713687
v 0.392105 -0.213106 -2.665436
v 0.400509 0.050957 -2.596494
v 0.392105 0.057978 -2.652033
v 0.384360 0.059086 -2.704688
v 0.377571 0.054239 -2.752437
v 0.372000 0.043624 -2.793443
v 0.367860 0.027648 -2.826132
v 0.365311 0.006925 -2.849246
v 0.364450 -0.017749 -2.861897
v 0.365311 -0.045425 -2.863601
v 0.367860 -0.075039 -2.854290
v 0.372000 -0.105455 -2.834323
v 0.377571 -0.135502 -2.804467
v 0.384360 -0.164026 -2.765869
v 0.392105 -0.189931 -2.720013
v 0.400509 -0.212221 -2.668661
v 0.409249 0.051256 -2.597583
v 0.409249 0.058563 -2.654169
v 0.409249 0.055322 -2.756384
v 0.409249 0.029062 -2.831288
v 0.409249 -0.073625 -2.859447
v 0.409249 -0.134419 -2.808414
v 0.409249 -0.163175 -2.768970
v 0.409249 -0.189345 -2.722149
v 0.409249 -0.211923 -2.669750
vn -0.0000 0.9644 0.2645
vn -0.0000 0.9994 -0.0348
vn -0.0000 0.9425 -0.3341
vn -0.0000 0.6226 -0.7825
vn -0.0000 0.2645 -0.9644
vn -0.0000 -0.1363 -0.9907
vn -0.0000 -0.6403 -0.7681
vn -0.0000 -0.9644 -0.2645
vn 0.0241 0.9844 0.1740
vn 0.0488 0.9957 0.0791
vn 0.0761 0.9967 -0.0292
vn 0.1078 0.9813 -0.1593
vn 0.1456 0.9355 -0.3220
vn 0.1896 0.8289 -0.5263
vn 0.2326 0.6109 -0.7568
vn 0.2525 0.2559 -0.9332
vn 0.2326 -0.1394 -0.9625
vn 0.1896 -0.4445 -0.8755
vn 0.1456 -0.6404 -0.7542
vn 0.1078 -0.7628 -0.6376
vn 0.0761 -0.8424 -0.5335
vn 0.0488 -0.8967 -0.4398
vn 0.0241 -0.9355 -0.3525
vn 0.0473 0.9827 0.1791
vn 0.0956 0.9914 0.0894
vn 0.1488 0.9888 -0.0129
vn 0.2100 0.9683 -0.1353
vn 0.2820 0.9154 -0.2872
vn 0.3642 0.8007 -0.4756
vn 0.4422 0.5788 -0.6852
vn 0.4774 0.2324 -0.8474
vn 0.4422 -0.1484 -0.8846
vn 0.3642 -0.4462 -0.8175
vn 0.2820 -0.6409 -0.7140
vn 0.2100 -0.7639 -0.6103
vn 0.1488 -0.8439 -0.5154
vn 0.0956 -0.8983 -0.4288
vn 0.0473 -0.9366 -0.3472
vn 0.0687 0.9799 0.1874
vn 0.1385 0.9847 0.1062
vn 0.2149 0.9765 0.0135
vn 0.3018 0.9484 -0.0970
vn 0.4021 0.8855 -0.2329
vn 0.5132 0.7600 -0.3988
vn 0.6147 0.5336 -0.5809
vn 0.6591 0.1989 -0.7253
vn 0.6147 -0.1627 -0.7718
vn 0.5132 -0.4503 -0.7307
vn 0.4021 -0.6429 -0.6520
vn 0.3018 -0.7663 -0.5672
vn 0.2149 -0.8468 -0.4865
vn 0.1385 -0.9011 -0.4109
vn 0.0687 -0.9384 -0.3386
vn 0.0874 0.9762 0.1986
vn 0.1758 0.9760 0.1286
vn 0.2719 0.9611 0.0486
vn 0.3797 0.9239 -0.0468
vn 0.5013 0.8497 -0.1633
vn 0.6320 0.7128 -0.3041
vn 0.7466 0.4828 -0.4578
vn 0.7953 0.1603 -0.5847
vn 0.7466 -0.1817 -0.6400
vn 0.6320 -0.4580 -0.6252
vn 0.5013 -0.6475 -0.5739
vn 0.3797 -0.7708 -0.5115
vn 0.2719 -0.8514 -0.4485
vn 0.1758 -0.9051 -0.3872
vn 0.0874 -0.9410 -0.3271
vn 0.1027 0.9718 0.2123
vn 0.2062 0.9660 0.1560
vn 0.3179 0.9438 0.0909
vn 0.4414 0.8972 0.0129
vn 0.5780 0.8118 -0.0827
vn 0.7204 0.6646 -0.1983
vn 0.8411 0.4316 -0.3259
vn 0.8911 0.1200 -0.4377
vn 0.8411 -0.2050 -0.5005
vn 0.7204 -0.4705 -0.5095
vn 0.5780 -0.6561 -0.4852
vn 0.4414 -0.7783 -0.4466
vn 0.3179 -0.8581 -0.4032
vn 0.2062 -0.9104 -0.3586
vn 0.1027 -0.9441 -0.3131
vn 0.1140 0.9670 0.2278
vn 0.2287 0.9554 0.1871
vn 0.3515 0.9258 0.1388
vn 0.4858 0.8704 0.0796
vn 0.6319 0.7750 0.0056
vn 0.7808 0.6188 -0.0860
vn 0.9037 0.3833 -0.1908
vn 0.9536 0.0796 -0.2904
vn 0.9037 -0.2323 -0.3596
vn 0.7808 -0.4884 -0.3896
vn 0.6319 -0.6695 -0.3905
vn 0.4858 -0.7893 -0.3755
vn 0.3515 -0.8671 -0.3529
vn 0.2287 -0.9172 -0.3264
vn 0.1140 -0.9480 -0.2973
vn 0.1210 0.9620 0.2448
vn 0.2424 0.9447 0.2209
vn 0.3719 0.9085 0.1906
vn 0.5125 0.8453 0.1512
vn 0.6638 0.7413 0.0989
vn 0.8158 0.5776 0.0301
vn 0.9392 0.3390 -0.0547
vn 0.9887 0.0396 -0.1446
vn 0.9392 -0.2637 -0.2200
vn 0.8158 -0.5121 -0.2687
vn 0.6638 -0.6881 -0.2931
vn 0.5125 -0.8042 -0.3011
vn 0.3719 -0.8787 -0.2994
vn 0.2424 -0.9252 -0.2918
vn 0.1210 -0.9523 -0.2802
vn 0.1233 0.9570 0.2624
vn 0.2471 0.9345 0.2563
vn 0.3788 0.8925 0.2447
vn 0.5214 0.8229 0.2257
vn 0.6744 0.7121 0.1953
vn 0.8272 0.5419 0.1486
vn 0.9507 0.2992 0.0820
vn 1.0000 -0.0000 -0.0000
vn 0.9507 -0.2992 -0.0820
vn 0.8272 -0.5419 -0.1486
vn 0.6744 -0.7121 -0.1953
vn 0.5214 -0.8229 -0.2257
vn 0.3788 -0.8925 -0.2447
vn 0.2471 -0.9345 -0.2563
vn 0.1233 -0.9570 -0.2624
vn 0.1210 0.9523 0.2802
vn 0.2424 0.9252 0.2918
vn 0.3719 0.8787 0.2994
vn 0.5125 0.8042 0.3011
vn 0.6638 0.6881 0.2931
vn 0.8158 0.5121 0.2687
vn 0.9392 0.2637 0.2200
vn 0.9887 -0.0396 0.1446
vn 0.9392 -0.3390 0.0547
vn 0.8158 -0.5776 -0.0301
vn 0.6638 -0.7413 -0.0989
vn 0.5125 -0.8453 -0.1512
vn 0.3719 -0.9085 -0.1906
vn 0.2424 -0.9447 -0.2209
vn 0.1210 -0.9620 -0.2448
vn 0.1140 0.9480 0.2973
vn 0.2287 0.9172 0.3264
vn 0.3515 0.8671 0.3529
vn 0.4858 0.7893 0.3755
vn 0.6319 0.6695 0.3905
vn 0.7808 0.4884 0.3896
vn 0.9037 0.2323 0.3596
vn 0.9536 -0.0796 0.2904
vn 0.9037 -0.3833 0.1908
vn 0.7808 -0.6188 0.0860
vn 0.6319 -0.7750 -0.0056
vn 0.4858 -0.8704 -0.0796
vn 0.3515 -0.9258 -0.1388
vn 0.2287 -0.9554 -0.1871
vn 0.1140 -0.9670 -0.2278
vn 0.1027 0.9441 0.3131
vn 0.2062 0.9104 0.3586
vn 0.3179 0.8581 0.4032
vn 0.4414 0.7783 0.4466
vn 0.5780 0.6561 0.4852
vn 0.7204 0.4705 0.5095
vn 0.8411 0.2050 0.5005
vn 0.8911 -0.1200 0.4377
vn 0.8411 -0.4316 0.3259
vn 0.7204 -0.6646 0.1983
vn 0.5780 -0.8118 0.0827
vn 0.4414 -0.8972 -0.0129
vn 0.3179 -0.9438 -0.0909
vn 0.2062 -0.9660 -0.1560
vn 0.1027 -0.9718 -0.2123
vn 0.0874 0.9410 0.3271
vn 0.1758 0.9051 0.3872
vn 0.2719 0.8514 0.4485
vn 0.3797 0.7708 0.5115
vn 0.5013 0.6475 0.5739
vn 0.6320 0.4580 0.6252
vn 0.7466 0.1817 0.6400
vn 0.7953 -0.1603 0.5847
vn 0.7466 -0.4828 0.4578
vn 0.6320 -0.7128 0.3041
vn 0.5013 -0.8497 0.1633
vn 0.3797 -0.9239 0.0468
vn 0.2719 -0.9611 -0.0486
vn 0.1758 -0.9760 -0.1286
vn 0.0874 -0.9762 -0.1986
vn 0.0687 0.9384 0.3386
vn 0.1385 0.9011 0.4109
vn 0.2149 0.8468 0.4865
vn 0.3018 0.7663 0.5672
vn 0.4021 0.6429 0.6520
vn 0.5132 0.4503 0.7307
vn 0.6147 0.1627 0.7718
vn 0.6591 -0.1989 0.7253
vn 0.6147 -0.5336 0.5809
vn 0.5132 -0.7600 0.3988
vn 0.4021 -0.8855 0.2329
vn 0.3018 -0.9484 0.0970
vn 0.2149 -0.9765 -0.0135
vn 0.1385 -0.9847 -0.1062
vn 0.0687 -0.9799 -0.1874
vn 0.0473 0.9366 0.3472
vn 0.0956 0.8983 0.4288
vn 0.1488 0.8439 0.5154
vn 0.2100 0.7639 0.6103
vn 0.2820 0.6409 0.7140
vn 0.3642 0.4462 0.8175
vn 0.4422 0.1484 0.8846
vn 0.4774 -0.2324 0.8474
vn 0.4422 -0.5788 0.6852
vn 0.3642 -0.8007 0.4756
vn 0.2820 -0.9154 0.2872
vn 0.2100 -0.9683 0.1353
vn 0.1488 -0.9888 0.0129
vn 0.0956 -0.9914 -0.0894
vn 0.0473 -0.9827 -0.1791
vn 0.0241 0.9355 0.3525
vn 0.0488 0.8967 0.4398
vn 0.0761 0.8424 0.5335
vn 0.1078 0.7628 0.6376
vn 0.1456 0.6404 0.7542
vn 0.1896 0.4445 0.8755
vn 0.2326 0.1394 0.9625
vn 0.2525 -0.2559 0.9332
vn 0.2326 -0.6109 0.7568
vn 0.1896 -0.8289 0.5263
vn 0.1456 -0.9355 0.3220
vn 0.1078 -0.9813 0.1593
vn 0.0761 -0.9967 0.0292
vn 0.0488 -0.9957 -0.0791
vn 0.0241 -0.9844 -0.1740
vn -0.0000 0.9352 0.3542
vn -0.0000 0.8962 0.4436
vn -0.0000 0.8419 0.5397
vn -0.0000 0.7625 0.6470
vn -0.0000 0.6403 0.7681
vn -0.0000 0.4441 0.8960
vn -0.0000 0.1363 0.9907
vn -0.0000 -0.2645 0.9644
vn -0.0000 -0.6226 0.7825
vn -0.0000 -0.8390 0.5442
vn -0.0000 -0.9426 0.3341
vn -0.0000 -0.9859 0.1675
vn -0.0000 -0.9994 0.0348
vn -0.0000 -0.9971 -0.0756
vn -0.0000 -0.9850 -0.1723
vn -0.0241 0.9355 0.3525
vn -0.0488 0.8967 0.4398
vn -0.0761 0.8424 0.5335
vn -0.1078 0.7628 0.6376
vn -0.1456 0.6404 0.7542
vn -0.1896 0.4445 0.8755
vn -0.2326 0.1394 0.9625
vn -0.2525 -0.2559 0.9332
vn -0.2326 -0.6109 0.7568
vn -0.1896 -0.8289 0.5263
vn -0.1456 -0.9355 0.3220
vn -0.1078 -0.9813 0.1593
vn -0.0761 -0.9967 0.0292
vn -0.0488 -0.9957 -0.0791
vn -0.0241 -0.9844 -0.1740
vn -0.0473 0.9366 0.3472
vn -0.0956 0.8983 0.4288
vn -0.1488 0.8439 0.5154
vn -0.2100 0.7639 0.6103
vn -0.2820 0.6409 0.7140
vn -0.3642 0.4462 0.8175
vn -0.4422 0.1484 0.8846
vn -0.4774 -0.2324 0.8474
vn -0.4422 -0.5788 0.6852
vn -0.3642 -0.8007 0.4756
vn -0.2820 -0.9154 0.2872
vn -0.2100 -0.9683 0.1353
vn -0.1488 -0.9888 0.0129
vn -0.0956 -0.9914 -0.0894
vn -0.0473 -0.9827 -0.1791
vn -0.0687 0.9384 0.3386
vn -0.1385 0.9011 0.4109
vn -0.2149 0.8468 0.4865
vn -0.3018 0.7663 0.5672
vn -0.4021 0.6429 0.6520
vn -0.5132 0.4503 0.7307
vn -0.6147 0.1627 0.7718
vn -0.6591 -0.1989 0.7253
vn -0.6147 -0.5336 0.5809
vn -0.5132 -0.7600 0.3988
vn -0.4021 -0.8855 0.2329
vn -0.3018 -0.9484 0.0970
vn -0.2149 -0.9765 -0.0135
vn -0.1385 -0.9847 -0.1062
vn -0.0687 -0.9799 -0.1874
vn -0.0874 0.9410 0.3271
vn -0.1758 0.9051 0.3872
vn -0.2719 0.8514 0.4485
vn -0.3797 0.7708 0.5115
vn -0.5013 0.6475 0.5739
vn -0.6320 0.4580 0.6252
vn -0.7466 0.1817 0.6400
vn -0.7953 -0.1603 0.5847
vn -0.7466 -0.4828 0.4578
vn -0.6320 -0.7128 0.3041
vn -0.5013 -0.8497 0.1633
vn -0.3797 -0.9239 0.0468
vn -0.2719 -0.9611 -0.0486
vn -0.1758 -0.9760 -0.1286
vn -0.0874 -0.9762 -0.1986
vn -0.1027 0.9441 0.3131
vn -0.2062 0.9104 0.3586
vn -0.3179 0.8581 0.4032
vn -0.4414 0.7783 0.4466
vn -0.5780 0.6561 0.4852
vn -0.7204 0.4705 0.5095
vn -0.8411 0.2050 0.5005
vn -0.8911 -0.1200 0.4377
vn -0.8411 -0.4316 0.3259
vn -0.7204 -0.6646 0.1983
vn -0.5780 -0.8118 0.0827
vn -0.4414 -0.8972 -0.0129
vn -0.3179 -0.9438 -0.0909
vn -0.2062 -0.9660 -0.1560
vn -0.1027 -0.9718 -0.2123
vn -0.1140 0.9480 0.2973
vn -0.2287 0.9172 0.3264
vn -0.3515 0.8671 0.3529
vn -0.4858 0.7893 0.3755
vn -0.6319 0.6695 0.3905
vn -0.7808 0.4884 0.3896
vn -0.9037 0.2323 0.3596
vn -0.9536 -0.0796 0.2904
vn -0.9037 -0.3833 0.1908
vn -0.7808 -0.6188 0.0860
vn -0.6319 -0.7750 -0.0056
vn -0.4858 -0.8704 -0.0796
vn -0.3515 -0.9258 -0.1388
vn -0.2287 -0.9554 -0.1871
vn -0.1140 -0.9670 -0.2278
vn -0.1210 0.9523 0.2802
vn -0.2424 0.9252 0.2918
vn -0.3719 0.8787 0.2994
vn -0.5125 0.8042 0.3011
vn -0.6638 0.6881 0.2931
vn -0.8158 0.5121 0.2687
vn -0.9392 0.2637 0.2200
vn -0.9887 -0.0396 0.1446
vn -0.9392 -0.3390 0.0547
vn -0.8158 -0.5776 -0.0301
vn -0.6638 -0.7413 -0.0989
vn -0.5125 -0.8453 -0.1512
vn -0.3719 -0.9085 -0.1906
vn -0.2424 -0.9447 -0.2209
vn -0.1210 -0.9620 -0.2448
vn -0.1233 0.9570 0.2624
vn -0.2471 0.9345 0.2563
vn -0.3788 0.8925 0.2447
vn -0.5214 0.8229 0.2257
vn -0.6744 0.7121 0.1953
vn -0.8272 0.5419 0.1486
vn -0.9507 0.2992 0.0820
vn -1.0000 -0.0000 -0.0000
vn -0.9507 -0.2992 -0.0820
vn -0.8272 -0.5419 -0.1486
vn -0.6744 -0.7121 -0.1953
vn -0.5214 -0.8229 -0.2257
vn -0.3788 -0.8925 -0.2447
vn -0.2471 -0.9345 -0.2563
vn -0.1233 -0.9570 -0.2624
vn -0.1210 0.9620 0.2448
vn -0.2424 0.9447 0.2209
vn -0.3719 0.9085 0.1906
vn -0.5125 0.8453 0.1512
vn -0.6638 0.7413 0.0989
vn -0.8158 0.5776 0.0301
vn -0.9392 0.3390 -0.0547
vn -0.9887 0.0396 -0.1446
vn -0.9392 -0.2637 -0.2200
vn -0.8158 -0.5121 -0.2687
vn -0.6638 -0.6881 -0.2931
vn -0.5125 -0.8042 -0.3011
vn -0.3719 -0.8787 -0.2994
vn -0.2424 -0.9252 -0.2918
vn -0.1210 -0.9523 -0.2802
vn -0.1140 0.9670 0.2278
vn -0.2287 0.9554 0.1871
vn -0.3515 0.9258 0.1388
vn -0.4858 0.8704 0.0796
vn -0.6319 0.7750 0.0056
vn -0.7808 0.6188 -0.0860
vn -0.9037 0.3833 -0.1908
vn -0.9536 0.0796 -0.2904
vn -0.9037 -0.2323 -0.3596
vn -0.7808 -0.4884 -0.3896
vn -0.6319 -0.6695 -0.3905
vn -0.4858 -0.7893 -0.3755
vn -0.3515 -0.8671 -0.3529
vn -0.2287 -0.9172 -0.3264
vn -0.1140 -0.9480 -0.2973
vn -0.1027 0.9718 0.2123
vn -0.2062 0.9660 0.1560
vn -0.3179 0.9438 0.0909
vn -0.4414 0.8972 0.0129
vn -0.5780 0.8118 -0.0827
vn -0.7204 0.6646 -0.1983
vn -0.8411 0.4316 -0.3259
vn -0.8911 0.1200 -0.4377
vn -0.8411 -0.2050 -0.5005
vn -0.7204 -0.4705 -0.5095
vn -0.5780 -0.6561 -0.4852
vn -0.4414 -0.7783 -0.4466
vn -0.3179 -0.8581 -0.4032
vn -0.2062 -0.9104 -0.3586
vn -0.1027 -0.9441 -0.3131
vn -0.0874 0.9762 0.1986
vn -0.1758 0.9760 0.1286
vn -0.2719 0.9611 0.0486
vn -0.3797 0.9239 -0.0468
vn -0.5013 0.8497 -0.1633
vn -0.6320 0.7128 -0.3041
vn -0.7466 0.4828 -0.4578
vn -0.7953 0.1603 -0.5847
vn -0.7466 -0.1817 -0.6400
vn -0.6320 -0.4580 -0.6252
vn -0.5013 -0.6475 -0.5739
vn -0.3797 -0.7708 -0.5115
vn -0.2719 -0.8514 -0.4485
vn -0.1758 -0.9051 -0.3872
vn -0.0874 -0.9410 -0.3271
vn -0.0687 0.9799 0.1874
vn -0.1385 0.9847 0.1062
vn -0.2149 0.9765 0.0135
vn -0.3018 0.9484 -0.0970
vn -0.4021 0.8855 -0.2329
vn -0.5132 0.7600 -0.3988
vn -0.6147 0.5336 -0.5809
vn -0.6591 0.1989 -0.7253
vn -0.6147 -0.1627 -0.7718
vn -0.5132 -0.4503 -0.7307
vn -0.4021 -0.6429 -0.6520
vn -0.3018 -0.7663 -0.5672
vn -0.2149 -0.8468 -0.4865
vn -0.1385 -0.9011 -0.4109
vn -0.0687 -0.9384 -0.3386
vn -0.0473 0.9827 0.1791
vn -0.0956 0.9914 0.0894
vn -0.1488 0.9888 -0.0129
vn -0.2100 0.9683 -0.1353
vn -0.2820 0.9154 -0.2872
vn -0.3642 0.8007 -0.4756
vn -0.4422 0.5788 -0.6852
vn -0.4774 0.2324 -0.8474
vn -0.4422 -0.1484 -0.8846
vn -0.3642 -0.4462 -0.8175
vn -0.2820 -0.6409 -0.7140
vn -0.2100 -0.7639 -0.6103
vn -0.1488 -0.8439 -0.5154
vn -0.0956 -0.8983 -0.4288
vn -0.0473 -0.9366 -0.3472
vn -0.0241 0.9844 0.1740
vn -0.0488 0.9957 0.0791
vn -0.0761 0.9967 -0.0292
vn -0.1078 0.9813 -0.1593
vn -0.1456 0.9355 -0.3220
vn -0.1896 0.8289 -0.5263
vn -0.2326 0.6109 -0.7568
vn -0.2525 0.2559 -0.9332
vn -0.2326 -0.1394 -0.9625
vn -0.1896 -0.4445 -0.8755
vn -0.1456 -0.6404 -0.7542
vn -0.1078 -0.7628 -0.6376
vn -0.0761 -0.8424 -0.5335
vn -0.0488 -0.8967 -0.4398
vn -0.0241 -0.9355 -0.3525
vn -0.0000 0.9850 0.1723
vn -0.0000 0.9971 0.0756
vn -0.0000 0.9859 -0.1675
vn -0.0000 0.8390 -0.5442
vn -0.0000 -0.4441 -0.8960
vn -0.0000 -0.7625 -0.6470
vn -0.0000 -0.8419 -0.5397
vn -0.0000 -0.8962 -0.4436
vn -0.0000 -0.9352 -0.3542
vt 0.750000 0.062500
vt 0.750000 0.125000
vt 0.718750 0.125000
vt 0.718750 0.062500
vt 0.750000 0.500000
vt 0.750000 0.562500
vt 0.718750 0.562500
vt 0.718750 0.500000
vt 0.750000 0.937500
vt 0.734375 1.000000
vt 0.718750 0.937500
vt 0.734375 0.000000
vt 0.750000 0.437500
vt 0.718750 0.437500
vt 0.750000 0.875000
vt 0.718750 0.875000
vt 0.750000 0.375000
vt 0.718750 0.375000
vt 0.750000 0.812500
vt 0.718750 0.812500
vt 0.750000 0.312500
vt 0.718750 0.312500
vt 0.750000 0.750000
vt 0.718750 0.750000
vt 0.750000 0.250000
vt 0.718750 0.250000
vt 0.750000 0.687500
vt 0.718750 0.687500
vt 0.750000 0.187500
vt 0.718750 0.187500
vt 0.750000 0.625000
vt 0.718750 0.625000
vt 0.687500 0.687500
vt 0.687500 0.625000
vt 0.687500 0.187500
vt 0.687500 0.125000
vt 0.687500 0.562500
vt 0.687500 0.062500
vt 0.687500 0.500000
vt 0.703125 1.000000
vt 0.687500 0.937500
vt 0.703125 0.000000
vt 0.687500 0.437500
vt 0.687500 0.875000
vt 0.687500 0.375000
vt 0.687500 0.812500
vt 0.687500 0.312500
vt 0.687500 0.750000
vt 0.687500 0.250000
vt 0.656250 0.437500
vt 0.656250 0.375000
vt 0.656250 0.875000
vt 0.656250 0.812500
vt 0.656250 0.312500
vt 0.656250 0.750000
vt 0.656250 0.250000
vt 0.656250 0.687500
vt 0.656250 0.187500
vt 0.656250 0.625000
vt 0.656250 0.125000
vt 0.656250 0.562500
vt 0.656250 0.062500
vt 0.656250 0.500000
vt 0.671875 1.000000
vt 0.656250 0.937500
vt 0.671875 0.000000
vt 0.625000 0.187500
vt 0.625000 0.125000
vt 0.625000 0.625000
vt 0.625000 0.562500
vt 0.625000 0.062500
vt 0.625000 0.500000
vt 0.640625 1.000000
vt 0.625000 0.937500
vt 0.640625 0.000000
vt 0.625000 0.437500
vt 0.625000 0.875000
vt 0.625000 0.375000
vt 0.625000 0.812500
vt 0.625000 0.312500
vt 0.625000 0.750000
vt 0.625000 0.250000
vt 0.625000 0.687500
vt 0.593750 0.375000
vt 0.593750 0.312500
vt 0.593750 0.812500
vt 0.593750 0.750000
vt 0.593750 0.250000
vt 0.593750 0.687500
vt 0.593750 0.187500
vt 0.593750 0.625000
vt 0.593750 0.125000
vt 0.593750 0.562500
vt 0.593750 0.062500
vt 0.593750 0.500000
vt 0.609375 1.000000
vt 0.593750 0.937500
vt 0.609375 0.000000
vt 0.593750 0.437500
vt 0.593750 0.875000
vt 0.562500 0.125000
vt 0.562500 0.062500
vt 0.562500 0.562500
vt 0.562500 0.500000
vt 0.578125 1.000000
vt 0.562500 0.937500
vt 0.578125 0.000000
vt 0.562500 0.437500
vt 0.562500 0.875000
vt 0.562500 0.375000
vt 0.562500 0.812500
vt 0.562500 0.312500
vt 0.562500 0.750000
vt 0.562500 0.250000
vt 0.562500 0.687500
vt 0.562500 0.187500
vt 0.562500 0.625000
vt 0.531250 0.812500
vt 0.531250 0.750000
vt 0.531250 0.312500
vt 0.531250 0.250000
vt 0.531250 0.687500
vt 0.531250 0.187500
vt 0.531250 0.625000
vt 0.531250 0.125000
vt 0.531250 0.562500
vt 0.531250 0.062500
vt 0.531250 0.500000
vt 0.546875 1.000000
vt 0.531250 0.937500
vt 0.546875 0.000000
vt 0.531250 0.437500
vt 0.531250 0.875000
vt 0.531250 0.375000
vt 0.500000 0.562500
vt 0.500000 0.500000
vt 0.515625 1.000000
vt 0.500000 0.937500
vt 0.515625 0.000000
vt 0.500000 0.062500
vt 0.500000 0.437500
vt 0.500000 0.875000
vt 0.500000 0.375000
vt 0.500000 0.812500
vt 0.500000 0.312500
vt 0.500000 0.750000
vt 0.500000 0.250000
vt 0.500000 0.687500
vt 0.500000 0.187500
vt 0.500000 0.625000
vt 0.500000 0.125000
vt 0.468750 0.312500
vt 0.468750 0.250000
vt 0.468750 0.750000
vt 0.468750 0.687500
vt 0.468750 0.187500
vt 0.468750 0.625000
vt 0.468750 0.125000
vt 0.468750 0.562500
vt 0.468750 0.062500
vt 0.468750 0.500000
vt 0.484375 1.000000
vt 0.468750 0.937500
vt 0.484375 0.000000
vt 0.468750 0.437500
vt 0.468750 0.875000
vt 0.468750 0.375000
vt 0.468750 0.812500
vt 0.453125 1.000000
vt 0.437500 0.937500
vt 0.453125 0.000000
vt 0.437500 0.062500
vt 0.437500 0.500000
vt 0.437500 0.437500
vt 0.437500 0.875000
vt 0.437500 0.375000
vt 0.437500 0.812500
vt 0.437500 0.312500
vt 0.437500 0.750000
vt 0.437500 0.250000
vt 0.437500 0.687500
vt 0.437500 0.187500
vt 0.437500 0.625000
vt 0.437500 0.125000
vt 0.437500 0.562500
vt 0.406250 0.750000
vt 0.406250 0.687500
vt 0.406250 0.250000
vt 0.406250 0.187500
vt 0.406250 0.625000
vt 0.406250 0.125000
vt 0.406250 0.562500
vt 0.406250 0.062500
vt 0.406250 0.500000
vt 0.421875 1.000000
vt 0.406250 0.937500
vt 0.421875 0.000000
vt 0.406250 0.437500
vt 0.406250 0.875000
vt 0.406250 0.375000
vt 0.406250 0.812500
vt 0.406250 0.312500
vt 0.375000 0.500000
vt 0.375000 0.437500
vt 0.375000 0.937500
vt 0.375000 0.875000
vt 0.375000 0.375000
vt 0.375000 0.812500
vt 0.375000 0.312500
vt 0.375000 0.750000
vt 0.375000 0.250000
vt 0.375000 0.687500
vt 0.375000 0.187500
vt 0.375000 0.625000
vt 0.375000 0.125000
vt 0.375000 0.562500
vt 0.375000 0.062500
vt 0.390625 1.000000
vt 0.390625 0.000000
vt 0.343750 0.250000
vt 0.343750 0.187500
vt 0.343750 0.687500
vt 0.343750 0.625000
vt 0.343750 0.125000
vt 0.343750 0.562500
vt 0.343750 0.062500
vt 0.343750 0.500000
vt 0.359375 1.000000
vt 0.343750 0.937500
vt 0.359375 0.000000
vt 0.343750 0.437500
vt 0.343750 0.875000
vt 0.343750 0.375000
vt 0.343750 0.812500
vt 0.343750 0.312500
vt 0.343750 0.750000
vt 0.312500 0.437500
vt 0.312500 0.375000
vt 0.312500 0.875000
vt 0.312500 0.812500
vt 0.312500 0.312500
vt 0.312500 0.750000
vt 0.312500 0.250000
vt 0.312500 0.687500
vt 0.312500 0.187500
vt 0.312500 0.625000
vt 0.312500 0.125000
vt 0.312500 0.562500
vt 0.312500 0.062500
vt 0.312500 0.500000
vt 0.328125 1.000000
vt 0.312500 0.937500
vt 0.328125 0.000000
vt 0.281250 0.187500
vt 0.281250 0.125000
vt 0.281250 0.625000
vt 0.281250 0.562500
vt 0.281250 0.062500
vt 0.281250 0.500000
vt 0.296875 1.000000
vt 0.281250 0.937500
vt 0.296875 0.000000
vt 0.281250 0.437500
vt 0.281250 0.875000
vt 0.281250 0.375000
vt 0.281250 0.812500
vt 0.281250 0.312500
vt 0.281250 0.750000
vt 0.281250 0.250000
vt 0.281250 0.687500
vt 0.250000 0.875000
vt 0.250000 0.812500
vt 0.250000 0.375000
vt 0.250000 0.312500
vt 0.250000 0.750000
vt 0.250000 0.250000
vt 0.250000 0.687500
vt 0.250000 0.187500
vt 0.250000 0.625000
vt 0.250000 0.125000
vt 0.250000 0.562500
vt 0.250000 0.062500
vt 0.250000 0.500000
vt 0.265625 1.000000
vt 0.250000 0.937500
vt 0.265625 0.000000
vt 0.250000 0.437500
vt 0.218750 0.625000
vt 0.218750 0.562500
vt 0.218750 0.125000
vt 0.218750 0.062500
vt 0.218750 0.500000
vt 0.234375 1.000000
vt 0.218750 0.937500
vt 0.234375 0.000000
vt 0.218750 0.437500
vt 0.218750 0.875000
vt 0.218750 0.375000
vt 0.218750 0.812500
vt 0.218750 0.312500
vt 0.218750 0.750000
vt 0.218750 0.250000
vt 0.218750 0.687500
vt 0.218750 0.187500
vt 0.187500 0.375000
vt 0.187500 0.312500
vt 0.187500 0.812500
vt 0.187500 0.750000
vt 0.187500 0.250000
vt 0.187500 0.687500
vt 0.187500 0.187500
vt 0.187500 0.625000
vt 0.187500 0.125000
vt 0.187500 0.562500
vt 0.187500 0.062500
vt 0.187500 0.500000
vt 0.203125 1.000000
vt 0.187500 0.937500
vt 0.203125 0.000000
vt 0.187500 0.437500
vt 0.187500 0.875000
vt 0.156250 0.125000
vt 0.156250 0.062500
vt 0.156250 0.562500
vt 0.156250 0.500000
vt 0.171875 1.000000
vt 0.156250 0.937500
vt 0.171875 0.000000
vt 0.156250 0.437500
vt 0.156250 0.875000
vt 0.156250 0.375000
vt 0.156250 0.812500
vt 0.156250 0.312500
vt 0.156250 0.750000
vt 0.156250 0.250000
vt 0.156250 0.687500
vt 0.156250 0.187500
vt 0.156250 0.625000
vt 0.125000 0.812500
vt 0.125000 0.750000
vt 0.125000 0.312500
vt 0.125000 0.250000
vt 0.125000 0.687500
vt 0.125000 0.187500
vt 0.125000 0.625000
vt 0.125000 0.125000
vt 0.125000 0.562500
vt 0.125000 0.062500
vt 0.125000 0.500000
vt 0.140625 1.000000
vt 0.125000 0.937500
vt 0.140625 0.000000
vt 0.125000 0.437500
vt 0.125000 0.875000
vt 0.125000 0.375000
vt 0.093750 0.562500
vt 0.093750 0.500000
vt 0.109375 1.000000
vt 0.093750 0.937500
vt 0.109375 0.000000
vt 0.093750 0.062500
vt 0.093750 0.437500
vt 0.093750 0.875000
vt 0.093750 0.375000
vt 0.093750 0.812500
vt 0.093750 0.312500
vt 0.093750 0.750000
vt 0.093750 0.250000
vt 0.093750 0.687500
vt 0.093750 0.187500
vt 0.093750 0.625000
vt 0.093750 0.125000
vt 0.062500 0.312500
vt 0.062500 0.250000
vt 0.062500 0.750000
vt 0.062500 0.687500
vt 0.062500 0.187500
vt 0.062500 0.625000
vt 0.062500 0.125000
vt 0.062500 0.562500
vt 0.062500 0.062500
vt 0.062500 0.500000
vt 0.078125 1.000000
vt 0.062500 0.937500
vt 0.078125 0.000000
vt 0.062500 0.437500
vt 0.062500 0.875000
vt 0.062500 0.375000
vt 0.062500 0.812500
vt 0.046875 0.000000
vt 0.031250 0.062500
vt 0.031250 0.500000
vt 0.031250 0.437500
vt 0.031250 0.937500
vt 0.031250 0.875000
vt 0.031250 0.375000
vt 0.031250 0.812500
vt 0.031250 0.312500
vt 0.031250 0.750000
vt 0.031250 0.250000
vt 0.031250 0.687500
vt 0.031250 0.187500
vt 0.031250 0.625000
vt 0.031250 0.125000
vt 0.031250 0.562500
vt 0.046875 1.000000
vt 0.000000 0.250000
vt 0.000000 0.187500
vt 0.000000 0.687500
vt 0.000000 0.625000
vt 0.000000 0.125000
vt 0.000000 0.562500
vt 0.000000 0.062500
vt 0.000000 0.500000
vt 0.015625 1.000000
vt 0.000000 0.937500
vt 0.015625 0.000000
vt 0.000000 0.437500
vt 0.000000 0.875000
vt 0.000000 0.375000
vt 0.000000 0.812500
vt 0.000000 0.312500
vt 0.000000 0.750000
vt 1.000000 0.875000
vt 1.000000 0.937500
vt 0.968750 0.937500
vt 0.968750 0.875000
vt 1.000000 0.375000
vt 1.000000 0.437500
vt 0.968750 0.437500
vt 0.968750 0.375000
vt 1.000000 0.812500
vt 0.968750 0.812500
vt 1.000000 0.312500
vt 0.968750 0.312500
vt 1.000000 0.750000
vt 0.968750 0.750000
vt 1.000000 0.250000
vt 0.968750 0.250000
vt 1.000000 0.687500
vt 0.968750 0.687500
vt 1.000000 0.187500
vt 0.968750 0.187500
vt 1.000000 0.625000
vt 0.968750 0.625000
vt 1.000000 0.125000
vt 0.968750 0.125000
vt 1.000000 0.562500
vt 0.968750 0.562500
vt 1.000000 0.062500
vt 0.968750 0.062500
vt 1.000000 0.500000
vt 0.968750 0.500000
vt 0.984375 1.000000
vt 0.984375 0.000000
vt 0.937500 0.687500
vt 0.937500 0.625000
vt 0.937500 0.187500
vt 0.937500 0.125000
vt 0.937500 0.562500
vt 0.937500 0.062500
vt 0.937500 0.500000
vt 0.953125 1.000000
vt 0.937500 0.937500
vt 0.953125 0.000000
vt 0.937500 0.437500
vt 0.937500 0.875000
vt 0.937500 0.375000
vt 0.937500 0.812500
vt 0.937500 0.312500
vt 0.937500 0.750000
vt 0.937500 0.250000
vt 0.906250 0.437500
vt 0.906250 0.375000
vt 0.906250 0.875000
vt 0.906250 0.812500
vt 0.906250 0.312500
vt 0.906250 0.750000
vt 0.906250 0.250000
vt 0.906250 0.687500
vt 0.906250 0.187500
vt 0.906250 0.625000
vt 0.906250 0.125000
vt 0.906250 0.562500
vt 0.906250 0.062500
vt 0.906250 0.500000
vt 0.921875 1.000000
vt 0.906250 0.937500
vt 0.921875 0.000000
vt 0.875000 0.187500
vt 0.875000 0.125000
vt 0.875000 0.625000
vt 0.875000 0.562500
vt 0.875000 0.062500
vt 0.875000 0.500000
vt 0.890625 1.000000
vt 0.875000 0.937500
vt 0.890625 0.000000
vt 0.875000 0.437500
vt 0.875000 0.875000
vt 0.875000 0.375000
vt 0.875000 0.812500
vt 0.875000 0.312500
vt 0.875000 0.750000
vt 0.875000 0.250000
vt 0.875000 0.687500
vt 0.843750 0.875000
vt 0.843750 0.812500
vt 0.843750 0.375000
vt 0.843750 0.312500
vt 0.843750 0.750000
vt 0.843750 0.250000
vt 0.843750 0.687500
vt 0.843750 0.187500
vt 0.843750 0.625000
vt 0.843750 0.125000
vt 0.843750 0.562500
vt 0.843750 0.062500
vt 0.843750 0.500000
vt 0.859375 1.000000
vt 0.843750 0.937500
vt 0.859375 0.000000
vt 0.843750 0.437500
vt 0.812500 0.625000
vt 0.812500 0.562500
vt 0.812500 0.125000
vt 0.812500 0.062500
vt 0.812500 0.500000
vt 0.828125 1.000000
vt 0.812500 0.937500
vt 0.828125 0.000000
vt 0.812500 0.437500
vt 0.812500 0.875000
vt 0.812500 0.375000
vt 0.812500 0.812500
vt 0.812500 0.312500
vt 0.812500 0.750000
vt 0.812500 0.250000
vt 0.812500 0.687500
vt 0.812500 0.187500
vt 0.781250 0.375000
vt 0.781250 0.312500
vt 0.781250 0.812500
vt 0.781250 0.750000
vt 0.781250 0.250000
vt 0.781250 0.687500
vt 0.781250 0.187500
vt 0.781250 0.625000
vt 0.781250 0.125000
vt 0.781250 0.562500
vt 0.781250 0.062500
vt 0.781250 0.500000
vt 0.796875 1.000000
vt 0.781250 0.937500
vt 0.796875 0.000000
vt 0.781250 0.437500
vt 0.781250 0.875000
vt 0.765625 1.000000
vt 0.765625 0.000000
s 1
f 3461/3868/3332 3460/3869/3331 3001/3870/2872 3002/3871/2873
f 2984/3872/2855 2983/3873/2854 2994/3874/2865 2995/3875/2866
f 3453/3876/3324 2980/3877/2851 2988/3878/2859
f 2987/3879/2858 3461/3868/3332 3002/3871/2873
f 2985/3880/2856 2984/3872/2855 2995/3875/2866 2996/3881/2867
f 3454/3882/3325 3453/3876/3324 2988/3878/2859 2989/3883/2860
f 3457/3884/3328 2985/3880/2856 2996/3881/2867 2997/3885/2868
f 2981/3886/2852 3454/3882/3325 2989/3883/2860 2990/3887/2861
f 2986/3888/2857 3457/3884/3328 2997/3885/2868 2998/3889/2869
f 3455/3890/3326 2981/3886/2852 2990/3887/2861 2991/3891/2862
f 3458/3892/3329 2986/3888/2857 2998/3889/2869 2999/3893/2870
f 2982/3894/2853 3455/3890/3326 2991/3891/2862 2992/3895/2863
f 3459/3896/3330 3458/3892/3329 2999/3893/2870 3000/3897/2871
f 3456/3898/3327 2982/3894/2853 2992/3895/2863 2993/3899/2864
f 3460/3869/3331 3459/3896/3330 3000/3897/2871 3001/3870/2872
f 2983/3873/2854 3456/3898/3327 2993/3899/2864 2994/3874/2865
f 2993/3899/2864 2992/3895/2863 3007/3900/2878 3008/3901/2879
f 3001/3870/2872 3000/3897/2871 3015/3902/2886 3016/3903/2887
f 2994/3874/2865 2993/3899/2864 3008/3901/2879 3009/3904/2880
f 3002/3871/2873 3001/3870/2872 3016/3903/2887 3017/3905/2888
f 2995/3875/2866 2994/3874/2865 3009/3904/2880 3010/3906/2881
f 2988/3878/2859 2980/3907/2851 3003/3908/2874
f 2987/3909/2858 3002/3871/2873 3017/3905/2888
f 2996/3881/2867 2995/3875/2866 3010/3906/2881 3011/3910/2882
f 2989/3883/2860 2988/3878/2859 3003/3908/2874 3004/3911/2875
f 2997/3885/2868 2996/3881/2867 3011/3910/2882 3012/3912/2883
f 2990/3887/2861 2989/3883/2860 3004/3911/2875 3005/3913/2876
f 2998/3889/2869 2997/3885/2868 3012/3912/2883 3013/3914/2884
f 2991/3891/2862 2990/3887/2861 3005/3913/2876 3006/3915/2877
f 2999/3893/2870 2998/3889/2869 3013/3914/2884 3014/3916/2885
f 2992/3895/2863 2991/3891/2862 3006/3915/2877 3007/3900/2878
f 3000/3897/2871 2999/3893/2870 3014/3916/2885 3015/3902/2886
f 3012/3912/2883 3011/3910/2882 3026/3917/2897 3027/3918/2898
f 3005/3913/2876 3004/3911/2875 3019/3919/2890 3020/3920/2891
f 3013/3914/2884 3012/3912/2883 3027/3918/2898 3028/3921/2899
f 3006/3915/2877 3005/3913/2876 3020/3920/2891 3021/3922/2892
f 3014/3916/2885 3013/3914/2884 3028/3921/2899 3029/3923/2900
f 3007/3900/2878 3006/3915/2877 3021/3922/2892 3022/3924/2893
f 3015/3902/2886 3014/3916/2885 3029/3923/2900 3030/3925/2901
f 3008/3901/2879 3007/3900/2878 3022/3924/2893 3023/3926/2894
f 3016/3903/2887 3015/3902/2886 3030/3925/2901 3031/3927/2902
f 3009/3904/2880 3008/3901/2879 3023/3926/2894 3024/3928/2895
f 3017/3905/2888 3016/3903/2887 3031/3927/2902 3032/3929/2903
f 3010/3906/2881 3009/3904/2880 3024/3928/2895 3025/3930/2896
f 3003/3908/2874 2980/3931/2851 3018/3932/2889
f 2987/3933/2858 3017/3905/2888 3032/3929/2903
f 3011/3910/2882 3010/3906/2881 3025/3930/2896 3026/3917/2897
f 3004/3911/2875 3003/3908/2874 3018/3932/2889 3019/3919/2890
f 3031/3927/2902 3030/3925/2901 3045/3934/2916 3046/3935/2917
f 3024/3928/2895 3023/3926/2894 3038/3936/2909 3039/3937/2910
f 3032/3929/2903 3031/3927/2902 3046/3935/2917 3047/3938/2918
f 3025/3930/2896 3024/3928/2895 3039/3937/2910 3040/3939/2911
f 3018/3932/2889 2980/3940/2851 3033/3941/2904
f 2987/3942/2858 3032/3929/2903 3047/3938/2918
f 3026/3917/2897 3025/3930/2896 3040/3939/2911 3041/3943/2912
f 3019/3919/2890 3018/3932/2889 3033/3941/2904 3034/3944/2905
f 3027/3918/2898 3026/3917/2897 3041/3943/2912 3042/3945/2913
f 3020/3920/2891 3019/3919/2890 3034/3944/2905 3035/3946/2906
f 3028/3921/2899 3027/3918/2898 3042/3945/2913 3043/3947/2914
f 3021/3922/2892 3020/3920/2891 3035/3946/2906 3036/3948/2907
f 3029/3923/2900 3028/3921/2899 3043/3947/2914 3044/3949/2915
f 3022/3924/2893 3021/3922/2892 3036/3948/2907 3037/3950/2908
f 3030/3925/2901 3029/3923/2900 3044/3949/2915 3045/3934/2916
f 3023/3926/2894 3022/3924/2893 3037/3950/2908 3038/3936/2909
f 3043/3947/2914 3042/3945/2913 3057/3951/2928 3058/3952/2929
f 3036/3948/2907 3035/3946/2906 3050/3953/2921 3051/3954/2922
f 3044/3949/2915 3043/3947/2914 3058/3952/2929 3059/3955/2930
f 3037/3950/2908 3036/3948/2907 3051/3954/2922 3052/3956/2923
f 3045/3934/2916 3044/3949/2915 3059/3955/2930 3060/3957/2931
f 3038/3936/2909 3037/3950/2908 3052/3956/2923 3053/3958/2924
f 3046/3935/2917 3045/3934/2916 3060/3957/2931 3061/3959/2932
f 3039/3937/2910 3038/3936/2909 3053/3958/2924 3054/3960/2925
f 3047/3938/2918 3046/3935/2917 3061/3959/2932 3062/3961/2933
f 3040/3939/2911 3039/3937/2910 3054/3960/2925 3055/3962/2926
f 3033/3941/2904 2980/3963/2851 3048/3964/2919
f 2987/3965/2858 3047/3938/2918 3062/3961/2933
f 3041/3943/2912 3040/3939/2911 3055/3962/2926 3056/3966/2927
f 3034/3944/2905 3033/3941/2904 3048/3964/2919 3049/3967/2920
f 3042/3945/2913 3041/3943/2912 3056/3966/2927 3057/3951/2928
f 3035/3946/2906 3034/3944/2905 3049/3967/2920 3050/3953/2921
f 3062/3961/2933 3061/3959/2932 3076/3968/2947 3077/3969/2948
f 3055/3962/2926 3054/3960/2925 3069/3970/2940 3070/3971/2941
f 3048/3964/2919 2980/3972/2851 3063/3973/2934
f 2987/3974/2858 3062/3961/2933 3077/3969/2948
f 3056/3966/2927 3055/3962/2926 3070/3971/2941 3071/3975/2942
f 3049/3967/2920 3048/3964/2919 3063/3973/2934 3064/3976/2935
f 3057/3951/2928 3056/3966/2927 3071/3975/2942 3072/3977/2943
f 3050/3953/2921 3049/3967/2920 3064/3976/2935 3065/3978/2936
f 3058/3952/2929 3057/3951/2928 3072/3977/2943 3073/3979/2944
f 3051/3954/2922 3050/3953/2921 3065/3978/2936 3066/3980/2937
f 3059/3955/2930 3058/3952/2929 3073/3979/2944 3074/3981/2945
f 3052/3956/2923 3051/3954/2922 3066/3980/2937 3067/3982/2938
f 3060/3957/2931 3059/3955/2930 3074/3981/2945 3075/3983/2946
f 3053/3958/2924 3052/3956/2923 3067/3982/2938 3068/3984/2939
f 3061/3959/2932 3060/3957/2931 3075/3983/2946 3076/3968/2947
f 3054/3960/2925 3053/3958/2924 3068/3984/2939 3069/3970/2940
f 3066/3980/2937 3065/3978/2936 3080/3985/2951 3081/3986/2952
f 3074/3981/2945 3073/3979/2944 3088/3987/2959 3089/3988/2960
f 3067/3982/2938 3066/3980/2937 3081/3986/2952 3082/3989/2953
f 3075/3983/2946 3074/3981/2945 3089/3988/2960 3090/3990/2961
f 3068/3984/2939 3067/3982/2938 3082/3989/2953 3083/3991/2954
f 3076/3968/2947 3075/3983/2946 3090/3990/2961 3091/3992/2962
f 3069/3970/2940 3068/3984/2939 3083/3991/2954 3084/3993/2955
f 3077/3969/2948 3076/3968/2947 3091/3992/2962 3092/3994/2963
f 3070/3971/2941 3069/3970/2940 3084/3993/2955 3085/3995/2956
f 3063/3973/2934 2980/3996/2851 3078/3997/2949
f 2987/3998/2858 3077/3969/2948 3092/3994/2963
f 3071/3975/2942 3070/3971/2941 3085/3995/2956 3086/3999/2957
f 3064/3976/2935 3063/3973/2934 3078/3997/2949 3079/4000/2950
f 3072/3977/2943 3071/3975/2942 3086/3999/2957 3087/4001/2958
f 3065/3978/2936 3064/3976/2935 3079/4000/2950 3080/3985/2951
f 3073/3979/2944 3072/3977/2943 3087/4001/2958 3088/3987/2959
f 3085/3995/2956 3084/3993/2955 3099/4002/2970 3100/4003/2971
f 3078/3997/2949 2980/4004/2851 3093/4005/2964
f 2987/4006/2858 3092/3994/2963 3107/4007/2978
f 3086/3999/2957 3085/3995/2956 3100/4003/2971 3101/4008/2972
f 3079/4000/2950 3078/3997/2949 3093/4005/2964 3094/4009/2965
f 3087/4001/2958 3086/3999/2957 3101/4008/2972 3102/4010/2973
f 3080/3985/2951 3079/4000/2950 3094/4009/2965 3095/4011/2966
f 3088/3987/2959 3087/4001/2958 3102/4010/2973 3103/4012/2974
f 3081/3986/2952 3080/3985/2951 3095/4011/2966 3096/4013/2967
f 3089/3988/2960 3088/3987/2959 3103/4012/2974 3104/4014/2975
f 3082/3989/2953 3081/3986/2952 3096/4013/2967 3097/4015/2968
f 3090/3990/2961 3089/3988/2960 3104/4014/2975 3105/4016/2976
f 3083/3991/2954 3082/3989/2953 3097/4015/2968 3098/4017/2969
f 3091/3992/2962 3090/3990/2961 3105/4016/2976 3106/4018/2977
f 3084/3993/2955 3083/3991/2954 3098/4017/2969 3099/4002/2970
f 3092/3994/2963 3091/3992/2962 3106/4018/2977 3107/4007/2978
f 3104/4014/2975 3103/4012/2974 3118/4019/2989 3119/4020/2990
f 3097/4015/2968 3096/4013/2967 3111/4021/2982 3112/4022/2983
f 3105/4016/2976 3104/4014/2975 3119/4020/2990 3120/4023/2991
f 3098/4017/2969 3097/4015/2968 3112/4022/2983 3113/4024/2984
f 3106/4018/2977 3105/4016/2976 3120/4023/2991 3121/4025/2992
f 3099/4002/2970 3098/4017/2969 3113/4024/2984 3114/4026/2985
f 3107/4007/2978 3106/4018/2977 3121/4025/2992 3122/4027/2993
f 3100/4003/2971 3099/4002/2970 3114/4026/2985 3115/4028/2986
f 3093/4005/2964 2980/4029/2851 3108/4030/2979
f 2987/4031/2858 3107/4007/2978 3122/4027/2993
f 3101/4008/2972 3100/4003/2971 3115/4028/2986 3116/4032/2987
f 3094/4009/2965 3093/4005/2964 3108/4030/2979 3109/4033/2980
f 3102/4010/2973 3101/4008/2972 3116/4032/2987 3117/4034/2988
f 3095/4011/2966 3094/4009/2965 3109/4033/2980 3110/4035/2981
f 3103/4012/2974 3102/4010/2973 3117/4034/2988 3118/4019/2989
f 3096/4013/2967 3095/4011/2966 3110/4035/2981 3111/4021/2982
f 3108/4030/2979 2980/4036/2851 3123/4037/2994
f 2987/4038/2858 3122/4027/2993 3137/4039/3008
f 3116/4032/2987 3115/4028/2986 3130/4040/3001 3131/4041/3002
f 3109/4033/2980 3108/4030/2979 3123/4037/2994 3124/4042/2995
f 3117/4034/2988 3116/4032/2987 3131/4041/3002 3132/4043/3003
f 3110/4035/2981 3109/4033/2980 3124/4042/2995 3125/4044/2996
f 3118/4019/2989 3117/4034/2988 3132/4043/3003 3133/4045/3004
f 3111/4021/2982 3110/4035/2981 3125/4044/2996 3126/4046/2997
f 3119/4020/2990 3118/4019/2989 3133/4045/3004 3134/4047/3005
f 3112/4022/2983 3111/4021/2982 3126/4046/2997 3127/4048/2998
f 3120/4023/2991 3119/4020/2990 3134/4047/3005 3135/4049/3006
f 3113/4024/2984 3112/4022/2983 3127/4048/2998 3128/4050/2999
f 3121/4025/2992 3120/4023/2991 3135/4049/3006 3136/4051/3007
f 3114/4026/2985 3113/4024/2984 3128/4050/2999 3129/4052/3000
f 3122/4027/2993 3121/4025/2992 3136/4051/3007 3137/4039/3008
f 3115/4028/2986 3114/4026/2985 3129/4052/3000 3130/4040/3001
f 3127/4048/2998 3126/4046/2997 3141/4053/3012 3142/4054/3013
f 3135/4049/3006 3134/4047/3005 3149/4055/3020 3150/4056/3021
f 3128/4050/2999 3127/4048/2998 3142/4054/3013 3143/4057/3014
f 3136/4051/3007 3135/4049/3006 3150/4056/3021 3151/4058/3022
f 3129/4052/3000 3128/4050/2999 3143/4057/3014 3144/4059/3015
f 3137/4039/3008 3136/4051/3007 3151/4058/3022 3152/4060/3023
f 3130/4040/3001 3129/4052/3000 3144/4059/3015 3145/4061/3016
f 3123/4037/2994 2980/4062/2851 3138/4063/3009
f 2987/4064/2858 3137/4039/3008 3152/4060/3023
f 3131/4041/3002 3130/4040/3001 3145/4061/3016 3146/4065/3017
f 3124/4042/2995 3123/4037/2994 3138/4063/3009 3139/4066/3010
f 3132/4043/3003 3131/4041/3002 3146/4065/3017 3147/4067/3018
f 3125/4044/2996 3124/4042/2995 3139/4066/3010 3140/4068/3011
f 3133/4045/3004 3132/4043/3003 3147/4067/3018 3148/4069/3019
f 3126/4046/2997 3125/4044/2996 3140/4068/3011 3141/4053/3012
f 3134/4047/3005 3133/4045/3004 3148/4069/3019 3149/4055/3020
f 3146/4065/3017 3145/4061/3016 3160/4070/3031 3161/4071/3032
f 3139/4066/3010 3138/4063/3009 3153/4072/3024 3154/4073/3025
f 3147/4067/3018 3146/4065/3017 3161/4071/3032 3162/4074/3033
f 3140/4068/3011 3139/4066/3010 3154/4073/3025 3155/4075/3026
f 3148/4069/3019 3147/4067/3018 3162/4074/3033 3163/4076/3034
f 3141/4053/3012 3140/4068/3011 3155/4075/3026 3156/4077/3027
f 3149/4055/3020 3148/4069/3019 3163/4076/3034 3164/4078/3035
f 3142/4054/3013 3141/4053/3012 3156/4077/3027 3157/4079/3028
f 3150/4056/3021 3149/4055/3020 3164/4078/3035 3165/4080/3036
f 3143/4057/3014 3142/4054/3013 3157/4079/3028 3158/4081/3029
f 3151/4058/3022 3150/4056/3021 3165/4080/3036 3166/4082/3037
f 3144/4059/3015 3143/4057/3014 3158/4081/3029 3159/4083/3030
f 3152/4060/3023 3151/4058/3022 3166/4082/3037 3167/4084/3038
f 3145/4061/3016 3144/4059/3015 3159/4083/3030 3160/4070/3031
f 3138/4063/3009 2980/4085/2851 3153/4072/3024
f 2987/4086/2858 3152/4060/3023 3167/4084/3038
f 3165/4080/3036 3164/4078/3035 3179/4087/3050 3180/4088/3051
f 3158/4081/3029 3157/4079/3028 3172/4089/3043 3173/4090/3044
f 3166/4082/3037 3165/4080/3036 3180/4088/3051 3181/4091/3052
f 3159/4083/3030 3158/4081/3029 3173/4090/3044 3174/4092/3045
f 3167/4084/3038 3166/4082/3037 3181/4091/3052 3182/4093/3053
f 3160/4070/3031 3159/4083/3030 3174/4092/3045 3175/4094/3046
f 3153/4072/3024 2980/4095/2851 3168/4096/3039
f 2987/4097/2858 3167/4084/3038 3182/4093/3053
f 3161/4071/3032 3160/4070/3031 3175/4094/3046 3176/4098/3047
f 3154/4073/3025 3153/4072/3024 3168/4096/3039 3169/4099/3040
f 3162/4074/3033 3161/4071/3032 3176/4098/3047 3177/4100/3048
f 3155/4075/3026 3154/4073/3025 3169/4099/3040 3170/4101/3041
f 3163/4076/3034 3162/4074/3033 3177/4100/3048 3178/4102/3049
f 3156/4077/3027 3155/4075/3026 3170/4101/3041 3171/4103/3042
f 3164/4078/3035 3163/4076/3034 3178/4102/3049 3179/4087/3050
f 3157/4079/3028 3156/4077/3027 3171/4103/3042 3172/4089/3043
f 3177/4100/3048 3176/4098/3047 3191/4104/3062 3192/4105/3063
f 3170/4101/3041 3169/4099/3040 3184/4106/3055 3185/4107/3056
f 3178/4102/3049 3177/4100/3048 3192/4105/3063 3193/4108/3064
f 3171/4103/3042 3170/4101/3041 3185/4107/3056 3186/4109/3057
f 3179/4087/3050 3178/4102/3049 3193/4108/3064 3194/4110/3065
f 3172/4089/3043 3171/4103/3042 3186/4109/3057 3187/4111/3058
f 3180/4088/3051 3179/4087/3050 3194/4110/3065 3195/4112/3066
f 3173/4090/3044 3172/4089/3043 3187/4111/3058 3188/4113/3059
f 3181/4091/3052 3180/4088/3051 3195/4112/3066 3196/4114/3067
f 3174/4092/3045 3173/4090/3044 3188/4113/3059 3189/4115/3060
f 3182/4093/3053 3181/4091/3052 3196/4114/3067 3197/4116/3068
f 3175/4094/3046 3174/4092/3045 3189/4115/3060 3190/4117/3061
f 3168/4096/3039 2980/4118/2851 3183/4119/3054
f 2987/4120/2858 3182/4093/3053 3197/4116/3068
f 3176/4098/3047 3175/4094/3046 3190/4117/3061 3191/4104/3062
f 3169/4099/3040 3168/4096/3039 3183/4119/3054 3184/4106/3055
f 3196/4114/3067 3195/4112/3066 3210/4121/3081 3211/4122/3082
f 3189/4115/3060 3188/4113/3059 3203/4123/3074 3204/4124/3075
f 3197/4116/3068 3196/4114/3067 3211/4122/3082 3212/4125/3083
f 3190/4117/3061 3189/4115/3060 3204/4124/3075 3205/4126/3076
f 3183/4119/3054 2980/4127/2851 3198/4128/3069
f 2987/4129/2858 3197/4116/3068 3212/4125/3083
f 3191/4104/3062 3190/4117/3061 3205/4126/3076 3206/4130/3077
f 3184/4106/3055 3183/4119/3054 3198/4128/3069 3199/4131/3070
f 3192/4105/3063 3191/4104/3062 3206/4130/3077 3207/4132/3078
f 3185/4107/3056 3184/4106/3055 3199/4131/3070 3200/4133/3071
f 3193/4108/3064 3192/4105/3063 3207/4132/3078 3208/4134/3079
f 3186/4109/3057 3185/4107/3056 3200/4133/3071 3201/4135/3072
f 3194/4110/3065 3193/4108/3064 3208/4134/3079 3209/4136/3080
f 3187/4111/3058 3186/4109/3057 3201/4135/3072 3202/4137/3073
f 3195/4112/3066 3194/4110/3065 3209/4136/3080 3210/4121/3081
f 3188/4113/3059 3187/4111/3058 3202/4137/3073 3203/4123/3074
f 3200/4133/3071 3199/4131/3070 3214/4138/3085 3215/4139/3086
f 3208/4134/3079 3207/4132/3078 3222/4140/3093 3223/4141/3094
f 3201/4135/3072 3200/4133/3071 3215/4139/3086 3216/4142/3087
f 3209/4136/3080 3208/4134/3079 3223/4141/3094 3224/4143/3095
f 3202/4137/3073 3201/4135/3072 3216/4142/3087 3217/4144/3088
f 3210/4121/3081 3209/4136/3080 3224/4143/3095 3225/4145/3096
f 3203/4123/3074 3202/4137/3073 3217/4144/3088 3218/4146/3089
f 3211/4122/3082 3210/4121/3081 3225/4145/3096 3226/4147/3097
f 3204/4124/3075 3203/4123/3074 3218/4146/3089 3219/4148/3090
f 3212/4125/3083 3211/4122/3082 3226/4147/3097 3227/4149/3098
f 3205/4126/3076 3204/4124/3075 3219/4148/3090 3220/4150/3091
f 3198/4128/3069 2980/4151/2851 3213/4152/3084
f 2987/4153/2858 3212/4125/3083 3227/4149/3098
f 3206/4130/3077 3205/4126/3076 3220/4150/3091 3221/4154/3092
f 3199/4131/3070 3198/4128/3069 3213/4152/3084 3214/4138/3085
f 3207/4132/3078 3206/4130/3077 3221/4154/3092 3222/4140/3093
f 3219/4148/3090 3218/4146/3089 3233/4155/3104 3234/4156/3105
f 3227/4149/3098 3226/4147/3097 3241/4157/3112 3242/4158/3113
f 3220/4150/3091 3219/4148/3090 3234/4156/3105 3235/4159/3106
f 3213/4152/3084 2980/4160/2851 3228/4161/3099
f 2987/4162/2858 3227/4149/3098 3242/4158/3113
f 3221/4154/3092 3220/4150/3091 3235/4159/3106 3236/4163/3107
f 3214/4138/3085 3213/4152/3084 3228/4161/3099 3229/4164/3100
f 3222/4140/3093 3221/4154/3092 3236/4163/3107 3237/4165/3108
f 3215/4139/3086 3214/4138/3085 3229/4164/3100 3230/4166/3101
f 3223/4141/3094 3222/4140/3093 3237/4165/3108 3238/4167/3109
f 3216/4142/3087 3215/4139/3086 3230/4166/3101 3231/4168/3102
f 3224/4143/3095 3223/4141/3094 3238/4167/3109 3239/4169/3110
f 3217/4144/3088 3216/4142/3087 3231/4168/3102 3232/4170/3103
f 3225/4145/3096 3224/4143/3095 3239/4169/3110 3240/4171/3111
f 3218/4146/3089 3217/4144/3088 3232/4170/3103 3233/4155/3104
f 3226/4147/3097 3225/4145/3096 3240/4171/3111 3241/4157/3112
f 3238/4167/3109 3237/4165/3108 3252/4172/3123 3253/4173/3124
f 3231/4168/3102 3230/4166/3101 3245/4174/3116 3246/4175/3117
f 3239/4169/3110 3238/4167/3109 3253/4173/3124 3254/4176/3125
f 3232/4170/3103 3231/4168/3102 3246/4175/3117 3247/4177/3118
f 3240/4171/3111 3239/4169/3110 3254/4176/3125 3255/4178/3126
f 3233/4155/3104 3232/4170/3103 3247/4177/3118 3248/4179/3119
f 3241/4157/3112 3240/4171/3111 3255/4178/3126 3256/4180/3127
f 3234/4156/3105 3233/4155/3104 3248/4179/3119 3249/4181/3120
f 3242/4158/3113 3241/4157/3112 3256/4180/3127 3257/4182/3128
f 3235/4159/3106 3234/4156/3105 3249/4181/3120 3250/4183/3121
f 3228/4161/3099 2980/4184/2851 3243/4185/3114
f 2987/4186/2858 3242/4158/3113 3257/4182/3128
f 3236/4163/3107 3235/4159/3106 3250/4183/3121 3251/4187/3122
f 3229/4164/3100 3228/4161/3099 3243/4185/3114 3244/4188/3115
f 3237/4165/3108 3236/4163/3107 3251/4187/3122 3252/4172/3123
f 3230/4166/3101 3229/4164/3100 3244/4188/3115 3245/4174/3116
f 3257/4182/3128 3256/4180/3127 3271/4189/3142 3272/4190/3143
f 3250/4183/3121 3249/4181/3120 3264/4191/3135 3265/4192/3136
f 3243/4185/3114 2980/4193/2851 3258/4194/3129
f 2987/4195/2858 3257/4182/3128 3272/4190/3143
f 3251/4187/3122 3250/4183/3121 3265/4192/3136 3266/4196/3137
f 3244/4188/3115 3243/4185/3114 3258/4194/3129 3259/4197/3130
f 3252/4172/3123 3251/4187/3122 3266/4196/3137 3267/4198/3138
f 3245/4174/3116 3244/4188/3115 3259/4197/3130 3260/4199/3131
f 3253/4173/3124 3252/4172/3123 3267/4198/3138 3268/4200/3139
f 3246/4175/3117 3245/4174/3116 3260/4199/3131 3261/4201/3132
f 3254/4176/3125 3253/4173/3124 3268/4200/3139 3269/4202/3140
f 3247/4177/3118 3246/4175/3117 3261/4201/3132 3262/4203/3133
f 3255/4178/3126 3254/4176/3125 3269/4202/3140 3270/4204/3141
f 3248/4179/3119 3247/4177/3118 3262/4203/3133 3263/4205/3134
f 3256/4180/3127 3255/4178/3126 3270/4204/3141 3271/4189/3142
f 3249/4181/3120 3248/4179/3119 3263/4205/3134 3264/4191/3135
f 3261/4201/3132 3260/4199/3131 3275/4206/3146 3276/4207/3147
f 3269/4202/3140 3268/4200/3139 3283/4208/3154 3284/4209/3155
f 3262/4203/3133 3261/4201/3132 3276/4207/3147 3277/4210/3148
f 3270/4204/3141 3269/4202/3140 3284/4209/3155 3285/4211/3156
f 3263/4205/3134 3262/4203/3133 3277/4210/3148 3278/4212/3149
f 3271/4189/3142 3270/4204/3141 3285/4211/3156 3286/4213/3157
f 3264/4191/3135 3263/4205/3134 3278/4212/3149 3279/4214/3150
f 3272/4190/3143 3271/4189/3142 3286/4213/3157 3287/4215/3158
f 3265/4192/3136 3264/4191/3135 3279/4214/3150 3280/4216/3151
f 3258/4194/3129 2980/4217/2851 3273/4218/3144
f 2987/4219/2858 3272/4190/3143 3287/4215/3158
f 3266/4196/3137 3265/4192/3136 3280/4216/3151 3281/4220/3152
f 3259/4197/3130 3258/4194/3129 3273/4218/3144 3274/4221/3145
f 3267/4198/3138 3266/4196/3137 3281/4220/3152 3282/4222/3153
f 3260/4199/3131 3259/4197/3130 3274/4221/3145 3275/4206/3146
f 3268/4200/3139 3267/4198/3138 3282/4222/3153 3283/4208/3154
f 3280/4216/3151 3279/4214/3150 3294/4223/3165 3295/4224/3166
f 3273/4218/3144 2980/4225/2851 3288/4226/3159
f 2987/4227/2858 3287/4215/3158 3302/4228/3173
f 3281/4220/3152 3280/4216/3151 3295/4224/3166 3296/4229/3167
f 3274/4221/3145 3273/4218/3144 3288/4226/3159 3289/4230/3160
f 3282/4222/3153 3281/4220/3152 3296/4229/3167 3297/4231/3168
f 3275/4206/3146 3274/4221/3145 3289/4230/3160 3290/4232/3161
f 3283/4208/3154 3282/4222/3153 3297/4231/3168 3298/4233/3169
f 3276/4207/3147 3275/4206/3146 3290/4232/3161 3291/4234/3162
f 3284/4209/3155 3283/4208/3154 3298/4233/3169 3299/4235/3170
f 3277/4210/3148 3276/4207/3147 3291/4234/3162 3292/4236/3163
f 3285/4211/3156 3284/4209/3155 3299/4235/3170 3300/4237/3171
f 3278/4212/3149 3277/4210/3148 3292/4236/3163 3293/4238/3164
f 3286/4213/3157 3285/4211/3156 3300/4237/3171 3301/4239/3172
f 3279/4214/3150 3278/4212/3149 3293/4238/3164 3294/4223/3165
f 3287/4215/3158 3286/4213/3157 3301/4239/3172 3302/4228/3173
f 3299/4235/3170 3298/4233/3169 3313/4240/3184 3314/4241/3185
f 3292/4236/3163 3291/4234/3162 3306/4242/3177 3307/4243/3178
f 3300/4237/3171 3299/4235/3170 3314/4241/3185 3315/4244/3186
f 3293/4238/3164 3292/4236/3163 3307/4243/3178 3308/4245/3179
f 3301/4239/3172 3300/4237/3171 3315/4244/3186 3316/4246/3187
f 3294/4223/3165 3293/4238/3164 3308/4245/3179 3309/4247/3180
f 3302/4228/3173 3301/4239/3172 3316/4246/3187 3317/4248/3188
f 3295/4224/3166 3294/4223/3165 3309/4247/3180 3310/4249/3181
f 3288/4226/3159 2980/4250/2851 3303/4251/3174
f 2987/4252/2858 3302/4228/3173 3317/4248/3188
f 3296/4229/3167 3295/4224/3166 3310/4249/3181 3311/4253/3182
f 3289/4230/3160 3288/4226/3159 3303/4251/3174 3304/4254/3175
f 3297/4231/3168 3296/4229/3167 3311/4253/3182 3312/4255/3183
f 3290/4232/3161 3289/4230/3160 3304/4254/3175 3305/4256/3176
f 3298/4233/3169 3297/4231/3168 3312/4255/3183 3313/4240/3184
f 3291/4234/3162 3290/4232/3161 3305/4256/3176 3306/4242/3177
f 2987/4257/2858 3317/4248/3188 3332/4258/3203
f 3311/4253/3182 3310/4249/3181 3325/4259/3196 3326/4260/3197
f 3304/4254/3175 3303/4251/3174 3318/4261/3189 3319/4262/3190
f 3312/4255/3183 3311/4253/3182 3326/4260/3197 3327/4263/3198
f 3305/4256/3176 3304/4254/3175 3319/4262/3190 3320/4264/3191
f 3313/4240/3184 3312/4255/3183 3327/4263/3198 3328/4265/3199
f 3306/4242/3177 3305/4256/3176 3320/4264/3191 3321/4266/3192
f 3314/4241/3185 3313/4240/3184 3328/4265/3199 3329/4267/3200
f 3307/4243/3178 3306/4242/3177 3321/4266/3192 3322/4268/3193
f 3315/4244/3186 3314/4241/3185 3329/4267/3200 3330/4269/3201
f 3308/4245/3179 3307/4243/3178 3322/4268/3193 3323/4270/3194
f 3316/4246/3187 3315/4244/3186 3330/4269/3201 3331/4271/3202
f 3309/4247/3180 3308/4245/3179 3323/4270/3194 3324/4272/3195
f 3317/4248/3188 3316/4246/3187 3331/4271/3202 3332/4258/3203
f 3310/4249/3181 3309/4247/3180 3324/4272/3195 3325/4259/3196
f 3303/4251/3174 2980/4273/2851 3318/4261/3189
f 3330/4269/3201 3329/4267/3200 3344/4274/3215 3345/4275/3216
f 3323/4270/3194 3322/4268/3193 3337/4276/3208 3338/4277/3209
f 3331/4271/3202 3330/4269/3201 3345/4275/3216 3346/4278/3217
f 3324/4272/3195 3323/4270/3194 3338/4277/3209 3339/4279/3210
f 3332/4258/3203 3331/4271/3202 3346/4278/3217 3347/4280/3218
f 3325/4259/3196 3324/4272/3195 3339/4279/3210 3340/4281/3211
f 3318/4261/3189 2980/4282/2851 3333/4283/3204
f 2987/4284/2858 3332/4258/3203 3347/4280/3218
f 3326/4260/3197 3325/4259/3196 3340/4281/3211 3341/4285/3212
f 3319/4262/3190 3318/4261/3189 3333/4283/3204 3334/4286/3205
f 3327/4263/3198 3326/4260/3197 3341/4285/3212 3342/4287/3213
f 3320/4264/3191 3319/4262/3190 3334/4286/3205 3335/4288/3206
f 3328/4265/3199 3327/4263/3198 3342/4287/3213 3343/4289/3214
f 3321/4266/3192 3320/4264/3191 3335/4288/3206 3336/4290/3207
f 3329/4267/3200 3328/4265/3199 3343/4289/3214 3344/4274/3215
f 3322/4268/3193 3321/4266/3192 3336/4290/3207 3337/4276/3208
f 3334/4291/3205 3333/4292/3204 3348/4293/3219 3349/4294/3220
f 3342/4295/3213 3341/4296/3212 3356/4297/3227 3357/4298/3228
f 3335/4299/3206 3334/4291/3205 3349/4294/3220 3350/4300/3221
f 3343/4301/3214 3342/4295/3213 3357/4298/3228 3358/4302/3229
f 3336/4303/3207 3335/4299/3206 3350/4300/3221 3351/4304/3222
f 3344/4305/3215 3343/4301/3214 3358/4302/3229 3359/4306/3230
f 3337/4307/3208 3336/4303/3207 3351/4304/3222 3352/4308/3223
f 3345/4309/3216 3344/4305/3215 3359/4306/3230 3360/4310/3231
f 3338/4311/3209 3337/4307/3208 3352/4308/3223 3353/4312/3224
f 3346/4313/3217 3345/4309/3216 3360/4310/3231 3361/4314/3232
f 3339/4315/3210 3338/4311/3209 3353/4312/3224 3354/4316/3225
f 3347/4317/3218 3346/4313/3217 3361/4314/3232 3362/4318/3233
f 3340/4319/3211 3339/4315/3210 3354/4316/3225 3355/4320/3226
f 3333/4292/3204 2980/4321/2851 3348/4293/3219
f 2987/4322/2858 3347/4317/3218 3362/4318/3233
f 3341/4296/3212 3340/4319/3211 3355/4320/3226 3356/4297/3227
f 3353/4312/3224 3352/4308/3223 3367/4323/3238 3368/4324/3239
f 3361/4314/3232 3360/4310/3231 3375/4325/3246 3376/4326/3247
f 3354/4316/3225 3353/4312/3224 3368/4324/3239 3369/4327/3240
f 3362/4318/3233 3361/4314/3232 3376/4326/3247 3377/4328/3248
f 3355/4320/3226 3354/4316/3225 3369/4327/3240 3370/4329/3241
f 3348/4293/3219 2980/4330/2851 3363/4331/3234
f 2987/4332/2858 3362/4318/3233 3377/4328/3248
f 3356/4297/3227 3355/4320/3226 3370/4329/3241 3371/4333/3242
f 3349/4294/3220 3348/4293/3219 3363/4331/3234 3364/4334/3235
f 3357/4298/3228 3356/4297/3227 3371/4333/3242 3372/4335/3243
f 3350/4300/3221 3349/4294/3220 3364/4334/3235 3365/4336/3236
f 3358/4302/3229 3357/4298/3228 3372/4335/3243 3373/4337/3244
f 3351/4304/3222 3350/4300/3221 3365/4336/3236 3366/4338/3237
f 3359/4306/3230 3358/4302/3229 3373/4337/3244 3374/4339/3245
f 3352/4308/3223 3351/4304/3222 3366/4338/3237 3367/4323/3238
f 3360/4310/3231 3359/4306/3230 3374/4339/3245 3375/4325/3246
f 3372/4335/3243 3371/4333/3242 3386/4340/3257 3387/4341/3258
f 3365/4336/3236 3364/4334/3235 3379/4342/3250 3380/4343/3251
f 3373/4337/3244 3372/4335/3243 3387/4341/3258 3388/4344/3259
f 3366/4338/3237 3365/4336/3236 3380/4343/3251 3381/4345/3252
f 3374/4339/3245 3373/4337/3244 3388/4344/3259 3389/4346/3260
f 3367/4323/3238 3366/4338/3237 3381/4345/3252 3382/4347/3253
f 3375/4325/3246 3374/4339/3245 3389/4346/3260 3390/4348/3261
f 3368/4324/3239 3367/4323/3238 3382/4347/3253 3383/4349/3254
f 3376/4326/3247 3375/4325/3246 3390/4348/3261 3391/4350/3262
f 3369/4327/3240 3368/4324/3239 3383/4349/3254 3384/4351/3255
f 3377/4328/3248 3376/4326/3247 3391/4350/3262 3392/4352/3263
f 3370/4329/3241 3369/4327/3240 3384/4351/3255 3385/4353/3256
f 3363/4331/3234 2980/4354/2851 3378/4355/3249
f 2987/4356/2858 3377/4328/3248 3392/4352/3263
f 3371/4333/3242 3370/4329/3241 3385/4353/3256 3386/4340/3257
f 3364/4334/3235 3363/4331/3234 3378/4355/3249 3379/4342/3250
f 3391/4350/3262 3390/4348/3261 3405/4357/3276 3406/4358/3277
f 3384/4351/3255 3383/4349/3254 3398/4359/3269 3399/4360/3270
f 3392/4352/3263 3391/4350/3262 3406/4358/3277 3407/4361/3278
f 3385/4353/3256 3384/4351/3255 3399/4360/3270 3400/4362/3271
f 3378/4355/3249 2980/4363/2851 3393/4364/3264
f 2987/4365/2858 3392/4352/3263 3407/4361/3278
f 3386/4340/3257 3385/4353/3256 3400/4362/3271 3401/4366/3272
f 3379/4342/3250 3378/4355/3249 3393/4364/3264 3394/4367/3265
f 3387/4341/3258 3386/4340/3257 3401/4366/3272 3402/4368/3273
f 3380/4343/3251 3379/4342/3250 3394/4367/3265 3395/4369/3266
f 3388/4344/3259 3387/4341/3258 3402/4368/3273 3403/4370/3274
f 3381/4345/3252 3380/4343/3251 3395/4369/3266 3396/4371/3267
f 3389/4346/3260 3388/4344/3259 3403/4370/3274 3404/4372/3275
f 3382/4347/3253 3381/4345/3252 3396/4371/3267 3397/4373/3268
f 3390/4348/3261 3389/4346/3260 3404/4372/3275 3405/4357/3276
f 3383/4349/3254 3382/4347/3253 3397/4373/3268 3398/4359/3269
f 3395/4369/3266 3394/4367/3265 3409/4374/3280 3410/4375/3281
f 3403/4370/3274 3402/4368/3273 3417/4376/3288 3418/4377/3289
f 3396/4371/3267 3395/4369/3266 3410/4375/3281 3411/4378/3282
f 3404/4372/3275 3403/4370/3274 3418/4377/3289 3419/4379/3290
f 3397/4373/3268 3396/4371/3267 3411/4378/3282 3412/4380/3283
f 3405/4357/3276 3404/4372/3275 3419/4379/3290 3420/4381/3291
f 3398/4359/3269 3397/4373/3268 3412/4380/3283 3413/4382/3284
f 3406/4358/3277 3405/4357/3276 3420/4381/3291 3421/4383/3292
f 3399/4360/3270 3398/4359/3269 3413/4382/3284 3414/4384/3285
f 3407/4361/3278 3406/4358/3277 3421/4383/3292 3422/4385/3293
f 3400/4362/3271 3399/4360/3270 3414/4384/3285 3415/4386/3286
f 3393/4364/3264 2980/4387/2851 3408/4388/3279
f 2987/4389/2858 3407/4361/3278 3422/4385/3293
f 3401/4366/3272 3400/4362/3271 3415/4386/3286 3416/4390/3287
f 3394/4367/3265 3393/4364/3264 3408/4388/3279 3409/4374/3280
f 3402/4368/3273 3401/4366/3272 3416/4390/3287 3417/4376/3288
f 3414/4384/3285 3413/4382/3284 3428/4391/3299 3429/4392/3300
f 3422/4385/3293 3421/4383/3292 3436/4393/3307 3437/4394/3308
f 3415/4386/3286 3414/4384/3285 3429/4392/3300 3430/4395/3301
f 3408/4388/3279 2980/4396/2851 3423/4397/3294
f 2987/4398/2858 3422/4385/3293 3437/4394/3308
f 3416/4390/3287 3415/4386/3286 3430/4395/3301 3431/4399/3302
f 3409/4374/3280 3408/4388/3279 3423/4397/3294 3424/4400/3295
f 3417/4376/3288 3416/4390/3287 3431/4399/3302 3432/4401/3303
f 3410/4375/3281 3409/4374/3280 3424/4400/3295 3425/4402/3296
f 3418/4377/3289 3417/4376/3288 3432/4401/3303 3433/4403/3304
f 3411/4378/3282 3410/4375/3281 3425/4402/3296 3426/4404/3297
f 3419/4379/3290 3418/4377/3289 3433/4403/3304 3434/4405/3305
f 3412/4380/3283 3411/4378/3282 3426/4404/3297 3427/4406/3298
f 3420/4381/3291 3419/4379/3290 3434/4405/3305 3435/4407/3306
f 3413/4382/3284 3412/4380/3283 3427/4406/3298 3428/4391/3299
f 3421/4383/3292 3420/4381/3291 3435/4407/3306 3436/4393/3307
f 3433/4403/3304 3432/4401/3303 3447/4408/3318 3448/4409/3319
f 3426/4404/3297 3425/4402/3296 3440/4410/3311 3441/4411/3312
f 3434/4405/3305 3433/4403/3304 3448/4409/3319 3449/4412/3320
f 3427/4406/3298 3426/4404/3297 3441/4411/3312 3442/4413/3313
f 3435/4407/3306 3434/4405/3305 3449/4412/3320 3450/4414/3321
f 3428/4391/3299 3427/4406/3298 3442/4413/3313 3443/4415/3314
f 3436/4393/3307 3435/4407/3306 3450/4414/3321 3451/4416/3322
f 3429/4392/3300 3428/4391/3299 3443/4415/3314 3444/4417/3315
f 3437/4394/3308 3436/4393/3307 3451/4416/3322 3452/4418/3323
f 3430/4395/3301 3429/4392/3300 3444/4417/3315 3445/4419/3316
f 3423/4397/3294 2980/4420/2851 3438/4421/3309
f 2987/4422/2858 3437/4394/3308 3452/4418/3323
f 3431/4399/3302 3430/4395/3301 3445/4419/3316 3446/4423/3317
f 3424/4400/3295 3423/4397/3294 3438/4421/3309 3439/4424/3310
f 3432/4401/3303 3431/4399/3302 3446/4423/3317 3447/4408/3318
f 3425/4402/3296 3424/4400/3295 3439/4424/3310 3440/4410/3311
f 3452/4418/3323 3451/4416/3322 3460/3869/3331 3461/3868/3332
f 3445/4419/3316 3444/4417/3315 2983/3873/2854 2984/3872/2855
f 3438/4421/3309 2980/4425/2851 3453/3876/3324
f 2987/4426/2858 3452/4418/3323 3461/3868/3332
f 3446/4423/3317 3445/4419/3316 2984/3872/2855 2985/3880/2856
f 3439/4424/3310 3438/4421/3309 3453/3876/3324 3454/3882/3325
f 3447/4408/3318 3446/4423/3317 2985/3880/2856 3457/3884/3328
f 3440/4410/3311 3439/4424/3310 3454/3882/3325 2981/3886/2852
f 3448/4409/3319 3447/4408/3318 3457/3884/3328 2986/3888/2857
f 3441/4411/3312 3440/4410/3311 2981/3886/2852 3455/3890/3326
f 3449/4412/3320 3448/4409/3319 2986/3888/2857 3458/3892/3329
f 3442/4413/3313 3441/4411/3312 3455/3890/3326 2982/3894/2853
f 3450/4414/3321 3449/4412/3320 3458/3892/3329 3459/3896/3330
f 3443/4415/3314 3442/4413/3313 2982/3894/2853 3456/3898/3327
f 3451/4416/3322 3450/4414/3321 3459/3896/3330 3460/3869/3331
f 3444/4417/3315 3443/4415/3314 3456/3898/3327 2983/3873/2854
o 球.003
v -0.382715 0.063870 -2.561588
v -0.382715 0.085513 -2.729172
v -0.382715 0.070473 -2.819467
v -0.382715 0.034002 -2.876103
v -0.382715 0.009358 -2.888862
v -0.382715 -0.018348 -2.890458
v -0.382715 -0.078606 -2.860347
v -0.382715 -0.204464 -2.635169
v -0.373975 0.076533 -2.617877
v -0.365571 0.083554 -2.673416
v -0.357826 0.084662 -2.726071
v -0.351037 0.079815 -2.773820
v -0.345466 0.069200 -2.814826
v -0.341326 0.053224 -2.847515
v -0.338776 0.032501 -2.870629
v -0.337916 0.007827 -2.883281
v -0.338776 -0.019849 -2.884984
v -0.341326 -0.049463 -2.875673
v -0.345466 -0.079878 -2.855706
v -0.351037 -0.109925 -2.825850
v -0.357826 -0.138450 -2.787252
v -0.365571 -0.164355 -2.741396
v -0.373975 -0.186645 -2.690044
v -0.365571 0.075649 -2.614652
v -0.349086 0.081819 -2.667090
v -0.333893 0.082144 -2.716888
v -0.320577 0.076610 -2.762131
v -0.309648 0.065431 -2.801082
v -0.301528 0.049036 -2.832243
v -0.296527 0.028055 -2.854416
v -0.294838 0.003294 -2.866750
v -0.296527 -0.024294 -2.868771
v -0.301528 -0.053651 -2.860401
v -0.309648 -0.083647 -2.841961
v -0.320577 -0.113131 -2.814161
v -0.333893 -0.140968 -2.778068
v -0.349086 -0.166089 -2.735070
v -0.365571 -0.187529 -2.686819
v -0.357826 0.074213 -2.609415
v -0.333893 0.079002 -2.656817
v -0.311837 0.078054 -2.701974
v -0.292504 0.071405 -2.743150
v -0.276639 0.059311 -2.778762
v -0.264849 0.042235 -2.807442
v -0.257589 0.020836 -2.828089
v -0.255138 -0.004067 -2.839907
v -0.257589 -0.031514 -2.842443
v -0.264849 -0.060452 -2.835601
v -0.276639 -0.089768 -2.819642
v -0.292504 -0.118336 -2.795180
v -0.311837 -0.145057 -2.763155
v -0.333893 -0.168906 -2.724798
v -0.357826 -0.188965 -2.681582
v -0.351037 0.072280 -2.602367
v -0.320577 0.075211 -2.642993
v -0.292504 0.072551 -2.681904
v -0.267899 0.064401 -2.717605
v -0.247705 0.051074 -2.748725
v -0.232700 0.033083 -2.774067
v -0.223460 0.011120 -2.792657
v -0.220340 -0.013973 -2.803782
v -0.223460 -0.041230 -2.807012
v -0.232700 -0.069604 -2.802225
v -0.247705 -0.098004 -2.789605
v -0.267899 -0.125340 -2.769635
v -0.292504 -0.150561 -2.743085
v -0.320577 -0.172697 -2.710973
v -0.351037 -0.190898 -2.674535
v -0.345466 0.069925 -2.593779
v -0.309648 0.070592 -2.626148
v -0.276639 0.065845 -2.657449
v -0.247705 0.055865 -2.686479
v -0.223961 0.041038 -2.712125
v -0.206317 0.021932 -2.733399
v -0.195451 -0.000719 -2.749484
v -0.191783 -0.026043 -2.759763
v -0.195451 -0.053068 -2.763839
v -0.206317 -0.080756 -2.761557
v -0.223961 -0.108041 -2.753004
v -0.247705 -0.133875 -2.738509
v -0.276639 -0.157267 -2.718629
v -0.309648 -0.177316 -2.694128
v -0.345466 -0.193253 -2.665947
v -0.341326 0.067239 -2.583982
v -0.301528 0.065322 -2.606929
v -0.264849 0.058194 -2.629547
v -0.232700 0.046128 -2.650968
v -0.206317 0.029587 -2.670368
v -0.186712 0.009209 -2.687001
v -0.174639 -0.014226 -2.700228
v -0.170563 -0.039815 -2.709542
v -0.174639 -0.066575 -2.714583
v -0.186712 -0.093479 -2.715159
v -0.206317 -0.119491 -2.711247
v -0.232700 -0.143613 -2.702998
v -0.264849 -0.164918 -2.690728
v -0.301528 -0.182586 -2.674909
v -0.341326 -0.195940 -2.656149
v -0.338776 0.064323 -2.573351
v -0.296527 0.059604 -2.586075
v -0.257589 0.049892 -2.599273
v -0.223460 0.035562 -2.612436
v -0.195452 0.017163 -2.625059
v -0.174639 -0.004597 -2.636656
v -0.161823 -0.028881 -2.646783
v -0.157495 -0.054757 -2.655049
v -0.161823 -0.081231 -2.661138
v -0.174639 -0.107284 -2.664814
v -0.195452 -0.131916 -2.665938
v -0.223460 -0.154179 -2.664466
v -0.257589 -0.173220 -2.660453
v -0.296527 -0.188305 -2.654056
v -0.338776 -0.198855 -2.645518
v -0.337916 0.061292 -2.562295
v -0.294838 0.053657 -2.564389
v -0.255138 0.041259 -2.567788
v -0.220340 0.024573 -2.572364
v -0.191783 0.004242 -2.577939
v -0.170563 -0.018954 -2.584300
v -0.157495 -0.044123 -2.591201
v -0.153083 -0.070297 -2.598379
v -0.157495 -0.096472 -2.605556
v -0.170563 -0.121641 -2.612458
v -0.191783 -0.144837 -2.618819
v -0.220340 -0.165168 -2.624394
v -0.255138 -0.181853 -2.628969
v -0.294838 -0.194252 -2.632369
v -0.337916 -0.201886 -2.634462
v -0.338776 0.058260 -2.551239
v -0.296527 0.047710 -2.542702
v -0.257589 0.032625 -2.536304
v -0.223460 0.013585 -2.532292
v -0.195452 -0.008679 -2.530819
v -0.174639 -0.033311 -2.531943
v -0.161823 -0.059364 -2.535619
v -0.157495 -0.085837 -2.541708
v -0.161823 -0.111713 -2.549974
v -0.174639 -0.135998 -2.560101
v -0.195452 -0.157758 -2.571699
v -0.223460 -0.176156 -2.584321
v -0.257589 -0.190487 -2.597485
v -0.296527 -0.200198 -2.610682
v -0.338776 -0.204918 -2.623407
v -0.341326 0.055345 -2.540608
v -0.301528 0.041992 -2.521848
v -0.264849 0.024323 -2.506029
v -0.232700 0.003019 -2.493759
v -0.206317 -0.021104 -2.485510
v -0.186712 -0.047116 -2.481598
v -0.174639 -0.074020 -2.482174
v -0.170563 -0.100780 -2.487216
v -0.174639 -0.126369 -2.496529
v -0.186712 -0.149803 -2.509757
v -0.206317 -0.170182 -2.526390
v -0.232700 -0.186722 -2.545789
v -0.264849 -0.198788 -2.567210
v -0.301528 -0.205917 -2.589828
v -0.341326 -0.207833 -2.612776
v -0.345466 0.052658 -2.530810
v -0.309648 0.036722 -2.502630
v -0.276639 0.016672 -2.478128
v -0.247705 -0.006719 -2.458248
v -0.223961 -0.032554 -2.443753
v -0.206317 -0.059839 -2.435200
v -0.195452 -0.087526 -2.432918
v -0.191783 -0.114551 -2.436995
v -0.195452 -0.139876 -2.447273
v -0.206317 -0.162526 -2.463358
v -0.223961 -0.181632 -2.484632
v -0.247705 -0.196460 -2.510278
v -0.276639 -0.206439 -2.539309
v -0.309648 -0.211187 -2.570610
v -0.345466 -0.210520 -2.602978
v -0.351037 0.050303 -2.522223
v -0.320577 0.032102 -2.485784
v -0.292504 0.009966 -2.453673
v -0.267899 -0.015254 -2.427122
v -0.247705 -0.042590 -2.407153
v -0.232700 -0.070991 -2.394532
v -0.223460 -0.099365 -2.389745
v -0.220341 -0.126622 -2.392976
v -0.223460 -0.151714 -2.404100
v -0.232700 -0.173678 -2.422690
v -0.247705 -0.191669 -2.448032
v -0.267899 -0.204995 -2.479152
v -0.292504 -0.213145 -2.514853
v -0.320577 -0.215806 -2.553765
v -0.351037 -0.212875 -2.594390
v -0.357826 0.048371 -2.515175
v -0.333893 0.028311 -2.471960
v -0.311837 0.004463 -2.433603
v -0.292504 -0.022259 -2.401577
v -0.276639 -0.050827 -2.377115
v -0.264849 -0.080143 -2.361156
v -0.257589 -0.109081 -2.354314
v -0.255138 -0.136528 -2.356851
v -0.257589 -0.161430 -2.368669
v -0.264849 -0.182830 -2.389315
v -0.276639 -0.199905 -2.417995
v -0.292504 -0.212000 -2.453607
v -0.311837 -0.218649 -2.494783
v -0.333893 -0.219597 -2.539940
v -0.357826 -0.214807 -2.587343
v -0.365571 0.046935 -2.509938
v -0.349086 0.025495 -2.461687
v -0.333893 0.000373 -2.418689
v -0.320577 -0.027464 -2.382596
v -0.309648 -0.056947 -2.354796
v -0.301528 -0.086944 -2.336356
v -0.296527 -0.116300 -2.327986
v -0.294838 -0.143889 -2.330007
v -0.296527 -0.168650 -2.342341
v -0.301528 -0.189631 -2.364515
v -0.309648 -0.206026 -2.395676
v -0.320577 -0.217205 -2.434626
v -0.333893 -0.222739 -2.479870
v -0.349086 -0.222414 -2.529667
v -0.365571 -0.216243 -2.582106
v -0.373975 0.046050 -2.506713
v -0.365571 0.023760 -2.455361
v -0.357826 -0.002145 -2.409505
v -0.351037 -0.030669 -2.370908
v -0.345466 -0.060716 -2.341052
v -0.341326 -0.091131 -2.321084
v -0.338776 -0.120746 -2.311774
v -0.337916 -0.148422 -2.313477
v -0.338776 -0.173095 -2.326128
v -0.341326 -0.193819 -2.349243
v -0.345466 -0.209795 -2.381931
v -0.351037 -0.220410 -2.422938
v -0.357826 -0.225257 -2.470686
v -0.365571 -0.224149 -2.523342
v -0.373975 -0.217128 -2.578881
v -0.382715 0.045752 -2.505624
v -0.382715 0.023174 -2.453225
v -0.382715 -0.002995 -2.406404
v -0.382715 -0.031752 -2.366961
v -0.382715 -0.061989 -2.336411
v -0.382715 -0.092545 -2.315928
v -0.382715 -0.122247 -2.306299
v -0.382715 -0.149952 -2.307895
v -0.382715 -0.174597 -2.320654
v -0.382715 -0.195233 -2.344086
v -0.382715 -0.211067 -2.377290
v -0.382715 -0.221492 -2.418991
v -0.382715 -0.226107 -2.467585
v -0.382715 -0.224734 -2.521206
v -0.382715 -0.217426 -2.577792
v -0.391454 0.046050 -2.506713
v -0.399858 0.023760 -2.455361
v -0.407604 -0.002145 -2.409505
v -0.414392 -0.030669 -2.370908
v -0.419963 -0.060716 -2.341052
v -0.424103 -0.091131 -2.321084
v -0.426653 -0.120746 -2.311774
v -0.427514 -0.148422 -2.313477
v -0.426653 -0.173095 -2.326129
v -0.424103 -0.193819 -2.349243
v -0.419963 -0.209795 -2.381931
v -0.414392 -0.220410 -2.422938
v -0.407604 -0.225257 -2.470686
v -0.399858 -0.224149 -2.523342
v -0.391454 -0.217128 -2.578881
v -0.399858 0.046935 -2.509938
v -0.416343 0.025495 -2.461687
v -0.431536 0.000373 -2.418689
v -0.444852 -0.027464 -2.382596
v -0.455781 -0.056947 -2.354796
v -0.463902 -0.086944 -2.336356
v -0.468902 -0.116300 -2.327986
v -0.470591 -0.143889 -2.330007
v -0.468902 -0.168650 -2.342341
v -0.463902 -0.189631 -2.364515
v -0.455781 -0.206026 -2.395676
v -0.444852 -0.217205 -2.434626
v -0.431536 -0.222739 -2.479870
v -0.416343 -0.222414 -2.529667
v -0.399858 -0.216243 -2.582106
v -0.407603 0.048371 -2.515175
v -0.431536 0.028311 -2.471960
v -0.453592 0.004463 -2.433603
v -0.472925 -0.022259 -2.401577
v -0.488791 -0.050827 -2.377115
v -0.500580 -0.080143 -2.361156
v -0.507840 -0.109081 -2.354314
v -0.510291 -0.136528 -2.356851
v -0.507840 -0.161430 -2.368669
v -0.500580 -0.182830 -2.389315
v -0.488791 -0.199905 -2.417995
v -0.472925 -0.212000 -2.453607
v -0.453592 -0.218649 -2.494783
v -0.431536 -0.219597 -2.539940
v -0.407603 -0.214807 -2.587343
v -0.414392 0.050303 -2.522223
v -0.444852 0.032102 -2.485784
v -0.472925 0.009966 -2.453673
v -0.497530 -0.015254 -2.427122
v -0.517724 -0.042590 -2.407153
v -0.532729 -0.070991 -2.394532
v -0.541969 -0.099365 -2.389745
v -0.545089 -0.126622 -2.392976
v -0.541969 -0.151714 -2.404100
v -0.532729 -0.173678 -2.422690
v -0.517724 -0.191669 -2.448032
v -0.497530 -0.204995 -2.479152
v -0.472925 -0.213145 -2.514853
v -0.444852 -0.215806 -2.553765
v -0.414392 -0.212875 -2.594390
v -0.419963 0.052658 -2.530810
v -0.455781 0.036722 -2.502630
v -0.488790 0.016672 -2.478128
v -0.517724 -0.006719 -2.458248
v -0.541468 -0.032554 -2.443753
v -0.559112 -0.059839 -2.435200
v -0.569978 -0.087526 -2.432918
v -0.573646 -0.114551 -2.436995
v -0.569978 -0.139876 -2.447273
v -0.559112 -0.162526 -2.463358
v -0.541468 -0.181632 -2.484633
v -0.517724 -0.196460 -2.510278
v -0.488790 -0.206439 -2.539309
v -0.455781 -0.211187 -2.570610
v -0.419963 -0.210520 -2.602978
v -0.424103 0.055345 -2.540608
v -0.463902 0.041992 -2.521848
v -0.500580 0.024323 -2.506029
v -0.532729 0.003019 -2.493759
v -0.559112 -0.021103 -2.485510
v -0.578717 -0.047116 -2.481598
v -0.590790 -0.074020 -2.482174
v -0.594866 -0.100780 -2.487216
v -0.590790 -0.126369 -2.496529
v -0.578717 -0.149803 -2.509757
v -0.559112 -0.170182 -2.526390
v -0.532729 -0.186722 -2.545789
v -0.500580 -0.198788 -2.567210
v -0.463902 -0.205917 -2.589828
v -0.424103 -0.207833 -2.612776
v -0.426653 0.058260 -2.551239
v -0.468902 0.047710 -2.542702
v -0.507840 0.032625 -2.536304
v -0.541969 0.013585 -2.532292
v -0.569978 -0.008679 -2.530819
v -0.590790 -0.033311 -2.531943
v -0.603606 -0.059364 -2.535620
v -0.607934 -0.085837 -2.541708
v -0.603606 -0.111713 -2.549975
v -0.590790 -0.135998 -2.560101
v -0.569978 -0.157758 -2.571699
v -0.541969 -0.176156 -2.584321
v -0.507840 -0.190487 -2.597485
v -0.468902 -0.200198 -2.610682
v -0.426653 -0.204918 -2.623407
v -0.427513 0.061292 -2.562295
v -0.470591 0.053657 -2.564389
v -0.510291 0.041259 -2.567788
v -0.545089 0.024573 -2.572364
v -0.573646 0.004242 -2.577939
v -0.594866 -0.018954 -2.584300
v -0.607934 -0.044123 -2.591201
v -0.612346 -0.070297 -2.598379
v -0.607934 -0.096472 -2.605556
v -0.594866 -0.121641 -2.612458
v -0.573646 -0.144837 -2.618819
v -0.545089 -0.165168 -2.624394
v -0.510291 -0.181853 -2.628969
v -0.470591 -0.194252 -2.632369
v -0.427513 -0.201886 -2.634462
v -0.426653 0.064323 -2.573351
v -0.468902 0.059604 -2.586075
v -0.507840 0.049892 -2.599273
v -0.541969 0.035562 -2.612436
v -0.569977 0.017163 -2.625059
v -0.590790 -0.004597 -2.636656
v -0.603606 -0.028881 -2.646783
v -0.607934 -0.054757 -2.655049
v -0.603606 -0.081231 -2.661138
v -0.590790 -0.107284 -2.664814
v -0.569977 -0.131916 -2.665938
v -0.541969 -0.154179 -2.664466
v -0.507840 -0.173220 -2.660454
v -0.468902 -0.188305 -2.654056
v -0.426653 -0.198855 -2.645518
v -0.424103 0.067239 -2.583982
v -0.463902 0.065322 -2.606929
v -0.500580 0.058194 -2.629547
v -0.532729 0.046128 -2.650968
v -0.559112 0.029587 -2.670368
v -0.578717 0.009209 -2.687001
v -0.590790 -0.014226 -2.700228
v -0.594866 -0.039815 -2.709542
v -0.590790 -0.066575 -2.714583
v -0.578717 -0.093479 -2.715159
v -0.559112 -0.119491 -2.711247
v -0.532729 -0.143613 -2.702998
v -0.500580 -0.164918 -2.690728
v -0.463902 -0.182586 -2.674909
v -0.424103 -0.195940 -2.656149
v -0.419963 0.069925 -2.593779
v -0.455781 0.070592 -2.626148
v -0.488790 0.065845 -2.657449
v -0.517724 0.055865 -2.686479
v -0.541468 0.041038 -2.712125
v -0.559112 0.021932 -2.733399
v -0.569977 -0.000719 -2.749484
v -0.573646 -0.026043 -2.759763
v -0.569977 -0.053068 -2.763839
v -0.559112 -0.080756 -2.761557
v -0.541468 -0.108041 -2.753004
v -0.517724 -0.133876 -2.738509
v -0.488790 -0.157267 -2.718629
v -0.455781 -0.177316 -2.694128
v -0.419963 -0.193253 -2.665947
v -0.414392 0.072280 -2.602367
v -0.444852 0.075211 -2.642993
v -0.472925 0.072551 -2.681904
v -0.497530 0.064401 -2.717605
v -0.517724 0.051074 -2.748725
v -0.532729 0.033083 -2.774067
v -0.541969 0.011120 -2.792657
v -0.545088 -0.013973 -2.803782
v -0.541969 -0.041230 -2.807012
v -0.532729 -0.069604 -2.802225
v -0.517724 -0.098004 -2.789605
v -0.497530 -0.125340 -2.769635
v -0.472925 -0.150561 -2.743085
v -0.444852 -0.172697 -2.710973
v -0.414392 -0.190898 -2.674535
v -0.407603 0.074213 -2.609415
v -0.431536 0.079002 -2.656817
v -0.453592 0.078054 -2.701974
v -0.472925 0.071405 -2.743150
v -0.488790 0.059311 -2.778762
v -0.500580 0.042235 -2.807442
v -0.507840 0.020836 -2.828088
v -0.510291 -0.004067 -2.839907
v -0.507840 -0.031514 -2.842443
v -0.500580 -0.060452 -2.835601
v -0.488790 -0.089768 -2.819642
v -0.472925 -0.118336 -2.795180
v -0.453592 -0.145057 -2.763155
v -0.431536 -0.168906 -2.724798
v -0.407603 -0.188965 -2.681582
v -0.399858 0.075649 -2.614652
v -0.416343 0.081819 -2.667090
v -0.431536 0.082144 -2.716887
v -0.444852 0.076610 -2.762131
v -0.455781 0.065431 -2.801082
v -0.463902 0.049036 -2.832242
v -0.468902 0.028055 -2.854416
v -0.470591 0.003294 -2.866750
v -0.468902 -0.024294 -2.868771
v -0.463902 -0.053651 -2.860401
v -0.455781 -0.083647 -2.841961
v -0.444852 -0.113131 -2.814161
v -0.431536 -0.140968 -2.778068
v -0.416343 -0.166089 -2.735070
v -0.399858 -0.187529 -2.686819
v -0.391454 0.076533 -2.617877
v -0.399858 0.083554 -2.673416
v -0.407603 0.084662 -2.726071
v -0.414392 0.079815 -2.773820
v -0.419963 0.069200 -2.814826
v -0.424103 0.053224 -2.847514
v -0.426653 0.032501 -2.870629
v -0.427513 0.007827 -2.883280
v -0.426653 -0.019849 -2.884984
v -0.424103 -0.049463 -2.875673
v -0.419963 -0.079878 -2.855706
v -0.414392 -0.109925 -2.825850
v -0.407603 -0.138450 -2.787252
v -0.399858 -0.164355 -2.741396
v -0.391454 -0.186645 -2.690044
v -0.382715 0.076832 -2.618965
v -0.382715 0.084140 -2.675552
v -0.382715 0.080898 -2.777766
v -0.382715 0.054638 -2.852671
v -0.382715 -0.048049 -2.880829
v -0.382715 -0.108843 -2.829796
v -0.382714 -0.137599 -2.790353
v -0.382715 -0.163769 -2.743532
v -0.382715 -0.186347 -2.691133
vn -0.0000 0.9644 0.2645
vn -0.0000 0.9994 -0.0348
vn -0.0000 0.9425 -0.3341
vn -0.0000 0.6226 -0.7825
vn -0.0000 0.2645 -0.9644
vn -0.0000 -0.1363 -0.9907
vn -0.0000 -0.6403 -0.7681
vn -0.0000 -0.9644 -0.2645
vn 0.0241 0.9844 0.1740
vn 0.0488 0.9957 0.0791
vn 0.0761 0.9967 -0.0292
vn 0.1078 0.9813 -0.1593
vn 0.1456 0.9355 -0.3220
vn 0.1896 0.8289 -0.5263
vn 0.2326 0.6109 -0.7568
vn 0.2525 0.2559 -0.9332
vn 0.2326 -0.1394 -0.9625
vn 0.1896 -0.4445 -0.8755
vn 0.1456 -0.6404 -0.7542
vn 0.1078 -0.7628 -0.6376
vn 0.0761 -0.8424 -0.5335
vn 0.0488 -0.8967 -0.4398
vn 0.0241 -0.9355 -0.3525
vn 0.0473 0.9827 0.1791
vn 0.0956 0.9914 0.0894
vn 0.1488 0.9888 -0.0129
vn 0.2100 0.9683 -0.1353
vn 0.2820 0.9154 -0.2872
vn 0.3642 0.8007 -0.4756
vn 0.4422 0.5788 -0.6852
vn 0.4774 0.2324 -0.8474
vn 0.4422 -0.1484 -0.8846
vn 0.3642 -0.4462 -0.8175
vn 0.2820 -0.6409 -0.7140
vn 0.2100 -0.7639 -0.6103
vn 0.1488 -0.8439 -0.5154
vn 0.0956 -0.8983 -0.4288
vn 0.0473 -0.9366 -0.3472
vn 0.0687 0.9799 0.1874
vn 0.1385 0.9847 0.1062
vn 0.2149 0.9765 0.0135
vn 0.3018 0.9484 -0.0970
vn 0.4021 0.8855 -0.2329
vn 0.5132 0.7600 -0.3988
vn 0.6147 0.5336 -0.5809
vn 0.6591 0.1989 -0.7253
vn 0.6147 -0.1627 -0.7718
vn 0.5132 -0.4503 -0.7307
vn 0.4021 -0.6429 -0.6520
vn 0.3018 -0.7663 -0.5672
vn 0.2149 -0.8468 -0.4865
vn 0.1385 -0.9011 -0.4109
vn 0.0687 -0.9384 -0.3386
vn 0.0874 0.9762 0.1986
vn 0.1758 0.9760 0.1286
vn 0.2719 0.9611 0.0486
vn 0.3797 0.9239 -0.0468
vn 0.5013 0.8497 -0.1633
vn 0.6320 0.7128 -0.3041
vn 0.7466 0.4828 -0.4578
vn 0.7953 0.1603 -0.5847
vn 0.7466 -0.1817 -0.6400
vn 0.6320 -0.4580 -0.6252
vn 0.5013 -0.6475 -0.5739
vn 0.3797 -0.7708 -0.5115
vn 0.2719 -0.8514 -0.4485
vn 0.1758 -0.9051 -0.3872
vn 0.0874 -0.9410 -0.3271
vn 0.1027 0.9718 0.2123
vn 0.2062 0.9660 0.1560
vn 0.3179 0.9438 0.0909
vn 0.4414 0.8972 0.0129
vn 0.5780 0.8118 -0.0827
vn 0.7204 0.6646 -0.1983
vn 0.8411 0.4316 -0.3259
vn 0.8911 0.1200 -0.4377
vn 0.8411 -0.2050 -0.5005
vn 0.7204 -0.4705 -0.5095
vn 0.5780 -0.6561 -0.4852
vn 0.4414 -0.7783 -0.4466
vn 0.3179 -0.8581 -0.4032
vn 0.2062 -0.9104 -0.3586
vn 0.1027 -0.9441 -0.3131
vn 0.1140 0.9670 0.2278
vn 0.2287 0.9554 0.1871
vn 0.3515 0.9258 0.1388
vn 0.4858 0.8704 0.0796
vn 0.6319 0.7750 0.0056
vn 0.7808 0.6188 -0.0860
vn 0.9037 0.3833 -0.1908
vn 0.9536 0.0796 -0.2904
vn 0.9037 -0.2323 -0.3596
vn 0.7808 -0.4884 -0.3896
vn 0.6319 -0.6695 -0.3905
vn 0.4858 -0.7893 -0.3755
vn 0.3515 -0.8671 -0.3529
vn 0.2287 -0.9172 -0.3264
vn 0.1140 -0.9480 -0.2973
vn 0.1210 0.9620 0.2448
vn 0.2424 0.9447 0.2209
vn 0.3719 0.9085 0.1906
vn 0.5125 0.8453 0.1512
vn 0.6638 0.7413 0.0989
vn 0.8158 0.5776 0.0301
vn 0.9392 0.3390 -0.0547
vn 0.9887 0.0396 -0.1446
vn 0.9392 -0.2637 -0.2200
vn 0.8158 -0.5121 -0.2687
vn 0.6638 -0.6881 -0.2931
vn 0.5125 -0.8042 -0.3011
vn 0.3719 -0.8787 -0.2994
vn 0.2424 -0.9252 -0.2918
vn 0.1210 -0.9523 -0.2802
vn 0.1233 0.9570 0.2624
vn 0.2471 0.9345 0.2563
vn 0.3788 0.8925 0.2447
vn 0.5214 0.8229 0.2257
vn 0.6744 0.7121 0.1953
vn 0.8272 0.5419 0.1486
vn 0.9507 0.2992 0.0820
vn 1.0000 -0.0000 -0.0000
vn 0.9507 -0.2992 -0.0820
vn 0.8272 -0.5419 -0.1486
vn 0.6744 -0.7121 -0.1953
vn 0.5214 -0.8229 -0.2257
vn 0.3788 -0.8925 -0.2447
vn 0.2471 -0.9345 -0.2563
vn 0.1233 -0.9570 -0.2624
vn 0.1210 0.9523 0.2802
vn 0.2424 0.9252 0.2918
vn 0.3719 0.8787 0.2994
vn 0.5125 0.8042 0.3011
vn 0.6638 0.6881 0.2931
vn 0.8158 0.5121 0.2687
vn 0.9392 0.2637 0.2200
vn 0.9887 -0.0396 0.1446
vn 0.9392 -0.3390 0.0547
vn 0.8158 -0.5776 -0.0301
vn 0.6638 -0.7413 -0.0989
vn 0.5125 -0.8453 -0.1512
vn 0.3719 -0.9085 -0.1906
vn 0.2424 -0.9447 -0.2209
vn 0.1210 -0.9620 -0.2448
vn 0.1140 0.9480 0.2973
vn 0.2287 0.9172 0.3264
vn 0.3515 0.8671 0.3529
vn 0.4858 0.7893 0.3755
vn 0.6319 0.6695 0.3905
vn 0.7808 0.4884 0.3896
vn 0.9037 0.2323 0.3596
vn 0.9536 -0.0796 0.2904
vn 0.9037 -0.3833 0.1908
vn 0.7808 -0.6188 0.0860
vn 0.6319 -0.7750 -0.0056
vn 0.4858 -0.8704 -0.0796
vn 0.3515 -0.9258 -0.1388
vn 0.2287 -0.9554 -0.1871
vn 0.1140 -0.9670 -0.2278
vn 0.1027 0.9441 0.3131
vn 0.2062 0.9104 0.3586
vn 0.3179 0.8581 0.4032
vn 0.4414 0.7783 0.4466
vn 0.5780 0.6561 0.4852
vn 0.7204 0.4705 0.5095
vn 0.8411 0.2050 0.5005
vn 0.8911 -0.1200 0.4377
vn 0.8411 -0.4316 0.3259
vn 0.7204 -0.6646 0.1983
vn 0.5780 -0.8118 0.0827
vn 0.4414 -0.8972 -0.0129
vn 0.3179 -0.9438 -0.0909
vn 0.2062 -0.9660 -0.1560
vn 0.1027 -0.9718 -0.2123
vn 0.0874 0.9410 0.3271
vn 0.1758 0.9051 0.3872
vn 0.2719 0.8514 0.4485
vn 0.3797 0.7708 0.5115
vn 0.5013 0.6475 0.5739
vn 0.6320 0.4580 0.6252
vn 0.7466 0.1817 0.6400
vn 0.7953 -0.1603 0.5847
vn 0.7466 -0.4828 0.4578
vn 0.6320 -0.7128 0.3041
vn 0.5013 -0.8497 0.1633
vn 0.3797 -0.9239 0.0468
vn 0.2719 -0.9611 -0.0486
vn 0.1758 -0.9760 -0.1286
vn 0.0874 -0.9762 -0.1986
vn 0.0687 0.9384 0.3386
vn 0.1385 0.9011 0.4109
vn 0.2149 0.8468 0.4865
vn 0.3018 0.7663 0.5672
vn 0.4021 0.6429 0.6520
vn 0.5132 0.4503 0.7307
vn 0.6147 0.1627 0.7718
vn 0.6591 -0.1989 0.7253
vn 0.6147 -0.5336 0.5809
vn 0.5132 -0.7600 0.3988
vn 0.4021 -0.8855 0.2329
vn 0.3018 -0.9484 0.0970
vn 0.2149 -0.9765 -0.0135
vn 0.1385 -0.9847 -0.1062
vn 0.0687 -0.9799 -0.1874
vn 0.0473 0.9366 0.3472
vn 0.0956 0.8983 0.4288
vn 0.1488 0.8439 0.5154
vn 0.2100 0.7639 0.6103
vn 0.2820 0.6409 0.7140
vn 0.3642 0.4462 0.8175
vn 0.4422 0.1484 0.8846
vn 0.4774 -0.2324 0.8474
vn 0.4422 -0.5788 0.6852
vn 0.3642 -0.8007 0.4756
vn 0.2820 -0.9154 0.2872
vn 0.2100 -0.9683 0.1353
vn 0.1488 -0.9888 0.0129
vn 0.0956 -0.9914 -0.0894
vn 0.0473 -0.9827 -0.1791
vn 0.0241 0.9355 0.3525
vn 0.0488 0.8967 0.4398
vn 0.0761 0.8424 0.5335
vn 0.1078 0.7628 0.6376
vn 0.1456 0.6404 0.7542
vn 0.1896 0.4445 0.8755
vn 0.2326 0.1394 0.9625
vn 0.2525 -0.2559 0.9332
vn 0.2326 -0.6109 0.7568
vn 0.1896 -0.8289 0.5263
vn 0.1456 -0.9355 0.3220
vn 0.1078 -0.9813 0.1593
vn 0.0761 -0.9967 0.0292
vn 0.0488 -0.9957 -0.0791
vn 0.0241 -0.9844 -0.1740
vn -0.0000 0.9352 0.3542
vn -0.0000 0.8962 0.4436
vn -0.0000 0.8419 0.5397
vn -0.0000 0.7625 0.6470
vn -0.0000 0.6403 0.7681
vn -0.0000 0.4441 0.8960
vn -0.0000 0.1363 0.9907
vn -0.0000 -0.2645 0.9644
vn -0.0000 -0.6226 0.7825
vn -0.0000 -0.8390 0.5442
vn -0.0000 -0.9426 0.3341
vn -0.0000 -0.9859 0.1675
vn -0.0000 -0.9994 0.0348
vn -0.0000 -0.9971 -0.0756
vn -0.0000 -0.9850 -0.1723
vn -0.0241 0.9355 0.3525
vn -0.0488 0.8967 0.4398
vn -0.0761 0.8424 0.5335
vn -0.1078 0.7628 0.6376
vn -0.1456 0.6404 0.7542
vn -0.1896 0.4445 0.8755
vn -0.2326 0.1394 0.9625
vn -0.2525 -0.2559 0.9332
vn -0.2326 -0.6109 0.7568
vn -0.1896 -0.8289 0.5263
vn -0.1456 -0.9355 0.3220
vn -0.1078 -0.9813 0.1593
vn -0.0761 -0.9967 0.0292
vn -0.0488 -0.9957 -0.0791
vn -0.0241 -0.9844 -0.1740
vn -0.0473 0.9366 0.3472
vn -0.0956 0.8983 0.4288
vn -0.1488 0.8439 0.5154
vn -0.2100 0.7639 0.6103
vn -0.2820 0.6409 0.7140
vn -0.3642 0.4462 0.8175
vn -0.4422 0.1484 0.8846
vn -0.4774 -0.2324 0.8474
vn -0.4422 -0.5788 0.6852
vn -0.3642 -0.8007 0.4756
vn -0.2820 -0.9154 0.2872
vn -0.2100 -0.9683 0.1353
vn -0.1488 -0.9888 0.0129
vn -0.0956 -0.9914 -0.0894
vn -0.0473 -0.9827 -0.1791
vn -0.0687 0.9384 0.3386
vn -0.1385 0.9011 0.4109
vn -0.2149 0.8468 0.4865
vn -0.3018 0.7663 0.5672
vn -0.4021 0.6429 0.6520
vn -0.5132 0.4503 0.7307
vn -0.6147 0.1627 0.7718
vn -0.6591 -0.1989 0.7253
vn -0.6147 -0.5336 0.5809
vn -0.5132 -0.7600 0.3988
vn -0.4021 -0.8855 0.2329
vn -0.3018 -0.9484 0.0970
vn -0.2149 -0.9765 -0.0135
vn -0.1385 -0.9847 -0.1062
vn -0.0687 -0.9799 -0.1874
vn -0.0874 0.9410 0.3271
vn -0.1758 0.9051 0.3872
vn -0.2719 0.8514 0.4485
vn -0.3797 0.7708 0.5115
vn -0.5013 0.6475 0.5739
vn -0.6320 0.4580 0.6252
vn -0.7466 0.1817 0.6400
vn -0.7953 -0.1603 0.5847
vn -0.7466 -0.4828 0.4578
vn -0.6320 -0.7128 0.3041
vn -0.5013 -0.8497 0.1633
vn -0.3797 -0.9239 0.0468
vn -0.2719 -0.9611 -0.0486
vn -0.1758 -0.9760 -0.1286
vn -0.0874 -0.9762 -0.1986
vn -0.1027 0.9441 0.3131
vn -0.2062 0.9104 0.3586
vn -0.3179 0.8581 0.4032
vn -0.4414 0.7783 0.4466
vn -0.5780 0.6561 0.4852
vn -0.7204 0.4705 0.5095
vn -0.8411 0.2050 0.5005
vn -0.8911 -0.1200 0.4377
vn -0.8411 -0.4316 0.3259
vn -0.7204 -0.6646 0.1983
vn -0.5780 -0.8118 0.0827
vn -0.4414 -0.8972 -0.0129
vn -0.3179 -0.9438 -0.0909
vn -0.2062 -0.9660 -0.1560
vn -0.1027 -0.9718 -0.2123
vn -0.1140 0.9480 0.2973
vn -0.2287 0.9172 0.3264
vn -0.3515 0.8671 0.3529
vn -0.4858 0.7893 0.3755
vn -0.6319 0.6695 0.3905
vn -0.7808 0.4884 0.3896
vn -0.9037 0.2323 0.3596
vn -0.9536 -0.0796 0.2904
vn -0.9037 -0.3833 0.1908
vn -0.7808 -0.6188 0.0860
vn -0.6319 -0.7750 -0.0056
vn -0.4858 -0.8704 -0.0796
vn -0.3515 -0.9258 -0.1388
vn -0.2287 -0.9554 -0.1871
vn -0.1140 -0.9670 -0.2278
vn -0.1210 0.9523 0.2802
vn -0.2424 0.9252 0.2918
vn -0.3719 0.8787 0.2994
vn -0.5125 0.8042 0.3011
vn -0.6638 0.6881 0.2931
vn -0.8158 0.5121 0.2687
vn -0.9392 0.2637 0.2200
vn -0.9887 -0.0396 0.1446
vn -0.9392 -0.3390 0.0547
vn -0.8158 -0.5776 -0.0301
vn -0.6638 -0.7413 -0.0989
vn -0.5125 -0.8453 -0.1512
vn -0.3719 -0.9085 -0.1906
vn -0.2424 -0.9447 -0.2209
vn -0.1210 -0.9620 -0.2448
vn -0.1233 0.9570 0.2624
vn -0.2471 0.9345 0.2563
vn -0.3788 0.8925 0.2447
vn -0.5214 0.8229 0.2257
vn -0.6744 0.7121 0.1953
vn -0.8272 0.5419 0.1486
vn -0.9507 0.2992 0.0820
vn -1.0000 -0.0000 -0.0000
vn -0.9507 -0.2992 -0.0820
vn -0.8272 -0.5419 -0.1486
vn -0.6744 -0.7121 -0.1953
vn -0.5214 -0.8229 -0.2257
vn -0.3788 -0.8925 -0.2447
vn -0.2471 -0.9345 -0.2563
vn -0.1233 -0.9570 -0.2624
vn -0.1210 0.9620 0.2448
vn -0.2424 0.9447 0.2209
vn -0.3719 0.9085 0.1906
vn -0.5125 0.8453 0.1512
vn -0.6638 0.7413 0.0989
vn -0.8158 0.5776 0.0301
vn -0.9392 0.3390 -0.0547
vn -0.9887 0.0396 -0.1446
vn -0.9392 -0.2637 -0.2200
vn -0.8158 -0.5121 -0.2687
vn -0.6638 -0.6881 -0.2931
vn -0.5125 -0.8042 -0.3011
vn -0.3719 -0.8787 -0.2994
vn -0.2424 -0.9252 -0.2918
vn -0.1210 -0.9523 -0.2802
vn -0.1140 0.9670 0.2278
vn -0.2287 0.9554 0.1871
vn -0.3515 0.9258 0.1388
vn -0.4858 0.8704 0.0796
vn -0.6319 0.7750 0.0056
vn -0.7808 0.6188 -0.0860
vn -0.9037 0.3833 -0.1908
vn -0.9536 0.0796 -0.2904
vn -0.9037 -0.2323 -0.3596
vn -0.7808 -0.4884 -0.3896
vn -0.6319 -0.6695 -0.3905
vn -0.4858 -0.7893 -0.3755
vn -0.3515 -0.8671 -0.3529
vn -0.2287 -0.9172 -0.3264
vn -0.1140 -0.9480 -0.2973
vn -0.1027 0.9718 0.2123
vn -0.2062 0.9660 0.1560
vn -0.3179 0.9438 0.0909
vn -0.4414 0.8972 0.0129
vn -0.5780 0.8118 -0.0827
vn -0.7204 0.6646 -0.1983
vn -0.8411 0.4316 -0.3259
vn -0.8911 0.1200 -0.4377
vn -0.8411 -0.2050 -0.5005
vn -0.7204 -0.4705 -0.5095
vn -0.5780 -0.6561 -0.4852
vn -0.4414 -0.7783 -0.4466
vn -0.3179 -0.8581 -0.4032
vn -0.2062 -0.9104 -0.3586
vn -0.1027 -0.9441 -0.3131
vn -0.0874 0.9762 0.1986
vn -0.1758 0.9760 0.1286
vn -0.2719 0.9611 0.0486
vn -0.3797 0.9239 -0.0468
vn -0.5013 0.8497 -0.1633
vn -0.6320 0.7128 -0.3041
vn -0.7466 0.4828 -0.4578
vn -0.7953 0.1603 -0.5847
vn -0.7466 -0.1817 -0.6400
vn -0.6320 -0.4580 -0.6252
vn -0.5013 -0.6475 -0.5739
vn -0.3797 -0.7708 -0.5115
vn -0.2719 -0.8514 -0.4485
vn -0.1758 -0.9051 -0.3872
vn -0.0874 -0.9410 -0.3271
vn -0.0687 0.9799 0.1874
vn -0.1385 0.9847 0.1062
vn -0.2149 0.9765 0.0135
vn -0.3018 0.9484 -0.0970
vn -0.4021 0.8855 -0.2329
vn -0.5132 0.7600 -0.3988
vn -0.6147 0.5336 -0.5809
vn -0.6591 0.1989 -0.7253
vn -0.6147 -0.1627 -0.7718
vn -0.5132 -0.4503 -0.7307
vn -0.4021 -0.6429 -0.6520
vn -0.3018 -0.7663 -0.5672
vn -0.2149 -0.8468 -0.4865
vn -0.1385 -0.9011 -0.4109
vn -0.0687 -0.9384 -0.3386
vn -0.0473 0.9827 0.1791
vn -0.0956 0.9914 0.0894
vn -0.1488 0.9888 -0.0129
vn -0.2100 0.9683 -0.1353
vn -0.2820 0.9154 -0.2872
vn -0.3642 0.8007 -0.4756
vn -0.4422 0.5788 -0.6852
vn -0.4774 0.2324 -0.8474
vn -0.4422 -0.1484 -0.8846
vn -0.3642 -0.4462 -0.8175
vn -0.2820 -0.6409 -0.7140
vn -0.2100 -0.7639 -0.6103
vn -0.1488 -0.8439 -0.5154
vn -0.0956 -0.8983 -0.4288
vn -0.0473 -0.9366 -0.3472
vn -0.0241 0.9844 0.1740
vn -0.0488 0.9957 0.0791
vn -0.0761 0.9967 -0.0292
vn -0.1078 0.9813 -0.1593
vn -0.1456 0.9355 -0.3220
vn -0.1896 0.8289 -0.5263
vn -0.2326 0.6109 -0.7568
vn -0.2525 0.2559 -0.9332
vn -0.2326 -0.1394 -0.9625
vn -0.1896 -0.4445 -0.8755
vn -0.1456 -0.6404 -0.7542
vn -0.1078 -0.7628 -0.6376
vn -0.0761 -0.8424 -0.5335
vn -0.0488 -0.8967 -0.4398
vn -0.0241 -0.9355 -0.3525
vn -0.0000 0.9850 0.1723
vn -0.0000 0.9971 0.0756
vn -0.0000 0.9859 -0.1675
vn -0.0000 0.8390 -0.5442
vn -0.0000 -0.4441 -0.8960
vn -0.0000 -0.7625 -0.6470
vn -0.0000 -0.8419 -0.5397
vn -0.0000 -0.8962 -0.4436
vn -0.0000 -0.9352 -0.3542
vt 0.750000 0.062500
vt 0.750000 0.125000
vt 0.718750 0.125000
vt 0.718750 0.062500
vt 0.750000 0.500000
vt 0.750000 0.562500
vt 0.718750 0.562500
vt 0.718750 0.500000
vt 0.750000 0.937500
vt 0.734375 1.000000
vt 0.718750 0.937500
vt 0.734375 0.000000
vt 0.750000 0.437500
vt 0.718750 0.437500
vt 0.750000 0.875000
vt 0.718750 0.875000
vt 0.750000 0.375000
vt 0.718750 0.375000
vt 0.750000 0.812500
vt 0.718750 0.812500
vt 0.750000 0.312500
vt 0.718750 0.312500
vt 0.750000 0.750000
vt 0.718750 0.750000
vt 0.750000 0.250000
vt 0.718750 0.250000
vt 0.750000 0.687500
vt 0.718750 0.687500
vt 0.750000 0.187500
vt 0.718750 0.187500
vt 0.750000 0.625000
vt 0.718750 0.625000
vt 0.687500 0.687500
vt 0.687500 0.625000
vt 0.687500 0.187500
vt 0.687500 0.125000
vt 0.687500 0.562500
vt 0.687500 0.062500
vt 0.687500 0.500000
vt 0.703125 1.000000
vt 0.687500 0.937500
vt 0.703125 0.000000
vt 0.687500 0.437500
vt 0.687500 0.875000
vt 0.687500 0.375000
vt 0.687500 0.812500
vt 0.687500 0.312500
vt 0.687500 0.750000
vt 0.687500 0.250000
vt 0.656250 0.437500
vt 0.656250 0.375000
vt 0.656250 0.875000
vt 0.656250 0.812500
vt 0.656250 0.312500
vt 0.656250 0.750000
vt 0.656250 0.250000
vt 0.656250 0.687500
vt 0.656250 0.187500
vt 0.656250 0.625000
vt 0.656250 0.125000
vt 0.656250 0.562500
vt 0.656250 0.062500
vt 0.656250 0.500000
vt 0.671875 1.000000
vt 0.656250 0.937500
vt 0.671875 0.000000
vt 0.625000 0.187500
vt 0.625000 0.125000
vt 0.625000 0.625000
vt 0.625000 0.562500
vt 0.625000 0.062500
vt 0.625000 0.500000
vt 0.640625 1.000000
vt 0.625000 0.937500
vt 0.640625 0.000000
vt 0.625000 0.437500
vt 0.625000 0.875000
vt 0.625000 0.375000
vt 0.625000 0.812500
vt 0.625000 0.312500
vt 0.625000 0.750000
vt 0.625000 0.250000
vt 0.625000 0.687500
vt 0.593750 0.375000
vt 0.593750 0.312500
vt 0.593750 0.812500
vt 0.593750 0.750000
vt 0.593750 0.250000
vt 0.593750 0.687500
vt 0.593750 0.187500
vt 0.593750 0.625000
vt 0.593750 0.125000
vt 0.593750 0.562500
vt 0.593750 0.062500
vt 0.593750 0.500000
vt 0.609375 1.000000
vt 0.593750 0.937500
vt 0.609375 0.000000
vt 0.593750 0.437500
vt 0.593750 0.875000
vt 0.562500 0.125000
vt 0.562500 0.062500
vt 0.562500 0.562500
vt 0.562500 0.500000
vt 0.578125 1.000000
vt 0.562500 0.937500
vt 0.578125 0.000000
vt 0.562500 0.437500
vt 0.562500 0.875000
vt 0.562500 0.375000
vt 0.562500 0.812500
vt 0.562500 0.312500
vt 0.562500 0.750000
vt 0.562500 0.250000
vt 0.562500 0.687500
vt 0.562500 0.187500
vt 0.562500 0.625000
vt 0.531250 0.812500
vt 0.531250 0.750000
vt 0.531250 0.312500
vt 0.531250 0.250000
vt 0.531250 0.687500
vt 0.531250 0.187500
vt 0.531250 0.625000
vt 0.531250 0.125000
vt 0.531250 0.562500
vt 0.531250 0.062500
vt 0.531250 0.500000
vt 0.546875 1.000000
vt 0.531250 0.937500
vt 0.546875 0.000000
vt 0.531250 0.437500
vt 0.531250 0.875000
vt 0.531250 0.375000
vt 0.500000 0.562500
vt 0.500000 0.500000
vt 0.515625 1.000000
vt 0.500000 0.937500
vt 0.515625 0.000000
vt 0.500000 0.062500
vt 0.500000 0.437500
vt 0.500000 0.875000
vt 0.500000 0.375000
vt 0.500000 0.812500
vt 0.500000 0.312500
vt 0.500000 0.750000
vt 0.500000 0.250000
vt 0.500000 0.687500
vt 0.500000 0.187500
vt 0.500000 0.625000
vt 0.500000 0.125000
vt 0.468750 0.312500
vt 0.468750 0.250000
vt 0.468750 0.750000
vt 0.468750 0.687500
vt 0.468750 0.187500
vt 0.468750 0.625000
vt 0.468750 0.125000
vt 0.468750 0.562500
vt 0.468750 0.062500
vt 0.468750 0.500000
vt 0.484375 1.000000
vt 0.468750 0.937500
vt 0.484375 0.000000
vt 0.468750 0.437500
vt 0.468750 0.875000
vt 0.468750 0.375000
vt 0.468750 0.812500
vt 0.453125 1.000000
vt 0.437500 0.937500
vt 0.453125 0.000000
vt 0.437500 0.062500
vt 0.437500 0.500000
vt 0.437500 0.437500
vt 0.437500 0.875000
vt 0.437500 0.375000
vt 0.437500 0.812500
vt 0.437500 0.312500
vt 0.437500 0.750000
vt 0.437500 0.250000
vt 0.437500 0.687500
vt 0.437500 0.187500
vt 0.437500 0.625000
vt 0.437500 0.125000
vt 0.437500 0.562500
vt 0.406250 0.750000
vt 0.406250 0.687500
vt 0.406250 0.250000
vt 0.406250 0.187500
vt 0.406250 0.625000
vt 0.406250 0.125000
vt 0.406250 0.562500
vt 0.406250 0.062500
vt 0.406250 0.500000
vt 0.421875 1.000000
vt 0.406250 0.937500
vt 0.421875 0.000000
vt 0.406250 0.437500
vt 0.406250 0.875000
vt 0.406250 0.375000
vt 0.406250 0.812500
vt 0.406250 0.312500
vt 0.375000 0.500000
vt 0.375000 0.437500
vt 0.375000 0.937500
vt 0.375000 0.875000
vt 0.375000 0.375000
vt 0.375000 0.812500
vt 0.375000 0.312500
vt 0.375000 0.750000
vt 0.375000 0.250000
vt 0.375000 0.687500
vt 0.375000 0.187500
vt 0.375000 0.625000
vt 0.375000 0.125000
vt 0.375000 0.562500
vt 0.375000 0.062500
vt 0.390625 1.000000
vt 0.390625 0.000000
vt 0.343750 0.250000
vt 0.343750 0.187500
vt 0.343750 0.687500
vt 0.343750 0.625000
vt 0.343750 0.125000
vt 0.343750 0.562500
vt 0.343750 0.062500
vt 0.343750 0.500000
vt 0.359375 1.000000
vt 0.343750 0.937500
vt 0.359375 0.000000
vt 0.343750 0.437500
vt 0.343750 0.875000
vt 0.343750 0.375000
vt 0.343750 0.812500
vt 0.343750 0.312500
vt 0.343750 0.750000
vt 0.312500 0.437500
vt 0.312500 0.375000
vt 0.312500 0.875000
vt 0.312500 0.812500
vt 0.312500 0.312500
vt 0.312500 0.750000
vt 0.312500 0.250000
vt 0.312500 0.687500
vt 0.312500 0.187500
vt 0.312500 0.625000
vt 0.312500 0.125000
vt 0.312500 0.562500
vt 0.312500 0.062500
vt 0.312500 0.500000
vt 0.328125 1.000000
vt 0.312500 0.937500
vt 0.328125 0.000000
vt 0.281250 0.187500
vt 0.281250 0.125000
vt 0.281250 0.625000
vt 0.281250 0.562500
vt 0.281250 0.062500
vt 0.281250 0.500000
vt 0.296875 1.000000
vt 0.281250 0.937500
vt 0.296875 0.000000
vt 0.281250 0.437500
vt 0.281250 0.875000
vt 0.281250 0.375000
vt 0.281250 0.812500
vt 0.281250 0.312500
vt 0.281250 0.750000
vt 0.281250 0.250000
vt 0.281250 0.687500
vt 0.250000 0.875000
vt 0.250000 0.812500
vt 0.250000 0.375000
vt 0.250000 0.312500
vt 0.250000 0.750000
vt 0.250000 0.250000
vt 0.250000 0.687500
vt 0.250000 0.187500
vt 0.250000 0.625000
vt 0.250000 0.125000
vt 0.250000 0.562500
vt 0.250000 0.062500
vt 0.250000 0.500000
vt 0.265625 1.000000
vt 0.250000 0.937500
vt 0.265625 0.000000
vt 0.250000 0.437500
vt 0.218750 0.625000
vt 0.218750 0.562500
vt 0.218750 0.125000
vt 0.218750 0.062500
vt 0.218750 0.500000
vt 0.234375 1.000000
vt 0.218750 0.937500
vt 0.234375 0.000000
vt 0.218750 0.437500
vt 0.218750 0.875000
vt 0.218750 0.375000
vt 0.218750 0.812500
vt 0.218750 0.312500
vt 0.218750 0.750000
vt 0.218750 0.250000
vt 0.218750 0.687500
vt 0.218750 0.187500
vt 0.187500 0.375000
vt 0.187500 0.312500
vt 0.187500 0.812500
vt 0.187500 0.750000
vt 0.187500 0.250000
vt 0.187500 0.687500
vt 0.187500 0.187500
vt 0.187500 0.625000
vt 0.187500 0.125000
vt 0.187500 0.562500
vt 0.187500 0.062500
vt 0.187500 0.500000
vt 0.203125 1.000000
vt 0.187500 0.937500
vt 0.203125 0.000000
vt 0.187500 0.437500
vt 0.187500 0.875000
vt 0.156250 0.125000
vt 0.156250 0.062500
vt 0.156250 0.562500
vt 0.156250 0.500000
vt 0.171875 1.000000
vt 0.156250 0.937500
vt 0.171875 0.000000
vt 0.156250 0.437500
vt 0.156250 0.875000
vt 0.156250 0.375000
vt 0.156250 0.812500
vt 0.156250 0.312500
vt 0.156250 0.750000
vt 0.156250 0.250000
vt 0.156250 0.687500
vt 0.156250 0.187500
vt 0.156250 0.625000
vt 0.125000 0.812500
vt 0.125000 0.750000
vt 0.125000 0.312500
vt 0.125000 0.250000
vt 0.125000 0.687500
vt 0.125000 0.187500
vt 0.125000 0.625000
vt 0.125000 0.125000
vt 0.125000 0.562500
vt 0.125000 0.062500
vt 0.125000 0.500000
vt 0.140625 1.000000
vt 0.125000 0.937500
vt 0.140625 0.000000
vt 0.125000 0.437500
vt 0.125000 0.875000
vt 0.125000 0.375000
vt 0.093750 0.562500
vt 0.093750 0.500000
vt 0.109375 1.000000
vt 0.093750 0.937500
vt 0.109375 0.000000
vt 0.093750 0.062500
vt 0.093750 0.437500
vt 0.093750 0.875000
vt 0.093750 0.375000
vt 0.093750 0.812500
vt 0.093750 0.312500
vt 0.093750 0.750000
vt 0.093750 0.250000
vt 0.093750 0.687500
vt 0.093750 0.187500
vt 0.093750 0.625000
vt 0.093750 0.125000
vt 0.062500 0.312500
vt 0.062500 0.250000
vt 0.062500 0.750000
vt 0.062500 0.687500
vt 0.062500 0.187500
vt 0.062500 0.625000
vt 0.062500 0.125000
vt 0.062500 0.562500
vt 0.062500 0.062500
vt 0.062500 0.500000
vt 0.078125 1.000000
vt 0.062500 0.937500
vt 0.078125 0.000000
vt 0.062500 0.437500
vt 0.062500 0.875000
vt 0.062500 0.375000
vt 0.062500 0.812500
vt 0.046875 0.000000
vt 0.031250 0.062500
vt 0.031250 0.500000
vt 0.031250 0.437500
vt 0.031250 0.937500
vt 0.031250 0.875000
vt 0.031250 0.375000
vt 0.031250 0.812500
vt 0.031250 0.312500
vt 0.031250 0.750000
vt 0.031250 0.250000
vt 0.031250 0.687500
vt 0.031250 0.187500
vt 0.031250 0.625000
vt 0.031250 0.125000
vt 0.031250 0.562500
vt 0.046875 1.000000
vt 0.000000 0.250000
vt 0.000000 0.187500
vt 0.000000 0.687500
vt 0.000000 0.625000
vt 0.000000 0.125000
vt 0.000000 0.562500
vt 0.000000 0.062500
vt 0.000000 0.500000
vt 0.015625 1.000000
vt 0.000000 0.937500
vt 0.015625 0.000000
vt 0.000000 0.437500
vt 0.000000 0.875000
vt 0.000000 0.375000
vt 0.000000 0.812500
vt 0.000000 0.312500
vt 0.000000 0.750000
vt 1.000000 0.875000
vt 1.000000 0.937500
vt 0.968750 0.937500
vt 0.968750 0.875000
vt 1.000000 0.375000
vt 1.000000 0.437500
vt 0.968750 0.437500
vt 0.968750 0.375000
vt 1.000000 0.812500
vt 0.968750 0.812500
vt 1.000000 0.312500
vt 0.968750 0.312500
vt 1.000000 0.750000
vt 0.968750 0.750000
vt 1.000000 0.250000
vt 0.968750 0.250000
vt 1.000000 0.687500
vt 0.968750 0.687500
vt 1.000000 0.187500
vt 0.968750 0.187500
vt 1.000000 0.625000
vt 0.968750 0.625000
vt 1.000000 0.125000
vt 0.968750 0.125000
vt 1.000000 0.562500
vt 0.968750 0.562500
vt 1.000000 0.062500
vt 0.968750 0.062500
vt 1.000000 0.500000
vt 0.968750 0.500000
vt 0.984375 1.000000
vt 0.984375 0.000000
vt 0.937500 0.687500
vt 0.937500 0.625000
vt 0.937500 0.187500
vt 0.937500 0.125000
vt 0.937500 0.562500
vt 0.937500 0.062500
vt 0.937500 0.500000
vt 0.953125 1.000000
vt 0.937500 0.937500
vt 0.953125 0.000000
vt 0.937500 0.437500
vt 0.937500 0.875000
vt 0.937500 0.375000
vt 0.937500 0.812500
vt 0.937500 0.312500
vt 0.937500 0.750000
vt 0.937500 0.250000
vt 0.906250 0.437500
vt 0.906250 0.375000
vt 0.906250 0.875000
vt 0.906250 0.812500
vt 0.906250 0.312500
vt 0.906250 0.750000
vt 0.906250 0.250000
vt 0.906250 0.687500
vt 0.906250 0.187500
vt 0.906250 0.625000
vt 0.906250 0.125000
vt 0.906250 0.562500
vt 0.906250 0.062500
vt 0.906250 0.500000
vt 0.921875 1.000000
vt 0.906250 0.937500
vt 0.921875 0.000000
vt 0.875000 0.187500
vt 0.875000 0.125000
vt 0.875000 0.625000
vt 0.875000 0.562500
vt 0.875000 0.062500
vt 0.875000 0.500000
vt 0.890625 1.000000
vt 0.875000 0.937500
vt 0.890625 0.000000
vt 0.875000 0.437500
vt 0.875000 0.875000
vt 0.875000 0.375000
vt 0.875000 0.812500
vt 0.875000 0.312500
vt 0.875000 0.750000
vt 0.875000 0.250000
vt 0.875000 0.687500
vt 0.843750 0.875000
vt 0.843750 0.812500
vt 0.843750 0.375000
vt 0.843750 0.312500
vt 0.843750 0.750000
vt 0.843750 0.250000
vt 0.843750 0.687500
vt 0.843750 0.187500
vt 0.843750 0.625000
vt 0.843750 0.125000
vt 0.843750 0.562500
vt 0.843750 0.062500
vt 0.843750 0.500000
vt 0.859375 1.000000
vt 0.843750 0.937500
vt 0.859375 0.000000
vt 0.843750 0.437500
vt 0.812500 0.625000
vt 0.812500 0.562500
vt 0.812500 0.125000
vt 0.812500 0.062500
vt 0.812500 0.500000
vt 0.828125 1.000000
vt 0.812500 0.937500
vt 0.828125 0.000000
vt 0.812500 0.437500
vt 0.812500 0.875000
vt 0.812500 0.375000
vt 0.812500 0.812500
vt 0.812500 0.312500
vt 0.812500 0.750000
vt 0.812500 0.250000
vt 0.812500 0.687500
vt 0.812500 0.187500
vt 0.781250 0.375000
vt 0.781250 0.312500
vt 0.781250 0.812500
vt 0.781250 0.750000
vt 0.781250 0.250000
vt 0.781250 0.687500
vt 0.781250 0.187500
vt 0.781250 0.625000
vt 0.781250 0.125000
vt 0.781250 0.562500
vt 0.781250 0.062500
vt 0.781250 0.500000
vt 0.796875 1.000000
vt 0.781250 0.937500
vt 0.796875 0.000000
vt 0.781250 0.437500
vt 0.781250 0.875000
vt 0.765625 1.000000
vt 0.765625 0.000000
s 1
f 3943/4427/3814 3942/4428/3813 3483/4429/3354 3484/4430/3355
f 3466/4431/3337 3465/4432/3336 3476/4433/3347 3477/4434/3348
f 3935/4435/3806 3462/4436/3333 3470/4437/3341
f 3469/4438/3340 3943/4427/3814 3484/4430/3355
f 3467/4439/3338 3466/4431/3337 3477/4434/3348 3478/4440/3349
f 3936/4441/3807 3935/4435/3806 3470/4437/3341 3471/4442/3342
f 3939/4443/3810 3467/4439/3338 3478/4440/3349 3479/4444/3350
f 3463/4445/3334 3936/4441/3807 3471/4442/3342 3472/4446/3343
f 3468/4447/3339 3939/4443/3810 3479/4444/3350 3480/4448/3351
f 3937/4449/3808 3463/4445/3334 3472/4446/3343 3473/4450/3344
f 3940/4451/3811 3468/4447/3339 3480/4448/3351 3481/4452/3352
f 3464/4453/3335 3937/4449/3808 3473/4450/3344 3474/4454/3345
f 3941/4455/3812 3940/4451/3811 3481/4452/3352 3482/4456/3353
f 3938/4457/3809 3464/4453/3335 3474/4454/3345 3475/4458/3346
f 3942/4428/3813 3941/4455/3812 3482/4456/3353 3483/4429/3354
f 3465/4432/3336 3938/4457/3809 3475/4458/3346 3476/4433/3347
f 3475/4458/3346 3474/4454/3345 3489/4459/3360 3490/4460/3361
f 3483/4429/3354 3482/4456/3353 3497/4461/3368 3498/4462/3369
f 3476/4433/3347 3475/4458/3346 3490/4460/3361 3491/4463/3362
f 3484/4430/3355 3483/4429/3354 3498/4462/3369 3499/4464/3370
f 3477/4434/3348 3476/4433/3347 3491/4463/3362 3492/4465/3363
f 3470/4437/3341 3462/4466/3333 3485/4467/3356
f 3469/4468/3340 3484/4430/3355 3499/4464/3370
f 3478/4440/3349 3477/4434/3348 3492/4465/3363 3493/4469/3364
f 3471/4442/3342 3470/4437/3341 3485/4467/3356 3486/4470/3357
f 3479/4444/3350 3478/4440/3349 3493/4469/3364 3494/4471/3365
f 3472/4446/3343 3471/4442/3342 3486/4470/3357 3487/4472/3358
f 3480/4448/3351 3479/4444/3350 3494/4471/3365 3495/4473/3366
f 3473/4450/3344 3472/4446/3343 3487/4472/3358 3488/4474/3359
f 3481/4452/3352 3480/4448/3351 3495/4473/3366 3496/4475/3367
f 3474/4454/3345 3473/4450/3344 3488/4474/3359 3489/4459/3360
f 3482/4456/3353 3481/4452/3352 3496/4475/3367 3497/4461/3368
f 3494/4471/3365 3493/4469/3364 3508/4476/3379 3509/4477/3380
f 3487/4472/3358 3486/4470/3357 3501/4478/3372 3502/4479/3373
f 3495/4473/3366 3494/4471/3365 3509/4477/3380 3510/4480/3381
f 3488/4474/3359 3487/4472/3358 3502/4479/3373 3503/4481/3374
f 3496/4475/3367 3495/4473/3366 3510/4480/3381 3511/4482/3382
f 3489/4459/3360 3488/4474/3359 3503/4481/3374 3504/4483/3375
f 3497/4461/3368 3496/4475/3367 3511/4482/3382 3512/4484/3383
f 3490/4460/3361 3489/4459/3360 3504/4483/3375 3505/4485/3376
f 3498/4462/3369 3497/4461/3368 3512/4484/3383 3513/4486/3384
f 3491/4463/3362 3490/4460/3361 3505/4485/3376 3506/4487/3377
f 3499/4464/3370 3498/4462/3369 3513/4486/3384 3514/4488/3385
f 3492/4465/3363 3491/4463/3362 3506/4487/3377 3507/4489/3378
f 3485/4467/3356 3462/4490/3333 3500/4491/3371
f 3469/4492/3340 3499/4464/3370 3514/4488/3385
f 3493/4469/3364 3492/4465/3363 3507/4489/3378 3508/4476/3379
f 3486/4470/3357 3485/4467/3356 3500/4491/3371 3501/4478/3372
f 3513/4486/3384 3512/4484/3383 3527/4493/3398 3528/4494/3399
f 3506/4487/3377 3505/4485/3376 3520/4495/3391 3521/4496/3392
f 3514/4488/3385 3513/4486/3384 3528/4494/3399 3529/4497/3400
f 3507/4489/3378 3506/4487/3377 3521/4496/3392 3522/4498/3393
f 3500/4491/3371 3462/4499/3333 3515/4500/3386
f 3469/4501/3340 3514/4488/3385 3529/4497/3400
f 3508/4476/3379 3507/4489/3378 3522/4498/3393 3523/4502/3394
f 3501/4478/3372 3500/4491/3371 3515/4500/3386 3516/4503/3387
f 3509/4477/3380 3508/4476/3379 3523/4502/3394 3524/4504/3395
f 3502/4479/3373 3501/4478/3372 3516/4503/3387 3517/4505/3388
f 3510/4480/3381 3509/4477/3380 3524/4504/3395 3525/4506/3396
f 3503/4481/3374 3502/4479/3373 3517/4505/3388 3518/4507/3389
f 3511/4482/3382 3510/4480/3381 3525/4506/3396 3526/4508/3397
f 3504/4483/3375 3503/4481/3374 3518/4507/3389 3519/4509/3390
f 3512/4484/3383 3511/4482/3382 3526/4508/3397 3527/4493/3398
f 3505/4485/3376 3504/4483/3375 3519/4509/3390 3520/4495/3391
f 3525/4506/3396 3524/4504/3395 3539/4510/3410 3540/4511/3411
f 3518/4507/3389 3517/4505/3388 3532/4512/3403 3533/4513/3404
f 3526/4508/3397 3525/4506/3396 3540/4511/3411 3541/4514/3412
f 3519/4509/3390 3518/4507/3389 3533/4513/3404 3534/4515/3405
f 3527/4493/3398 3526/4508/3397 3541/4514/3412 3542/4516/3413
f 3520/4495/3391 3519/4509/3390 3534/4515/3405 3535/4517/3406
f 3528/4494/3399 3527/4493/3398 3542/4516/3413 3543/4518/3414
f 3521/4496/3392 3520/4495/3391 3535/4517/3406 3536/4519/3407
f 3529/4497/3400 3528/4494/3399 3543/4518/3414 3544/4520/3415
f 3522/4498/3393 3521/4496/3392 3536/4519/3407 3537/4521/3408
f 3515/4500/3386 3462/4522/3333 3530/4523/3401
f 3469/4524/3340 3529/4497/3400 3544/4520/3415
f 3523/4502/3394 3522/4498/3393 3537/4521/3408 3538/4525/3409
f 3516/4503/3387 3515/4500/3386 3530/4523/3401 3531/4526/3402
f 3524/4504/3395 3523/4502/3394 3538/4525/3409 3539/4510/3410
f 3517/4505/3388 3516/4503/3387 3531/4526/3402 3532/4512/3403
f 3544/4520/3415 3543/4518/3414 3558/4527/3429 3559/4528/3430
f 3537/4521/3408 3536/4519/3407 3551/4529/3422 3552/4530/3423
f 3530/4523/3401 3462/4531/3333 3545/4532/3416
f 3469/4533/3340 3544/4520/3415 3559/4528/3430
f 3538/4525/3409 3537/4521/3408 3552/4530/3423 3553/4534/3424
f 3531/4526/3402 3530/4523/3401 3545/4532/3416 3546/4535/3417
f 3539/4510/3410 3538/4525/3409 3553/4534/3424 3554/4536/3425
f 3532/4512/3403 3531/4526/3402 3546/4535/3417 3547/4537/3418
f 3540/4511/3411 3539/4510/3410 3554/4536/3425 3555/4538/3426
f 3533/4513/3404 3532/4512/3403 3547/4537/3418 3548/4539/3419
f 3541/4514/3412 3540/4511/3411 3555/4538/3426 3556/4540/3427
f 3534/4515/3405 3533/4513/3404 3548/4539/3419 3549/4541/3420
f 3542/4516/3413 3541/4514/3412 3556/4540/3427 3557/4542/3428
f 3535/4517/3406 3534/4515/3405 3549/4541/3420 3550/4543/3421
f 3543/4518/3414 3542/4516/3413 3557/4542/3428 3558/4527/3429
f 3536/4519/3407 3535/4517/3406 3550/4543/3421 3551/4529/3422
f 3548/4539/3419 3547/4537/3418 3562/4544/3433 3563/4545/3434
f 3556/4540/3427 3555/4538/3426 3570/4546/3441 3571/4547/3442
f 3549/4541/3420 3548/4539/3419 3563/4545/3434 3564/4548/3435
f 3557/4542/3428 3556/4540/3427 3571/4547/3442 3572/4549/3443
f 3550/4543/3421 3549/4541/3420 3564/4548/3435 3565/4550/3436
f 3558/4527/3429 3557/4542/3428 3572/4549/3443 3573/4551/3444
f 3551/4529/3422 3550/4543/3421 3565/4550/3436 3566/4552/3437
f 3559/4528/3430 3558/4527/3429 3573/4551/3444 3574/4553/3445
f 3552/4530/3423 3551/4529/3422 3566/4552/3437 3567/4554/3438
f 3545/4532/3416 3462/4555/3333 3560/4556/3431
f 3469/4557/3340 3559/4528/3430 3574/4553/3445
f 3553/4534/3424 3552/4530/3423 3567/4554/3438 3568/4558/3439
f 3546/4535/3417 3545/4532/3416 3560/4556/3431 3561/4559/3432
f 3554/4536/3425 3553/4534/3424 3568/4558/3439 3569/4560/3440
f 3547/4537/3418 3546/4535/3417 3561/4559/3432 3562/4544/3433
f 3555/4538/3426 3554/4536/3425 3569/4560/3440 3570/4546/3441
f 3567/4554/3438 3566/4552/3437 3581/4561/3452 3582/4562/3453
f 3560/4556/3431 3462/4563/3333 3575/4564/3446
f 3469/4565/3340 3574/4553/3445 3589/4566/3460
f 3568/4558/3439 3567/4554/3438 3582/4562/3453 3583/4567/3454
f 3561/4559/3432 3560/4556/3431 3575/4564/3446 3576/4568/3447
f 3569/4560/3440 3568/4558/3439 3583/4567/3454 3584/4569/3455
f 3562/4544/3433 3561/4559/3432 3576/4568/3447 3577/4570/3448
f 3570/4546/3441 3569/4560/3440 3584/4569/3455 3585/4571/3456
f 3563/4545/3434 3562/4544/3433 3577/4570/3448 3578/4572/3449
f 3571/4547/3442 3570/4546/3441 3585/4571/3456 3586/4573/3457
f 3564/4548/3435 3563/4545/3434 3578/4572/3449 3579/4574/3450
f 3572/4549/3443 3571/4547/3442 3586/4573/3457 3587/4575/3458
f 3565/4550/3436 3564/4548/3435 3579/4574/3450 3580/4576/3451
f 3573/4551/3444 3572/4549/3443 3587/4575/3458 3588/4577/3459
f 3566/4552/3437 3565/4550/3436 3580/4576/3451 3581/4561/3452
f 3574/4553/3445 3573/4551/3444 3588/4577/3459 3589/4566/3460
f 3586/4573/3457 3585/4571/3456 3600/4578/3471 3601/4579/3472
f 3579/4574/3450 3578/4572/3449 3593/4580/3464 3594/4581/3465
f 3587/4575/3458 3586/4573/3457 3601/4579/3472 3602/4582/3473
f 3580/4576/3451 3579/4574/3450 3594/4581/3465 3595/4583/3466
f 3588/4577/3459 3587/4575/3458 3602/4582/3473 3603/4584/3474
f 3581/4561/3452 3580/4576/3451 3595/4583/3466 3596/4585/3467
f 3589/4566/3460 3588/4577/3459 3603/4584/3474 3604/4586/3475
f 3582/4562/3453 3581/4561/3452 3596/4585/3467 3597/4587/3468
f 3575/4564/3446 3462/4588/3333 3590/4589/3461
f 3469/4590/3340 3589/4566/3460 3604/4586/3475
f 3583/4567/3454 3582/4562/3453 3597/4587/3468 3598/4591/3469
f 3576/4568/3447 3575/4564/3446 3590/4589/3461 3591/4592/3462
f 3584/4569/3455 3583/4567/3454 3598/4591/3469 3599/4593/3470
f 3577/4570/3448 3576/4568/3447 3591/4592/3462 3592/4594/3463
f 3585/4571/3456 3584/4569/3455 3599/4593/3470 3600/4578/3471
f 3578/4572/3449 3577/4570/3448 3592/4594/3463 3593/4580/3464
f 3590/4589/3461 3462/4595/3333 3605/4596/3476
f 3469/4597/3340 3604/4586/3475 3619/4598/3490
f 3598/4591/3469 3597/4587/3468 3612/4599/3483 3613/4600/3484
f 3591/4592/3462 3590/4589/3461 3605/4596/3476 3606/4601/3477
f 3599/4593/3470 3598/4591/3469 3613/4600/3484 3614/4602/3485
f 3592/4594/3463 3591/4592/3462 3606/4601/3477 3607/4603/3478
f 3600/4578/3471 3599/4593/3470 3614/4602/3485 3615/4604/3486
f 3593/4580/3464 3592/4594/3463 3607/4603/3478 3608/4605/3479
f 3601/4579/3472 3600/4578/3471 3615/4604/3486 3616/4606/3487
f 3594/4581/3465 3593/4580/3464 3608/4605/3479 3609/4607/3480
f 3602/4582/3473 3601/4579/3472 3616/4606/3487 3617/4608/3488
f 3595/4583/3466 3594/4581/3465 3609/4607/3480 3610/4609/3481
f 3603/4584/3474 3602/4582/3473 3617/4608/3488 3618/4610/3489
f 3596/4585/3467 3595/4583/3466 3610/4609/3481 3611/4611/3482
f 3604/4586/3475 3603/4584/3474 3618/4610/3489 3619/4598/3490
f 3597/4587/3468 3596/4585/3467 3611/4611/3482 3612/4599/3483
f 3609/4607/3480 3608/4605/3479 3623/4612/3494 3624/4613/3495
f 3617/4608/3488 3616/4606/3487 3631/4614/3502 3632/4615/3503
f 3610/4609/3481 3609/4607/3480 3624/4613/3495 3625/4616/3496
f 3618/4610/3489 3617/4608/3488 3632/4615/3503 3633/4617/3504
f 3611/4611/3482 3610/4609/3481 3625/4616/3496 3626/4618/3497
f 3619/4598/3490 3618/4610/3489 3633/4617/3504 3634/4619/3505
f 3612/4599/3483 3611/4611/3482 3626/4618/3497 3627/4620/3498
f 3605/4596/3476 3462/4621/3333 3620/4622/3491
f 3469/4623/3340 3619/4598/3490 3634/4619/3505
f 3613/4600/3484 3612/4599/3483 3627/4620/3498 3628/4624/3499
f 3606/4601/3477 3605/4596/3476 3620/4622/3491 3621/4625/3492
f 3614/4602/3485 3613/4600/3484 3628/4624/3499 3629/4626/3500
f 3607/4603/3478 3606/4601/3477 3621/4625/3492 3622/4627/3493
f 3615/4604/3486 3614/4602/3485 3629/4626/3500 3630/4628/3501
f 3608/4605/3479 3607/4603/3478 3622/4627/3493 3623/4612/3494
f 3616/4606/3487 3615/4604/3486 3630/4628/3501 3631/4614/3502
f 3628/4624/3499 3627/4620/3498 3642/4629/3513 3643/4630/3514
f 3621/4625/3492 3620/4622/3491 3635/4631/3506 3636/4632/3507
f 3629/4626/3500 3628/4624/3499 3643/4630/3514 3644/4633/3515
f 3622/4627/3493 3621/4625/3492 3636/4632/3507 3637/4634/3508
f 3630/4628/3501 3629/4626/3500 3644/4633/3515 3645/4635/3516
f 3623/4612/3494 3622/4627/3493 3637/4634/3508 3638/4636/3509
f 3631/4614/3502 3630/4628/3501 3645/4635/3516 3646/4637/3517
f 3624/4613/3495 3623/4612/3494 3638/4636/3509 3639/4638/3510
f 3632/4615/3503 3631/4614/3502 3646/4637/3517 3647/4639/3518
f 3625/4616/3496 3624/4613/3495 3639/4638/3510 3640/4640/3511
f 3633/4617/3504 3632/4615/3503 3647/4639/3518 3648/4641/3519
f 3626/4618/3497 3625/4616/3496 3640/4640/3511 3641/4642/3512
f 3634/4619/3505 3633/4617/3504 3648/4641/3519 3649/4643/3520
f 3627/4620/3498 3626/4618/3497 3641/4642/3512 3642/4629/3513
f 3620/4622/3491 3462/4644/3333 3635/4631/3506
f 3469/4645/3340 3634/4619/3505 3649/4643/3520
f 3647/4639/3518 3646/4637/3517 3661/4646/3532 3662/4647/3533
f 3640/4640/3511 3639/4638/3510 3654/4648/3525 3655/4649/3526
f 3648/4641/3519 3647/4639/3518 3662/4647/3533 3663/4650/3534
f 3641/4642/3512 3640/4640/3511 3655/4649/3526 3656/4651/3527
f 3649/4643/3520 3648/4641/3519 3663/4650/3534 3664/4652/3535
f 3642/4629/3513 3641/4642/3512 3656/4651/3527 3657/4653/3528
f 3635/4631/3506 3462/4654/3333 3650/4655/3521
f 3469/4656/3340 3649/4643/3520 3664/4652/3535
f 3643/4630/3514 3642/4629/3513 3657/4653/3528 3658/4657/3529
f 3636/4632/3507 3635/4631/3506 3650/4655/3521 3651/4658/3522
f 3644/4633/3515 3643/4630/3514 3658/4657/3529 3659/4659/3530
f 3637/4634/3508 3636/4632/3507 3651/4658/3522 3652/4660/3523
f 3645/4635/3516 3644/4633/3515 3659/4659/3530 3660/4661/3531
f 3638/4636/3509 3637/4634/3508 3652/4660/3523 3653/4662/3524
f 3646/4637/3517 3645/4635/3516 3660/4661/3531 3661/4646/3532
f 3639/4638/3510 3638/4636/3509 3653/4662/3524 3654/4648/3525
f 3659/4659/3530 3658/4657/3529 3673/4663/3544 3674/4664/3545
f 3652/4660/3523 3651/4658/3522 3666/4665/3537 3667/4666/3538
f 3660/4661/3531 3659/4659/3530 3674/4664/3545 3675/4667/3546
f 3653/4662/3524 3652/4660/3523 3667/4666/3538 3668/4668/3539
f 3661/4646/3532 3660/4661/3531 3675/4667/3546 3676/4669/3547
f 3654/4648/3525 3653/4662/3524 3668/4668/3539 3669/4670/3540
f 3662/4647/3533 3661/4646/3532 3676/4669/3547 3677/4671/3548
f 3655/4649/3526 3654/4648/3525 3669/4670/3540 3670/4672/3541
f 3663/4650/3534 3662/4647/3533 3677/4671/3548 3678/4673/3549
f 3656/4651/3527 3655/4649/3526 3670/4672/3541 3671/4674/3542
f 3664/4652/3535 3663/4650/3534 3678/4673/3549 3679/4675/3550
f 3657/4653/3528 3656/4651/3527 3671/4674/3542 3672/4676/3543
f 3650/4655/3521 3462/4677/3333 3665/4678/3536
f 3469/4679/3340 3664/4652/3535 3679/4675/3550
f 3658/4657/3529 3657/4653/3528 3672/4676/3543 3673/4663/3544
f 3651/4658/3522 3650/4655/3521 3665/4678/3536 3666/4665/3537
f 3678/4673/3549 3677/4671/3548 3692/4680/3563 3693/4681/3564
f 3671/4674/3542 3670/4672/3541 3685/4682/3556 3686/4683/3557
f 3679/4675/3550 3678/4673/3549 3693/4681/3564 3694/4684/3565
f 3672/4676/3543 3671/4674/3542 3686/4683/3557 3687/4685/3558
f 3665/4678/3536 3462/4686/3333 3680/4687/3551
f 3469/4688/3340 3679/4675/3550 3694/4684/3565
f 3673/4663/3544 3672/4676/3543 3687/4685/3558 3688/4689/3559
f 3666/4665/3537 3665/4678/3536 3680/4687/3551 3681/4690/3552
f 3674/4664/3545 3673/4663/3544 3688/4689/3559 3689/4691/3560
f 3667/4666/3538 3666/4665/3537 3681/4690/3552 3682/4692/3553
f 3675/4667/3546 3674/4664/3545 3689/4691/3560 3690/4693/3561
f 3668/4668/3539 3667/4666/3538 3682/4692/3553 3683/4694/3554
f 3676/4669/3547 3675/4667/3546 3690/4693/3561 3691/4695/3562
f 3669/4670/3540 3668/4668/3539 3683/4694/3554 3684/4696/3555
f 3677/4671/3548 3676/4669/3547 3691/4695/3562 3692/4680/3563
f 3670/4672/3541 3669/4670/3540 3684/4696/3555 3685/4682/3556
f 3682/4692/3553 3681/4690/3552 3696/4697/3567 3697/4698/3568
f 3690/4693/3561 3689/4691/3560 3704/4699/3575 3705/4700/3576
f 3683/4694/3554 3682/4692/3553 3697/4698/3568 3698/4701/3569
f 3691/4695/3562 3690/4693/3561 3705/4700/3576 3706/4702/3577
f 3684/4696/3555 3683/4694/3554 3698/4701/3569 3699/4703/3570
f 3692/4680/3563 3691/4695/3562 3706/4702/3577 3707/4704/3578
f 3685/4682/3556 3684/4696/3555 3699/4703/3570 3700/4705/3571
f 3693/4681/3564 3692/4680/3563 3707/4704/3578 3708/4706/3579
f 3686/4683/3557 3685/4682/3556 3700/4705/3571 3701/4707/3572
f 3694/4684/3565 3693/4681/3564 3708/4706/3579 3709/4708/3580
f 3687/4685/3558 3686/4683/3557 3701/4707/3572 3702/4709/3573
f 3680/4687/3551 3462/4710/3333 3695/4711/3566
f 3469/4712/3340 3694/4684/3565 3709/4708/3580
f 3688/4689/3559 3687/4685/3558 3702/4709/3573 3703/4713/3574
f 3681/4690/3552 3680/4687/3551 3695/4711/3566 3696/4697/3567
f 3689/4691/3560 3688/4689/3559 3703/4713/3574 3704/4699/3575
f 3701/4707/3572 3700/4705/3571 3715/4714/3586 3716/4715/3587
f 3709/4708/3580 3708/4706/3579 3723/4716/3594 3724/4717/3595
f 3702/4709/3573 3701/4707/3572 3716/4715/3587 3717/4718/3588
f 3695/4711/3566 3462/4719/3333 3710/4720/3581
f 3469/4721/3340 3709/4708/3580 3724/4717/3595
f 3703/4713/3574 3702/4709/3573 3717/4718/3588 3718/4722/3589
f 3696/4697/3567 3695/4711/3566 3710/4720/3581 3711/4723/3582
f 3704/4699/3575 3703/4713/3574 3718/4722/3589 3719/4724/3590
f 3697/4698/3568 3696/4697/3567 3711/4723/3582 3712/4725/3583
f 3705/4700/3576 3704/4699/3575 3719/4724/3590 3720/4726/3591
f 3698/4701/3569 3697/4698/3568 3712/4725/3583 3713/4727/3584
f 3706/4702/3577 3705/4700/3576 3720/4726/3591 3721/4728/3592
f 3699/4703/3570 3698/4701/3569 3713/4727/3584 3714/4729/3585
f 3707/4704/3578 3706/4702/3577 3721/4728/3592 3722/4730/3593
f 3700/4705/3571 3699/4703/3570 3714/4729/3585 3715/4714/3586
f 3708/4706/3579 3707/4704/3578 3722/4730/3593 3723/4716/3594
f 3720/4726/3591 3719/4724/3590 3734/4731/3605 3735/4732/3606
f 3713/4727/3584 3712/4725/3583 3727/4733/3598 3728/4734/3599
f 3721/4728/3592 3720/4726/3591 3735/4732/3606 3736/4735/3607
f 3714/4729/3585 3713/4727/3584 3728/4734/3599 3729/4736/3600
f 3722/4730/3593 3721/4728/3592 3736/4735/3607 3737/4737/3608
f 3715/4714/3586 3714/4729/3585 3729/4736/3600 3730/4738/3601
f 3723/4716/3594 3722/4730/3593 3737/4737/3608 3738/4739/3609
f 3716/4715/3587 3715/4714/3586 3730/4738/3601 3731/4740/3602
f 3724/4717/3595 3723/4716/3594 3738/4739/3609 3739/4741/3610
f 3717/4718/3588 3716/4715/3587 3731/4740/3602 3732/4742/3603
f 3710/4720/3581 3462/4743/3333 3725/4744/3596
f 3469/4745/3340 3724/4717/3595 3739/4741/3610
f 3718/4722/3589 3717/4718/3588 3732/4742/3603 3733/4746/3604
f 3711/4723/3582 3710/4720/3581 3725/4744/3596 3726/4747/3597
f 3719/4724/3590 3718/4722/3589 3733/4746/3604 3734/4731/3605
f 3712/4725/3583 3711/4723/3582 3726/4747/3597 3727/4733/3598
f 3739/4741/3610 3738/4739/3609 3753/4748/3624 3754/4749/3625
f 3732/4742/3603 3731/4740/3602 3746/4750/3617 3747/4751/3618
f 3725/4744/3596 3462/4752/3333 3740/4753/3611
f 3469/4754/3340 3739/4741/3610 3754/4749/3625
f 3733/4746/3604 3732/4742/3603 3747/4751/3618 3748/4755/3619
f 3726/4747/3597 3725/4744/3596 3740/4753/3611 3741/4756/3612
f 3734/4731/3605 3733/4746/3604 3748/4755/3619 3749/4757/3620
f 3727/4733/3598 3726/4747/3597 3741/4756/3612 3742/4758/3613
f 3735/4732/3606 3734/4731/3605 3749/4757/3620 3750/4759/3621
f 3728/4734/3599 3727/4733/3598 3742/4758/3613 3743/4760/3614
f 3736/4735/3607 3735/4732/3606 3750/4759/3621 3751/4761/3622
f 3729/4736/3600 3728/4734/3599 3743/4760/3614 3744/4762/3615
f 3737/4737/3608 3736/4735/3607 3751/4761/3622 3752/4763/3623
f 3730/4738/3601 3729/4736/3600 3744/4762/3615 3745/4764/3616
f 3738/4739/3609 3737/4737/3608 3752/4763/3623 3753/4748/3624
f 3731/4740/3602 3730/4738/3601 3745/4764/3616 3746/4750/3617
f 3743/4760/3614 3742/4758/3613 3757/4765/3628 3758/4766/3629
f 3751/4761/3622 3750/4759/3621 3765/4767/3636 3766/4768/3637
f 3744/4762/3615 3743/4760/3614 3758/4766/3629 3759/4769/3630
f 3752/4763/3623 3751/4761/3622 3766/4768/3637 3767/4770/3638
f 3745/4764/3616 3744/4762/3615 3759/4769/3630 3760/4771/3631
f 3753/4748/3624 3752/4763/3623 3767/4770/3638 3768/4772/3639
f 3746/4750/3617 3745/4764/3616 3760/4771/3631 3761/4773/3632
f 3754/4749/3625 3753/4748/3624 3768/4772/3639 3769/4774/3640
f 3747/4751/3618 3746/4750/3617 3761/4773/3632 3762/4775/3633
f 3740/4753/3611 3462/4776/3333 3755/4777/3626
f 3469/4778/3340 3754/4749/3625 3769/4774/3640
f 3748/4755/3619 3747/4751/3618 3762/4775/3633 3763/4779/3634
f 3741/4756/3612 3740/4753/3611 3755/4777/3626 3756/4780/3627
f 3749/4757/3620 3748/4755/3619 3763/4779/3634 3764/4781/3635
f 3742/4758/3613 3741/4756/3612 3756/4780/3627 3757/4765/3628
f 3750/4759/3621 3749/4757/3620 3764/4781/3635 3765/4767/3636
f 3762/4775/3633 3761/4773/3632 3776/4782/3647 3777/4783/3648
f 3755/4777/3626 3462/4784/3333 3770/4785/3641
f 3469/4786/3340 3769/4774/3640 3784/4787/3655
f 3763/4779/3634 3762/4775/3633 3777/4783/3648 3778/4788/3649
f 3756/4780/3627 3755/4777/3626 3770/4785/3641 3771/4789/3642
f 3764/4781/3635 3763/4779/3634 3778/4788/3649 3779/4790/3650
f 3757/4765/3628 3756/4780/3627 3771/4789/3642 3772/4791/3643
f 3765/4767/3636 3764/4781/3635 3779/4790/3650 3780/4792/3651
f 3758/4766/3629 3757/4765/3628 3772/4791/3643 3773/4793/3644
f 3766/4768/3637 3765/4767/3636 3780/4792/3651 3781/4794/3652
f 3759/4769/3630 3758/4766/3629 3773/4793/3644 3774/4795/3645
f 3767/4770/3638 3766/4768/3637 3781/4794/3652 3782/4796/3653
f 3760/4771/3631 3759/4769/3630 3774/4795/3645 3775/4797/3646
f 3768/4772/3639 3767/4770/3638 3782/4796/3653 3783/4798/3654
f 3761/4773/3632 3760/4771/3631 3775/4797/3646 3776/4782/3647
f 3769/4774/3640 3768/4772/3639 3783/4798/3654 3784/4787/3655
f 3781/4794/3652 3780/4792/3651 3795/4799/3666 3796/4800/3667
f 3774/4795/3645 3773/4793/3644 3788/4801/3659 3789/4802/3660
f 3782/4796/3653 3781/4794/3652 3796/4800/3667 3797/4803/3668
f 3775/4797/3646 3774/4795/3645 3789/4802/3660 3790/4804/3661
f 3783/4798/3654 3782/4796/3653 3797/4803/3668 3798/4805/3669
f 3776/4782/3647 3775/4797/3646 3790/4804/3661 3791/4806/3662
f 3784/4787/3655 3783/4798/3654 3798/4805/3669 3799/4807/3670
f 3777/4783/3648 3776/4782/3647 3791/4806/3662 3792/4808/3663
f 3770/4785/3641 3462/4809/3333 3785/4810/3656
f 3469/4811/3340 3784/4787/3655 3799/4807/3670
f 3778/4788/3649 3777/4783/3648 3792/4808/3663 3793/4812/3664
f 3771/4789/3642 3770/4785/3641 3785/4810/3656 3786/4813/3657
f 3779/4790/3650 3778/4788/3649 3793/4812/3664 3794/4814/3665
f 3772/4791/3643 3771/4789/3642 3786/4813/3657 3787/4815/3658
f 3780/4792/3651 3779/4790/3650 3794/4814/3665 3795/4799/3666
f 3773/4793/3644 3772/4791/3643 3787/4815/3658 3788/4801/3659
f 3469/4816/3340 3799/4807/3670 3814/4817/3685
f 3793/4812/3664 3792/4808/3663 3807/4818/3678 3808/4819/3679
f 3786/4813/3657 3785/4810/3656 3800/4820/3671 3801/4821/3672
f 3794/4814/3665 3793/4812/3664 3808/4819/3679 3809/4822/3680
f 3787/4815/3658 3786/4813/3657 3801/4821/3672 3802/4823/3673
f 3795/4799/3666 3794/4814/3665 3809/4822/3680 3810/4824/3681
f 3788/4801/3659 3787/4815/3658 3802/4823/3673 3803/4825/3674
f 3796/4800/3667 3795/4799/3666 3810/4824/3681 3811/4826/3682
f 3789/4802/3660 3788/4801/3659 3803/4825/3674 3804/4827/3675
f 3797/4803/3668 3796/4800/3667 3811/4826/3682 3812/4828/3683
f 3790/4804/3661 3789/4802/3660 3804/4827/3675 3805/4829/3676
f 3798/4805/3669 3797/4803/3668 3812/4828/3683 3813/4830/3684
f 3791/4806/3662 3790/4804/3661 3805/4829/3676 3806/4831/3677
f 3799/4807/3670 3798/4805/3669 3813/4830/3684 3814/4817/3685
f 3792/4808/3663 3791/4806/3662 3806/4831/3677 3807/4818/3678
f 3785/4810/3656 3462/4832/3333 3800/4820/3671
f 3812/4828/3683 3811/4826/3682 3826/4833/3697 3827/4834/3698
f 3805/4829/3676 3804/4827/3675 3819/4835/3690 3820/4836/3691
f 3813/4830/3684 3812/4828/3683 3827/4834/3698 3828/4837/3699
f 3806/4831/3677 3805/4829/3676 3820/4836/3691 3821/4838/3692
f 3814/4817/3685 3813/4830/3684 3828/4837/3699 3829/4839/3700
f 3807/4818/3678 3806/4831/3677 3821/4838/3692 3822/4840/3693
f 3800/4820/3671 3462/4841/3333 3815/4842/3686
f 3469/4843/3340 3814/4817/3685 3829/4839/3700
f 3808/4819/3679 3807/4818/3678 3822/4840/3693 3823/4844/3694
f 3801/4821/3672 3800/4820/3671 3815/4842/3686 3816/4845/3687
f 3809/4822/3680 3808/4819/3679 3823/4844/3694 3824/4846/3695
f 3802/4823/3673 3801/4821/3672 3816/4845/3687 3817/4847/3688
f 3810/4824/3681 3809/4822/3680 3824/4846/3695 3825/4848/3696
f 3803/4825/3674 3802/4823/3673 3817/4847/3688 3818/4849/3689
f 3811/4826/3682 3810/4824/3681 3825/4848/3696 3826/4833/3697
f 3804/4827/3675 3803/4825/3674 3818/4849/3689 3819/4835/3690
f 3816/4850/3687 3815/4851/3686 3830/4852/3701 3831/4853/3702
f 3824/4854/3695 3823/4855/3694 3838/4856/3709 3839/4857/3710
f 3817/4858/3688 3816/4850/3687 3831/4853/3702 3832/4859/3703
f 3825/4860/3696 3824/4854/3695 3839/4857/3710 3840/4861/3711
f 3818/4862/3689 3817/4858/3688 3832/4859/3703 3833/4863/3704
f 3826/4864/3697 3825/4860/3696 3840/4861/3711 3841/4865/3712
f 3819/4866/3690 3818/4862/3689 3833/4863/3704 3834/4867/3705
f 3827/4868/3698 3826/4864/3697 3841/4865/3712 3842/4869/3713
f 3820/4870/3691 3819/4866/3690 3834/4867/3705 3835/4871/3706
f 3828/4872/3699 3827/4868/3698 3842/4869/3713 3843/4873/3714
f 3821/4874/3692 3820/4870/3691 3835/4871/3706 3836/4875/3707
f 3829/4876/3700 3828/4872/3699 3843/4873/3714 3844/4877/3715
f 3822/4878/3693 3821/4874/3692 3836/4875/3707 3837/4879/3708
f 3815/4851/3686 3462/4880/3333 3830/4852/3701
f 3469/4881/3340 3829/4876/3700 3844/4877/3715
f 3823/4855/3694 3822/4878/3693 3837/4879/3708 3838/4856/3709
f 3835/4871/3706 3834/4867/3705 3849/4882/3720 3850/4883/3721
f 3843/4873/3714 3842/4869/3713 3857/4884/3728 3858/4885/3729
f 3836/4875/3707 3835/4871/3706 3850/4883/3721 3851/4886/3722
f 3844/4877/3715 3843/4873/3714 3858/4885/3729 3859/4887/3730
f 3837/4879/3708 3836/4875/3707 3851/4886/3722 3852/4888/3723
f 3830/4852/3701 3462/4889/3333 3845/4890/3716
f 3469/4891/3340 3844/4877/3715 3859/4887/3730
f 3838/4856/3709 3837/4879/3708 3852/4888/3723 3853/4892/3724
f 3831/4853/3702 3830/4852/3701 3845/4890/3716 3846/4893/3717
f 3839/4857/3710 3838/4856/3709 3853/4892/3724 3854/4894/3725
f 3832/4859/3703 3831/4853/3702 3846/4893/3717 3847/4895/3718
f 3840/4861/3711 3839/4857/3710 3854/4894/3725 3855/4896/3726
f 3833/4863/3704 3832/4859/3703 3847/4895/3718 3848/4897/3719
f 3841/4865/3712 3840/4861/3711 3855/4896/3726 3856/4898/3727
f 3834/4867/3705 3833/4863/3704 3848/4897/3719 3849/4882/3720
f 3842/4869/3713 3841/4865/3712 3856/4898/3727 3857/4884/3728
f 3854/4894/3725 3853/4892/3724 3868/4899/3739 3869/4900/3740
f 3847/4895/3718 3846/4893/3717 3861/4901/3732 3862/4902/3733
f 3855/4896/3726 3854/4894/3725 3869/4900/3740 3870/4903/3741
f 3848/4897/3719 3847/4895/3718 3862/4902/3733 3863/4904/3734
f 3856/4898/3727 3855/4896/3726 3870/4903/3741 3871/4905/3742
f 3849/4882/3720 3848/4897/3719 3863/4904/3734 3864/4906/3735
f 3857/4884/3728 3856/4898/3727 3871/4905/3742 3872/4907/3743
f 3850/4883/3721 3849/4882/3720 3864/4906/3735 3865/4908/3736
f 3858/4885/3729 3857/4884/3728 3872/4907/3743 3873/4909/3744
f 3851/4886/3722 3850/4883/3721 3865/4908/3736 3866/4910/3737
f 3859/4887/3730 3858/4885/3729 3873/4909/3744 3874/4911/3745
f 3852/4888/3723 3851/4886/3722 3866/4910/3737 3867/4912/3738
f 3845/4890/3716 3462/4913/3333 3860/4914/3731
f 3469/4915/3340 3859/4887/3730 3874/4911/3745
f 3853/4892/3724 3852/4888/3723 3867/4912/3738 3868/4899/3739
f 3846/4893/3717 3845/4890/3716 3860/4914/3731 3861/4901/3732
f 3873/4909/3744 3872/4907/3743 3887/4916/3758 3888/4917/3759
f 3866/4910/3737 3865/4908/3736 3880/4918/3751 3881/4919/3752
f 3874/4911/3745 3873/4909/3744 3888/4917/3759 3889/4920/3760
f 3867/4912/3738 3866/4910/3737 3881/4919/3752 3882/4921/3753
f 3860/4914/3731 3462/4922/3333 3875/4923/3746
f 3469/4924/3340 3874/4911/3745 3889/4920/3760
f 3868/4899/3739 3867/4912/3738 3882/4921/3753 3883/4925/3754
f 3861/4901/3732 3860/4914/3731 3875/4923/3746 3876/4926/3747
f 3869/4900/3740 3868/4899/3739 3883/4925/3754 3884/4927/3755
f 3862/4902/3733 3861/4901/3732 3876/4926/3747 3877/4928/3748
f 3870/4903/3741 3869/4900/3740 3884/4927/3755 3885/4929/3756
f 3863/4904/3734 3862/4902/3733 3877/4928/3748 3878/4930/3749
f 3871/4905/3742 3870/4903/3741 3885/4929/3756 3886/4931/3757
f 3864/4906/3735 3863/4904/3734 3878/4930/3749 3879/4932/3750
f 3872/4907/3743 3871/4905/3742 3886/4931/3757 3887/4916/3758
f 3865/4908/3736 3864/4906/3735 3879/4932/3750 3880/4918/3751
f 3877/4928/3748 3876/4926/3747 3891/4933/3762 3892/4934/3763
f 3885/4929/3756 3884/4927/3755 3899/4935/3770 3900/4936/3771
f 3878/4930/3749 3877/4928/3748 3892/4934/3763 3893/4937/3764
f 3886/4931/3757 3885/4929/3756 3900/4936/3771 3901/4938/3772
f 3879/4932/3750 3878/4930/3749 3893/4937/3764 3894/4939/3765
f 3887/4916/3758 3886/4931/3757 3901/4938/3772 3902/4940/3773
f 3880/4918/3751 3879/4932/3750 3894/4939/3765 3895/4941/3766
f 3888/4917/3759 3887/4916/3758 3902/4940/3773 3903/4942/3774
f 3881/4919/3752 3880/4918/3751 3895/4941/3766 3896/4943/3767
f 3889/4920/3760 3888/4917/3759 3903/4942/3774 3904/4944/3775
f 3882/4921/3753 3881/4919/3752 3896/4943/3767 3897/4945/3768
f 3875/4923/3746 3462/4946/3333 3890/4947/3761
f 3469/4948/3340 3889/4920/3760 3904/4944/3775
f 3883/4925/3754 3882/4921/3753 3897/4945/3768 3898/4949/3769
f 3876/4926/3747 3875/4923/3746 3890/4947/3761 3891/4933/3762
f 3884/4927/3755 3883/4925/3754 3898/4949/3769 3899/4935/3770
f 3896/4943/3767 3895/4941/3766 3910/4950/3781 3911/4951/3782
f 3904/4944/3775 3903/4942/3774 3918/4952/3789 3919/4953/3790
f 3897/4945/3768 3896/4943/3767 3911/4951/3782 3912/4954/3783
f 3890/4947/3761 3462/4955/3333 3905/4956/3776
f 3469/4957/3340 3904/4944/3775 3919/4953/3790
f 3898/4949/3769 3897/4945/3768 3912/4954/3783 3913/4958/3784
f 3891/4933/3762 3890/4947/3761 3905/4956/3776 3906/4959/3777
f 3899/4935/3770 3898/4949/3769 3913/4958/3784 3914/4960/3785
f 3892/4934/3763 3891/4933/3762 3906/4959/3777 3907/4961/3778
f 3900/4936/3771 3899/4935/3770 3914/4960/3785 3915/4962/3786
f 3893/4937/3764 3892/4934/3763 3907/4961/3778 3908/4963/3779
f 3901/4938/3772 3900/4936/3771 3915/4962/3786 3916/4964/3787
f 3894/4939/3765 3893/4937/3764 3908/4963/3779 3909/4965/3780
f 3902/4940/3773 3901/4938/3772 3916/4964/3787 3917/4966/3788
f 3895/4941/3766 3894/4939/3765 3909/4965/3780 3910/4950/3781
f 3903/4942/3774 3902/4940/3773 3917/4966/3788 3918/4952/3789
f 3915/4962/3786 3914/4960/3785 3929/4967/3800 3930/4968/3801
f 3908/4963/3779 3907/4961/3778 3922/4969/3793 3923/4970/3794
f 3916/4964/3787 3915/4962/3786 3930/4968/3801 3931/4971/3802
f 3909/4965/3780 3908/4963/3779 3923/4970/3794 3924/4972/3795
f 3917/4966/3788 3916/4964/3787 3931/4971/3802 3932/4973/3803
f 3910/4950/3781 3909/4965/3780 3924/4972/3795 3925/4974/3796
f 3918/4952/3789 3917/4966/3788 3932/4973/3803 3933/4975/3804
f 3911/4951/3782 3910/4950/3781 3925/4974/3796 3926/4976/3797
f 3919/4953/3790 3918/4952/3789 3933/4975/3804 3934/4977/3805
f 3912/4954/3783 3911/4951/3782 3926/4976/3797 3927/4978/3798
f 3905/4956/3776 3462/4979/3333 3920/4980/3791
f 3469/4981/3340 3919/4953/3790 3934/4977/3805
f 3913/4958/3784 3912/4954/3783 3927/4978/3798 3928/4982/3799
f 3906/4959/3777 3905/4956/3776 3920/4980/3791 3921/4983/3792
f 3914/4960/3785 3913/4958/3784 3928/4982/3799 3929/4967/3800
f 3907/4961/3778 3906/4959/3777 3921/4983/3792 3922/4969/3793
f 3934/4977/3805 3933/4975/3804 3942/4428/3813 3943/4427/3814
f 3927/4978/3798 3926/4976/3797 3465/4432/3336 3466/4431/3337
f 3920/4980/3791 3462/4984/3333 3935/4435/3806
f 3469/4985/3340 3934/4977/3805 3943/4427/3814
f 3928/4982/3799 3927/4978/3798 3466/4431/3337 3467/4439/3338
f 3921/4983/3792 3920/4980/3791 3935/4435/3806 3936/4441/3807
f 3929/4967/3800 3928/4982/3799 3467/4439/3338 3939/4443/3810
f 3922/4969/3793 3921/4983/3792 3936/4441/3807 3463/4445/3334
f 3930/4968/3801 3929/4967/3800 3939/4443/3810 3468/4447/3339
f 3923/4970/3794 3922/4969/3793 3463/4445/3334 3937/4449/3808
f 3931/4971/3802 3930/4968/3801 3468/4447/3339 3940/4451/3811
f 3924/4972/3795 3923/4970/3794 3937/4449/3808 3464/4453/3335
f 3932/4973/3803 3931/4971/3802 3940/4451/3811 3941/4455/3812
f 3925/4974/3796 3924/4972/3795 3464/4453/3335 3938/4457/3809
f 3933/4975/3804 3932/4973/3803 3941/4455/3812 3942/4428/3813
f 3926/4976/3797 3925/4974/3796 3938/4457/3809 3465/4432/3336
