# Blender 5.0.1
# www.blender.org
mtllib fishboone.mtl
o ベジエカーブ
v -0.069990 0.740594 -0.986277
v -0.049677 0.754684 -0.999811
v -0.022321 0.759841 -1.004211
v 0.004749 0.754684 -0.998298
v 0.024278 0.740594 -0.983655
v 0.031035 0.721347 -0.964207
v 0.023208 0.702100 -0.945165
v 0.002895 0.688010 -0.931630
v -0.024461 0.682853 -0.927230
v -0.051531 0.688010 -0.933143
v -0.071061 0.702100 -0.947786
v -0.077817 0.721347 -0.967234
v -0.067234 0.639609 -1.079371
v -0.046888 0.652483 -1.094022
v -0.019520 0.657233 -1.098795
v 0.007536 0.652587 -1.092413
v 0.027030 0.639789 -1.076585
v 0.033739 0.622269 -1.055552
v 0.025866 0.604722 -1.034951
v 0.005520 0.591848 -1.020300
v -0.021848 0.587098 -1.015527
v -0.048903 0.591744 -1.021909
v -0.068398 0.604542 -1.037737
v -0.075107 0.622062 -1.058770
v -0.064468 0.534471 -1.159999
v -0.044082 0.545828 -1.175802
v -0.016701 0.550071 -1.180962
v 0.010338 0.546062 -1.174095
v 0.029790 0.534876 -1.157042
v 0.036443 0.519509 -1.134371
v 0.028514 0.504081 -1.112158
v 0.008128 0.492724 -1.096354
v -0.019253 0.488481 -1.091195
v -0.046292 0.492490 -1.098062
v -0.065744 0.503677 -1.115115
v -0.072397 0.519043 -1.137786
v -0.061705 0.425283 -1.226531
v -0.041271 0.434718 -1.243494
v -0.013873 0.438317 -1.249042
v 0.013145 0.435116 -1.241688
v 0.032546 0.425972 -1.223403
v 0.039130 0.413335 -1.199086
v 0.031133 0.400592 -1.175253
v 0.010698 0.391157 -1.158290
v -0.016699 0.387558 -1.152743
v -0.043718 0.390760 -1.160096
v -0.063118 0.399904 -1.178381
v -0.069702 0.412540 -1.202698
v -0.058960 0.312207 -1.277231
v -0.038467 0.319249 -1.295253
v -0.011051 0.322047 -1.301155
v 0.015943 0.319851 -1.293357
v 0.035282 0.313249 -1.273946
v 0.041784 0.304011 -1.248126
v 0.033706 0.294611 -1.222813
v 0.013213 0.287569 -1.204791
v -0.014203 0.284771 -1.198889
v -0.041197 0.286967 -1.206687
v -0.060536 0.293569 -1.226098
v -0.067038 0.302807 -1.251918
v -0.056249 0.195491 -1.310282
v -0.035690 0.199662 -1.329104
v -0.008251 0.201499 -1.335274
v 0.018715 0.200509 -1.327139
v 0.037983 0.196958 -1.306879
v 0.044390 0.191797 -1.279923
v 0.036219 0.186408 -1.253493
v 0.015660 0.182237 -1.234671
v -0.011779 0.180400 -1.228502
v -0.038745 0.181390 -1.236636
v -0.058013 0.184942 -1.256896
v -0.064420 0.190103 -1.283853
v -0.053593 0.075541 -1.323834
v -0.032962 0.076463 -1.343013
v -0.005499 0.077212 -1.349303
v 0.021437 0.077587 -1.341018
v 0.040628 0.077488 -1.320378
v 0.046933 0.076942 -1.292914
v 0.038662 0.076094 -1.265984
v 0.018031 0.075172 -1.246805
v -0.009432 0.074423 -1.240515
v -0.036368 0.074047 -1.248801
v -0.055560 0.074146 -1.269440
v -0.061865 0.074693 -1.296905
v -0.051017 -0.047048 -1.316109
v -0.030314 -0.049528 -1.335072
v -0.002827 -0.049918 -1.341290
v 0.024079 -0.048113 -1.333095
v 0.043195 -0.044598 -1.312685
v 0.049398 -0.040314 -1.285528
v 0.041027 -0.036409 -1.258901
v 0.020324 -0.033929 -1.239938
v -0.007163 -0.033539 -1.233721
v -0.034069 -0.035344 -1.241915
v -0.053184 -0.038859 -1.262326
v -0.059388 -0.043143 -1.289482
v -0.048544 -0.171585 -1.285523
v -0.027776 -0.177326 -1.303691
v -0.000268 -0.178807 -1.309642
v 0.026611 -0.175632 -1.301782
v 0.045658 -0.168652 -1.282216
v 0.051769 -0.159736 -1.256188
v 0.043308 -0.151274 -1.230670
v 0.022540 -0.145533 -1.212502
v -0.004968 -0.144051 -1.206551
v -0.031847 -0.147226 -1.214411
v -0.050894 -0.154207 -1.233977
v -0.057005 -0.163122 -1.260005
v -0.046197 -0.297441 -1.230692
v -0.025376 -0.306054 -1.247622
v 0.002151 -0.308497 -1.253159
v 0.029007 -0.304116 -1.245819
v 0.047997 -0.294083 -1.227569
v 0.054032 -0.281087 -1.203299
v 0.045495 -0.268612 -1.179512
v 0.024674 -0.259998 -1.162582
v -0.002852 -0.257555 -1.157045
v -0.029709 -0.261936 -1.164386
v -0.048698 -0.271969 -1.182635
v -0.054734 -0.284964 -1.206905
v -0.043994 -0.424174 -1.150336
v -0.023132 -0.435148 -1.165785
v 0.004408 -0.438381 -1.170826
v 0.031247 -0.433007 -1.164109
v 0.050193 -0.420467 -1.147432
v 0.056170 -0.404120 -1.125265
v 0.047576 -0.388346 -1.103547
v 0.026714 -0.377373 -1.088098
v -0.000826 -0.374139 -1.083056
v -0.027665 -0.379513 -1.089774
v -0.046611 -0.392053 -1.106451
v -0.052588 -0.408400 -1.128618
v -0.041949 -0.551525 -1.043147
v -0.021057 -0.564346 -1.057056
v 0.006493 -0.568198 -1.061582
v 0.033320 -0.562048 -1.055511
v 0.052234 -0.547545 -1.040470
v 0.058169 -0.528574 -1.020489
v 0.049533 -0.510220 -1.000922
v 0.028641 -0.497399 -0.987013
v 0.001091 -0.493547 -0.982487
v -0.025736 -0.499696 -0.988558
v -0.044650 -0.514199 -1.003599
v -0.050585 -0.533170 -1.023580
v -0.040073 -0.679375 -0.907684
v -0.019160 -0.693625 -0.920091
v 0.008397 -0.697955 -0.924113
v 0.035215 -0.691205 -0.918674
v 0.054107 -0.675184 -0.905230
v 0.060011 -0.654185 -0.887383
v 0.051346 -0.633833 -0.869917
v 0.030433 -0.619583 -0.857510
v 0.002876 -0.615253 -0.853488
v -0.023942 -0.622003 -0.858927
v -0.042834 -0.638024 -0.872372
v -0.048738 -0.659024 -0.890218
vn -0.8523 0.3417 -0.3959
vn -0.4790 0.5879 -0.6519
vn 0.0202 0.6779 -0.7348
vn 0.5142 0.5889 -0.6236
vn 0.8729 0.3434 -0.3466
vn 0.9997 0.0054 0.0238
vn 0.8581 -0.3352 0.3889
vn 0.4845 -0.5858 0.6497
vn -0.0206 -0.6781 0.7347
vn -0.5202 -0.5866 0.6208
vn -0.8785 -0.3366 0.3390
vn -0.9994 0.0036 -0.0335
vn -0.8517 0.3239 -0.4120
vn -0.4782 0.5579 -0.6783
vn 0.0212 0.6440 -0.7648
vn 0.5150 0.5599 -0.6491
vn 0.8732 0.3273 -0.3612
vn 0.9997 0.0067 0.0238
vn 0.8582 -0.3169 0.4038
vn 0.4844 -0.5557 0.6757
vn -0.0216 -0.6442 0.7646
vn -0.5216 -0.5575 0.6458
vn -0.8795 -0.3200 0.3523
vn -0.9994 0.0029 -0.0352
vn -0.8500 0.2827 -0.4446
vn -0.4758 0.4887 -0.7313
vn 0.0232 0.5654 -0.8245
vn 0.5161 0.4931 -0.7003
vn 0.8736 0.2902 -0.3907
vn 0.9997 0.0093 0.0241
vn 0.8578 -0.2754 0.4340
vn 0.4831 -0.4866 0.7279
vn -0.0237 -0.5658 0.8242
vn -0.5240 -0.4908 0.6961
vn -0.8810 -0.2827 0.3793
vn -0.9993 0.0007 -0.0386
vn -0.8480 0.2302 -0.4775
vn -0.4730 0.4010 -0.7845
vn 0.0256 0.4659 -0.8845
vn 0.5176 0.4084 -0.7519
vn 0.8741 0.2429 -0.4205
vn 0.9996 0.0121 0.0240
vn 0.8571 -0.2232 0.4642
vn 0.4816 -0.3990 0.7803
vn -0.0263 -0.4664 0.8842
vn -0.5269 -0.4062 0.7466
vn -0.8828 -0.2358 0.4062
vn -0.9991 -0.0025 -0.0423
vn -0.8456 0.1645 -0.5078
vn -0.4697 0.2917 -0.8333
vn 0.0286 0.3421 -0.9392
vn 0.5195 0.3028 -0.7991
vn 0.8749 0.1837 -0.4481
vn 0.9996 0.0151 0.0236
vn 0.8563 -0.1586 0.4915
vn 0.4797 -0.2901 0.8281
vn -0.0293 -0.3426 0.9390
vn -0.5302 -0.3012 0.7926
vn -0.8849 -0.1777 0.4305
vn -0.9989 -0.0070 -0.0461
vn -0.8431 0.0853 -0.5309
vn -0.4660 0.1605 -0.8701
vn 0.0320 0.1935 -0.9806
vn 0.5218 0.1760 -0.8347
vn 0.8760 0.1121 -0.4692
vn 0.9996 0.0181 0.0229
vn 0.8552 -0.0814 0.5118
vn 0.4773 -0.1595 0.8642
vn -0.0328 -0.1940 0.9804
vn -0.5338 -0.1752 0.8273
vn -0.8871 -0.1085 0.4486
vn -0.9987 -0.0130 -0.0493
vn -0.8407 -0.0047 -0.5415
vn -0.4624 0.0120 -0.8866
vn 0.0357 0.0255 -0.9990
vn 0.5245 0.0324 -0.8508
vn 0.8774 0.0308 -0.4788
vn 0.9995 0.0210 0.0222
vn 0.8538 0.0054 0.5206
vn 0.4745 -0.0118 0.8802
vn -0.0366 -0.0258 0.9990
vn -0.5374 -0.0327 0.8427
vn -0.8893 -0.0306 0.4563
vn -0.9985 -0.0203 -0.0511
vn -0.8386 -0.0991 -0.5356
vn -0.4590 -0.1436 -0.8767
vn 0.0394 -0.1504 -0.9878
vn 0.5276 -0.1180 -0.8413
vn 0.8791 -0.0545 -0.4735
vn 0.9995 0.0238 0.0218
vn 0.8519 0.0962 0.5147
vn 0.4713 0.1429 0.8703
vn -0.0403 0.1504 0.9878
vn -0.5406 0.1165 0.8331
vn -0.8911 0.0508 0.4510
vn -0.9983 -0.0282 -0.0508
vn -0.8371 -0.1895 -0.5131
vn -0.4563 -0.2927 -0.8403
vn 0.0428 -0.3190 -0.9468
vn 0.5307 -0.2621 -0.8060
vn 0.8810 -0.1361 -0.4532
vn 0.9994 0.0266 0.0218
vn 0.8499 0.1834 0.4940
vn 0.4681 0.2912 0.8343
vn -0.0436 0.3194 0.9466
vn -0.5432 0.2596 0.7985
vn -0.8924 0.1290 0.4325
vn -0.9982 -0.0355 -0.0483
vn -0.8362 -0.2688 -0.4780
vn -0.4544 -0.4240 -0.7835
vn 0.0456 -0.4676 -0.8828
vn 0.5337 -0.3889 -0.7510
vn 0.8828 -0.2077 -0.4213
vn 0.9993 0.0297 0.0219
vn 0.8479 0.2606 0.4618
vn 0.4650 0.4219 0.7783
vn -0.0463 0.4680 0.8825
vn -0.5449 0.3857 0.7445
vn -0.8931 0.1983 0.4038
vn -0.9982 -0.0415 -0.0443
vn -0.8358 -0.3335 -0.4361
vn -0.4531 -0.5318 -0.7155
vn 0.0477 -0.5898 -0.8061
vn 0.5362 -0.4930 -0.6852
vn 0.8845 -0.2660 -0.3833
vn 0.9992 0.0328 0.0219
vn 0.8460 0.3244 0.4231
vn 0.4625 0.5293 0.7113
vn -0.0484 0.5901 0.8059
vn -0.5460 0.4894 0.6800
vn -0.8934 0.2558 0.3693
vn -0.9982 -0.0458 -0.0397
vn -0.8357 -0.3838 -0.3927
vn -0.4524 -0.6161 -0.6448
vn 0.0493 -0.6854 -0.7265
vn 0.5382 -0.5744 -0.6168
vn 0.8859 -0.3113 -0.3439
vn 0.9991 0.0357 0.0215
vn 0.8444 0.3747 0.3828
vn 0.4604 0.6135 0.6416
vn -0.0499 0.6856 0.7262
vn -0.5465 0.5708 0.6128
vn -0.8935 0.3011 0.3332
vn -0.9982 -0.0487 -0.0352
vn -0.8356 -0.4052 -0.3709
vn -0.4519 -0.6519 -0.6090
vn 0.0499 -0.7260 -0.6859
vn 0.5387 -0.6090 -0.5822
vn 0.8864 -0.3305 -0.3242
vn 0.9991 0.0375 0.0215
vn 0.8432 0.3967 0.3627
vn 0.4588 0.6494 0.6064
vn -0.0504 0.7261 0.6857
vn -0.5460 0.6056 0.5789
vn -0.8930 0.3211 0.3153
vn -0.9982 -0.0494 -0.0329
vt 0.000000 1.000000
vt 0.083333 1.000000
vt 0.083333 0.916667
vt 0.000000 0.916667
vt 0.000000 0.083333
vt 0.083333 0.083333
vt 0.083333 0.000000
vt 0.000000 0.000000
vt 0.000000 0.166667
vt 0.083333 0.166667
vt 0.000000 0.250000
vt 0.083333 0.250000
vt 0.000000 0.333333
vt 0.083333 0.333333
vt 0.000000 0.416667
vt 0.083333 0.416667
vt 0.000000 0.500000
vt 0.083333 0.500000
vt 0.000000 0.583333
vt 0.083333 0.583333
vt 0.000000 0.666667
vt 0.083333 0.666667
vt 0.000000 0.750000
vt 0.083333 0.750000
vt 0.000000 0.833333
vt 0.083333 0.833333
vt 0.166667 1.000000
vt 0.166667 0.916667
vt 0.166667 0.083333
vt 0.166667 0.000000
vt 0.166667 0.166667
vt 0.166667 0.250000
vt 0.166667 0.333333
vt 0.166667 0.416667
vt 0.166667 0.500000
vt 0.166667 0.583333
vt 0.166667 0.666667
vt 0.166667 0.750000
vt 0.166667 0.833333
vt 0.250000 1.000000
vt 0.250000 0.916667
vt 0.250000 0.083333
vt 0.250000 0.000000
vt 0.250000 0.166667
vt 0.250000 0.250000
vt 0.250000 0.333333
vt 0.250000 0.416667
vt 0.250000 0.500000
vt 0.250000 0.583333
vt 0.250000 0.666667
vt 0.250000 0.750000
vt 0.250000 0.833333
vt 0.333333 1.000000
vt 0.333333 0.916667
vt 0.333333 0.083333
vt 0.333333 0.000000
vt 0.333333 0.166667
vt 0.333333 0.250000
vt 0.333333 0.333333
vt 0.333333 0.416667
vt 0.333333 0.500000
vt 0.333333 0.583333
vt 0.333333 0.666667
vt 0.333333 0.750000
vt 0.333333 0.833333
vt 0.416667 1.000000
vt 0.416667 0.916667
vt 0.416667 0.083333
vt 0.416667 0.000000
vt 0.416667 0.166667
vt 0.416667 0.250000
vt 0.416667 0.333333
vt 0.416667 0.416667
vt 0.416667 0.500000
vt 0.416667 0.583333
vt 0.416667 0.666667
vt 0.416667 0.750000
vt 0.416667 0.833333
vt 0.500000 1.000000
vt 0.500000 0.916667
vt 0.500000 0.083333
vt 0.500000 0.000000
vt 0.500000 0.166667
vt 0.500000 0.250000
vt 0.500000 0.333333
vt 0.500000 0.416667
vt 0.500000 0.500000
vt 0.500000 0.583333
vt 0.500000 0.666667
vt 0.500000 0.750000
vt 0.500000 0.833333
vt 0.583333 1.000000
vt 0.583333 0.916667
vt 0.583333 0.083333
vt 0.583333 0.000000
vt 0.583333 0.166667
vt 0.583333 0.250000
vt 0.583333 0.333333
vt 0.583333 0.416667
vt 0.583333 0.500000
vt 0.583333 0.583333
vt 0.583333 0.666667
vt 0.583333 0.750000
vt 0.583333 0.833333
vt 0.666667 1.000000
vt 0.666667 0.916667
vt 0.666667 0.083333
vt 0.666667 0.000000
vt 0.666667 0.166667
vt 0.666667 0.250000
vt 0.666667 0.333333
vt 0.666667 0.416667
vt 0.666667 0.500000
vt 0.666667 0.583333
vt 0.666667 0.666667
vt 0.666667 0.750000
vt 0.666667 0.833333
vt 0.750000 1.000000
vt 0.750000 0.916667
vt 0.750000 0.083333
vt 0.750000 0.000000
vt 0.750000 0.166667
vt 0.750000 0.250000
vt 0.750000 0.333333
vt 0.750000 0.416667
vt 0.750000 0.500000
vt 0.750000 0.583333
vt 0.750000 0.666667
vt 0.750000 0.750000
vt 0.750000 0.833333
vt 0.833333 1.000000
vt 0.833333 0.916667
vt 0.833333 0.083333
vt 0.833333 0.000000
vt 0.833333 0.166667
vt 0.833333 0.250000
vt 0.833333 0.333333
vt 0.833333 0.416667
vt 0.833333 0.500000
vt 0.833333 0.583333
vt 0.833333 0.666667
vt 0.833333 0.750000
vt 0.833333 0.833333
vt 0.916667 1.000000
vt 0.916667 0.916667
vt 0.916667 0.083333
vt 0.916667 0.000000
vt 0.916667 0.166667
vt 0.916667 0.250000
vt 0.916667 0.333333
vt 0.916667 0.416667
vt 0.916667 0.500000
vt 0.916667 0.583333
vt 0.916667 0.666667
vt 0.916667 0.750000
vt 0.916667 0.833333
vt 1.000000 1.000000
vt 1.000000 0.916667
vt 1.000000 0.083333
vt 1.000000 0.000000
vt 1.000000 0.166667
vt 1.000000 0.250000
vt 1.000000 0.333333
vt 1.000000 0.416667
vt 1.000000 0.500000
vt 1.000000 0.583333
vt 1.000000 0.666667
vt 1.000000 0.750000
vt 1.000000 0.833333
s 1
f 1/1/1 13/2/13 24/3/24 12/4/12
f 2/5/2 14/6/14 13/7/13 1/8/1
f 3/9/3 15/10/15 14/6/14 2/5/2
f 4/11/4 16/12/16 15/10/15 3/9/3
f 5/13/5 17/14/17 16/12/16 4/11/4
f 6/15/6 18/16/18 17/14/17 5/13/5
f 7/17/7 19/18/19 18/16/18 6/15/6
f 8/19/8 20/20/20 19/18/19 7/17/7
f 9/21/9 21/22/21 20/20/20 8/19/8
f 10/23/10 22/24/22 21/22/21 9/21/9
f 11/25/11 23/26/23 22/24/22 10/23/10
f 12/4/12 24/3/24 23/26/23 11/25/11
f 13/2/13 25/27/25 36/28/36 24/3/24
f 14/6/14 26/29/26 25/30/25 13/7/13
f 15/10/15 27/31/27 26/29/26 14/6/14
f 16/12/16 28/32/28 27/31/27 15/10/15
f 17/14/17 29/33/29 28/32/28 16/12/16
f 18/16/18 30/34/30 29/33/29 17/14/17
f 19/18/19 31/35/31 30/34/30 18/16/18
f 20/20/20 32/36/32 31/35/31 19/18/19
f 21/22/21 33/37/33 32/36/32 20/20/20
f 22/24/22 34/38/34 33/37/33 21/22/21
f 23/26/23 35/39/35 34/38/34 22/24/22
f 24/3/24 36/28/36 35/39/35 23/26/23
f 25/27/25 37/40/37 48/41/48 36/28/36
f 26/29/26 38/42/38 37/43/37 25/30/25
f 27/31/27 39/44/39 38/42/38 26/29/26
f 28/32/28 40/45/40 39/44/39 27/31/27
f 29/33/29 41/46/41 40/45/40 28/32/28
f 30/34/30 42/47/42 41/46/41 29/33/29
f 31/35/31 43/48/43 42/47/42 30/34/30
f 32/36/32 44/49/44 43/48/43 31/35/31
f 33/37/33 45/50/45 44/49/44 32/36/32
f 34/38/34 46/51/46 45/50/45 33/37/33
f 35/39/35 47/52/47 46/51/46 34/38/34
f 36/28/36 48/41/48 47/52/47 35/39/35
f 37/40/37 49/53/49 60/54/60 48/41/48
f 38/42/38 50/55/50 49/56/49 37/43/37
f 39/44/39 51/57/51 50/55/50 38/42/38
f 40/45/40 52/58/52 51/57/51 39/44/39
f 41/46/41 53/59/53 52/58/52 40/45/40
f 42/47/42 54/60/54 53/59/53 41/46/41
f 43/48/43 55/61/55 54/60/54 42/47/42
f 44/49/44 56/62/56 55/61/55 43/48/43
f 45/50/45 57/63/57 56/62/56 44/49/44
f 46/51/46 58/64/58 57/63/57 45/50/45
f 47/52/47 59/65/59 58/64/58 46/51/46
f 48/41/48 60/54/60 59/65/59 47/52/47
f 49/53/49 61/66/61 72/67/72 60/54/60
f 50/55/50 62/68/62 61/69/61 49/56/49
f 51/57/51 63/70/63 62/68/62 50/55/50
f 52/58/52 64/71/64 63/70/63 51/57/51
f 53/59/53 65/72/65 64/71/64 52/58/52
f 54/60/54 66/73/66 65/72/65 53/59/53
f 55/61/55 67/74/67 66/73/66 54/60/54
f 56/62/56 68/75/68 67/74/67 55/61/55
f 57/63/57 69/76/69 68/75/68 56/62/56
f 58/64/58 70/77/70 69/76/69 57/63/57
f 59/65/59 71/78/71 70/77/70 58/64/58
f 60/54/60 72/67/72 71/78/71 59/65/59
f 61/66/61 73/79/73 84/80/84 72/67/72
f 62/68/62 74/81/74 73/82/73 61/69/61
f 63/70/63 75/83/75 74/81/74 62/68/62
f 64/71/64 76/84/76 75/83/75 63/70/63
f 65/72/65 77/85/77 76/84/76 64/71/64
f 66/73/66 78/86/78 77/85/77 65/72/65
f 67/74/67 79/87/79 78/86/78 66/73/66
f 68/75/68 80/88/80 79/87/79 67/74/67
f 69/76/69 81/89/81 80/88/80 68/75/68
f 70/77/70 82/90/82 81/89/81 69/76/69
f 71/78/71 83/91/83 82/90/82 70/77/70
f 72/67/72 84/80/84 83/91/83 71/78/71
f 73/79/73 85/92/85 96/93/96 84/80/84
f 74/81/74 86/94/86 85/95/85 73/82/73
f 75/83/75 87/96/87 86/94/86 74/81/74
f 76/84/76 88/97/88 87/96/87 75/83/75
f 77/85/77 89/98/89 88/97/88 76/84/76
f 78/86/78 90/99/90 89/98/89 77/85/77
f 79/87/79 91/100/91 90/99/90 78/86/78
f 80/88/80 92/101/92 91/100/91 79/87/79
f 81/89/81 93/102/93 92/101/92 80/88/80
f 82/90/82 94/103/94 93/102/93 81/89/81
f 83/91/83 95/104/95 94/103/94 82/90/82
f 84/80/84 96/93/96 95/104/95 83/91/83
f 85/92/85 97/105/97 108/106/108 96/93/96
f 86/94/86 98/107/98 97/108/97 85/95/85
f 87/96/87 99/109/99 98/107/98 86/94/86
f 88/97/88 100/110/100 99/109/99 87/96/87
f 89/98/89 101/111/101 100/110/100 88/97/88
f 90/99/90 102/112/102 101/111/101 89/98/89
f 91/100/91 103/113/103 102/112/102 90/99/90
f 92/101/92 104/114/104 103/113/103 91/100/91
f 93/102/93 105/115/105 104/114/104 92/101/92
f 94/103/94 106/116/106 105/115/105 93/102/93
f 95/104/95 107/117/107 106/116/106 94/103/94
f 96/93/96 108/106/108 107/117/107 95/104/95
f 97/105/97 109/118/109 120/119/120 108/106/108
f 98/107/98 110/120/110 109/121/109 97/108/97
f 99/109/99 111/122/111 110/120/110 98/107/98
f 100/110/100 112/123/112 111/122/111 99/109/99
f 101/111/101 113/124/113 112/123/112 100/110/100
f 102/112/102 114/125/114 113/124/113 101/111/101
f 103/113/103 115/126/115 114/125/114 102/112/102
f 104/114/104 116/127/116 115/126/115 103/113/103
f 105/115/105 117/128/117 116/127/116 104/114/104
f 106/116/106 118/129/118 117/128/117 105/115/105
f 107/117/107 119/130/119 118/129/118 106/116/106
f 108/106/108 120/119/120 119/130/119 107/117/107
f 109/118/109 121/131/121 132/132/132 120/119/120
f 110/120/110 122/133/122 121/134/121 109/121/109
f 111/122/111 123/135/123 122/133/122 110/120/110
f 112/123/112 124/136/124 123/135/123 111/122/111
f 113/124/113 125/137/125 124/136/124 112/123/112
f 114/125/114 126/138/126 125/137/125 113/124/113
f 115/126/115 127/139/127 126/138/126 114/125/114
f 116/127/116 128/140/128 127/139/127 115/126/115
f 117/128/117 129/141/129 128/140/128 116/127/116
f 118/129/118 130/142/130 129/141/129 117/128/117
f 119/130/119 131/143/131 130/142/130 118/129/118
f 120/119/120 132/132/132 131/143/131 119/130/119
f 121/131/121 133/144/133 144/145/144 132/132/132
f 122/133/122 134/146/134 133/147/133 121/134/121
f 123/135/123 135/148/135 134/146/134 122/133/122
f 124/136/124 136/149/136 135/148/135 123/135/123
f 125/137/125 137/150/137 136/149/136 124/136/124
f 126/138/126 138/151/138 137/150/137 125/137/125
f 127/139/127 139/152/139 138/151/138 126/138/126
f 128/140/128 140/153/140 139/152/139 127/139/127
f 129/141/129 141/154/141 140/153/140 128/140/128
f 130/142/130 142/155/142 141/154/141 129/141/129
f 131/143/131 143/156/143 142/155/142 130/142/130
f 132/132/132 144/145/144 143/156/143 131/143/131
f 133/144/133 145/157/145 156/158/156 144/145/144
f 134/146/134 146/159/146 145/160/145 133/147/133
f 135/148/135 147/161/147 146/159/146 134/146/134
f 136/149/136 148/162/148 147/161/147 135/148/135
f 137/150/137 149/163/149 148/162/148 136/149/136
f 138/151/138 150/164/150 149/163/149 137/150/137
f 139/152/139 151/165/151 150/164/150 138/151/138
f 140/153/140 152/166/152 151/165/151 139/152/139
f 141/154/141 153/167/153 152/166/152 140/153/140
f 142/155/142 154/168/154 153/167/153 141/154/141
f 143/156/143 155/169/155 154/168/154 142/155/142
f 144/145/144 156/158/156 155/169/155 143/156/143
o ベジエカーブ
v -0.069990 0.740594 -0.986277
v -0.049677 0.754684 -0.999811
v -0.022321 0.759841 -1.004211
v 0.004749 0.754684 -0.998298
v 0.024278 0.740594 -0.983655
v 0.031035 0.721347 -0.964207
v 0.023208 0.702100 -0.945165
v 0.002895 0.688010 -0.931630
v -0.024461 0.682853 -0.927230
v -0.051531 0.688010 -0.933143
v -0.071061 0.702100 -0.947786
v -0.077817 0.721347 -0.967234
v -0.067234 0.639609 -1.079371
v -0.046888 0.652483 -1.094022
v -0.019520 0.657233 -1.098795
v 0.007536 0.652587 -1.092413
v 0.027030 0.639789 -1.076585
v 0.033739 0.622269 -1.055552
v 0.025866 0.604722 -1.034951
v 0.005520 0.591848 -1.020300
v -0.021848 0.587098 -1.015527
v -0.048903 0.591744 -1.021909
v -0.068398 0.604542 -1.037737
v -0.075107 0.622062 -1.058770
v -0.064468 0.534471 -1.159999
v -0.044082 0.545828 -1.175802
v -0.016701 0.550071 -1.180962
v 0.010338 0.546062 -1.174095
v 0.029790 0.534876 -1.157042
v 0.036443 0.519509 -1.134371
v 0.028514 0.504081 -1.112158
v 0.008128 0.492724 -1.096354
v -0.019253 0.488481 -1.091195
v -0.046292 0.492490 -1.098062
v -0.065744 0.503677 -1.115115
v -0.072397 0.519043 -1.137786
v -0.061705 0.425283 -1.226531
v -0.041271 0.434718 -1.243494
v -0.013873 0.438317 -1.249042
v 0.013145 0.435116 -1.241688
v 0.032546 0.425972 -1.223403
v 0.039130 0.413335 -1.199086
v 0.031133 0.400592 -1.175253
v 0.010698 0.391157 -1.158290
v -0.016699 0.387558 -1.152743
v -0.043718 0.390760 -1.160096
v -0.063118 0.399904 -1.178381
v -0.069702 0.412540 -1.202698
v -0.058960 0.312207 -1.277231
v -0.038467 0.319249 -1.295253
v -0.011051 0.322047 -1.301155
v 0.015943 0.319851 -1.293357
v 0.035282 0.313249 -1.273946
v 0.041784 0.304011 -1.248126
v 0.033706 0.294611 -1.222813
v 0.013213 0.287569 -1.204791
v -0.014203 0.284771 -1.198889
v -0.041197 0.286967 -1.206687
v -0.060536 0.293569 -1.226098
v -0.067038 0.302807 -1.251918
v -0.056249 0.195491 -1.310282
v -0.035690 0.199662 -1.329104
v -0.008251 0.201499 -1.335274
v 0.018715 0.200509 -1.327139
v 0.037983 0.196958 -1.306879
v 0.044390 0.191797 -1.279923
v 0.036219 0.186408 -1.253493
v 0.015660 0.182237 -1.234671
v -0.011779 0.180400 -1.228502
v -0.038745 0.181390 -1.236636
v -0.058013 0.184942 -1.256896
v -0.064420 0.190103 -1.283853
v -0.053593 0.075541 -1.323834
v -0.032962 0.076463 -1.343013
v -0.005499 0.077212 -1.349303
v 0.021437 0.077587 -1.341018
v 0.040628 0.077488 -1.320378
v 0.046933 0.076942 -1.292914
v 0.038662 0.076094 -1.265984
v 0.018031 0.075172 -1.246805
v -0.009432 0.074423 -1.240515
v -0.036368 0.074047 -1.248801
v -0.055560 0.074146 -1.269440
v -0.061865 0.074693 -1.296905
v -0.051017 -0.047048 -1.316109
v -0.030314 -0.049528 -1.335072
v -0.002827 -0.049918 -1.341290
v 0.024079 -0.048113 -1.333095
v 0.043195 -0.044598 -1.312685
v 0.049398 -0.040314 -1.285528
v 0.041027 -0.036409 -1.258901
v 0.020324 -0.033929 -1.239938
v -0.007163 -0.033539 -1.233721
v -0.034069 -0.035344 -1.241915
v -0.053184 -0.038859 -1.262326
v -0.059388 -0.043143 -1.289482
v -0.048544 -0.171585 -1.285523
v -0.027776 -0.177326 -1.303691
v -0.000268 -0.178807 -1.309642
v 0.026611 -0.175632 -1.301782
v 0.045658 -0.168652 -1.282216
v 0.051769 -0.159736 -1.256188
v 0.043308 -0.151274 -1.230670
v 0.022540 -0.145533 -1.212502
v -0.004968 -0.144051 -1.206551
v -0.031847 -0.147226 -1.214411
v -0.050894 -0.154207 -1.233977
v -0.057005 -0.163122 -1.260005
v -0.046197 -0.297441 -1.230692
v -0.025376 -0.306054 -1.247622
v 0.002151 -0.308497 -1.253159
v 0.029007 -0.304116 -1.245819
v 0.047997 -0.294083 -1.227569
v 0.054032 -0.281087 -1.203299
v 0.045495 -0.268612 -1.179512
v 0.024674 -0.259998 -1.162582
v -0.002852 -0.257555 -1.157045
v -0.029709 -0.261936 -1.164386
v -0.048698 -0.271969 -1.182635
v -0.054734 -0.284964 -1.206905
v -0.043994 -0.424174 -1.150336
v -0.023132 -0.435148 -1.165785
v 0.004408 -0.438381 -1.170826
v 0.031247 -0.433007 -1.164109
v 0.050193 -0.420467 -1.147432
v 0.056170 -0.404120 -1.125265
v 0.047576 -0.388346 -1.103547
v 0.026714 -0.377373 -1.088098
v -0.000826 -0.374139 -1.083056
v -0.027665 -0.379513 -1.089774
v -0.046611 -0.392053 -1.106451
v -0.052588 -0.408400 -1.128618
v -0.041949 -0.551525 -1.043147
v -0.021057 -0.564346 -1.057056
v 0.006493 -0.568198 -1.061582
v 0.033320 -0.562048 -1.055511
v 0.052234 -0.547545 -1.040470
v 0.058169 -0.528574 -1.020489
v 0.049533 -0.510220 -1.000922
v 0.028641 -0.497399 -0.987013
v 0.001091 -0.493547 -0.982487
v -0.025736 -0.499696 -0.988558
v -0.044650 -0.514199 -1.003599
v -0.050585 -0.533170 -1.023580
v -0.040073 -0.679375 -0.907684
v -0.019160 -0.693625 -0.920091
v 0.008397 -0.697955 -0.924113
v 0.035215 -0.691205 -0.918674
v 0.054107 -0.675184 -0.905230
v 0.060011 -0.654185 -0.887383
v 0.051346 -0.633833 -0.869917
v 0.030433 -0.619583 -0.857510
v 0.002876 -0.615253 -0.853488
v -0.023942 -0.622003 -0.858927
v -0.042834 -0.638024 -0.872372
v -0.048738 -0.659024 -0.890218
vn -0.8523 0.3417 -0.3959
vn -0.4790 0.5879 -0.6519
vn 0.0202 0.6779 -0.7348
vn 0.5142 0.5889 -0.6236
vn 0.8729 0.3434 -0.3466
vn 0.9997 0.0054 0.0238
vn 0.8581 -0.3352 0.3889
vn 0.4845 -0.5858 0.6497
vn -0.0206 -0.6781 0.7347
vn -0.5202 -0.5866 0.6208
vn -0.8785 -0.3366 0.3390
vn -0.9994 0.0036 -0.0335
vn -0.8517 0.3239 -0.4120
vn -0.4782 0.5579 -0.6783
vn 0.0212 0.6440 -0.7648
vn 0.5150 0.5599 -0.6491
vn 0.8732 0.3273 -0.3612
vn 0.9997 0.0067 0.0238
vn 0.8582 -0.3169 0.4038
vn 0.4844 -0.5557 0.6757
vn -0.0216 -0.6442 0.7646
vn -0.5216 -0.5575 0.6458
vn -0.8795 -0.3200 0.3523
vn -0.9994 0.0029 -0.0352
vn -0.8500 0.2827 -0.4446
vn -0.4758 0.4887 -0.7313
vn 0.0232 0.5654 -0.8245
vn 0.5161 0.4931 -0.7003
vn 0.8736 0.2902 -0.3907
vn 0.9997 0.0093 0.0241
vn 0.8578 -0.2754 0.4340
vn 0.4831 -0.4866 0.7279
vn -0.0237 -0.5658 0.8242
vn -0.5240 -0.4908 0.6961
vn -0.8810 -0.2827 0.3793
vn -0.9993 0.0007 -0.0386
vn -0.8480 0.2302 -0.4775
vn -0.4730 0.4010 -0.7845
vn 0.0256 0.4659 -0.8845
vn 0.5176 0.4084 -0.7519
vn 0.8741 0.2429 -0.4205
vn 0.9996 0.0121 0.0240
vn 0.8571 -0.2232 0.4642
vn 0.4816 -0.3990 0.7803
vn -0.0263 -0.4664 0.8842
vn -0.5269 -0.4062 0.7466
vn -0.8828 -0.2358 0.4062
vn -0.9991 -0.0025 -0.0423
vn -0.8456 0.1645 -0.5078
vn -0.4697 0.2917 -0.8333
vn 0.0286 0.3421 -0.9392
vn 0.5195 0.3028 -0.7991
vn 0.8749 0.1837 -0.4481
vn 0.9996 0.0151 0.0236
vn 0.8563 -0.1586 0.4915
vn 0.4797 -0.2901 0.8281
vn -0.0293 -0.3426 0.9390
vn -0.5302 -0.3012 0.7926
vn -0.8849 -0.1777 0.4305
vn -0.9989 -0.0070 -0.0461
vn -0.8431 0.0853 -0.5309
vn -0.4660 0.1605 -0.8701
vn 0.0320 0.1935 -0.9806
vn 0.5218 0.1760 -0.8347
vn 0.8760 0.1121 -0.4692
vn 0.9996 0.0181 0.0229
vn 0.8552 -0.0814 0.5118
vn 0.4773 -0.1595 0.8642
vn -0.0328 -0.1940 0.9804
vn -0.5338 -0.1752 0.8273
vn -0.8871 -0.1085 0.4486
vn -0.9987 -0.0130 -0.0493
vn -0.8407 -0.0047 -0.5415
vn -0.4624 0.0120 -0.8866
vn 0.0357 0.0255 -0.9990
vn 0.5245 0.0324 -0.8508
vn 0.8774 0.0308 -0.4788
vn 0.9995 0.0210 0.0222
vn 0.8538 0.0054 0.5206
vn 0.4745 -0.0118 0.8802
vn -0.0366 -0.0258 0.9990
vn -0.5374 -0.0327 0.8427
vn -0.8893 -0.0306 0.4563
vn -0.9985 -0.0203 -0.0511
vn -0.8386 -0.0991 -0.5356
vn -0.4590 -0.1436 -0.8767
vn 0.0394 -0.1504 -0.9878
vn 0.5276 -0.1180 -0.8413
vn 0.8791 -0.0545 -0.4735
vn 0.9995 0.0238 0.0218
vn 0.8519 0.0962 0.5147
vn 0.4713 0.1429 0.8703
vn -0.0403 0.1504 0.9878
vn -0.5406 0.1165 0.8331
vn -0.8911 0.0508 0.4510
vn -0.9983 -0.0282 -0.0508
vn -0.8371 -0.1895 -0.5131
vn -0.4563 -0.2927 -0.8403
vn 0.0428 -0.3190 -0.9468
vn 0.5307 -0.2621 -0.8060
vn 0.8810 -0.1361 -0.4532
vn 0.9994 0.0266 0.0218
vn 0.8499 0.1834 0.4940
vn 0.4681 0.2912 0.8343
vn -0.0436 0.3194 0.9466
vn -0.5432 0.2596 0.7985
vn -0.8924 0.1290 0.4325
vn -0.9982 -0.0355 -0.0483
vn -0.8362 -0.2688 -0.4780
vn -0.4544 -0.4240 -0.7835
vn 0.0456 -0.4676 -0.8828
vn 0.5337 -0.3889 -0.7510
vn 0.8828 -0.2077 -0.4213
vn 0.9993 0.0297 0.0219
vn 0.8479 0.2606 0.4618
vn 0.4650 0.4219 0.7783
vn -0.0463 0.4680 0.8825
vn -0.5449 0.3857 0.7445
vn -0.8931 0.1983 0.4038
vn -0.9982 -0.0415 -0.0443
vn -0.8358 -0.3335 -0.4361
vn -0.4531 -0.5318 -0.7155
vn 0.0477 -0.5898 -0.8061
vn 0.5362 -0.4930 -0.6852
vn 0.8845 -0.2660 -0.3833
vn 0.9992 0.0328 0.0219
vn 0.8460 0.3244 0.4231
vn 0.4625 0.5293 0.7113
vn -0.0484 0.5901 0.8059
vn -0.5460 0.4894 0.6800
vn -0.8934 0.2558 0.3693
vn -0.9982 -0.0458 -0.0397
vn -0.8357 -0.3838 -0.3927
vn -0.4524 -0.6161 -0.6448
vn 0.0493 -0.6854 -0.7265
vn 0.5382 -0.5744 -0.6168
vn 0.8859 -0.3113 -0.3439
vn 0.9991 0.0357 0.0215
vn 0.8444 0.3747 0.3828
vn 0.4604 0.6135 0.6416
vn -0.0499 0.6856 0.7262
vn -0.5465 0.5708 0.6128
vn -0.8935 0.3011 0.3332
vn -0.9982 -0.0487 -0.0352
vn -0.8356 -0.4052 -0.3709
vn -0.4519 -0.6519 -0.6090
vn 0.0499 -0.7260 -0.6859
vn 0.5387 -0.6090 -0.5822
vn 0.8864 -0.3305 -0.3242
vn 0.9991 0.0375 0.0215
vn 0.8432 0.3967 0.3627
vn 0.4588 0.6494 0.6064
vn -0.0504 0.7261 0.6857
vn -0.5460 0.6056 0.5789
vn -0.8930 0.3211 0.3153
vn -0.9982 -0.0494 -0.0329
vt 0.000000 1.000000
vt 0.083333 1.000000
vt 0.083333 0.916667
vt 0.000000 0.916667
vt 0.000000 0.083333
vt 0.083333 0.083333
vt 0.083333 0.000000
vt 0.000000 0.000000
vt 0.000000 0.166667
vt 0.083333 0.166667
vt 0.000000 0.250000
vt 0.083333 0.250000
vt 0.000000 0.333333
vt 0.083333 0.333333
vt 0.000000 0.416667
vt 0.083333 0.416667
vt 0.000000 0.500000
vt 0.083333 0.500000
vt 0.000000 0.583333
vt 0.083333 0.583333
vt 0.000000 0.666667
vt 0.083333 0.666667
vt 0.000000 0.750000
vt 0.083333 0.750000
vt 0.000000 0.833333
vt 0.083333 0.833333
vt 0.166667 1.000000
vt 0.166667 0.916667
vt 0.166667 0.083333
vt 0.166667 0.000000
vt 0.166667 0.166667
vt 0.166667 0.250000
vt 0.166667 0.333333
vt 0.166667 0.416667
vt 0.166667 0.500000
vt 0.166667 0.583333
vt 0.166667 0.666667
vt 0.166667 0.750000
vt 0.166667 0.833333
vt 0.250000 1.000000
vt 0.250000 0.916667
vt 0.250000 0.083333
vt 0.250000 0.000000
vt 0.250000 0.166667
vt 0.250000 0.250000
vt 0.250000 0.333333
vt 0.250000 0.416667
vt 0.250000 0.500000
vt 0.250000 0.583333
vt 0.250000 0.666667
vt 0.250000 0.750000
vt 0.250000 0.833333
vt 0.333333 1.000000
vt 0.333333 0.916667
vt 0.333333 0.083333
vt 0.333333 0.000000
vt 0.333333 0.166667
vt 0.333333 0.250000
vt 0.333333 0.333333
vt 0.333333 0.416667
vt 0.333333 0.500000
vt 0.333333 0.583333
vt 0.333333 0.666667
vt 0.333333 0.750000
vt 0.333333 0.833333
vt 0.416667 1.000000
vt 0.416667 0.916667
vt 0.416667 0.083333
vt 0.416667 0.000000
vt 0.416667 0.166667
vt 0.416667 0.250000
vt 0.416667 0.333333
vt 0.416667 0.416667
vt 0.416667 0.500000
vt 0.416667 0.583333
vt 0.416667 0.666667
vt 0.416667 0.750000
vt 0.416667 0.833333
vt 0.500000 1.000000
vt 0.500000 0.916667
vt 0.500000 0.083333
vt 0.500000 0.000000
vt 0.500000 0.166667
vt 0.500000 0.250000
vt 0.500000 0.333333
vt 0.500000 0.416667
vt 0.500000 0.500000
vt 0.500000 0.583333
vt 0.500000 0.666667
vt 0.500000 0.750000
vt 0.500000 0.833333
vt 0.583333 1.000000
vt 0.583333 0.916667
vt 0.583333 0.083333
vt 0.583333 0.000000
vt 0.583333 0.166667
vt 0.583333 0.250000
vt 0.583333 0.333333
vt 0.583333 0.416667
vt 0.583333 0.500000
vt 0.583333 0.583333
vt 0.583333 0.666667
vt 0.583333 0.750000
vt 0.583333 0.833333
vt 0.666667 1.000000
vt 0.666667 0.916667
vt 0.666667 0.083333
vt 0.666667 0.000000
vt 0.666667 0.166667
vt 0.666667 0.250000
vt 0.666667 0.333333
vt 0.666667 0.416667
vt 0.666667 0.500000
vt 0.666667 0.583333
vt 0.666667 0.666667
vt 0.666667 0.750000
vt 0.666667 0.833333
vt 0.750000 1.000000
vt 0.750000 0.916667
vt 0.750000 0.083333
vt 0.750000 0.000000
vt 0.750000 0.166667
vt 0.750000 0.250000
vt 0.750000 0.333333
vt 0.750000 0.416667
vt 0.750000 0.500000
vt 0.750000 0.583333
vt 0.750000 0.666667
vt 0.750000 0.750000
vt 0.750000 0.833333
vt 0.833333 1.000000
vt 0.833333 0.916667
vt 0.833333 0.083333
vt 0.833333 0.000000
vt 0.833333 0.166667
vt 0.833333 0.250000
vt 0.833333 0.333333
vt 0.833333 0.416667
vt 0.833333 0.500000
vt 0.833333 0.583333
vt 0.833333 0.666667
vt 0.833333 0.750000
vt 0.833333 0.833333
vt 0.916667 1.000000
vt 0.916667 0.916667
vt 0.916667 0.083333
vt 0.916667 0.000000
vt 0.916667 0.166667
vt 0.916667 0.250000
vt 0.916667 0.333333
vt 0.916667 0.416667
vt 0.916667 0.500000
vt 0.916667 0.583333
vt 0.916667 0.666667
vt 0.916667 0.750000
vt 0.916667 0.833333
vt 1.000000 1.000000
vt 1.000000 0.916667
vt 1.000000 0.083333
vt 1.000000 0.000000
vt 1.000000 0.166667
vt 1.000000 0.250000
vt 1.000000 0.333333
vt 1.000000 0.416667
vt 1.000000 0.500000
vt 1.000000 0.583333
vt 1.000000 0.666667
vt 1.000000 0.750000
vt 1.000000 0.833333
s 1
f 157/170/157 169/171/169 180/172/180 168/173/168
f 158/174/158 170/175/170 169/176/169 157/177/157
f 159/178/159 171/179/171 170/175/170 158/174/158
f 160/180/160 172/181/172 171/179/171 159/178/159
f 161/182/161 173/183/173 172/181/172 160/180/160
f 162/184/162 174/185/174 173/183/173 161/182/161
f 163/186/163 175/187/175 174/185/174 162/184/162
f 164/188/164 176/189/176 175/187/175 163/186/163
f 165/190/165 177/191/177 176/189/176 164/188/164
f 166/192/166 178/193/178 177/191/177 165/190/165
f 167/194/167 179/195/179 178/193/178 166/192/166
f 168/173/168 180/172/180 179/195/179 167/194/167
f 169/171/169 181/196/181 192/197/192 180/172/180
f 170/175/170 182/198/182 181/199/181 169/176/169
f 171/179/171 183/200/183 182/198/182 170/175/170
f 172/181/172 184/201/184 183/200/183 171/179/171
f 173/183/173 185/202/185 184/201/184 172/181/172
f 174/185/174 186/203/186 185/202/185 173/183/173
f 175/187/175 187/204/187 186/203/186 174/185/174
f 176/189/176 188/205/188 187/204/187 175/187/175
f 177/191/177 189/206/189 188/205/188 176/189/176
f 178/193/178 190/207/190 189/206/189 177/191/177
f 179/195/179 191/208/191 190/207/190 178/193/178
f 180/172/180 192/197/192 191/208/191 179/195/179
f 181/196/181 193/209/193 204/210/204 192/197/192
f 182/198/182 194/211/194 193/212/193 181/199/181
f 183/200/183 195/213/195 194/211/194 182/198/182
f 184/201/184 196/214/196 195/213/195 183/200/183
f 185/202/185 197/215/197 196/214/196 184/201/184
f 186/203/186 198/216/198 197/215/197 185/202/185
f 187/204/187 199/217/199 198/216/198 186/203/186
f 188/205/188 200/218/200 199/217/199 187/204/187
f 189/206/189 201/219/201 200/218/200 188/205/188
f 190/207/190 202/220/202 201/219/201 189/206/189
f 191/208/191 203/221/203 202/220/202 190/207/190
f 192/197/192 204/210/204 203/221/203 191/208/191
f 193/209/193 205/222/205 216/223/216 204/210/204
f 194/211/194 206/224/206 205/225/205 193/212/193
f 195/213/195 207/226/207 206/224/206 194/211/194
f 196/214/196 208/227/208 207/226/207 195/213/195
f 197/215/197 209/228/209 208/227/208 196/214/196
f 198/216/198 210/229/210 209/228/209 197/215/197
f 199/217/199 211/230/211 210/229/210 198/216/198
f 200/218/200 212/231/212 211/230/211 199/217/199
f 201/219/201 213/232/213 212/231/212 200/218/200
f 202/220/202 214/233/214 213/232/213 201/219/201
f 203/221/203 215/234/215 214/233/214 202/220/202
f 204/210/204 216/223/216 215/234/215 203/221/203
f 205/222/205 217/235/217 228/236/228 216/223/216
f 206/224/206 218/237/218 217/238/217 205/225/205
f 207/226/207 219/239/219 218/237/218 206/224/206
f 208/227/208 220/240/220 219/239/219 207/226/207
f 209/228/209 221/241/221 220/240/220 208/227/208
f 210/229/210 222/242/222 221/241/221 209/228/209
f 211/230/211 223/243/223 222/242/222 210/229/210
f 212/231/212 224/244/224 223/243/223 211/230/211
f 213/232/213 225/245/225 224/244/224 212/231/212
f 214/233/214 226/246/226 225/245/225 213/232/213
f 215/234/215 227/247/227 226/246/226 214/233/214
f 216/223/216 228/236/228 227/247/227 215/234/215
f 217/235/217 229/248/229 240/249/240 228/236/228
f 218/237/218 230/250/230 229/251/229 217/238/217
f 219/239/219 231/252/231 230/250/230 218/237/218
f 220/240/220 232/253/232 231/252/231 219/239/219
f 221/241/221 233/254/233 232/253/232 220/240/220
f 222/242/222 234/255/234 233/254/233 221/241/221
f 223/243/223 235/256/235 234/255/234 222/242/222
f 224/244/224 236/257/236 235/256/235 223/243/223
f 225/245/225 237/258/237 236/257/236 224/244/224
f 226/246/226 238/259/238 237/258/237 225/245/225
f 227/247/227 239/260/239 238/259/238 226/246/226
f 228/236/228 240/249/240 239/260/239 227/247/227
f 229/248/229 241/261/241 252/262/252 240/249/240
f 230/250/230 242/263/242 241/264/241 229/251/229
f 231/252/231 243/265/243 242/263/242 230/250/230
f 232/253/232 244/266/244 243/265/243 231/252/231
f 233/254/233 245/267/245 244/266/244 232/253/232
f 234/255/234 246/268/246 245/267/245 233/254/233
f 235/256/235 247/269/247 246/268/246 234/255/234
f 236/257/236 248/270/248 247/269/247 235/256/235
f 237/258/237 249/271/249 248/270/248 236/257/236
f 238/259/238 250/272/250 249/271/249 237/258/237
f 239/260/239 251/273/251 250/272/250 238/259/238
f 240/249/240 252/262/252 251/273/251 239/260/239
f 241/261/241 253/274/253 264/275/264 252/262/252
f 242/263/242 254/276/254 253/277/253 241/264/241
f 243/265/243 255/278/255 254/276/254 242/263/242
f 244/266/244 256/279/256 255/278/255 243/265/243
f 245/267/245 257/280/257 256/279/256 244/266/244
f 246/268/246 258/281/258 257/280/257 245/267/245
f 247/269/247 259/282/259 258/281/258 246/268/246
f 248/270/248 260/283/260 259/282/259 247/269/247
f 249/271/249 261/284/261 260/283/260 248/270/248
f 250/272/250 262/285/262 261/284/261 249/271/249
f 251/273/251 263/286/263 262/285/262 250/272/250
f 252/262/252 264/275/264 263/286/263 251/273/251
f 253/274/253 265/287/265 276/288/276 264/275/264
f 254/276/254 266/289/266 265/290/265 253/277/253
f 255/278/255 267/291/267 266/289/266 254/276/254
f 256/279/256 268/292/268 267/291/267 255/278/255
f 257/280/257 269/293/269 268/292/268 256/279/256
f 258/281/258 270/294/270 269/293/269 257/280/257
f 259/282/259 271/295/271 270/294/270 258/281/258
f 260/283/260 272/296/272 271/295/271 259/282/259
f 261/284/261 273/297/273 272/296/272 260/283/260
f 262/285/262 274/298/274 273/297/273 261/284/261
f 263/286/263 275/299/275 274/298/274 262/285/262
f 264/275/264 276/288/276 275/299/275 263/286/263
f 265/287/265 277/300/277 288/301/288 276/288/276
f 266/289/266 278/302/278 277/303/277 265/290/265
f 267/291/267 279/304/279 278/302/278 266/289/266
f 268/292/268 280/305/280 279/304/279 267/291/267
f 269/293/269 281/306/281 280/305/280 268/292/268
f 270/294/270 282/307/282 281/306/281 269/293/269
f 271/295/271 283/308/283 282/307/282 270/294/270
f 272/296/272 284/309/284 283/308/283 271/295/271
f 273/297/273 285/310/285 284/309/284 272/296/272
f 274/298/274 286/311/286 285/310/285 273/297/273
f 275/299/275 287/312/287 286/311/286 274/298/274
f 276/288/276 288/301/288 287/312/287 275/299/275
f 277/300/277 289/313/289 300/314/300 288/301/288
f 278/302/278 290/315/290 289/316/289 277/303/277
f 279/304/279 291/317/291 290/315/290 278/302/278
f 280/305/280 292/318/292 291/317/291 279/304/279
f 281/306/281 293/319/293 292/318/292 280/305/280
f 282/307/282 294/320/294 293/319/293 281/306/281
f 283/308/283 295/321/295 294/320/294 282/307/282
f 284/309/284 296/322/296 295/321/295 283/308/283
f 285/310/285 297/323/297 296/322/296 284/309/284
f 286/311/286 298/324/298 297/323/297 285/310/285
f 287/312/287 299/325/299 298/324/298 286/311/286
f 288/301/288 300/314/300 299/325/299 287/312/287
f 289/313/289 301/326/301 312/327/312 300/314/300
f 290/315/290 302/328/302 301/329/301 289/316/289
f 291/317/291 303/330/303 302/328/302 290/315/290
f 292/318/292 304/331/304 303/330/303 291/317/291
f 293/319/293 305/332/305 304/331/304 292/318/292
f 294/320/294 306/333/306 305/332/305 293/319/293
f 295/321/295 307/334/307 306/333/306 294/320/294
f 296/322/296 308/335/308 307/334/307 295/321/295
f 297/323/297 309/336/309 308/335/308 296/322/296
f 298/324/298 310/337/310 309/336/309 297/323/297
f 299/325/299 311/338/311 310/337/310 298/324/298
f 300/314/300 312/327/312 311/338/311 299/325/299
o ベジエカーブ.001
v -0.145077 0.796519 -1.729816
v -0.121343 0.812981 -1.745629
v -0.089380 0.819007 -1.750770
v -0.057753 0.812981 -1.743861
v -0.034934 0.796519 -1.726753
v -0.027040 0.774031 -1.704030
v -0.036185 0.751543 -1.681781
v -0.059918 0.735080 -1.665967
v -0.091881 0.729055 -1.660826
v -0.123509 0.735080 -1.667736
v -0.146327 0.751543 -1.684844
v -0.154222 0.774031 -1.707566
v -0.141856 0.678529 -1.838586
v -0.118084 0.693571 -1.855704
v -0.086108 0.699121 -1.861281
v -0.054497 0.693692 -1.853824
v -0.031720 0.678740 -1.835331
v -0.023880 0.658270 -1.810757
v -0.033079 0.637767 -1.786686
v -0.056852 0.622726 -1.769569
v -0.088827 0.617176 -1.763992
v -0.120439 0.622604 -1.771448
v -0.143216 0.637557 -1.789942
v -0.151055 0.658027 -1.814515
v -0.138625 0.555688 -1.932790
v -0.114806 0.568957 -1.951255
v -0.082814 0.573914 -1.957283
v -0.051222 0.569230 -1.949260
v -0.028495 0.556160 -1.929335
v -0.020722 0.538206 -1.902847
v -0.029986 0.520180 -1.876894
v -0.053805 0.506910 -1.858429
v -0.085796 0.501953 -1.852401
v -0.117388 0.506637 -1.860424
v -0.140115 0.519707 -1.880348
v -0.147889 0.537661 -1.906837
v -0.135397 0.428114 -2.010526
v -0.111521 0.439137 -2.030345
v -0.079511 0.443342 -2.036827
v -0.047942 0.439602 -2.028235
v -0.025275 0.428918 -2.006871
v -0.017583 0.414154 -1.978459
v -0.026926 0.399265 -1.950613
v -0.050801 0.388241 -1.930794
v -0.082812 0.384037 -1.924312
v -0.114380 0.387777 -1.932904
v -0.137047 0.398461 -1.954268
v -0.144740 0.413225 -1.982680
v -0.132189 0.295997 -2.069763
v -0.108246 0.304225 -2.090820
v -0.076213 0.307494 -2.097716
v -0.044673 0.304928 -2.088604
v -0.022078 0.297215 -2.065925
v -0.014481 0.286421 -2.035756
v -0.023919 0.275439 -2.006181
v -0.047863 0.267210 -1.985125
v -0.079896 0.263941 -1.978228
v -0.111435 0.266507 -1.987341
v -0.134031 0.274221 -2.010019
v -0.141627 0.285015 -2.040188
v -0.129022 0.159627 -2.108380
v -0.105001 0.164501 -2.130371
v -0.072941 0.166647 -2.137580
v -0.041434 0.165491 -2.128075
v -0.018922 0.161341 -2.104403
v -0.011436 0.155311 -2.072908
v -0.020983 0.149016 -2.042028
v -0.045004 0.144142 -2.020037
v -0.077063 0.141996 -2.012828
v -0.108570 0.143152 -2.022332
v -0.131083 0.147302 -2.046004
v -0.138568 0.153332 -2.077500
v -0.125919 0.019480 -2.124213
v -0.101814 0.020557 -2.146621
v -0.069726 0.021432 -2.153971
v -0.038255 0.021871 -2.144290
v -0.015831 0.021755 -2.120175
v -0.008465 0.021116 -2.088086
v -0.018129 0.020125 -2.056622
v -0.042234 0.019048 -2.034214
v -0.074321 0.018173 -2.026865
v -0.105793 0.017734 -2.036545
v -0.128216 0.017850 -2.060660
v -0.135583 0.018489 -2.092749
v -0.122908 -0.123752 -2.115188
v -0.098719 -0.126649 -2.137344
v -0.066604 -0.127105 -2.144608
v -0.035167 -0.124996 -2.135034
v -0.012833 -0.120889 -2.111187
v -0.005585 -0.115884 -2.079458
v -0.015366 -0.111321 -2.048347
v -0.039554 -0.108423 -2.026191
v -0.071670 -0.107968 -2.018926
v -0.103106 -0.110076 -2.028500
v -0.125441 -0.114184 -2.052347
v -0.132689 -0.119190 -2.084077
v -0.120019 -0.269258 -2.079451
v -0.095754 -0.275966 -2.100678
v -0.063614 -0.277697 -2.107632
v -0.032209 -0.273988 -2.098448
v -0.009955 -0.265832 -2.075588
v -0.002814 -0.255415 -2.045176
v -0.012701 -0.245528 -2.015362
v -0.036965 -0.238820 -1.994135
v -0.069106 -0.237089 -1.987181
v -0.100511 -0.240798 -1.996365
v -0.122765 -0.248955 -2.019225
v -0.129905 -0.259371 -2.049637
v -0.117277 -0.416307 -2.015387
v -0.092950 -0.426371 -2.035168
v -0.060788 -0.429225 -2.041637
v -0.029410 -0.424106 -2.033061
v -0.007222 -0.412384 -2.011738
v -0.000171 -0.397200 -1.983382
v -0.010145 -0.382624 -1.955589
v -0.034472 -0.372559 -1.935808
v -0.066634 -0.369705 -1.929339
v -0.098012 -0.374824 -1.937916
v -0.120200 -0.386546 -1.959238
v -0.127251 -0.401730 -1.987595
v -0.114703 -0.564380 -1.921500
v -0.090328 -0.577202 -1.939551
v -0.058150 -0.580980 -1.945441
v -0.026792 -0.574701 -1.937592
v -0.004656 -0.560050 -1.918107
v 0.002328 -0.540950 -1.892207
v -0.007714 -0.522520 -1.866832
v -0.032089 -0.509698 -1.848782
v -0.064266 -0.505920 -1.842892
v -0.095625 -0.512199 -1.850741
v -0.117761 -0.526850 -1.870226
v -0.124744 -0.545950 -1.896126
v -0.112314 -0.713176 -1.796262
v -0.087904 -0.728156 -1.812514
v -0.055714 -0.732656 -1.817802
v -0.024371 -0.725471 -1.810708
v -0.002271 -0.708526 -1.793135
v 0.004663 -0.686361 -1.769789
v -0.005427 -0.664915 -1.746927
v -0.029837 -0.649935 -1.730676
v -0.062026 -0.645435 -1.725388
v -0.093370 -0.652620 -1.732482
v -0.115470 -0.669565 -1.750055
v -0.122403 -0.691730 -1.773401
v -0.110122 -0.862554 -1.637990
v -0.085688 -0.879203 -1.652485
v -0.053490 -0.884263 -1.657185
v -0.022157 -0.876376 -1.650829
v -0.000083 -0.857657 -1.635122
v 0.006815 -0.833122 -1.614270
v -0.003309 -0.809344 -1.593863
v -0.027743 -0.792694 -1.579367
v -0.059941 -0.787635 -1.574667
v -0.091274 -0.795521 -1.581023
v -0.113347 -0.814240 -1.596731
v -0.120246 -0.838776 -1.617582
vn -0.8523 0.3417 -0.3959
vn -0.4790 0.5879 -0.6519
vn 0.0202 0.6779 -0.7348
vn 0.5142 0.5889 -0.6236
vn 0.8729 0.3434 -0.3466
vn 0.9997 0.0054 0.0238
vn 0.8581 -0.3352 0.3889
vn 0.4845 -0.5858 0.6497
vn -0.0206 -0.6781 0.7347
vn -0.5202 -0.5866 0.6208
vn -0.8785 -0.3366 0.3390
vn -0.9994 0.0036 -0.0335
vn -0.8517 0.3239 -0.4120
vn -0.4782 0.5579 -0.6783
vn 0.0212 0.6440 -0.7648
vn 0.5150 0.5599 -0.6491
vn 0.8732 0.3273 -0.3612
vn 0.9997 0.0067 0.0238
vn 0.8582 -0.3169 0.4038
vn 0.4844 -0.5557 0.6757
vn -0.0216 -0.6442 0.7646
vn -0.5216 -0.5575 0.6458
vn -0.8795 -0.3200 0.3523
vn -0.9994 0.0029 -0.0352
vn -0.8500 0.2827 -0.4446
vn -0.4758 0.4887 -0.7313
vn 0.0232 0.5654 -0.8245
vn 0.5161 0.4931 -0.7003
vn 0.8736 0.2902 -0.3907
vn 0.9997 0.0093 0.0241
vn 0.8578 -0.2754 0.4340
vn 0.4831 -0.4866 0.7279
vn -0.0237 -0.5658 0.8242
vn -0.5240 -0.4908 0.6961
vn -0.8810 -0.2827 0.3793
vn -0.9993 0.0007 -0.0386
vn -0.8480 0.2302 -0.4775
vn -0.4730 0.4010 -0.7845
vn 0.0256 0.4659 -0.8845
vn 0.5176 0.4084 -0.7519
vn 0.8741 0.2429 -0.4205
vn 0.9996 0.0121 0.0240
vn 0.8571 -0.2232 0.4642
vn 0.4816 -0.3990 0.7803
vn -0.0263 -0.4664 0.8842
vn -0.5269 -0.4062 0.7466
vn -0.8828 -0.2358 0.4062
vn -0.9991 -0.0025 -0.0423
vn -0.8456 0.1645 -0.5078
vn -0.4697 0.2917 -0.8333
vn 0.0286 0.3421 -0.9392
vn 0.5195 0.3028 -0.7991
vn 0.8749 0.1837 -0.4481
vn 0.9996 0.0151 0.0236
vn 0.8563 -0.1586 0.4915
vn 0.4797 -0.2901 0.8281
vn -0.0293 -0.3426 0.9390
vn -0.5302 -0.3012 0.7926
vn -0.8849 -0.1777 0.4305
vn -0.9989 -0.0070 -0.0461
vn -0.8431 0.0853 -0.5309
vn -0.4660 0.1605 -0.8701
vn 0.0320 0.1935 -0.9806
vn 0.5218 0.1760 -0.8347
vn 0.8760 0.1121 -0.4692
vn 0.9996 0.0181 0.0229
vn 0.8552 -0.0814 0.5118
vn 0.4773 -0.1595 0.8642
vn -0.0328 -0.1940 0.9804
vn -0.5338 -0.1752 0.8273
vn -0.8871 -0.1085 0.4486
vn -0.9987 -0.0130 -0.0493
vn -0.8407 -0.0047 -0.5415
vn -0.4624 0.0120 -0.8866
vn 0.0357 0.0255 -0.9990
vn 0.5245 0.0324 -0.8508
vn 0.8774 0.0308 -0.4788
vn 0.9995 0.0210 0.0222
vn 0.8538 0.0054 0.5206
vn 0.4745 -0.0118 0.8802
vn -0.0366 -0.0258 0.9990
vn -0.5374 -0.0327 0.8427
vn -0.8893 -0.0306 0.4563
vn -0.9985 -0.0203 -0.0511
vn -0.8386 -0.0991 -0.5356
vn -0.4590 -0.1436 -0.8767
vn 0.0394 -0.1504 -0.9878
vn 0.5276 -0.1180 -0.8413
vn 0.8791 -0.0545 -0.4735
vn 0.9995 0.0238 0.0218
vn 0.8519 0.0962 0.5147
vn 0.4713 0.1429 0.8703
vn -0.0403 0.1504 0.9878
vn -0.5406 0.1165 0.8331
vn -0.8911 0.0508 0.4510
vn -0.9983 -0.0282 -0.0508
vn -0.8371 -0.1895 -0.5131
vn -0.4563 -0.2927 -0.8403
vn 0.0428 -0.3190 -0.9468
vn 0.5307 -0.2621 -0.8060
vn 0.8810 -0.1361 -0.4532
vn 0.9994 0.0266 0.0218
vn 0.8499 0.1834 0.4940
vn 0.4681 0.2912 0.8343
vn -0.0436 0.3194 0.9466
vn -0.5432 0.2596 0.7985
vn -0.8924 0.1290 0.4325
vn -0.9982 -0.0355 -0.0483
vn -0.8362 -0.2688 -0.4780
vn -0.4544 -0.4240 -0.7835
vn 0.0456 -0.4676 -0.8828
vn 0.5337 -0.3889 -0.7510
vn 0.8828 -0.2077 -0.4213
vn 0.9993 0.0297 0.0219
vn 0.8479 0.2606 0.4618
vn 0.4650 0.4219 0.7783
vn -0.0463 0.4680 0.8825
vn -0.5449 0.3857 0.7445
vn -0.8931 0.1983 0.4038
vn -0.9982 -0.0415 -0.0443
vn -0.8358 -0.3335 -0.4361
vn -0.4531 -0.5318 -0.7155
vn 0.0477 -0.5898 -0.8061
vn 0.5362 -0.4930 -0.6852
vn 0.8845 -0.2660 -0.3833
vn 0.9992 0.0328 0.0219
vn 0.8460 0.3244 0.4231
vn 0.4625 0.5293 0.7113
vn -0.0484 0.5901 0.8059
vn -0.5460 0.4894 0.6800
vn -0.8934 0.2558 0.3693
vn -0.9982 -0.0458 -0.0397
vn -0.8357 -0.3838 -0.3927
vn -0.4524 -0.6161 -0.6448
vn 0.0493 -0.6854 -0.7265
vn 0.5382 -0.5744 -0.6168
vn 0.8859 -0.3113 -0.3439
vn 0.9991 0.0357 0.0215
vn 0.8444 0.3747 0.3828
vn 0.4604 0.6135 0.6416
vn -0.0499 0.6856 0.7262
vn -0.5465 0.5708 0.6128
vn -0.8935 0.3011 0.3332
vn -0.9982 -0.0487 -0.0352
vn -0.8356 -0.4052 -0.3709
vn -0.4519 -0.6519 -0.6090
vn 0.0499 -0.7260 -0.6859
vn 0.5387 -0.6090 -0.5822
vn 0.8864 -0.3305 -0.3242
vn 0.9991 0.0375 0.0215
vn 0.8432 0.3967 0.3627
vn 0.4588 0.6494 0.6064
vn -0.0504 0.7261 0.6857
vn -0.5460 0.6056 0.5789
vn -0.8930 0.3211 0.3153
vn -0.9982 -0.0494 -0.0329
vt 0.000000 1.000000
vt 0.083333 1.000000
vt 0.083333 0.916667
vt 0.000000 0.916667
vt 0.000000 0.083333
vt 0.083333 0.083333
vt 0.083333 0.000000
vt 0.000000 0.000000
vt 0.000000 0.166667
vt 0.083333 0.166667
vt 0.000000 0.250000
vt 0.083333 0.250000
vt 0.000000 0.333333
vt 0.083333 0.333333
vt 0.000000 0.416667
vt 0.083333 0.416667
vt 0.000000 0.500000
vt 0.083333 0.500000
vt 0.000000 0.583333
vt 0.083333 0.583333
vt 0.000000 0.666667
vt 0.083333 0.666667
vt 0.000000 0.750000
vt 0.083333 0.750000
vt 0.000000 0.833333
vt 0.083333 0.833333
vt 0.166667 1.000000
vt 0.166667 0.916667
vt 0.166667 0.083333
vt 0.166667 0.000000
vt 0.166667 0.166667
vt 0.166667 0.250000
vt 0.166667 0.333333
vt 0.166667 0.416667
vt 0.166667 0.500000
vt 0.166667 0.583333
vt 0.166667 0.666667
vt 0.166667 0.750000
vt 0.166667 0.833333
vt 0.250000 1.000000
vt 0.250000 0.916667
vt 0.250000 0.083333
vt 0.250000 0.000000
vt 0.250000 0.166667
vt 0.250000 0.250000
vt 0.250000 0.333333
vt 0.250000 0.416667
vt 0.250000 0.500000
vt 0.250000 0.583333
vt 0.250000 0.666667
vt 0.250000 0.750000
vt 0.250000 0.833333
vt 0.333333 1.000000
vt 0.333333 0.916667
vt 0.333333 0.083333
vt 0.333333 0.000000
vt 0.333333 0.166667
vt 0.333333 0.250000
vt 0.333333 0.333333
vt 0.333333 0.416667
vt 0.333333 0.500000
vt 0.333333 0.583333
vt 0.333333 0.666667
vt 0.333333 0.750000
vt 0.333333 0.833333
vt 0.416667 1.000000
vt 0.416667 0.916667
vt 0.416667 0.083333
vt 0.416667 0.000000
vt 0.416667 0.166667
vt 0.416667 0.250000
vt 0.416667 0.333333
vt 0.416667 0.416667
vt 0.416667 0.500000
vt 0.416667 0.583333
vt 0.416667 0.666667
vt 0.416667 0.750000
vt 0.416667 0.833333
vt 0.500000 1.000000
vt 0.500000 0.916667
vt 0.500000 0.083333
vt 0.500000 0.000000
vt 0.500000 0.166667
vt 0.500000 0.250000
vt 0.500000 0.333333
vt 0.500000 0.416667
vt 0.500000 0.500000
vt 0.500000 0.583333
vt 0.500000 0.666667
vt 0.500000 0.750000
vt 0.500000 0.833333
vt 0.583333 1.000000
vt 0.583333 0.916667
vt 0.583333 0.083333
vt 0.583333 0.000000
vt 0.583333 0.166667
vt 0.583333 0.250000
vt 0.583333 0.333333
vt 0.583333 0.416667
vt 0.583333 0.500000
vt 0.583333 0.583333
vt 0.583333 0.666667
vt 0.583333 0.750000
vt 0.583333 0.833333
vt 0.666667 1.000000
vt 0.666667 0.916667
vt 0.666667 0.083333
vt 0.666667 0.000000
vt 0.666667 0.166667
vt 0.666667 0.250000
vt 0.666667 0.333333
vt 0.666667 0.416667
vt 0.666667 0.500000
vt 0.666667 0.583333
vt 0.666667 0.666667
vt 0.666667 0.750000
vt 0.666667 0.833333
vt 0.750000 1.000000
vt 0.750000 0.916667
vt 0.750000 0.083333
vt 0.750000 0.000000
vt 0.750000 0.166667
vt 0.750000 0.250000
vt 0.750000 0.333333
vt 0.750000 0.416667
vt 0.750000 0.500000
vt 0.750000 0.583333
vt 0.750000 0.666667
vt 0.750000 0.750000
vt 0.750000 0.833333
vt 0.833333 1.000000
vt 0.833333 0.916667
vt 0.833333 0.083333
vt 0.833333 0.000000
vt 0.833333 0.166667
vt 0.833333 0.250000
vt 0.833333 0.333333
vt 0.833333 0.416667
vt 0.833333 0.500000
vt 0.833333 0.583333
vt 0.833333 0.666667
vt 0.833333 0.750000
vt 0.833333 0.833333
vt 0.916667 1.000000
vt 0.916667 0.916667
vt 0.916667 0.083333
vt 0.916667 0.000000
vt 0.916667 0.166667
vt 0.916667 0.250000
vt 0.916667 0.333333
vt 0.916667 0.416667
vt 0.916667 0.500000
vt 0.916667 0.583333
vt 0.916667 0.666667
vt 0.916667 0.750000
vt 0.916667 0.833333
vt 1.000000 1.000000
vt 1.000000 0.916667
vt 1.000000 0.083333
vt 1.000000 0.000000
vt 1.000000 0.166667
vt 1.000000 0.250000
vt 1.000000 0.333333
vt 1.000000 0.416667
vt 1.000000 0.500000
vt 1.000000 0.583333
vt 1.000000 0.666667
vt 1.000000 0.750000
vt 1.000000 0.833333
s 1
f 313/339/313 325/340/325 336/341/336 324/342/324
f 314/343/314 326/344/326 325/345/325 313/346/313
f 315/347/315 327/348/327 326/344/326 314/343/314
f 316/349/316 328/350/328 327/348/327 315/347/315
f 317/351/317 329/352/329 328/350/328 316/349/316
f 318/353/318 330/354/330 329/352/329 317/351/317
f 319/355/319 331/356/331 330/354/330 318/353/318
f 320/357/320 332/358/332 331/356/331 319/355/319
f 321/359/321 333/360/333 332/358/332 320/357/320
f 322/361/322 334/362/334 333/360/333 321/359/321
f 323/363/323 335/364/335 334/362/334 322/361/322
f 324/342/324 336/341/336 335/364/335 323/363/323
f 325/340/325 337/365/337 348/366/348 336/341/336
f 326/344/326 338/367/338 337/368/337 325/345/325
f 327/348/327 339/369/339 338/367/338 326/344/326
f 328/350/328 340/370/340 339/369/339 327/348/327
f 329/352/329 341/371/341 340/370/340 328/350/328
f 330/354/330 342/372/342 341/371/341 329/352/329
f 331/356/331 343/373/343 342/372/342 330/354/330
f 332/358/332 344/374/344 343/373/343 331/356/331
f 333/360/333 345/375/345 344/374/344 332/358/332
f 334/362/334 346/376/346 345/375/345 333/360/333
f 335/364/335 347/377/347 346/376/346 334/362/334
f 336/341/336 348/366/348 347/377/347 335/364/335
f 337/365/337 349/378/349 360/379/360 348/366/348
f 338/367/338 350/380/350 349/381/349 337/368/337
f 339/369/339 351/382/351 350/380/350 338/367/338
f 340/370/340 352/383/352 351/382/351 339/369/339
f 341/371/341 353/384/353 352/383/352 340/370/340
f 342/372/342 354/385/354 353/384/353 341/371/341
f 343/373/343 355/386/355 354/385/354 342/372/342
f 344/374/344 356/387/356 355/386/355 343/373/343
f 345/375/345 357/388/357 356/387/356 344/374/344
f 346/376/346 358/389/358 357/388/357 345/375/345
f 347/377/347 359/390/359 358/389/358 346/376/346
f 348/366/348 360/379/360 359/390/359 347/377/347
f 349/378/349 361/391/361 372/392/372 360/379/360
f 350/380/350 362/393/362 361/394/361 349/381/349
f 351/382/351 363/395/363 362/393/362 350/380/350
f 352/383/352 364/396/364 363/395/363 351/382/351
f 353/384/353 365/397/365 364/396/364 352/383/352
f 354/385/354 366/398/366 365/397/365 353/384/353
f 355/386/355 367/399/367 366/398/366 354/385/354
f 356/387/356 368/400/368 367/399/367 355/386/355
f 357/388/357 369/401/369 368/400/368 356/387/356
f 358/389/358 370/402/370 369/401/369 357/388/357
f 359/390/359 371/403/371 370/402/370 358/389/358
f 360/379/360 372/392/372 371/403/371 359/390/359
f 361/391/361 373/404/373 384/405/384 372/392/372
f 362/393/362 374/406/374 373/407/373 361/394/361
f 363/395/363 375/408/375 374/406/374 362/393/362
f 364/396/364 376/409/376 375/408/375 363/395/363
f 365/397/365 377/410/377 376/409/376 364/396/364
f 366/398/366 378/411/378 377/410/377 365/397/365
f 367/399/367 379/412/379 378/411/378 366/398/366
f 368/400/368 380/413/380 379/412/379 367/399/367
f 369/401/369 381/414/381 380/413/380 368/400/368
f 370/402/370 382/415/382 381/414/381 369/401/369
f 371/403/371 383/416/383 382/415/382 370/402/370
f 372/392/372 384/405/384 383/416/383 371/403/371
f 373/404/373 385/417/385 396/418/396 384/405/384
f 374/406/374 386/419/386 385/420/385 373/407/373
f 375/408/375 387/421/387 386/419/386 374/406/374
f 376/409/376 388/422/388 387/421/387 375/408/375
f 377/410/377 389/423/389 388/422/388 376/409/376
f 378/411/378 390/424/390 389/423/389 377/410/377
f 379/412/379 391/425/391 390/424/390 378/411/378
f 380/413/380 392/426/392 391/425/391 379/412/379
f 381/414/381 393/427/393 392/426/392 380/413/380
f 382/415/382 394/428/394 393/427/393 381/414/381
f 383/416/383 395/429/395 394/428/394 382/415/382
f 384/405/384 396/418/396 395/429/395 383/416/383
f 385/417/385 397/430/397 408/431/408 396/418/396
f 386/419/386 398/432/398 397/433/397 385/420/385
f 387/421/387 399/434/399 398/432/398 386/419/386
f 388/422/388 400/435/400 399/434/399 387/421/387
f 389/423/389 401/436/401 400/435/400 388/422/388
f 390/424/390 402/437/402 401/436/401 389/423/389
f 391/425/391 403/438/403 402/437/402 390/424/390
f 392/426/392 404/439/404 403/438/403 391/425/391
f 393/427/393 405/440/405 404/439/404 392/426/392
f 394/428/394 406/441/406 405/440/405 393/427/393
f 395/429/395 407/442/407 406/441/406 394/428/394
f 396/418/396 408/431/408 407/442/407 395/429/395
f 397/430/397 409/443/409 420/444/420 408/431/408
f 398/432/398 410/445/410 409/446/409 397/433/397
f 399/434/399 411/447/411 410/445/410 398/432/398
f 400/435/400 412/448/412 411/447/411 399/434/399
f 401/436/401 413/449/413 412/448/412 400/435/400
f 402/437/402 414/450/414 413/449/413 401/436/401
f 403/438/403 415/451/415 414/450/414 402/437/402
f 404/439/404 416/452/416 415/451/415 403/438/403
f 405/440/405 417/453/417 416/452/416 404/439/404
f 406/441/406 418/454/418 417/453/417 405/440/405
f 407/442/407 419/455/419 418/454/418 406/441/406
f 408/431/408 420/444/420 419/455/419 407/442/407
f 409/443/409 421/456/421 432/457/432 420/444/420
f 410/445/410 422/458/422 421/459/421 409/446/409
f 411/447/411 423/460/423 422/458/422 410/445/410
f 412/448/412 424/461/424 423/460/423 411/447/411
f 413/449/413 425/462/425 424/461/424 412/448/412
f 414/450/414 426/463/426 425/462/425 413/449/413
f 415/451/415 427/464/427 426/463/426 414/450/414
f 416/452/416 428/465/428 427/464/427 415/451/415
f 417/453/417 429/466/429 428/465/428 416/452/416
f 418/454/418 430/467/430 429/466/429 417/453/417
f 419/455/419 431/468/431 430/467/430 418/454/418
f 420/444/420 432/457/432 431/468/431 419/455/419
f 421/456/421 433/469/433 444/470/444 432/457/432
f 422/458/422 434/471/434 433/472/433 421/459/421
f 423/460/423 435/473/435 434/471/434 422/458/422
f 424/461/424 436/474/436 435/473/435 423/460/423
f 425/462/425 437/475/437 436/474/436 424/461/424
f 426/463/426 438/476/438 437/475/437 425/462/425
f 427/464/427 439/477/439 438/476/438 426/463/426
f 428/465/428 440/478/440 439/477/439 427/464/427
f 429/466/429 441/479/441 440/478/440 428/465/428
f 430/467/430 442/480/442 441/479/441 429/466/429
f 431/468/431 443/481/443 442/480/442 430/467/430
f 432/457/432 444/470/444 443/481/443 431/468/431
f 433/469/433 445/482/445 456/483/456 444/470/444
f 434/471/434 446/484/446 445/485/445 433/472/433
f 435/473/435 447/486/447 446/484/446 434/471/434
f 436/474/436 448/487/448 447/486/447 435/473/435
f 437/475/437 449/488/449 448/487/448 436/474/436
f 438/476/438 450/489/450 449/488/449 437/475/437
f 439/477/439 451/490/451 450/489/450 438/476/438
f 440/478/440 452/491/452 451/490/451 439/477/439
f 441/479/441 453/492/453 452/491/452 440/478/440
f 442/480/442 454/493/454 453/492/453 441/479/441
f 443/481/443 455/494/455 454/493/454 442/480/442
f 444/470/444 456/483/456 455/494/455 443/481/443
f 445/482/445 457/495/457 468/496/468 456/483/456
f 446/484/446 458/497/458 457/498/457 445/485/445
f 447/486/447 459/499/459 458/497/458 446/484/446
f 448/487/448 460/500/460 459/499/459 447/486/447
f 449/488/449 461/501/461 460/500/460 448/487/448
f 450/489/450 462/502/462 461/501/461 449/488/449
f 451/490/451 463/503/463 462/502/462 450/489/450
f 452/491/452 464/504/464 463/503/463 451/490/451
f 453/492/453 465/505/465 464/504/464 452/491/452
f 454/493/454 466/506/466 465/505/465 453/492/453
f 455/494/455 467/507/467 466/506/466 454/493/454
f 456/483/456 468/496/468 467/507/467 455/494/455
o ベジエカーブ.001
v -0.145077 0.796519 -1.729816
v -0.121343 0.812981 -1.745629
v -0.089380 0.819007 -1.750770
v -0.057753 0.812981 -1.743861
v -0.034934 0.796519 -1.726753
v -0.027040 0.774031 -1.704030
v -0.036185 0.751543 -1.681781
v -0.059918 0.735080 -1.665967
v -0.091881 0.729055 -1.660826
v -0.123509 0.735080 -1.667736
v -0.146327 0.751543 -1.684844
v -0.154222 0.774031 -1.707566
v -0.141856 0.678529 -1.838586
v -0.118084 0.693571 -1.855704
v -0.086108 0.699121 -1.861281
v -0.054497 0.693692 -1.853824
v -0.031720 0.678740 -1.835331
v -0.023880 0.658270 -1.810757
v -0.033079 0.637767 -1.786686
v -0.056852 0.622726 -1.769569
v -0.088827 0.617176 -1.763992
v -0.120439 0.622604 -1.771448
v -0.143216 0.637557 -1.789942
v -0.151055 0.658027 -1.814515
v -0.138625 0.555688 -1.932790
v -0.114806 0.568957 -1.951255
v -0.082814 0.573914 -1.957283
v -0.051222 0.569230 -1.949260
v -0.028495 0.556160 -1.929335
v -0.020722 0.538206 -1.902847
v -0.029986 0.520180 -1.876894
v -0.053805 0.506910 -1.858429
v -0.085796 0.501953 -1.852401
v -0.117388 0.506637 -1.860424
v -0.140115 0.519707 -1.880348
v -0.147889 0.537661 -1.906837
v -0.135397 0.428114 -2.010526
v -0.111521 0.439137 -2.030345
v -0.079511 0.443342 -2.036827
v -0.047942 0.439602 -2.028235
v -0.025275 0.428918 -2.006871
v -0.017583 0.414154 -1.978459
v -0.026926 0.399265 -1.950613
v -0.050801 0.388241 -1.930794
v -0.082812 0.384037 -1.924312
v -0.114380 0.387777 -1.932904
v -0.137047 0.398461 -1.954268
v -0.144740 0.413225 -1.982680
v -0.132189 0.295997 -2.069763
v -0.108246 0.304225 -2.090820
v -0.076213 0.307494 -2.097716
v -0.044673 0.304928 -2.088604
v -0.022078 0.297215 -2.065925
v -0.014481 0.286421 -2.035756
v -0.023919 0.275439 -2.006181
v -0.047863 0.267210 -1.985125
v -0.079896 0.263941 -1.978228
v -0.111435 0.266507 -1.987341
v -0.134031 0.274221 -2.010019
v -0.141627 0.285015 -2.040188
v -0.129022 0.159627 -2.108380
v -0.105001 0.164501 -2.130371
v -0.072941 0.166647 -2.137580
v -0.041434 0.165491 -2.128075
v -0.018922 0.161341 -2.104403
v -0.011436 0.155311 -2.072908
v -0.020983 0.149016 -2.042028
v -0.045004 0.144142 -2.020037
v -0.077063 0.141996 -2.012828
v -0.108570 0.143152 -2.022332
v -0.131083 0.147302 -2.046004
v -0.138568 0.153332 -2.077500
v -0.125919 0.019480 -2.124213
v -0.101814 0.020557 -2.146621
v -0.069726 0.021432 -2.153971
v -0.038255 0.021871 -2.144290
v -0.015831 0.021755 -2.120175
v -0.008465 0.021116 -2.088086
v -0.018129 0.020125 -2.056622
v -0.042234 0.019048 -2.034214
v -0.074321 0.018173 -2.026865
v -0.105793 0.017734 -2.036545
v -0.128216 0.017850 -2.060660
v -0.135583 0.018489 -2.092749
v -0.122908 -0.123752 -2.115188
v -0.098719 -0.126649 -2.137344
v -0.066604 -0.127105 -2.144608
v -0.035167 -0.124996 -2.135034
v -0.012833 -0.120889 -2.111187
v -0.005585 -0.115884 -2.079458
v -0.015366 -0.111321 -2.048347
v -0.039554 -0.108423 -2.026191
v -0.071670 -0.107968 -2.018926
v -0.103106 -0.110076 -2.028500
v -0.125441 -0.114184 -2.052347
v -0.132689 -0.119190 -2.084077
v -0.120019 -0.269258 -2.079451
v -0.095754 -0.275966 -2.100678
v -0.063614 -0.277697 -2.107632
v -0.032209 -0.273988 -2.098448
v -0.009955 -0.265832 -2.075588
v -0.002814 -0.255415 -2.045176
v -0.012701 -0.245528 -2.015362
v -0.036965 -0.238820 -1.994135
v -0.069106 -0.237089 -1.987181
v -0.100511 -0.240798 -1.996365
v -0.122765 -0.248955 -2.019225
v -0.129905 -0.259371 -2.049637
v -0.117277 -0.416307 -2.015387
v -0.092950 -0.426371 -2.035168
v -0.060788 -0.429225 -2.041637
v -0.029410 -0.424106 -2.033061
v -0.007222 -0.412384 -2.011738
v -0.000171 -0.397200 -1.983382
v -0.010145 -0.382624 -1.955589
v -0.034472 -0.372559 -1.935808
v -0.066634 -0.369705 -1.929339
v -0.098012 -0.374824 -1.937916
v -0.120200 -0.386546 -1.959238
v -0.127251 -0.401730 -1.987595
v -0.114703 -0.564380 -1.921500
v -0.090328 -0.577202 -1.939551
v -0.058150 -0.580980 -1.945441
v -0.026792 -0.574701 -1.937592
v -0.004656 -0.560050 -1.918107
v 0.002328 -0.540950 -1.892207
v -0.007714 -0.522520 -1.866832
v -0.032089 -0.509698 -1.848782
v -0.064266 -0.505920 -1.842892
v -0.095625 -0.512199 -1.850741
v -0.117761 -0.526850 -1.870226
v -0.124744 -0.545950 -1.896126
v -0.112314 -0.713176 -1.796262
v -0.087904 -0.728156 -1.812514
v -0.055714 -0.732656 -1.817802
v -0.024371 -0.725471 -1.810708
v -0.002271 -0.708526 -1.793135
v 0.004663 -0.686361 -1.769789
v -0.005427 -0.664915 -1.746927
v -0.029837 -0.649935 -1.730676
v -0.062026 -0.645435 -1.725388
v -0.093370 -0.652620 -1.732482
v -0.115470 -0.669565 -1.750055
v -0.122403 -0.691730 -1.773401
v -0.110122 -0.862554 -1.637990
v -0.085688 -0.879203 -1.652485
v -0.053490 -0.884263 -1.657185
v -0.022157 -0.876376 -1.650829
v -0.000083 -0.857657 -1.635122
v 0.006815 -0.833122 -1.614270
v -0.003309 -0.809344 -1.593863
v -0.027743 -0.792694 -1.579367
v -0.059941 -0.787635 -1.574667
v -0.091274 -0.795521 -1.581023
v -0.113347 -0.814240 -1.596731
v -0.120246 -0.838776 -1.617582
vn -0.8523 0.3417 -0.3959
vn -0.4790 0.5879 -0.6519
vn 0.0202 0.6779 -0.7348
vn 0.5142 0.5889 -0.6236
vn 0.8729 0.3434 -0.3466
vn 0.9997 0.0054 0.0238
vn 0.8581 -0.3352 0.3889
vn 0.4845 -0.5858 0.6497
vn -0.0206 -0.6781 0.7347
vn -0.5202 -0.5866 0.6208
vn -0.8785 -0.3366 0.3390
vn -0.9994 0.0036 -0.0335
vn -0.8517 0.3239 -0.4120
vn -0.4782 0.5579 -0.6783
vn 0.0212 0.6440 -0.7648
vn 0.5150 0.5599 -0.6491
vn 0.8732 0.3273 -0.3612
vn 0.9997 0.0067 0.0238
vn 0.8582 -0.3169 0.4038
vn 0.4844 -0.5557 0.6757
vn -0.0216 -0.6442 0.7646
vn -0.5216 -0.5575 0.6458
vn -0.8795 -0.3200 0.3523
vn -0.9994 0.0029 -0.0352
vn -0.8500 0.2827 -0.4446
vn -0.4758 0.4887 -0.7313
vn 0.0232 0.5654 -0.8245
vn 0.5161 0.4931 -0.7003
vn 0.8736 0.2902 -0.3907
vn 0.9997 0.0093 0.0241
vn 0.8578 -0.2754 0.4340
vn 0.4831 -0.4866 0.7279
vn -0.0237 -0.5658 0.8242
vn -0.5240 -0.4908 0.6961
vn -0.8810 -0.2827 0.3793
vn -0.9993 0.0007 -0.0386
vn -0.8480 0.2302 -0.4775
vn -0.4730 0.4010 -0.7845
vn 0.0256 0.4659 -0.8845
vn 0.5176 0.4084 -0.7519
vn 0.8741 0.2429 -0.4205
vn 0.9996 0.0121 0.0240
vn 0.8571 -0.2232 0.4642
vn 0.4816 -0.3990 0.7803
vn -0.0263 -0.4664 0.8842
vn -0.5269 -0.4062 0.7466
vn -0.8828 -0.2358 0.4062
vn -0.9991 -0.0025 -0.0423
vn -0.8456 0.1645 -0.5078
vn -0.4697 0.2917 -0.8333
vn 0.0286 0.3421 -0.9392
vn 0.5195 0.3028 -0.7991
vn 0.8749 0.1837 -0.4481
vn 0.9996 0.0151 0.0236
vn 0.8563 -0.1586 0.4915
vn 0.4797 -0.2901 0.8281
vn -0.0293 -0.3426 0.9390
vn -0.5302 -0.3012 0.7926
vn -0.8849 -0.1777 0.4305
vn -0.9989 -0.0070 -0.0461
vn -0.8431 0.0853 -0.5309
vn -0.4660 0.1605 -0.8701
vn 0.0320 0.1935 -0.9806
vn 0.5218 0.1760 -0.8347
vn 0.8760 0.1121 -0.4692
vn 0.9996 0.0181 0.0229
vn 0.8552 -0.0814 0.5118
vn 0.4773 -0.1595 0.8642
vn -0.0328 -0.1940 0.9804
vn -0.5338 -0.1752 0.8273
vn -0.8871 -0.1085 0.4486
vn -0.9987 -0.0130 -0.0493
vn -0.8407 -0.0047 -0.5415
vn -0.4624 0.0120 -0.8866
vn 0.0357 0.0255 -0.9990
vn 0.5245 0.0324 -0.8508
vn 0.8774 0.0308 -0.4788
vn 0.9995 0.0210 0.0222
vn 0.8538 0.0054 0.5206
vn 0.4745 -0.0118 0.8802
vn -0.0366 -0.0258 0.9990
vn -0.5374 -0.0327 0.8427
vn -0.8893 -0.0306 0.4563
vn -0.9985 -0.0203 -0.0511
vn -0.8386 -0.0991 -0.5356
vn -0.4590 -0.1436 -0.8767
vn 0.0394 -0.1504 -0.9878
vn 0.5276 -0.1180 -0.8413
vn 0.8791 -0.0545 -0.4735
vn 0.9995 0.0238 0.0218
vn 0.8519 0.0962 0.5147
vn 0.4713 0.1429 0.8703
vn -0.0403 0.1504 0.9878
vn -0.5406 0.1165 0.8331
vn -0.8911 0.0508 0.4510
vn -0.9983 -0.0282 -0.0508
vn -0.8371 -0.1895 -0.5131
vn -0.4563 -0.2927 -0.8403
vn 0.0428 -0.3190 -0.9468
vn 0.5307 -0.2621 -0.8060
vn 0.8810 -0.1361 -0.4532
vn 0.9994 0.0266 0.0218
vn 0.8499 0.1834 0.4940
vn 0.4681 0.2912 0.8343
vn -0.0436 0.3194 0.9466
vn -0.5432 0.2596 0.7985
vn -0.8924 0.1290 0.4325
vn -0.9982 -0.0355 -0.0483
vn -0.8362 -0.2688 -0.4780
vn -0.4544 -0.4240 -0.7835
vn 0.0456 -0.4676 -0.8828
vn 0.5337 -0.3889 -0.7510
vn 0.8828 -0.2077 -0.4213
vn 0.9993 0.0297 0.0219
vn 0.8479 0.2606 0.4618
vn 0.4650 0.4219 0.7783
vn -0.0463 0.4680 0.8825
vn -0.5449 0.3857 0.7445
vn -0.8931 0.1983 0.4038
vn -0.9982 -0.0415 -0.0443
vn -0.8358 -0.3335 -0.4361
vn -0.4531 -0.5318 -0.7155
vn 0.0477 -0.5898 -0.8061
vn 0.5362 -0.4930 -0.6852
vn 0.8845 -0.2660 -0.3833
vn 0.9992 0.0328 0.0219
vn 0.8460 0.3244 0.4231
vn 0.4625 0.5293 0.7113
vn -0.0484 0.5901 0.8059
vn -0.5460 0.4894 0.6800
vn -0.8934 0.2558 0.3693
vn -0.9982 -0.0458 -0.0397
vn -0.8357 -0.3838 -0.3927
vn -0.4524 -0.6161 -0.6448
vn 0.0493 -0.6854 -0.7265
vn 0.5382 -0.5744 -0.6168
vn 0.8859 -0.3113 -0.3439
vn 0.9991 0.0357 0.0215
vn 0.8444 0.3747 0.3828
vn 0.4604 0.6135 0.6416
vn -0.0499 0.6856 0.7262
vn -0.5465 0.5708 0.6128
vn -0.8935 0.3011 0.3332
vn -0.9982 -0.0487 -0.0352
vn -0.8356 -0.4052 -0.3709
vn -0.4519 -0.6519 -0.6090
vn 0.0499 -0.7260 -0.6859
vn 0.5387 -0.6090 -0.5822
vn 0.8864 -0.3305 -0.3242
vn 0.9991 0.0375 0.0215
vn 0.8432 0.3967 0.3627
vn 0.4588 0.6494 0.6064
vn -0.0504 0.7261 0.6857
vn -0.5460 0.6056 0.5789
vn -0.8930 0.3211 0.3153
vn -0.9982 -0.0494 -0.0329
vt 0.000000 1.000000
vt 0.083333 1.000000
vt 0.083333 0.916667
vt 0.000000 0.916667
vt 0.000000 0.083333
vt 0.083333 0.083333
vt 0.083333 0.000000
vt 0.000000 0.000000
vt 0.000000 0.166667
vt 0.083333 0.166667
vt 0.000000 0.250000
vt 0.083333 0.250000
vt 0.000000 0.333333
vt 0.083333 0.333333
vt 0.000000 0.416667
vt 0.083333 0.416667
vt 0.000000 0.500000
vt 0.083333 0.500000
vt 0.000000 0.583333
vt 0.083333 0.583333
vt 0.000000 0.666667
vt 0.083333 0.666667
vt 0.000000 0.750000
vt 0.083333 0.750000
vt 0.000000 0.833333
vt 0.083333 0.833333
vt 0.166667 1.000000
vt 0.166667 0.916667
vt 0.166667 0.083333
vt 0.166667 0.000000
vt 0.166667 0.166667
vt 0.166667 0.250000
vt 0.166667 0.333333
vt 0.166667 0.416667
vt 0.166667 0.500000
vt 0.166667 0.583333
vt 0.166667 0.666667
vt 0.166667 0.750000
vt 0.166667 0.833333
vt 0.250000 1.000000
vt 0.250000 0.916667
vt 0.250000 0.083333
vt 0.250000 0.000000
vt 0.250000 0.166667
vt 0.250000 0.250000
vt 0.250000 0.333333
vt 0.250000 0.416667
vt 0.250000 0.500000
vt 0.250000 0.583333
vt 0.250000 0.666667
vt 0.250000 0.750000
vt 0.250000 0.833333
vt 0.333333 1.000000
vt 0.333333 0.916667
vt 0.333333 0.083333
vt 0.333333 0.000000
vt 0.333333 0.166667
vt 0.333333 0.250000
vt 0.333333 0.333333
vt 0.333333 0.416667
vt 0.333333 0.500000
vt 0.333333 0.583333
vt 0.333333 0.666667
vt 0.333333 0.750000
vt 0.333333 0.833333
vt 0.416667 1.000000
vt 0.416667 0.916667
vt 0.416667 0.083333
vt 0.416667 0.000000
vt 0.416667 0.166667
vt 0.416667 0.250000
vt 0.416667 0.333333
vt 0.416667 0.416667
vt 0.416667 0.500000
vt 0.416667 0.583333
vt 0.416667 0.666667
vt 0.416667 0.750000
vt 0.416667 0.833333
vt 0.500000 1.000000
vt 0.500000 0.916667
vt 0.500000 0.083333
vt 0.500000 0.000000
vt 0.500000 0.166667
vt 0.500000 0.250000
vt 0.500000 0.333333
vt 0.500000 0.416667
vt 0.500000 0.500000
vt 0.500000 0.583333
vt 0.500000 0.666667
vt 0.500000 0.750000
vt 0.500000 0.833333
vt 0.583333 1.000000
vt 0.583333 0.916667
vt 0.583333 0.083333
vt 0.583333 0.000000
vt 0.583333 0.166667
vt 0.583333 0.250000
vt 0.583333 0.333333
vt 0.583333 0.416667
vt 0.583333 0.500000
vt 0.583333 0.583333
vt 0.583333 0.666667
vt 0.583333 0.750000
vt 0.583333 0.833333
vt 0.666667 1.000000
vt 0.666667 0.916667
vt 0.666667 0.083333
vt 0.666667 0.000000
vt 0.666667 0.166667
vt 0.666667 0.250000
vt 0.666667 0.333333
vt 0.666667 0.416667
vt 0.666667 0.500000
vt 0.666667 0.583333
vt 0.666667 0.666667
vt 0.666667 0.750000
vt 0.666667 0.833333
vt 0.750000 1.000000
vt 0.750000 0.916667
vt 0.750000 0.083333
vt 0.750000 0.000000
vt 0.750000 0.166667
vt 0.750000 0.250000
vt 0.750000 0.333333
vt 0.750000 0.416667
vt 0.750000 0.500000
vt 0.750000 0.583333
vt 0.750000 0.666667
vt 0.750000 0.750000
vt 0.750000 0.833333
vt 0.833333 1.000000
vt 0.833333 0.916667
vt 0.833333 0.083333
vt 0.833333 0.000000
vt 0.833333 0.166667
vt 0.833333 0.250000
vt 0.833333 0.333333
vt 0.833333 0.416667
vt 0.833333 0.500000
vt 0.833333 0.583333
vt 0.833333 0.666667
vt 0.833333 0.750000
vt 0.833333 0.833333
vt 0.916667 1.000000
vt 0.916667 0.916667
vt 0.916667 0.083333
vt 0.916667 0.000000
vt 0.916667 0.166667
vt 0.916667 0.250000
vt 0.916667 0.333333
vt 0.916667 0.416667
vt 0.916667 0.500000
vt 0.916667 0.583333
vt 0.916667 0.666667
vt 0.916667 0.750000
vt 0.916667 0.833333
vt 1.000000 1.000000
vt 1.000000 0.916667
vt 1.000000 0.083333
vt 1.000000 0.000000
vt 1.000000 0.166667
vt 1.000000 0.250000
vt 1.000000 0.333333
vt 1.000000 0.416667
vt 1.000000 0.500000
vt 1.000000 0.583333
vt 1.000000 0.666667
vt 1.000000 0.750000
vt 1.000000 0.833333
s 1
f 469/508/469 481/509/481 492/510/492 480/511/480
f 470/512/470 482/513/482 481/514/481 469/515/469
f 471/516/471 483/517/483 482/513/482 470/512/470
f 472/518/472 484/519/484 483/517/483 471/516/471
f 473/520/473 485/521/485 484/519/484 472/518/472
f 474/522/474 486/523/486 485/521/485 473/520/473
f 475/524/475 487/525/487 486/523/486 474/522/474
f 476/526/476 488/527/488 487/525/487 475/524/475
f 477/528/477 489/529/489 488/527/488 476/526/476
f 478/530/478 490/531/490 489/529/489 477/528/477
f 479/532/479 491/533/491 490/531/490 478/530/478
f 480/511/480 492/510/492 491/533/491 479/532/479
f 481/509/481 493/534/493 504/535/504 492/510/492
f 482/513/482 494/536/494 493/537/493 481/514/481
f 483/517/483 495/538/495 494/536/494 482/513/482
f 484/519/484 496/539/496 495/538/495 483/517/483
f 485/521/485 497/540/497 496/539/496 484/519/484
f 486/523/486 498/541/498 497/540/497 485/521/485
f 487/525/487 499/542/499 498/541/498 486/523/486
f 488/527/488 500/543/500 499/542/499 487/525/487
f 489/529/489 501/544/501 500/543/500 488/527/488
f 490/531/490 502/545/502 501/544/501 489/529/489
f 491/533/491 503/546/503 502/545/502 490/531/490
f 492/510/492 504/535/504 503/546/503 491/533/491
f 493/534/493 505/547/505 516/548/516 504/535/504
f 494/536/494 506/549/506 505/550/505 493/537/493
f 495/538/495 507/551/507 506/549/506 494/536/494
f 496/539/496 508/552/508 507/551/507 495/538/495
f 497/540/497 509/553/509 508/552/508 496/539/496
f 498/541/498 510/554/510 509/553/509 497/540/497
f 499/542/499 511/555/511 510/554/510 498/541/498
f 500/543/500 512/556/512 511/555/511 499/542/499
f 501/544/501 513/557/513 512/556/512 500/543/500
f 502/545/502 514/558/514 513/557/513 501/544/501
f 503/546/503 515/559/515 514/558/514 502/545/502
f 504/535/504 516/548/516 515/559/515 503/546/503
f 505/547/505 517/560/517 528/561/528 516/548/516
f 506/549/506 518/562/518 517/563/517 505/550/505
f 507/551/507 519/564/519 518/562/518 506/549/506
f 508/552/508 520/565/520 519/564/519 507/551/507
f 509/553/509 521/566/521 520/565/520 508/552/508
f 510/554/510 522/567/522 521/566/521 509/553/509
f 511/555/511 523/568/523 522/567/522 510/554/510
f 512/556/512 524/569/524 523/568/523 511/555/511
f 513/557/513 525/570/525 524/569/524 512/556/512
f 514/558/514 526/571/526 525/570/525 513/557/513
f 515/559/515 527/572/527 526/571/526 514/558/514
f 516/548/516 528/561/528 527/572/527 515/559/515
f 517/560/517 529/573/529 540/574/540 528/561/528
f 518/562/518 530/575/530 529/576/529 517/563/517
f 519/564/519 531/577/531 530/575/530 518/562/518
f 520/565/520 532/578/532 531/577/531 519/564/519
f 521/566/521 533/579/533 532/578/532 520/565/520
f 522/567/522 534/580/534 533/579/533 521/566/521
f 523/568/523 535/581/535 534/580/534 522/567/522
f 524/569/524 536/582/536 535/581/535 523/568/523
f 525/570/525 537/583/537 536/582/536 524/569/524
f 526/571/526 538/584/538 537/583/537 525/570/525
f 527/572/527 539/585/539 538/584/538 526/571/526
f 528/561/528 540/574/540 539/585/539 527/572/527
f 529/573/529 541/586/541 552/587/552 540/574/540
f 530/575/530 542/588/542 541/589/541 529/576/529
f 531/577/531 543/590/543 542/588/542 530/575/530
f 532/578/532 544/591/544 543/590/543 531/577/531
f 533/579/533 545/592/545 544/591/544 532/578/532
f 534/580/534 546/593/546 545/592/545 533/579/533
f 535/581/535 547/594/547 546/593/546 534/580/534
f 536/582/536 548/595/548 547/594/547 535/581/535
f 537/583/537 549/596/549 548/595/548 536/582/536
f 538/584/538 550/597/550 549/596/549 537/583/537
f 539/585/539 551/598/551 550/597/550 538/584/538
f 540/574/540 552/587/552 551/598/551 539/585/539
f 541/586/541 553/599/553 564/600/564 552/587/552
f 542/588/542 554/601/554 553/602/553 541/589/541
f 543/590/543 555/603/555 554/601/554 542/588/542
f 544/591/544 556/604/556 555/603/555 543/590/543
f 545/592/545 557/605/557 556/604/556 544/591/544
f 546/593/546 558/606/558 557/605/557 545/592/545
f 547/594/547 559/607/559 558/606/558 546/593/546
f 548/595/548 560/608/560 559/607/559 547/594/547
f 549/596/549 561/609/561 560/608/560 548/595/548
f 550/597/550 562/610/562 561/609/561 549/596/549
f 551/598/551 563/611/563 562/610/562 550/597/550
f 552/587/552 564/600/564 563/611/563 551/598/551
f 553/599/553 565/612/565 576/613/576 564/600/564
f 554/601/554 566/614/566 565/615/565 553/602/553
f 555/603/555 567/616/567 566/614/566 554/601/554
f 556/604/556 568/617/568 567/616/567 555/603/555
f 557/605/557 569/618/569 568/617/568 556/604/556
f 558/606/558 570/619/570 569/618/569 557/605/557
f 559/607/559 571/620/571 570/619/570 558/606/558
f 560/608/560 572/621/572 571/620/571 559/607/559
f 561/609/561 573/622/573 572/621/572 560/608/560
f 562/610/562 574/623/574 573/622/573 561/609/561
f 563/611/563 575/624/575 574/623/574 562/610/562
f 564/600/564 576/613/576 575/624/575 563/611/563
f 565/612/565 577/625/577 588/626/588 576/613/576
f 566/614/566 578/627/578 577/628/577 565/615/565
f 567/616/567 579/629/579 578/627/578 566/614/566
f 568/617/568 580/630/580 579/629/579 567/616/567
f 569/618/569 581/631/581 580/630/580 568/617/568
f 570/619/570 582/632/582 581/631/581 569/618/569
f 571/620/571 583/633/583 582/632/582 570/619/570
f 572/621/572 584/634/584 583/633/583 571/620/571
f 573/622/573 585/635/585 584/634/584 572/621/572
f 574/623/574 586/636/586 585/635/585 573/622/573
f 575/624/575 587/637/587 586/636/586 574/623/574
f 576/613/576 588/626/588 587/637/587 575/624/575
f 577/625/577 589/638/589 600/639/600 588/626/588
f 578/627/578 590/640/590 589/641/589 577/628/577
f 579/629/579 591/642/591 590/640/590 578/627/578
f 580/630/580 592/643/592 591/642/591 579/629/579
f 581/631/581 593/644/593 592/643/592 580/630/580
f 582/632/582 594/645/594 593/644/593 581/631/581
f 583/633/583 595/646/595 594/645/594 582/632/582
f 584/634/584 596/647/596 595/646/595 583/633/583
f 585/635/585 597/648/597 596/647/596 584/634/584
f 586/636/586 598/649/598 597/648/597 585/635/585
f 587/637/587 599/650/599 598/649/598 586/636/586
f 588/626/588 600/639/600 599/650/599 587/637/587
f 589/638/589 601/651/601 612/652/612 600/639/600
f 590/640/590 602/653/602 601/654/601 589/641/589
f 591/642/591 603/655/603 602/653/602 590/640/590
f 592/643/592 604/656/604 603/655/603 591/642/591
f 593/644/593 605/657/605 604/656/604 592/643/592
f 594/645/594 606/658/606 605/657/605 593/644/593
f 595/646/595 607/659/607 606/658/606 594/645/594
f 596/647/596 608/660/608 607/659/607 595/646/595
f 597/648/597 609/661/609 608/660/608 596/647/596
f 598/649/598 610/662/610 609/661/609 597/648/597
f 599/650/599 611/663/611 610/662/610 598/649/598
f 600/639/600 612/652/612 611/663/611 599/650/599
f 601/651/601 613/664/613 624/665/624 612/652/612
f 602/653/602 614/666/614 613/667/613 601/654/601
f 603/655/603 615/668/615 614/666/614 602/653/602
f 604/656/604 616/669/616 615/668/615 603/655/603
f 605/657/605 617/670/617 616/669/616 604/656/604
f 606/658/606 618/671/618 617/670/617 605/657/605
f 607/659/607 619/672/619 618/671/618 606/658/606
f 608/660/608 620/673/620 619/672/619 607/659/607
f 609/661/609 621/674/621 620/673/620 608/660/608
f 610/662/610 622/675/622 621/674/621 609/661/609
f 611/663/611 623/676/623 622/675/622 610/662/610
f 612/652/612 624/665/624 623/676/623 611/663/611
o ベジエカーブ.002
v -0.095732 0.799587 -2.467103
v -0.069689 0.817652 -2.484456
v -0.034616 0.824264 -2.490098
v 0.000089 0.817652 -2.482516
v 0.025128 0.799587 -2.463743
v 0.033790 0.774911 -2.438809
v 0.023756 0.750235 -2.414394
v -0.002287 0.732170 -2.397042
v -0.037361 0.725558 -2.391401
v -0.072066 0.732170 -2.398982
v -0.097105 0.750234 -2.417755
v -0.105767 0.774911 -2.442689
v -0.092199 0.670116 -2.586458
v -0.066113 0.686621 -2.605242
v -0.031026 0.692711 -2.611362
v 0.003662 0.686755 -2.603179
v 0.028656 0.670347 -2.582886
v 0.037258 0.647885 -2.555921
v 0.027164 0.625388 -2.529508
v 0.001078 0.608882 -2.510725
v -0.034009 0.602792 -2.504605
v -0.068697 0.608749 -2.512787
v -0.093691 0.625157 -2.533080
v -0.102293 0.647619 -2.560046
v -0.088652 0.535321 -2.689829
v -0.062516 0.549882 -2.710091
v -0.027411 0.555321 -2.716706
v 0.007255 0.550181 -2.707902
v 0.032194 0.535839 -2.686038
v 0.040724 0.516138 -2.656973
v 0.030558 0.496358 -2.628494
v 0.004422 0.481797 -2.608232
v -0.030683 0.476358 -2.601617
v -0.065349 0.481498 -2.610421
v -0.090288 0.495839 -2.632285
v -0.098818 0.515540 -2.661350
v -0.085110 0.395333 -2.775130
v -0.058911 0.407429 -2.796877
v -0.023786 0.412043 -2.803990
v 0.010854 0.407938 -2.794562
v 0.035727 0.396215 -2.771119
v 0.044168 0.380014 -2.739943
v 0.033916 0.363677 -2.709387
v 0.007717 0.351580 -2.687639
v -0.027408 0.346966 -2.680527
v -0.062049 0.351071 -2.689955
v -0.086922 0.362794 -2.713398
v -0.095363 0.378995 -2.744574
v -0.081591 0.250360 -2.840131
v -0.055317 0.259389 -2.863236
v -0.020167 0.262976 -2.870804
v 0.014442 0.260160 -2.860806
v 0.039236 0.251696 -2.835920
v 0.047571 0.239852 -2.802815
v 0.037215 0.227801 -2.770362
v 0.010942 0.218772 -2.747257
v -0.024209 0.215185 -2.739689
v -0.058817 0.218000 -2.749688
v -0.083611 0.226464 -2.774574
v -0.091947 0.238309 -2.807678
v -0.078115 0.100720 -2.882506
v -0.051756 0.106068 -2.906637
v -0.016578 0.108423 -2.914547
v 0.017995 0.107153 -2.904118
v 0.042699 0.102600 -2.878142
v 0.050913 0.095983 -2.843582
v 0.040437 0.089075 -2.809697
v 0.014079 0.083727 -2.785566
v -0.021100 0.081372 -2.777656
v -0.055673 0.082642 -2.788085
v -0.080376 0.087195 -2.814060
v -0.088591 0.093812 -2.848621
v -0.074710 -0.053066 -2.899880
v -0.048259 -0.051884 -2.924469
v -0.013050 -0.050923 -2.932533
v 0.021485 -0.050442 -2.921911
v 0.046090 -0.050569 -2.895449
v 0.054173 -0.051270 -2.860238
v 0.043569 -0.052357 -2.825712
v 0.017118 -0.053540 -2.801123
v -0.018092 -0.054500 -2.793058
v -0.052626 -0.054981 -2.803681
v -0.077231 -0.054854 -2.830142
v -0.085315 -0.054153 -2.865354
v -0.071406 -0.210236 -2.889976
v -0.044864 -0.213415 -2.914288
v -0.009623 -0.213915 -2.922259
v 0.024872 -0.211601 -2.911754
v 0.049380 -0.207094 -2.885586
v 0.057333 -0.201601 -2.850769
v 0.046601 -0.196594 -2.816631
v 0.020058 -0.193415 -2.792319
v -0.015182 -0.192915 -2.784348
v -0.049678 -0.195229 -2.794853
v -0.074186 -0.199736 -2.821021
v -0.082139 -0.205229 -2.855838
v -0.068236 -0.369901 -2.850762
v -0.041610 -0.377262 -2.874055
v -0.006342 -0.379161 -2.881685
v 0.028119 -0.375091 -2.871608
v 0.052538 -0.366141 -2.846522
v 0.060374 -0.354711 -2.813152
v 0.049525 -0.343861 -2.780437
v 0.022899 -0.336501 -2.757143
v -0.012369 -0.334601 -2.749513
v -0.046830 -0.338671 -2.759591
v -0.071249 -0.347621 -2.784676
v -0.079085 -0.359052 -2.818047
v -0.065227 -0.531259 -2.780464
v -0.038533 -0.542302 -2.802170
v -0.003242 -0.545435 -2.809268
v 0.031190 -0.539817 -2.799858
v 0.055537 -0.526954 -2.776460
v 0.063274 -0.510293 -2.745344
v 0.052330 -0.494298 -2.714847
v 0.025635 -0.483254 -2.693141
v -0.009656 -0.480122 -2.686043
v -0.044088 -0.485740 -2.695454
v -0.068434 -0.498603 -2.718852
v -0.076172 -0.515264 -2.749968
v -0.062403 -0.693741 -2.677442
v -0.035656 -0.707811 -2.697248
v -0.000347 -0.711956 -2.703712
v 0.034063 -0.705067 -2.695099
v 0.058353 -0.688989 -2.673717
v 0.066016 -0.668031 -2.645298
v 0.054998 -0.647808 -2.617454
v 0.028251 -0.633739 -2.597646
v -0.007058 -0.629593 -2.591183
v -0.041468 -0.636482 -2.599796
v -0.065759 -0.652560 -2.621177
v -0.073421 -0.673518 -2.649597
v -0.059781 -0.857016 -2.540016
v -0.032996 -0.873454 -2.557849
v 0.002326 -0.878392 -2.563652
v 0.036720 -0.870508 -2.555868
v 0.060970 -0.851914 -2.536584
v 0.068578 -0.827592 -2.510967
v 0.057506 -0.804060 -2.485880
v 0.030721 -0.787622 -2.468047
v -0.004600 -0.782683 -2.462245
v -0.038994 -0.790568 -2.470029
v -0.063244 -0.809162 -2.489312
v -0.070853 -0.833483 -2.514930
v -0.057376 -1.020931 -2.366342
v -0.030564 -1.039200 -2.382248
v 0.004767 -1.044752 -2.387405
v 0.039149 -1.036098 -2.380431
v 0.063370 -1.015558 -2.363194
v 0.070941 -0.988634 -2.340314
v 0.059831 -0.962542 -2.317921
v 0.033019 -0.944273 -2.302014
v -0.002312 -0.938721 -2.296857
v -0.036694 -0.947375 -2.303832
v -0.060915 -0.967916 -2.321068
v -0.068486 -0.994839 -2.343948
vn -0.8523 0.3417 -0.3959
vn -0.4790 0.5879 -0.6519
vn 0.0202 0.6779 -0.7348
vn 0.5142 0.5889 -0.6236
vn 0.8729 0.3434 -0.3466
vn 0.9997 0.0054 0.0238
vn 0.8581 -0.3352 0.3889
vn 0.4845 -0.5858 0.6497
vn -0.0206 -0.6781 0.7347
vn -0.5202 -0.5866 0.6208
vn -0.8785 -0.3366 0.3390
vn -0.9994 0.0036 -0.0335
vn -0.8517 0.3239 -0.4120
vn -0.4782 0.5579 -0.6783
vn 0.0212 0.6440 -0.7648
vn 0.5150 0.5599 -0.6491
vn 0.8732 0.3273 -0.3612
vn 0.9997 0.0067 0.0238
vn 0.8582 -0.3169 0.4038
vn 0.4844 -0.5557 0.6757
vn -0.0216 -0.6442 0.7646
vn -0.5216 -0.5575 0.6458
vn -0.8795 -0.3200 0.3523
vn -0.9994 0.0029 -0.0352
vn -0.8500 0.2827 -0.4446
vn -0.4758 0.4887 -0.7313
vn 0.0232 0.5654 -0.8245
vn 0.5161 0.4931 -0.7003
vn 0.8736 0.2902 -0.3907
vn 0.9997 0.0093 0.0241
vn 0.8578 -0.2754 0.4340
vn 0.4831 -0.4866 0.7279
vn -0.0237 -0.5658 0.8242
vn -0.5240 -0.4908 0.6961
vn -0.8810 -0.2827 0.3793
vn -0.9993 0.0007 -0.0386
vn -0.8480 0.2302 -0.4775
vn -0.4730 0.4010 -0.7845
vn 0.0256 0.4659 -0.8845
vn 0.5176 0.4084 -0.7519
vn 0.8741 0.2429 -0.4205
vn 0.9996 0.0121 0.0240
vn 0.8571 -0.2232 0.4642
vn 0.4816 -0.3990 0.7803
vn -0.0263 -0.4664 0.8842
vn -0.5269 -0.4062 0.7466
vn -0.8828 -0.2358 0.4062
vn -0.9991 -0.0025 -0.0423
vn -0.8456 0.1645 -0.5078
vn -0.4697 0.2917 -0.8333
vn 0.0286 0.3421 -0.9392
vn 0.5195 0.3028 -0.7991
vn 0.8749 0.1837 -0.4481
vn 0.9996 0.0151 0.0236
vn 0.8563 -0.1586 0.4915
vn 0.4797 -0.2901 0.8281
vn -0.0293 -0.3426 0.9390
vn -0.5302 -0.3012 0.7926
vn -0.8849 -0.1777 0.4305
vn -0.9989 -0.0070 -0.0461
vn -0.8431 0.0853 -0.5309
vn -0.4660 0.1605 -0.8701
vn 0.0320 0.1935 -0.9806
vn 0.5218 0.1760 -0.8347
vn 0.8760 0.1121 -0.4692
vn 0.9996 0.0181 0.0229
vn 0.8552 -0.0814 0.5118
vn 0.4773 -0.1595 0.8642
vn -0.0328 -0.1940 0.9804
vn -0.5338 -0.1752 0.8273
vn -0.8871 -0.1085 0.4486
vn -0.9987 -0.0130 -0.0493
vn -0.8407 -0.0047 -0.5415
vn -0.4624 0.0120 -0.8866
vn 0.0357 0.0255 -0.9990
vn 0.5245 0.0324 -0.8508
vn 0.8774 0.0308 -0.4788
vn 0.9995 0.0210 0.0222
vn 0.8538 0.0054 0.5206
vn 0.4745 -0.0118 0.8802
vn -0.0366 -0.0258 0.9990
vn -0.5374 -0.0327 0.8427
vn -0.8893 -0.0306 0.4563
vn -0.9985 -0.0203 -0.0511
vn -0.8386 -0.0991 -0.5356
vn -0.4590 -0.1436 -0.8767
vn 0.0394 -0.1504 -0.9878
vn 0.5276 -0.1180 -0.8413
vn 0.8791 -0.0545 -0.4735
vn 0.9995 0.0238 0.0218
vn 0.8519 0.0962 0.5147
vn 0.4713 0.1429 0.8703
vn -0.0403 0.1504 0.9878
vn -0.5406 0.1165 0.8331
vn -0.8911 0.0508 0.4510
vn -0.9983 -0.0282 -0.0508
vn -0.8371 -0.1895 -0.5131
vn -0.4563 -0.2927 -0.8403
vn 0.0428 -0.3190 -0.9468
vn 0.5307 -0.2621 -0.8060
vn 0.8810 -0.1361 -0.4532
vn 0.9994 0.0266 0.0218
vn 0.8499 0.1834 0.4940
vn 0.4681 0.2912 0.8343
vn -0.0436 0.3194 0.9466
vn -0.5432 0.2596 0.7985
vn -0.8924 0.1290 0.4325
vn -0.9982 -0.0355 -0.0483
vn -0.8362 -0.2688 -0.4780
vn -0.4544 -0.4240 -0.7835
vn 0.0456 -0.4676 -0.8828
vn 0.5337 -0.3889 -0.7510
vn 0.8828 -0.2077 -0.4213
vn 0.9993 0.0297 0.0219
vn 0.8479 0.2606 0.4618
vn 0.4650 0.4219 0.7783
vn -0.0463 0.4680 0.8825
vn -0.5449 0.3857 0.7445
vn -0.8931 0.1983 0.4038
vn -0.9982 -0.0415 -0.0443
vn -0.8358 -0.3335 -0.4361
vn -0.4531 -0.5318 -0.7155
vn 0.0477 -0.5898 -0.8061
vn 0.5362 -0.4930 -0.6852
vn 0.8845 -0.2660 -0.3833
vn 0.9992 0.0328 0.0219
vn 0.8460 0.3244 0.4231
vn 0.4625 0.5293 0.7113
vn -0.0484 0.5901 0.8059
vn -0.5460 0.4894 0.6800
vn -0.8934 0.2558 0.3693
vn -0.9982 -0.0458 -0.0397
vn -0.8357 -0.3838 -0.3927
vn -0.4524 -0.6161 -0.6448
vn 0.0493 -0.6854 -0.7265
vn 0.5382 -0.5744 -0.6168
vn 0.8859 -0.3113 -0.3439
vn 0.9991 0.0357 0.0215
vn 0.8444 0.3747 0.3828
vn 0.4604 0.6135 0.6416
vn -0.0499 0.6856 0.7262
vn -0.5465 0.5708 0.6128
vn -0.8935 0.3011 0.3332
vn -0.9982 -0.0487 -0.0352
vn -0.8356 -0.4052 -0.3709
vn -0.4519 -0.6519 -0.6090
vn 0.0499 -0.7260 -0.6859
vn 0.5387 -0.6090 -0.5822
vn 0.8864 -0.3305 -0.3242
vn 0.9991 0.0375 0.0215
vn 0.8432 0.3967 0.3627
vn 0.4588 0.6494 0.6064
vn -0.0504 0.7261 0.6857
vn -0.5460 0.6056 0.5789
vn -0.8930 0.3211 0.3153
vn -0.9982 -0.0494 -0.0329
vt 0.000000 1.000000
vt 0.083333 1.000000
vt 0.083333 0.916667
vt 0.000000 0.916667
vt 0.000000 0.083333
vt 0.083333 0.083333
vt 0.083333 0.000000
vt 0.000000 0.000000
vt 0.000000 0.166667
vt 0.083333 0.166667
vt 0.000000 0.250000
vt 0.083333 0.250000
vt 0.000000 0.333333
vt 0.083333 0.333333
vt 0.000000 0.416667
vt 0.083333 0.416667
vt 0.000000 0.500000
vt 0.083333 0.500000
vt 0.000000 0.583333
vt 0.083333 0.583333
vt 0.000000 0.666667
vt 0.083333 0.666667
vt 0.000000 0.750000
vt 0.083333 0.750000
vt 0.000000 0.833333
vt 0.083333 0.833333
vt 0.166667 1.000000
vt 0.166667 0.916667
vt 0.166667 0.083333
vt 0.166667 0.000000
vt 0.166667 0.166667
vt 0.166667 0.250000
vt 0.166667 0.333333
vt 0.166667 0.416667
vt 0.166667 0.500000
vt 0.166667 0.583333
vt 0.166667 0.666667
vt 0.166667 0.750000
vt 0.166667 0.833333
vt 0.250000 1.000000
vt 0.250000 0.916667
vt 0.250000 0.083333
vt 0.250000 0.000000
vt 0.250000 0.166667
vt 0.250000 0.250000
vt 0.250000 0.333333
vt 0.250000 0.416667
vt 0.250000 0.500000
vt 0.250000 0.583333
vt 0.250000 0.666667
vt 0.250000 0.750000
vt 0.250000 0.833333
vt 0.333333 1.000000
vt 0.333333 0.916667
vt 0.333333 0.083333
vt 0.333333 0.000000
vt 0.333333 0.166667
vt 0.333333 0.250000
vt 0.333333 0.333333
vt 0.333333 0.416667
vt 0.333333 0.500000
vt 0.333333 0.583333
vt 0.333333 0.666667
vt 0.333333 0.750000
vt 0.333333 0.833333
vt 0.416667 1.000000
vt 0.416667 0.916667
vt 0.416667 0.083333
vt 0.416667 0.000000
vt 0.416667 0.166667
vt 0.416667 0.250000
vt 0.416667 0.333333
vt 0.416667 0.416667
vt 0.416667 0.500000
vt 0.416667 0.583333
vt 0.416667 0.666667
vt 0.416667 0.750000
vt 0.416667 0.833333
vt 0.500000 1.000000
vt 0.500000 0.916667
vt 0.500000 0.083333
vt 0.500000 0.000000
vt 0.500000 0.166667
vt 0.500000 0.250000
vt 0.500000 0.333333
vt 0.500000 0.416667
vt 0.500000 0.500000
vt 0.500000 0.583333
vt 0.500000 0.666667
vt 0.500000 0.750000
vt 0.500000 0.833333
vt 0.583333 1.000000
vt 0.583333 0.916667
vt 0.583333 0.083333
vt 0.583333 0.000000
vt 0.583333 0.166667
vt 0.583333 0.250000
vt 0.583333 0.333333
vt 0.583333 0.416667
vt 0.583333 0.500000
vt 0.583333 0.583333
vt 0.583333 0.666667
vt 0.583333 0.750000
vt 0.583333 0.833333
vt 0.666667 1.000000
vt 0.666667 0.916667
vt 0.666667 0.083333
vt 0.666667 0.000000
vt 0.666667 0.166667
vt 0.666667 0.250000
vt 0.666667 0.333333
vt 0.666667 0.416667
vt 0.666667 0.500000
vt 0.666667 0.583333
vt 0.666667 0.666667
vt 0.666667 0.750000
vt 0.666667 0.833333
vt 0.750000 1.000000
vt 0.750000 0.916667
vt 0.750000 0.083333
vt 0.750000 0.000000
vt 0.750000 0.166667
vt 0.750000 0.250000
vt 0.750000 0.333333
vt 0.750000 0.416667
vt 0.750000 0.500000
vt 0.750000 0.583333
vt 0.750000 0.666667
vt 0.750000 0.750000
vt 0.750000 0.833333
vt 0.833333 1.000000
vt 0.833333 0.916667
vt 0.833333 0.083333
vt 0.833333 0.000000
vt 0.833333 0.166667
vt 0.833333 0.250000
vt 0.833333 0.333333
vt 0.833333 0.416667
vt 0.833333 0.500000
vt 0.833333 0.583333
vt 0.833333 0.666667
vt 0.833333 0.750000
vt 0.833333 0.833333
vt 0.916667 1.000000
vt 0.916667 0.916667
vt 0.916667 0.083333
vt 0.916667 0.000000
vt 0.916667 0.166667
vt 0.916667 0.250000
vt 0.916667 0.333333
vt 0.916667 0.416667
vt 0.916667 0.500000
vt 0.916667 0.583333
vt 0.916667 0.666667
vt 0.916667 0.750000
vt 0.916667 0.833333
vt 1.000000 1.000000
vt 1.000000 0.916667
vt 1.000000 0.083333
vt 1.000000 0.000000
vt 1.000000 0.166667
vt 1.000000 0.250000
vt 1.000000 0.333333
vt 1.000000 0.416667
vt 1.000000 0.500000
vt 1.000000 0.583333
vt 1.000000 0.666667
vt 1.000000 0.750000
vt 1.000000 0.833333
s 1
f 625/677/625 637/678/637 648/679/648 636/680/636
f 626/681/626 638/682/638 637/683/637 625/684/625
f 627/685/627 639/686/639 638/682/638 626/681/626
f 628/687/628 640/688/640 639/686/639 627/685/627
f 629/689/629 641/690/641 640/688/640 628/687/628
f 630/691/630 642/692/642 641/690/641 629/689/629
f 631/693/631 643/694/643 642/692/642 630/691/630
f 632/695/632 644/696/644 643/694/643 631/693/631
f 633/697/633 645/698/645 644/696/644 632/695/632
f 634/699/634 646/700/646 645/698/645 633/697/633
f 635/701/635 647/702/647 646/700/646 634/699/634
f 636/680/636 648/679/648 647/702/647 635/701/635
f 637/678/637 649/703/649 660/704/660 648/679/648
f 638/682/638 650/705/650 649/706/649 637/683/637
f 639/686/639 651/707/651 650/705/650 638/682/638
f 640/688/640 652/708/652 651/707/651 639/686/639
f 641/690/641 653/709/653 652/708/652 640/688/640
f 642/692/642 654/710/654 653/709/653 641/690/641
f 643/694/643 655/711/655 654/710/654 642/692/642
f 644/696/644 656/712/656 655/711/655 643/694/643
f 645/698/645 657/713/657 656/712/656 644/696/644
f 646/700/646 658/714/658 657/713/657 645/698/645
f 647/702/647 659/715/659 658/714/658 646/700/646
f 648/679/648 660/704/660 659/715/659 647/702/647
f 649/703/649 661/716/661 672/717/672 660/704/660
f 650/705/650 662/718/662 661/719/661 649/706/649
f 651/707/651 663/720/663 662/718/662 650/705/650
f 652/708/652 664/721/664 663/720/663 651/707/651
f 653/709/653 665/722/665 664/721/664 652/708/652
f 654/710/654 666/723/666 665/722/665 653/709/653
f 655/711/655 667/724/667 666/723/666 654/710/654
f 656/712/656 668/725/668 667/724/667 655/711/655
f 657/713/657 669/726/669 668/725/668 656/712/656
f 658/714/658 670/727/670 669/726/669 657/713/657
f 659/715/659 671/728/671 670/727/670 658/714/658
f 660/704/660 672/717/672 671/728/671 659/715/659
f 661/716/661 673/729/673 684/730/684 672/717/672
f 662/718/662 674/731/674 673/732/673 661/719/661
f 663/720/663 675/733/675 674/731/674 662/718/662
f 664/721/664 676/734/676 675/733/675 663/720/663
f 665/722/665 677/735/677 676/734/676 664/721/664
f 666/723/666 678/736/678 677/735/677 665/722/665
f 667/724/667 679/737/679 678/736/678 666/723/666
f 668/725/668 680/738/680 679/737/679 667/724/667
f 669/726/669 681/739/681 680/738/680 668/725/668
f 670/727/670 682/740/682 681/739/681 669/726/669
f 671/728/671 683/741/683 682/740/682 670/727/670
f 672/717/672 684/730/684 683/741/683 671/728/671
f 673/729/673 685/742/685 696/743/696 684/730/684
f 674/731/674 686/744/686 685/745/685 673/732/673
f 675/733/675 687/746/687 686/744/686 674/731/674
f 676/734/676 688/747/688 687/746/687 675/733/675
f 677/735/677 689/748/689 688/747/688 676/734/676
f 678/736/678 690/749/690 689/748/689 677/735/677
f 679/737/679 691/750/691 690/749/690 678/736/678
f 680/738/680 692/751/692 691/750/691 679/737/679
f 681/739/681 693/752/693 692/751/692 680/738/680
f 682/740/682 694/753/694 693/752/693 681/739/681
f 683/741/683 695/754/695 694/753/694 682/740/682
f 684/730/684 696/743/696 695/754/695 683/741/683
f 685/742/685 697/755/697 708/756/708 696/743/696
f 686/744/686 698/757/698 697/758/697 685/745/685
f 687/746/687 699/759/699 698/757/698 686/744/686
f 688/747/688 700/760/700 699/759/699 687/746/687
f 689/748/689 701/761/701 700/760/700 688/747/688
f 690/749/690 702/762/702 701/761/701 689/748/689
f 691/750/691 703/763/703 702/762/702 690/749/690
f 692/751/692 704/764/704 703/763/703 691/750/691
f 693/752/693 705/765/705 704/764/704 692/751/692
f 694/753/694 706/766/706 705/765/705 693/752/693
f 695/754/695 707/767/707 706/766/706 694/753/694
f 696/743/696 708/756/708 707/767/707 695/754/695
f 697/755/697 709/768/709 720/769/720 708/756/708
f 698/757/698 710/770/710 709/771/709 697/758/697
f 699/759/699 711/772/711 710/770/710 698/757/698
f 700/760/700 712/773/712 711/772/711 699/759/699
f 701/761/701 713/774/713 712/773/712 700/760/700
f 702/762/702 714/775/714 713/774/713 701/761/701
f 703/763/703 715/776/715 714/775/714 702/762/702
f 704/764/704 716/777/716 715/776/715 703/763/703
f 705/765/705 717/778/717 716/777/716 704/764/704
f 706/766/706 718/779/718 717/778/717 705/765/705
f 707/767/707 719/780/719 718/779/718 706/766/706
f 708/756/708 720/769/720 719/780/719 707/767/707
f 709/768/709 721/781/721 732/782/732 720/769/720
f 710/770/710 722/783/722 721/784/721 709/771/709
f 711/772/711 723/785/723 722/783/722 710/770/710
f 712/773/712 724/786/724 723/785/723 711/772/711
f 713/774/713 725/787/725 724/786/724 712/773/712
f 714/775/714 726/788/726 725/787/725 713/774/713
f 715/776/715 727/789/727 726/788/726 714/775/714
f 716/777/716 728/790/728 727/789/727 715/776/715
f 717/778/717 729/791/729 728/790/728 716/777/716
f 718/779/718 730/792/730 729/791/729 717/778/717
f 719/780/719 731/793/731 730/792/730 718/779/718
f 720/769/720 732/782/732 731/793/731 719/780/719
f 721/781/721 733/794/733 744/795/744 732/782/732
f 722/783/722 734/796/734 733/797/733 721/784/721
f 723/785/723 735/798/735 734/796/734 722/783/722
f 724/786/724 736/799/736 735/798/735 723/785/723
f 725/787/725 737/800/737 736/799/736 724/786/724
f 726/788/726 738/801/738 737/800/737 725/787/725
f 727/789/727 739/802/739 738/801/738 726/788/726
f 728/790/728 740/803/740 739/802/739 727/789/727
f 729/791/729 741/804/741 740/803/740 728/790/728
f 730/792/730 742/805/742 741/804/741 729/791/729
f 731/793/731 743/806/743 742/805/742 730/792/730
f 732/782/732 744/795/744 743/806/743 731/793/731
f 733/794/733 745/807/745 756/808/756 744/795/744
f 734/796/734 746/809/746 745/810/745 733/797/733
f 735/798/735 747/811/747 746/809/746 734/796/734
f 736/799/736 748/812/748 747/811/747 735/798/735
f 737/800/737 749/813/749 748/812/748 736/799/736
f 738/801/738 750/814/750 749/813/749 737/800/737
f 739/802/739 751/815/751 750/814/750 738/801/738
f 740/803/740 752/816/752 751/815/751 739/802/739
f 741/804/741 753/817/753 752/816/752 740/803/740
f 742/805/742 754/818/754 753/817/753 741/804/741
f 743/806/743 755/819/755 754/818/754 742/805/742
f 744/795/744 756/808/756 755/819/755 743/806/743
f 745/807/745 757/820/757 768/821/768 756/808/756
f 746/809/746 758/822/758 757/823/757 745/810/745
f 747/811/747 759/824/759 758/822/758 746/809/746
f 748/812/748 760/825/760 759/824/759 747/811/747
f 749/813/749 761/826/761 760/825/760 748/812/748
f 750/814/750 762/827/762 761/826/761 749/813/749
f 751/815/751 763/828/763 762/827/762 750/814/750
f 752/816/752 764/829/764 763/828/763 751/815/751
f 753/817/753 765/830/765 764/829/764 752/816/752
f 754/818/754 766/831/766 765/830/765 753/817/753
f 755/819/755 767/832/767 766/831/766 754/818/754
f 756/808/756 768/821/768 767/832/767 755/819/755
f 757/820/757 769/833/769 780/834/780 768/821/768
f 758/822/758 770/835/770 769/836/769 757/823/757
f 759/824/759 771/837/771 770/835/770 758/822/758
f 760/825/760 772/838/772 771/837/771 759/824/759
f 761/826/761 773/839/773 772/838/772 760/825/760
f 762/827/762 774/840/774 773/839/773 761/826/761
f 763/828/763 775/841/775 774/840/774 762/827/762
f 764/829/764 776/842/776 775/841/775 763/828/763
f 765/830/765 777/843/777 776/842/776 764/829/764
f 766/831/766 778/844/778 777/843/777 765/830/765
f 767/832/767 779/845/779 778/844/778 766/831/766
f 768/821/768 780/834/780 779/845/779 767/832/767
o ベジエカーブ.002
v -0.095732 0.799587 -2.467103
v -0.069689 0.817652 -2.484456
v -0.034616 0.824264 -2.490098
v 0.000089 0.817652 -2.482516
v 0.025128 0.799587 -2.463743
v 0.033790 0.774911 -2.438809
v 0.023756 0.750235 -2.414394
v -0.002287 0.732170 -2.397042
v -0.037361 0.725558 -2.391401
v -0.072066 0.732170 -2.398982
v -0.097105 0.750234 -2.417755
v -0.105767 0.774911 -2.442689
v -0.092199 0.670116 -2.586458
v -0.066113 0.686621 -2.605242
v -0.031026 0.692711 -2.611362
v 0.003662 0.686755 -2.603179
v 0.028656 0.670347 -2.582886
v 0.037258 0.647885 -2.555921
v 0.027164 0.625388 -2.529508
v 0.001078 0.608882 -2.510725
v -0.034009 0.602792 -2.504605
v -0.068697 0.608749 -2.512787
v -0.093691 0.625157 -2.533080
v -0.102293 0.647619 -2.560046
v -0.088652 0.535321 -2.689829
v -0.062516 0.549882 -2.710091
v -0.027411 0.555321 -2.716706
v 0.007255 0.550181 -2.707902
v 0.032194 0.535839 -2.686038
v 0.040724 0.516138 -2.656973
v 0.030558 0.496358 -2.628494
v 0.004422 0.481797 -2.608232
v -0.030683 0.476358 -2.601617
v -0.065349 0.481498 -2.610421
v -0.090288 0.495839 -2.632285
v -0.098818 0.515540 -2.661350
v -0.085110 0.395333 -2.775130
v -0.058911 0.407429 -2.796877
v -0.023786 0.412043 -2.803990
v 0.010854 0.407938 -2.794562
v 0.035727 0.396215 -2.771119
v 0.044168 0.380014 -2.739943
v 0.033916 0.363677 -2.709387
v 0.007717 0.351580 -2.687639
v -0.027408 0.346966 -2.680527
v -0.062049 0.351071 -2.689955
v -0.086922 0.362794 -2.713398
v -0.095363 0.378995 -2.744574
v -0.081591 0.250360 -2.840131
v -0.055317 0.259389 -2.863236
v -0.020167 0.262976 -2.870804
v 0.014442 0.260160 -2.860806
v 0.039236 0.251696 -2.835920
v 0.047571 0.239852 -2.802815
v 0.037215 0.227801 -2.770362
v 0.010942 0.218772 -2.747257
v -0.024209 0.215185 -2.739689
v -0.058817 0.218000 -2.749688
v -0.083611 0.226464 -2.774574
v -0.091947 0.238309 -2.807678
v -0.078115 0.100720 -2.882506
v -0.051756 0.106068 -2.906637
v -0.016578 0.108423 -2.914547
v 0.017995 0.107153 -2.904118
v 0.042699 0.102600 -2.878142
v 0.050913 0.095983 -2.843582
v 0.040437 0.089075 -2.809697
v 0.014079 0.083727 -2.785566
v -0.021100 0.081372 -2.777656
v -0.055673 0.082642 -2.788085
v -0.080376 0.087195 -2.814060
v -0.088591 0.093812 -2.848621
v -0.074710 -0.053066 -2.899880
v -0.048259 -0.051884 -2.924469
v -0.013050 -0.050923 -2.932533
v 0.021485 -0.050442 -2.921911
v 0.046090 -0.050569 -2.895449
v 0.054173 -0.051270 -2.860238
v 0.043569 -0.052357 -2.825712
v 0.017118 -0.053540 -2.801123
v -0.018092 -0.054500 -2.793058
v -0.052626 -0.054981 -2.803681
v -0.077231 -0.054854 -2.830142
v -0.085315 -0.054153 -2.865354
v -0.071406 -0.210236 -2.889976
v -0.044864 -0.213415 -2.914288
v -0.009623 -0.213915 -2.922259
v 0.024872 -0.211601 -2.911754
v 0.049380 -0.207094 -2.885586
v 0.057333 -0.201601 -2.850769
v 0.046601 -0.196594 -2.816631
v 0.020058 -0.193415 -2.792319
v -0.015182 -0.192915 -2.784348
v -0.049678 -0.195229 -2.794853
v -0.074186 -0.199736 -2.821021
v -0.082139 -0.205229 -2.855838
v -0.068236 -0.369901 -2.850762
v -0.041610 -0.377262 -2.874055
v -0.006342 -0.379161 -2.881685
v 0.028119 -0.375091 -2.871608
v 0.052538 -0.366141 -2.846522
v 0.060374 -0.354711 -2.813152
v 0.049525 -0.343861 -2.780437
v 0.022899 -0.336501 -2.757143
v -0.012369 -0.334601 -2.749513
v -0.046830 -0.338671 -2.759591
v -0.071249 -0.347621 -2.784676
v -0.079085 -0.359052 -2.818047
v -0.065227 -0.531259 -2.780464
v -0.038533 -0.542302 -2.802170
v -0.003242 -0.545435 -2.809268
v 0.031190 -0.539817 -2.799858
v 0.055537 -0.526954 -2.776460
v 0.063274 -0.510293 -2.745344
v 0.052330 -0.494298 -2.714847
v 0.025635 -0.483254 -2.693141
v -0.009656 -0.480122 -2.686043
v -0.044088 -0.485740 -2.695454
v -0.068434 -0.498603 -2.718852
v -0.076172 -0.515264 -2.749968
v -0.062403 -0.693741 -2.677442
v -0.035656 -0.707811 -2.697248
v -0.000347 -0.711956 -2.703712
v 0.034063 -0.705067 -2.695099
v 0.058353 -0.688989 -2.673717
v 0.066016 -0.668031 -2.645298
v 0.054998 -0.647808 -2.617454
v 0.028251 -0.633739 -2.597646
v -0.007058 -0.629593 -2.591183
v -0.041468 -0.636482 -2.599796
v -0.065759 -0.652560 -2.621177
v -0.073421 -0.673518 -2.649597
v -0.059781 -0.857016 -2.540016
v -0.032996 -0.873454 -2.557849
v 0.002326 -0.878392 -2.563652
v 0.036720 -0.870508 -2.555868
v 0.060970 -0.851914 -2.536584
v 0.068578 -0.827592 -2.510967
v 0.057506 -0.804060 -2.485880
v 0.030721 -0.787622 -2.468047
v -0.004600 -0.782683 -2.462245
v -0.038994 -0.790568 -2.470029
v -0.063244 -0.809162 -2.489312
v -0.070853 -0.833483 -2.514930
v -0.057376 -1.020931 -2.366342
v -0.030564 -1.039200 -2.382248
v 0.004767 -1.044752 -2.387405
v 0.039149 -1.036098 -2.380431
v 0.063370 -1.015558 -2.363194
v 0.070941 -0.988634 -2.340314
v 0.059831 -0.962542 -2.317921
v 0.033019 -0.944273 -2.302014
v -0.002312 -0.938721 -2.296857
v -0.036694 -0.947375 -2.303832
v -0.060915 -0.967916 -2.321068
v -0.068486 -0.994839 -2.343948
vn -0.8523 0.3417 -0.3959
vn -0.4790 0.5879 -0.6519
vn 0.0202 0.6779 -0.7348
vn 0.5142 0.5889 -0.6236
vn 0.8729 0.3434 -0.3466
vn 0.9997 0.0054 0.0238
vn 0.8581 -0.3352 0.3889
vn 0.4845 -0.5858 0.6497
vn -0.0206 -0.6781 0.7347
vn -0.5202 -0.5866 0.6208
vn -0.8785 -0.3366 0.3390
vn -0.9994 0.0036 -0.0335
vn -0.8517 0.3239 -0.4120
vn -0.4782 0.5579 -0.6783
vn 0.0212 0.6440 -0.7648
vn 0.5150 0.5599 -0.6491
vn 0.8732 0.3273 -0.3612
vn 0.9997 0.0067 0.0238
vn 0.8582 -0.3169 0.4038
vn 0.4844 -0.5557 0.6757
vn -0.0216 -0.6442 0.7646
vn -0.5216 -0.5575 0.6458
vn -0.8795 -0.3200 0.3523
vn -0.9994 0.0029 -0.0352
vn -0.8500 0.2827 -0.4446
vn -0.4758 0.4887 -0.7313
vn 0.0232 0.5654 -0.8245
vn 0.5161 0.4931 -0.7003
vn 0.8736 0.2902 -0.3907
vn 0.9997 0.0093 0.0241
vn 0.8578 -0.2754 0.4340
vn 0.4831 -0.4866 0.7279
vn -0.0237 -0.5658 0.8242
vn -0.5240 -0.4908 0.6961
vn -0.8810 -0.2827 0.3793
vn -0.9993 0.0007 -0.0386
vn -0.8480 0.2302 -0.4775
vn -0.4730 0.4010 -0.7845
vn 0.0256 0.4659 -0.8845
vn 0.5176 0.4084 -0.7519
vn 0.8741 0.2429 -0.4205
vn 0.9996 0.0121 0.0240
vn 0.8571 -0.2232 0.4642
vn 0.4816 -0.3990 0.7803
vn -0.0263 -0.4664 0.8842
vn -0.5269 -0.4062 0.7466
vn -0.8828 -0.2358 0.4062
vn -0.9991 -0.0025 -0.0423
vn -0.8456 0.1645 -0.5078
vn -0.4697 0.2917 -0.8333
vn 0.0286 0.3421 -0.9392
vn 0.5195 0.3028 -0.7991
vn 0.8749 0.1837 -0.4481
vn 0.9996 0.0151 0.0236
vn 0.8563 -0.1586 0.4915
vn 0.4797 -0.2901 0.8281
vn -0.0293 -0.3426 0.9390
vn -0.5302 -0.3012 0.7926
vn -0.8849 -0.1777 0.4305
vn -0.9989 -0.0070 -0.0461
vn -0.8431 0.0853 -0.5309
vn -0.4660 0.1605 -0.8701
vn 0.0320 0.1935 -0.9806
vn 0.5218 0.1760 -0.8347
vn 0.8760 0.1121 -0.4692
vn 0.9996 0.0181 0.0229
vn 0.8552 -0.0814 0.5118
vn 0.4773 -0.1595 0.8642
vn -0.0328 -0.1940 0.9804
vn -0.5338 -0.1752 0.8273
vn -0.8871 -0.1085 0.4486
vn -0.9987 -0.0130 -0.0493
vn -0.8407 -0.0047 -0.5415
vn -0.4624 0.0120 -0.8866
vn 0.0357 0.0255 -0.9990
vn 0.5245 0.0324 -0.8508
vn 0.8774 0.0308 -0.4788
vn 0.9995 0.0210 0.0222
vn 0.8538 0.0054 0.5206
vn 0.4745 -0.0118 0.8802
vn -0.0366 -0.0258 0.9990
vn -0.5374 -0.0327 0.8427
vn -0.8893 -0.0306 0.4563
vn -0.9985 -0.0203 -0.0511
vn -0.8386 -0.0991 -0.5356
vn -0.4590 -0.1436 -0.8767
vn 0.0394 -0.1504 -0.9878
vn 0.5276 -0.1180 -0.8413
vn 0.8791 -0.0545 -0.4735
vn 0.9995 0.0238 0.0218
vn 0.8519 0.0962 0.5147
vn 0.4713 0.1429 0.8703
vn -0.0403 0.1504 0.9878
vn -0.5406 0.1165 0.8331
vn -0.8911 0.0508 0.4510
vn -0.9983 -0.0282 -0.0508
vn -0.8371 -0.1895 -0.5131
vn -0.4563 -0.2927 -0.8403
vn 0.0428 -0.3190 -0.9468
vn 0.5307 -0.2621 -0.8060
vn 0.8810 -0.1361 -0.4532
vn 0.9994 0.0266 0.0218
vn 0.8499 0.1834 0.4940
vn 0.4681 0.2912 0.8343
vn -0.0436 0.3194 0.9466
vn -0.5432 0.2596 0.7985
vn -0.8924 0.1290 0.4325
vn -0.9982 -0.0355 -0.0483
vn -0.8362 -0.2688 -0.4780
vn -0.4544 -0.4240 -0.7835
vn 0.0456 -0.4676 -0.8828
vn 0.5337 -0.3889 -0.7510
vn 0.8828 -0.2077 -0.4213
vn 0.9993 0.0297 0.0219
vn 0.8479 0.2606 0.4618
vn 0.4650 0.4219 0.7783
vn -0.0463 0.4680 0.8825
vn -0.5449 0.3857 0.7445
vn -0.8931 0.1983 0.4038
vn -0.9982 -0.0415 -0.0443
vn -0.8358 -0.3335 -0.4361
vn -0.4531 -0.5318 -0.7155
vn 0.0477 -0.5898 -0.8061
vn 0.5362 -0.4930 -0.6852
vn 0.8845 -0.2660 -0.3833
vn 0.9992 0.0328 0.0219
vn 0.8460 0.3244 0.4231
vn 0.4625 0.5293 0.7113
vn -0.0484 0.5901 0.8059
vn -0.5460 0.4894 0.6800
vn -0.8934 0.2558 0.3693
vn -0.9982 -0.0458 -0.0397
vn -0.8357 -0.3838 -0.3927
vn -0.4524 -0.6161 -0.6448
vn 0.0493 -0.6854 -0.7265
vn 0.5382 -0.5744 -0.6168
vn 0.8859 -0.3113 -0.3439
vn 0.9991 0.0357 0.0215
vn 0.8444 0.3747 0.3828
vn 0.4604 0.6135 0.6416
vn -0.0499 0.6856 0.7262
vn -0.5465 0.5708 0.6128
vn -0.8935 0.3011 0.3332
vn -0.9982 -0.0487 -0.0352
vn -0.8356 -0.4052 -0.3709
vn -0.4519 -0.6519 -0.6090
vn 0.0499 -0.7260 -0.6859
vn 0.5387 -0.6090 -0.5822
vn 0.8864 -0.3305 -0.3242
vn 0.9991 0.0375 0.0215
vn 0.8432 0.3967 0.3627
vn 0.4588 0.6494 0.6064
vn -0.0504 0.7261 0.6857
vn -0.5460 0.6056 0.5789
vn -0.8930 0.3211 0.3153
vn -0.9982 -0.0494 -0.0329
vt 0.000000 1.000000
vt 0.083333 1.000000
vt 0.083333 0.916667
vt 0.000000 0.916667
vt 0.000000 0.083333
vt 0.083333 0.083333
vt 0.083333 0.000000
vt 0.000000 0.000000
vt 0.000000 0.166667
vt 0.083333 0.166667
vt 0.000000 0.250000
vt 0.083333 0.250000
vt 0.000000 0.333333
vt 0.083333 0.333333
vt 0.000000 0.416667
vt 0.083333 0.416667
vt 0.000000 0.500000
vt 0.083333 0.500000
vt 0.000000 0.583333
vt 0.083333 0.583333
vt 0.000000 0.666667
vt 0.083333 0.666667
vt 0.000000 0.750000
vt 0.083333 0.750000
vt 0.000000 0.833333
vt 0.083333 0.833333
vt 0.166667 1.000000
vt 0.166667 0.916667
vt 0.166667 0.083333
vt 0.166667 0.000000
vt 0.166667 0.166667
vt 0.166667 0.250000
vt 0.166667 0.333333
vt 0.166667 0.416667
vt 0.166667 0.500000
vt 0.166667 0.583333
vt 0.166667 0.666667
vt 0.166667 0.750000
vt 0.166667 0.833333
vt 0.250000 1.000000
vt 0.250000 0.916667
vt 0.250000 0.083333
vt 0.250000 0.000000
vt 0.250000 0.166667
vt 0.250000 0.250000
vt 0.250000 0.333333
vt 0.250000 0.416667
vt 0.250000 0.500000
vt 0.250000 0.583333
vt 0.250000 0.666667
vt 0.250000 0.750000
vt 0.250000 0.833333
vt 0.333333 1.000000
vt 0.333333 0.916667
vt 0.333333 0.083333
vt 0.333333 0.000000
vt 0.333333 0.166667
vt 0.333333 0.250000
vt 0.333333 0.333333
vt 0.333333 0.416667
vt 0.333333 0.500000
vt 0.333333 0.583333
vt 0.333333 0.666667
vt 0.333333 0.750000
vt 0.333333 0.833333
vt 0.416667 1.000000
vt 0.416667 0.916667
vt 0.416667 0.083333
vt 0.416667 0.000000
vt 0.416667 0.166667
vt 0.416667 0.250000
vt 0.416667 0.333333
vt 0.416667 0.416667
vt 0.416667 0.500000
vt 0.416667 0.583333
vt 0.416667 0.666667
vt 0.416667 0.750000
vt 0.416667 0.833333
vt 0.500000 1.000000
vt 0.500000 0.916667
vt 0.500000 0.083333
vt 0.500000 0.000000
vt 0.500000 0.166667
vt 0.500000 0.250000
vt 0.500000 0.333333
vt 0.500000 0.416667
vt 0.500000 0.500000
vt 0.500000 0.583333
vt 0.500000 0.666667
vt 0.500000 0.750000
vt 0.500000 0.833333
vt 0.583333 1.000000
vt 0.583333 0.916667
vt 0.583333 0.083333
vt 0.583333 0.000000
vt 0.583333 0.166667
vt 0.583333 0.250000
vt 0.583333 0.333333
vt 0.583333 0.416667
vt 0.583333 0.500000
vt 0.583333 0.583333
vt 0.583333 0.666667
vt 0.583333 0.750000
vt 0.583333 0.833333
vt 0.666667 1.000000
vt 0.666667 0.916667
vt 0.666667 0.083333
vt 0.666667 0.000000
vt 0.666667 0.166667
vt 0.666667 0.250000
vt 0.666667 0.333333
vt 0.666667 0.416667
vt 0.666667 0.500000
vt 0.666667 0.583333
vt 0.666667 0.666667
vt 0.666667 0.750000
vt 0.666667 0.833333
vt 0.750000 1.000000
vt 0.750000 0.916667
vt 0.750000 0.083333
vt 0.750000 0.000000
vt 0.750000 0.166667
vt 0.750000 0.250000
vt 0.750000 0.333333
vt 0.750000 0.416667
vt 0.750000 0.500000
vt 0.750000 0.583333
vt 0.750000 0.666667
vt 0.750000 0.750000
vt 0.750000 0.833333
vt 0.833333 1.000000
vt 0.833333 0.916667
vt 0.833333 0.083333
vt 0.833333 0.000000
vt 0.833333 0.166667
vt 0.833333 0.250000
vt 0.833333 0.333333
vt 0.833333 0.416667
vt 0.833333 0.500000
vt 0.833333 0.583333
vt 0.833333 0.666667
vt 0.833333 0.750000
vt 0.833333 0.833333
vt 0.916667 1.000000
vt 0.916667 0.916667
vt 0.916667 0.083333
vt 0.916667 0.000000
vt 0.916667 0.166667
vt 0.916667 0.250000
vt 0.916667 0.333333
vt 0.916667 0.416667
vt 0.916667 0.500000
vt 0.916667 0.583333
vt 0.916667 0.666667
vt 0.916667 0.750000
vt 0.916667 0.833333
vt 1.000000 1.000000
vt 1.000000 0.916667
vt 1.000000 0.083333
vt 1.000000 0.000000
vt 1.000000 0.166667
vt 1.000000 0.250000
vt 1.000000 0.333333
vt 1.000000 0.416667
vt 1.000000 0.500000
vt 1.000000 0.583333
vt 1.000000 0.666667
vt 1.000000 0.750000
vt 1.000000 0.833333
s 1
f 781/846/781 793/847/793 804/848/804 792/849/792
f 782/850/782 794/851/794 793/852/793 781/853/781
f 783/854/783 795/855/795 794/851/794 782/850/782
f 784/856/784 796/857/796 795/855/795 783/854/783
f 785/858/785 797/859/797 796/857/796 784/856/784
f 786/860/786 798/861/798 797/859/797 785/858/785
f 787/862/787 799/863/799 798/861/798 786/860/786
f 788/864/788 800/865/800 799/863/799 787/862/787
f 789/866/789 801/867/801 800/865/800 788/864/788
f 790/868/790 802/869/802 801/867/801 789/866/789
f 791/870/791 803/871/803 802/869/802 790/868/790
f 792/849/792 804/848/804 803/871/803 791/870/791
f 793/847/793 805/872/805 816/873/816 804/848/804
f 794/851/794 806/874/806 805/875/805 793/852/793
f 795/855/795 807/876/807 806/874/806 794/851/794
f 796/857/796 808/877/808 807/876/807 795/855/795
f 797/859/797 809/878/809 808/877/808 796/857/796
f 798/861/798 810/879/810 809/878/809 797/859/797
f 799/863/799 811/880/811 810/879/810 798/861/798
f 800/865/800 812/881/812 811/880/811 799/863/799
f 801/867/801 813/882/813 812/881/812 800/865/800
f 802/869/802 814/883/814 813/882/813 801/867/801
f 803/871/803 815/884/815 814/883/814 802/869/802
f 804/848/804 816/873/816 815/884/815 803/871/803
f 805/872/805 817/885/817 828/886/828 816/873/816
f 806/874/806 818/887/818 817/888/817 805/875/805
f 807/876/807 819/889/819 818/887/818 806/874/806
f 808/877/808 820/890/820 819/889/819 807/876/807
f 809/878/809 821/891/821 820/890/820 808/877/808
f 810/879/810 822/892/822 821/891/821 809/878/809
f 811/880/811 823/893/823 822/892/822 810/879/810
f 812/881/812 824/894/824 823/893/823 811/880/811
f 813/882/813 825/895/825 824/894/824 812/881/812
f 814/883/814 826/896/826 825/895/825 813/882/813
f 815/884/815 827/897/827 826/896/826 814/883/814
f 816/873/816 828/886/828 827/897/827 815/884/815
f 817/885/817 829/898/829 840/899/840 828/886/828
f 818/887/818 830/900/830 829/901/829 817/888/817
f 819/889/819 831/902/831 830/900/830 818/887/818
f 820/890/820 832/903/832 831/902/831 819/889/819
f 821/891/821 833/904/833 832/903/832 820/890/820
f 822/892/822 834/905/834 833/904/833 821/891/821
f 823/893/823 835/906/835 834/905/834 822/892/822
f 824/894/824 836/907/836 835/906/835 823/893/823
f 825/895/825 837/908/837 836/907/836 824/894/824
f 826/896/826 838/909/838 837/908/837 825/895/825
f 827/897/827 839/910/839 838/909/838 826/896/826
f 828/886/828 840/899/840 839/910/839 827/897/827
f 829/898/829 841/911/841 852/912/852 840/899/840
f 830/900/830 842/913/842 841/914/841 829/901/829
f 831/902/831 843/915/843 842/913/842 830/900/830
f 832/903/832 844/916/844 843/915/843 831/902/831
f 833/904/833 845/917/845 844/916/844 832/903/832
f 834/905/834 846/918/846 845/917/845 833/904/833
f 835/906/835 847/919/847 846/918/846 834/905/834
f 836/907/836 848/920/848 847/919/847 835/906/835
f 837/908/837 849/921/849 848/920/848 836/907/836
f 838/909/838 850/922/850 849/921/849 837/908/837
f 839/910/839 851/923/851 850/922/850 838/909/838
f 840/899/840 852/912/852 851/923/851 839/910/839
f 841/911/841 853/924/853 864/925/864 852/912/852
f 842/913/842 854/926/854 853/927/853 841/914/841
f 843/915/843 855/928/855 854/926/854 842/913/842
f 844/916/844 856/929/856 855/928/855 843/915/843
f 845/917/845 857/930/857 856/929/856 844/916/844
f 846/918/846 858/931/858 857/930/857 845/917/845
f 847/919/847 859/932/859 858/931/858 846/918/846
f 848/920/848 860/933/860 859/932/859 847/919/847
f 849/921/849 861/934/861 860/933/860 848/920/848
f 850/922/850 862/935/862 861/934/861 849/921/849
f 851/923/851 863/936/863 862/935/862 850/922/850
f 852/912/852 864/925/864 863/936/863 851/923/851
f 853/924/853 865/937/865 876/938/876 864/925/864
f 854/926/854 866/939/866 865/940/865 853/927/853
f 855/928/855 867/941/867 866/939/866 854/926/854
f 856/929/856 868/942/868 867/941/867 855/928/855
f 857/930/857 869/943/869 868/942/868 856/929/856
f 858/931/858 870/944/870 869/943/869 857/930/857
f 859/932/859 871/945/871 870/944/870 858/931/858
f 860/933/860 872/946/872 871/945/871 859/932/859
f 861/934/861 873/947/873 872/946/872 860/933/860
f 862/935/862 874/948/874 873/947/873 861/934/861
f 863/936/863 875/949/875 874/948/874 862/935/862
f 864/925/864 876/938/876 875/949/875 863/936/863
f 865/937/865 877/950/877 888/951/888 876/938/876
f 866/939/866 878/952/878 877/953/877 865/940/865
f 867/941/867 879/954/879 878/952/878 866/939/866
f 868/942/868 880/955/880 879/954/879 867/941/867
f 869/943/869 881/956/881 880/955/880 868/942/868
f 870/944/870 882/957/882 881/956/881 869/943/869
f 871/945/871 883/958/883 882/957/882 870/944/870
f 872/946/872 884/959/884 883/958/883 871/945/871
f 873/947/873 885/960/885 884/959/884 872/946/872
f 874/948/874 886/961/886 885/960/885 873/947/873
f 875/949/875 887/962/887 886/961/886 874/948/874
f 876/938/876 888/951/888 887/962/887 875/949/875
f 877/950/877 889/963/889 900/964/900 888/951/888
f 878/952/878 890/965/890 889/966/889 877/953/877
f 879/954/879 891/967/891 890/965/890 878/952/878
f 880/955/880 892/968/892 891/967/891 879/954/879
f 881/956/881 893/969/893 892/968/892 880/955/880
f 882/957/882 894/970/894 893/969/893 881/956/881
f 883/958/883 895/971/895 894/970/894 882/957/882
f 884/959/884 896/972/896 895/971/895 883/958/883
f 885/960/885 897/973/897 896/972/896 884/959/884
f 886/961/886 898/974/898 897/973/897 885/960/885
f 887/962/887 899/975/899 898/974/898 886/961/886
f 888/951/888 900/964/900 899/975/899 887/962/887
f 889/963/889 901/976/901 912/977/912 900/964/900
f 890/965/890 902/978/902 901/979/901 889/966/889
f 891/967/891 903/980/903 902/978/902 890/965/890
f 892/968/892 904/981/904 903/980/903 891/967/891
f 893/969/893 905/982/905 904/981/904 892/968/892
f 894/970/894 906/983/906 905/982/905 893/969/893
f 895/971/895 907/984/907 906/983/906 894/970/894
f 896/972/896 908/985/908 907/984/907 895/971/895
f 897/973/897 909/986/909 908/985/908 896/972/896
f 898/974/898 910/987/910 909/986/909 897/973/897
f 899/975/899 911/988/911 910/987/910 898/974/898
f 900/964/900 912/977/912 911/988/911 899/975/899
f 901/976/901 913/989/913 924/990/924 912/977/912
f 902/978/902 914/991/914 913/992/913 901/979/901
f 903/980/903 915/993/915 914/991/914 902/978/902
f 904/981/904 916/994/916 915/993/915 903/980/903
f 905/982/905 917/995/917 916/994/916 904/981/904
f 906/983/906 918/996/918 917/995/917 905/982/905
f 907/984/907 919/997/919 918/996/918 906/983/906
f 908/985/908 920/998/920 919/997/919 907/984/907
f 909/986/909 921/999/921 920/998/920 908/985/908
f 910/987/910 922/1000/922 921/999/921 909/986/909
f 911/988/911 923/1001/923 922/1000/922 910/987/910
f 912/977/912 924/990/924 923/1001/923 911/988/911
f 913/989/913 925/1002/925 936/1003/936 924/990/924
f 914/991/914 926/1004/926 925/1005/925 913/992/913
f 915/993/915 927/1006/927 926/1004/926 914/991/914
f 916/994/916 928/1007/928 927/1006/927 915/993/915
f 917/995/917 929/1008/929 928/1007/928 916/994/916
f 918/996/918 930/1009/930 929/1008/929 917/995/917
f 919/997/919 931/1010/931 930/1009/930 918/996/918
f 920/998/920 932/1011/932 931/1010/931 919/997/919
f 921/999/921 933/1012/933 932/1011/932 920/998/920
f 922/1000/922 934/1013/934 933/1012/933 921/999/921
f 923/1001/923 935/1014/935 934/1013/934 922/1000/922
f 924/990/924 936/1003/936 935/1014/935 923/1001/923
o ベジエカーブ.003
v -0.071033 0.645254 -3.334293
v -0.050111 0.659766 -3.348233
v -0.021935 0.665078 -3.352766
v 0.005946 0.659766 -3.346675
v 0.026061 0.645254 -3.331594
v 0.033021 0.625430 -3.311563
v 0.024959 0.605606 -3.291949
v 0.004037 0.591094 -3.278009
v -0.024139 0.585782 -3.273477
v -0.052020 0.591094 -3.279567
v -0.072135 0.605606 -3.294649
v -0.079094 0.625430 -3.314680
v -0.068194 0.541242 -3.430178
v -0.047238 0.554502 -3.445268
v -0.019050 0.559394 -3.450185
v 0.008817 0.554609 -3.443611
v 0.028895 0.541428 -3.427309
v 0.035806 0.523383 -3.405646
v 0.027697 0.505309 -3.384427
v 0.006741 0.492049 -3.369337
v -0.021447 0.487157 -3.364420
v -0.049314 0.491942 -3.370994
v -0.069393 0.505124 -3.387296
v -0.076303 0.523169 -3.408959
v -0.065345 0.432953 -3.513222
v -0.044348 0.444650 -3.529500
v -0.016146 0.449020 -3.534814
v 0.011703 0.444891 -3.527742
v 0.031738 0.433369 -3.510177
v 0.038590 0.417543 -3.486827
v 0.030424 0.401651 -3.463948
v 0.009427 0.389954 -3.447670
v -0.018775 0.385584 -3.442356
v -0.046624 0.389713 -3.449429
v -0.066659 0.401235 -3.466993
v -0.073512 0.417062 -3.490344
v -0.062500 0.320492 -3.581749
v -0.041452 0.330210 -3.599221
v -0.013234 0.333916 -3.604934
v 0.014594 0.330619 -3.597360
v 0.034576 0.321201 -3.578527
v 0.041358 0.308186 -3.553481
v 0.033121 0.295061 -3.528934
v 0.012074 0.285343 -3.511463
v -0.016144 0.281636 -3.505749
v -0.043973 0.284934 -3.513323
v -0.063955 0.294352 -3.532156
v -0.070736 0.307367 -3.557202
v -0.059672 0.204027 -3.633969
v -0.038565 0.211280 -3.652531
v -0.010327 0.214162 -3.658610
v 0.017477 0.211900 -3.650578
v 0.037395 0.205100 -3.630586
v 0.044092 0.195585 -3.603991
v 0.035772 0.185903 -3.577919
v 0.014665 0.178650 -3.559357
v -0.013574 0.175768 -3.553278
v -0.041377 0.178030 -3.561311
v -0.061295 0.184830 -3.581303
v -0.067992 0.194345 -3.607898
v -0.056880 0.083812 -3.668011
v -0.035704 0.088108 -3.687397
v -0.007443 0.090000 -3.693752
v 0.020331 0.088980 -3.685373
v 0.040177 0.085322 -3.664506
v 0.046776 0.080007 -3.636741
v 0.038360 0.074457 -3.609519
v 0.017185 0.070161 -3.590134
v -0.011076 0.068269 -3.583779
v -0.038851 0.069288 -3.592158
v -0.058697 0.072946 -3.613025
v -0.065296 0.078262 -3.640789
v -0.054144 -0.039734 -3.681969
v -0.032895 -0.038784 -3.701723
v -0.004609 -0.038013 -3.708201
v 0.023135 -0.037626 -3.699667
v 0.042902 -0.037728 -3.678409
v 0.049395 -0.038291 -3.650122
v 0.040876 -0.039164 -3.622385
v 0.019627 -0.040114 -3.602631
v -0.008659 -0.040886 -3.596153
v -0.036403 -0.041272 -3.604686
v -0.056170 -0.041170 -3.625945
v -0.062664 -0.040607 -3.654232
v -0.051490 -0.165998 -3.674012
v -0.030167 -0.168552 -3.693544
v -0.001856 -0.168953 -3.699948
v 0.025856 -0.167094 -3.691508
v 0.045545 -0.163474 -3.670486
v 0.051934 -0.159061 -3.642515
v 0.043312 -0.155039 -3.615090
v 0.021989 -0.152485 -3.595558
v -0.006322 -0.152083 -3.589155
v -0.034034 -0.153942 -3.597595
v -0.053723 -0.157563 -3.618617
v -0.060112 -0.161975 -3.646587
v -0.048943 -0.294267 -3.642509
v -0.027553 -0.300180 -3.661222
v 0.000780 -0.301706 -3.667352
v 0.028464 -0.298436 -3.659256
v 0.048082 -0.291246 -3.639103
v 0.054376 -0.282063 -3.612295
v 0.045661 -0.273347 -3.586013
v 0.024271 -0.267434 -3.567300
v -0.004062 -0.265908 -3.561170
v -0.031746 -0.269178 -3.569266
v -0.051364 -0.276368 -3.589418
v -0.057659 -0.285551 -3.616227
v -0.046526 -0.423895 -3.586035
v -0.025081 -0.432767 -3.603473
v 0.003270 -0.435283 -3.609175
v 0.030932 -0.430770 -3.601615
v 0.050491 -0.420437 -3.582818
v 0.056707 -0.407052 -3.557821
v 0.047914 -0.394202 -3.533321
v 0.026469 -0.385330 -3.515883
v -0.001883 -0.382813 -3.510181
v -0.029544 -0.387326 -3.517741
v -0.049103 -0.397660 -3.536538
v -0.055319 -0.411045 -3.561535
v -0.044258 -0.554427 -3.503270
v -0.022770 -0.565730 -3.519183
v 0.005596 -0.569060 -3.524375
v 0.033239 -0.563525 -3.517456
v 0.052753 -0.550609 -3.500279
v 0.058909 -0.533772 -3.477448
v 0.050058 -0.517526 -3.455078
v 0.028570 -0.506223 -3.439166
v 0.000204 -0.502892 -3.433974
v -0.027439 -0.508427 -3.440893
v -0.046953 -0.521343 -3.458070
v -0.053109 -0.538181 -3.480901
v -0.042151 -0.685595 -3.392868
v -0.020633 -0.698801 -3.407195
v 0.007743 -0.702768 -3.411856
v 0.035374 -0.696434 -3.405603
v 0.054855 -0.681496 -3.390111
v 0.060968 -0.661957 -3.369531
v 0.052073 -0.643052 -3.349378
v 0.030555 -0.629847 -3.335052
v 0.002179 -0.625880 -3.330390
v -0.025452 -0.632213 -3.336643
v -0.044933 -0.647151 -3.352135
v -0.051046 -0.666690 -3.372715
v -0.040219 -0.817278 -3.253345
v -0.018679 -0.831955 -3.266124
v 0.009704 -0.836415 -3.270267
v 0.037325 -0.829463 -3.264664
v 0.056784 -0.812961 -3.250817
v 0.062865 -0.791332 -3.232436
v 0.053941 -0.770371 -3.214446
v 0.032401 -0.755694 -3.201667
v 0.004018 -0.751234 -3.197525
v -0.023604 -0.758186 -3.203127
v -0.043062 -0.774688 -3.216974
v -0.049144 -0.796317 -3.235355
vn -0.8523 0.3417 -0.3959
vn -0.4790 0.5879 -0.6519
vn 0.0202 0.6779 -0.7348
vn 0.5142 0.5889 -0.6236
vn 0.8729 0.3434 -0.3466
vn 0.9997 0.0054 0.0238
vn 0.8581 -0.3352 0.3889
vn 0.4845 -0.5858 0.6497
vn -0.0206 -0.6781 0.7347
vn -0.5202 -0.5866 0.6208
vn -0.8785 -0.3366 0.3390
vn -0.9994 0.0036 -0.0335
vn -0.8517 0.3239 -0.4120
vn -0.4782 0.5579 -0.6783
vn 0.0212 0.6440 -0.7648
vn 0.5150 0.5599 -0.6491
vn 0.8732 0.3273 -0.3612
vn 0.9997 0.0067 0.0238
vn 0.8582 -0.3169 0.4038
vn 0.4844 -0.5557 0.6757
vn -0.0216 -0.6442 0.7646
vn -0.5216 -0.5575 0.6458
vn -0.8795 -0.3200 0.3523
vn -0.9994 0.0029 -0.0352
vn -0.8500 0.2827 -0.4446
vn -0.4758 0.4887 -0.7313
vn 0.0232 0.5654 -0.8245
vn 0.5161 0.4931 -0.7003
vn 0.8736 0.2902 -0.3907
vn 0.9997 0.0093 0.0241
vn 0.8578 -0.2754 0.4340
vn 0.4831 -0.4866 0.7279
vn -0.0237 -0.5658 0.8242
vn -0.5240 -0.4908 0.6961
vn -0.8810 -0.2827 0.3793
vn -0.9993 0.0007 -0.0386
vn -0.8480 0.2302 -0.4775
vn -0.4730 0.4010 -0.7845
vn 0.0256 0.4659 -0.8845
vn 0.5176 0.4084 -0.7519
vn 0.8741 0.2429 -0.4205
vn 0.9996 0.0121 0.0240
vn 0.8571 -0.2232 0.4642
vn 0.4816 -0.3990 0.7803
vn -0.0263 -0.4664 0.8842
vn -0.5269 -0.4062 0.7466
vn -0.8828 -0.2358 0.4062
vn -0.9991 -0.0025 -0.0423
vn -0.8456 0.1645 -0.5078
vn -0.4697 0.2917 -0.8333
vn 0.0286 0.3421 -0.9392
vn 0.5195 0.3028 -0.7991
vn 0.8749 0.1837 -0.4481
vn 0.9996 0.0151 0.0236
vn 0.8563 -0.1586 0.4915
vn 0.4797 -0.2901 0.8281
vn -0.0293 -0.3426 0.9390
vn -0.5302 -0.3012 0.7926
vn -0.8849 -0.1777 0.4305
vn -0.9989 -0.0070 -0.0461
vn -0.8431 0.0853 -0.5309
vn -0.4660 0.1605 -0.8701
vn 0.0320 0.1935 -0.9806
vn 0.5218 0.1760 -0.8347
vn 0.8760 0.1121 -0.4692
vn 0.9996 0.0181 0.0229
vn 0.8552 -0.0814 0.5118
vn 0.4773 -0.1595 0.8642
vn -0.0328 -0.1940 0.9804
vn -0.5338 -0.1752 0.8273
vn -0.8871 -0.1085 0.4486
vn -0.9987 -0.0130 -0.0493
vn -0.8407 -0.0047 -0.5415
vn -0.4624 0.0120 -0.8866
vn 0.0357 0.0255 -0.9990
vn 0.5245 0.0324 -0.8508
vn 0.8774 0.0308 -0.4788
vn 0.9995 0.0210 0.0222
vn 0.8538 0.0054 0.5206
vn 0.4745 -0.0118 0.8802
vn -0.0366 -0.0258 0.9990
vn -0.5374 -0.0327 0.8427
vn -0.8893 -0.0306 0.4563
vn -0.9985 -0.0203 -0.0511
vn -0.8386 -0.0991 -0.5356
vn -0.4590 -0.1436 -0.8767
vn 0.0394 -0.1504 -0.9878
vn 0.5276 -0.1180 -0.8413
vn 0.8791 -0.0545 -0.4735
vn 0.9995 0.0238 0.0218
vn 0.8519 0.0962 0.5147
vn 0.4713 0.1429 0.8703
vn -0.0403 0.1504 0.9878
vn -0.5406 0.1165 0.8331
vn -0.8911 0.0508 0.4510
vn -0.9983 -0.0282 -0.0508
vn -0.8371 -0.1895 -0.5131
vn -0.4563 -0.2927 -0.8403
vn 0.0428 -0.3190 -0.9468
vn 0.5307 -0.2621 -0.8060
vn 0.8810 -0.1361 -0.4532
vn 0.9994 0.0266 0.0218
vn 0.8499 0.1834 0.4940
vn 0.4681 0.2912 0.8343
vn -0.0436 0.3194 0.9466
vn -0.5432 0.2596 0.7985
vn -0.8924 0.1290 0.4325
vn -0.9982 -0.0355 -0.0483
vn -0.8362 -0.2688 -0.4780
vn -0.4544 -0.4240 -0.7835
vn 0.0456 -0.4676 -0.8828
vn 0.5337 -0.3889 -0.7510
vn 0.8828 -0.2077 -0.4213
vn 0.9993 0.0297 0.0219
vn 0.8479 0.2606 0.4618
vn 0.4650 0.4219 0.7783
vn -0.0463 0.4680 0.8825
vn -0.5449 0.3857 0.7445
vn -0.8931 0.1983 0.4038
vn -0.9982 -0.0415 -0.0443
vn -0.8358 -0.3335 -0.4361
vn -0.4531 -0.5318 -0.7155
vn 0.0477 -0.5898 -0.8061
vn 0.5362 -0.4930 -0.6852
vn 0.8845 -0.2660 -0.3833
vn 0.9992 0.0328 0.0219
vn 0.8460 0.3244 0.4231
vn 0.4625 0.5293 0.7113
vn -0.0484 0.5901 0.8059
vn -0.5460 0.4894 0.6800
vn -0.8934 0.2558 0.3693
vn -0.9982 -0.0458 -0.0397
vn -0.8357 -0.3838 -0.3927
vn -0.4524 -0.6161 -0.6448
vn 0.0493 -0.6854 -0.7265
vn 0.5382 -0.5744 -0.6168
vn 0.8859 -0.3113 -0.3439
vn 0.9991 0.0357 0.0215
vn 0.8444 0.3747 0.3828
vn 0.4604 0.6135 0.6416
vn -0.0499 0.6856 0.7262
vn -0.5465 0.5708 0.6128
vn -0.8935 0.3011 0.3332
vn -0.9982 -0.0487 -0.0352
vn -0.8356 -0.4052 -0.3709
vn -0.4519 -0.6519 -0.6090
vn 0.0499 -0.7260 -0.6859
vn 0.5387 -0.6090 -0.5822
vn 0.8864 -0.3305 -0.3242
vn 0.9991 0.0375 0.0215
vn 0.8432 0.3967 0.3627
vn 0.4588 0.6494 0.6064
vn -0.0504 0.7261 0.6857
vn -0.5460 0.6056 0.5789
vn -0.8930 0.3211 0.3153
vn -0.9982 -0.0494 -0.0329
vt 0.000000 1.000000
vt 0.083333 1.000000
vt 0.083333 0.916667
vt 0.000000 0.916667
vt 0.000000 0.083333
vt 0.083333 0.083333
vt 0.083333 0.000000
vt 0.000000 0.000000
vt 0.000000 0.166667
vt 0.083333 0.166667
vt 0.000000 0.250000
vt 0.083333 0.250000
vt 0.000000 0.333333
vt 0.083333 0.333333
vt 0.000000 0.416667
vt 0.083333 0.416667
vt 0.000000 0.500000
vt 0.083333 0.500000
vt 0.000000 0.583333
vt 0.083333 0.583333
vt 0.000000 0.666667
vt 0.083333 0.666667
vt 0.000000 0.750000
vt 0.083333 0.750000
vt 0.000000 0.833333
vt 0.083333 0.833333
vt 0.166667 1.000000
vt 0.166667 0.916667
vt 0.166667 0.083333
vt 0.166667 0.000000
vt 0.166667 0.166667
vt 0.166667 0.250000
vt 0.166667 0.333333
vt 0.166667 0.416667
vt 0.166667 0.500000
vt 0.166667 0.583333
vt 0.166667 0.666667
vt 0.166667 0.750000
vt 0.166667 0.833333
vt 0.250000 1.000000
vt 0.250000 0.916667
vt 0.250000 0.083333
vt 0.250000 0.000000
vt 0.250000 0.166667
vt 0.250000 0.250000
vt 0.250000 0.333333
vt 0.250000 0.416667
vt 0.250000 0.500000
vt 0.250000 0.583333
vt 0.250000 0.666667
vt 0.250000 0.750000
vt 0.250000 0.833333
vt 0.333333 1.000000
vt 0.333333 0.916667
vt 0.333333 0.083333
vt 0.333333 0.000000
vt 0.333333 0.166667
vt 0.333333 0.250000
vt 0.333333 0.333333
vt 0.333333 0.416667
vt 0.333333 0.500000
vt 0.333333 0.583333
vt 0.333333 0.666667
vt 0.333333 0.750000
vt 0.333333 0.833333
vt 0.416667 1.000000
vt 0.416667 0.916667
vt 0.416667 0.083333
vt 0.416667 0.000000
vt 0.416667 0.166667
vt 0.416667 0.250000
vt 0.416667 0.333333
vt 0.416667 0.416667
vt 0.416667 0.500000
vt 0.416667 0.583333
vt 0.416667 0.666667
vt 0.416667 0.750000
vt 0.416667 0.833333
vt 0.500000 1.000000
vt 0.500000 0.916667
vt 0.500000 0.083333
vt 0.500000 0.000000
vt 0.500000 0.166667
vt 0.500000 0.250000
vt 0.500000 0.333333
vt 0.500000 0.416667
vt 0.500000 0.500000
vt 0.500000 0.583333
vt 0.500000 0.666667
vt 0.500000 0.750000
vt 0.500000 0.833333
vt 0.583333 1.000000
vt 0.583333 0.916667
vt 0.583333 0.083333
vt 0.583333 0.000000
vt 0.583333 0.166667
vt 0.583333 0.250000
vt 0.583333 0.333333
vt 0.583333 0.416667
vt 0.583333 0.500000
vt 0.583333 0.583333
vt 0.583333 0.666667
vt 0.583333 0.750000
vt 0.583333 0.833333
vt 0.666667 1.000000
vt 0.666667 0.916667
vt 0.666667 0.083333
vt 0.666667 0.000000
vt 0.666667 0.166667
vt 0.666667 0.250000
vt 0.666667 0.333333
vt 0.666667 0.416667
vt 0.666667 0.500000
vt 0.666667 0.583333
vt 0.666667 0.666667
vt 0.666667 0.750000
vt 0.666667 0.833333
vt 0.750000 1.000000
vt 0.750000 0.916667
vt 0.750000 0.083333
vt 0.750000 0.000000
vt 0.750000 0.166667
vt 0.750000 0.250000
vt 0.750000 0.333333
vt 0.750000 0.416667
vt 0.750000 0.500000
vt 0.750000 0.583333
vt 0.750000 0.666667
vt 0.750000 0.750000
vt 0.750000 0.833333
vt 0.833333 1.000000
vt 0.833333 0.916667
vt 0.833333 0.083333
vt 0.833333 0.000000
vt 0.833333 0.166667
vt 0.833333 0.250000
vt 0.833333 0.333333
vt 0.833333 0.416667
vt 0.833333 0.500000
vt 0.833333 0.583333
vt 0.833333 0.666667
vt 0.833333 0.750000
vt 0.833333 0.833333
vt 0.916667 1.000000
vt 0.916667 0.916667
vt 0.916667 0.083333
vt 0.916667 0.000000
vt 0.916667 0.166667
vt 0.916667 0.250000
vt 0.916667 0.333333
vt 0.916667 0.416667
vt 0.916667 0.500000
vt 0.916667 0.583333
vt 0.916667 0.666667
vt 0.916667 0.750000
vt 0.916667 0.833333
vt 1.000000 1.000000
vt 1.000000 0.916667
vt 1.000000 0.083333
vt 1.000000 0.000000
vt 1.000000 0.166667
vt 1.000000 0.250000
vt 1.000000 0.333333
vt 1.000000 0.416667
vt 1.000000 0.500000
vt 1.000000 0.583333
vt 1.000000 0.666667
vt 1.000000 0.750000
vt 1.000000 0.833333
s 1
f 937/1015/937 949/1016/949 960/1017/960 948/1018/948
f 938/1019/938 950/1020/950 949/1021/949 937/1022/937
f 939/1023/939 951/1024/951 950/1020/950 938/1019/938
f 940/1025/940 952/1026/952 951/1024/951 939/1023/939
f 941/1027/941 953/1028/953 952/1026/952 940/1025/940
f 942/1029/942 954/1030/954 953/1028/953 941/1027/941
f 943/1031/943 955/1032/955 954/1030/954 942/1029/942
f 944/1033/944 956/1034/956 955/1032/955 943/1031/943
f 945/1035/945 957/1036/957 956/1034/956 944/1033/944
f 946/1037/946 958/1038/958 957/1036/957 945/1035/945
f 947/1039/947 959/1040/959 958/1038/958 946/1037/946
f 948/1018/948 960/1017/960 959/1040/959 947/1039/947
f 949/1016/949 961/1041/961 972/1042/972 960/1017/960
f 950/1020/950 962/1043/962 961/1044/961 949/1021/949
f 951/1024/951 963/1045/963 962/1043/962 950/1020/950
f 952/1026/952 964/1046/964 963/1045/963 951/1024/951
f 953/1028/953 965/1047/965 964/1046/964 952/1026/952
f 954/1030/954 966/1048/966 965/1047/965 953/1028/953
f 955/1032/955 967/1049/967 966/1048/966 954/1030/954
f 956/1034/956 968/1050/968 967/1049/967 955/1032/955
f 957/1036/957 969/1051/969 968/1050/968 956/1034/956
f 958/1038/958 970/1052/970 969/1051/969 957/1036/957
f 959/1040/959 971/1053/971 970/1052/970 958/1038/958
f 960/1017/960 972/1042/972 971/1053/971 959/1040/959
f 961/1041/961 973/1054/973 984/1055/984 972/1042/972
f 962/1043/962 974/1056/974 973/1057/973 961/1044/961
f 963/1045/963 975/1058/975 974/1056/974 962/1043/962
f 964/1046/964 976/1059/976 975/1058/975 963/1045/963
f 965/1047/965 977/1060/977 976/1059/976 964/1046/964
f 966/1048/966 978/1061/978 977/1060/977 965/1047/965
f 967/1049/967 979/1062/979 978/1061/978 966/1048/966
f 968/1050/968 980/1063/980 979/1062/979 967/1049/967
f 969/1051/969 981/1064/981 980/1063/980 968/1050/968
f 970/1052/970 982/1065/982 981/1064/981 969/1051/969
f 971/1053/971 983/1066/983 982/1065/982 970/1052/970
f 972/1042/972 984/1055/984 983/1066/983 971/1053/971
f 973/1054/973 985/1067/985 996/1068/996 984/1055/984
f 974/1056/974 986/1069/986 985/1070/985 973/1057/973
f 975/1058/975 987/1071/987 986/1069/986 974/1056/974
f 976/1059/976 988/1072/988 987/1071/987 975/1058/975
f 977/1060/977 989/1073/989 988/1072/988 976/1059/976
f 978/1061/978 990/1074/990 989/1073/989 977/1060/977
f 979/1062/979 991/1075/991 990/1074/990 978/1061/978
f 980/1063/980 992/1076/992 991/1075/991 979/1062/979
f 981/1064/981 993/1077/993 992/1076/992 980/1063/980
f 982/1065/982 994/1078/994 993/1077/993 981/1064/981
f 983/1066/983 995/1079/995 994/1078/994 982/1065/982
f 984/1055/984 996/1068/996 995/1079/995 983/1066/983
f 985/1067/985 997/1080/997 1008/1081/1008 996/1068/996
f 986/1069/986 998/1082/998 997/1083/997 985/1070/985
f 987/1071/987 999/1084/999 998/1082/998 986/1069/986
f 988/1072/988 1000/1085/1000 999/1084/999 987/1071/987
f 989/1073/989 1001/1086/1001 1000/1085/1000 988/1072/988
f 990/1074/990 1002/1087/1002 1001/1086/1001 989/1073/989
f 991/1075/991 1003/1088/1003 1002/1087/1002 990/1074/990
f 992/1076/992 1004/1089/1004 1003/1088/1003 991/1075/991
f 993/1077/993 1005/1090/1005 1004/1089/1004 992/1076/992
f 994/1078/994 1006/1091/1006 1005/1090/1005 993/1077/993
f 995/1079/995 1007/1092/1007 1006/1091/1006 994/1078/994
f 996/1068/996 1008/1081/1008 1007/1092/1007 995/1079/995
f 997/1080/997 1009/1093/1009 1020/1094/1020 1008/1081/1008
f 998/1082/998 1010/1095/1010 1009/1096/1009 997/1083/997
f 999/1084/999 1011/1097/1011 1010/1095/1010 998/1082/998
f 1000/1085/1000 1012/1098/1012 1011/1097/1011 999/1084/999
f 1001/1086/1001 1013/1099/1013 1012/1098/1012 1000/1085/1000
f 1002/1087/1002 1014/1100/1014 1013/1099/1013 1001/1086/1001
f 1003/1088/1003 1015/1101/1015 1014/1100/1014 1002/1087/1002
f 1004/1089/1004 1016/1102/1016 1015/1101/1015 1003/1088/1003
f 1005/1090/1005 1017/1103/1017 1016/1102/1016 1004/1089/1004
f 1006/1091/1006 1018/1104/1018 1017/1103/1017 1005/1090/1005
f 1007/1092/1007 1019/1105/1019 1018/1104/1018 1006/1091/1006
f 1008/1081/1008 1020/1094/1020 1019/1105/1019 1007/1092/1007
f 1009/1093/1009 1021/1106/1021 1032/1107/1032 1020/1094/1020
f 1010/1095/1010 1022/1108/1022 1021/1109/1021 1009/1096/1009
f 1011/1097/1011 1023/1110/1023 1022/1108/1022 1010/1095/1010
f 1012/1098/1012 1024/1111/1024 1023/1110/1023 1011/1097/1011
f 1013/1099/1013 1025/1112/1025 1024/1111/1024 1012/1098/1012
f 1014/1100/1014 1026/1113/1026 1025/1112/1025 1013/1099/1013
f 1015/1101/1015 1027/1114/1027 1026/1113/1026 1014/1100/1014
f 1016/1102/1016 1028/1115/1028 1027/1114/1027 1015/1101/1015
f 1017/1103/1017 1029/1116/1029 1028/1115/1028 1016/1102/1016
f 1018/1104/1018 1030/1117/1030 1029/1116/1029 1017/1103/1017
f 1019/1105/1019 1031/1118/1031 1030/1117/1030 1018/1104/1018
f 1020/1094/1020 1032/1107/1032 1031/1118/1031 1019/1105/1019
f 1021/1106/1021 1033/1119/1033 1044/1120/1044 1032/1107/1032
f 1022/1108/1022 1034/1121/1034 1033/1122/1033 1021/1109/1021
f 1023/1110/1023 1035/1123/1035 1034/1121/1034 1022/1108/1022
f 1024/1111/1024 1036/1124/1036 1035/1123/1035 1023/1110/1023
f 1025/1112/1025 1037/1125/1037 1036/1124/1036 1024/1111/1024
f 1026/1113/1026 1038/1126/1038 1037/1125/1037 1025/1112/1025
f 1027/1114/1027 1039/1127/1039 1038/1126/1038 1026/1113/1026
f 1028/1115/1028 1040/1128/1040 1039/1127/1039 1027/1114/1027
f 1029/1116/1029 1041/1129/1041 1040/1128/1040 1028/1115/1028
f 1030/1117/1030 1042/1130/1042 1041/1129/1041 1029/1116/1029
f 1031/1118/1031 1043/1131/1043 1042/1130/1042 1030/1117/1030
f 1032/1107/1032 1044/1120/1044 1043/1131/1043 1031/1118/1031
f 1033/1119/1033 1045/1132/1045 1056/1133/1056 1044/1120/1044
f 1034/1121/1034 1046/1134/1046 1045/1135/1045 1033/1122/1033
f 1035/1123/1035 1047/1136/1047 1046/1134/1046 1034/1121/1034
f 1036/1124/1036 1048/1137/1048 1047/1136/1047 1035/1123/1035
f 1037/1125/1037 1049/1138/1049 1048/1137/1048 1036/1124/1036
f 1038/1126/1038 1050/1139/1050 1049/1138/1049 1037/1125/1037
f 1039/1127/1039 1051/1140/1051 1050/1139/1050 1038/1126/1038
f 1040/1128/1040 1052/1141/1052 1051/1140/1051 1039/1127/1039
f 1041/1129/1041 1053/1142/1053 1052/1141/1052 1040/1128/1040
f 1042/1130/1042 1054/1143/1054 1053/1142/1053 1041/1129/1041
f 1043/1131/1043 1055/1144/1055 1054/1143/1054 1042/1130/1042
f 1044/1120/1044 1056/1133/1056 1055/1144/1055 1043/1131/1043
f 1045/1132/1045 1057/1145/1057 1068/1146/1068 1056/1133/1056
f 1046/1134/1046 1058/1147/1058 1057/1148/1057 1045/1135/1045
f 1047/1136/1047 1059/1149/1059 1058/1147/1058 1046/1134/1046
f 1048/1137/1048 1060/1150/1060 1059/1149/1059 1047/1136/1047
f 1049/1138/1049 1061/1151/1061 1060/1150/1060 1048/1137/1048
f 1050/1139/1050 1062/1152/1062 1061/1151/1061 1049/1138/1049
f 1051/1140/1051 1063/1153/1063 1062/1152/1062 1050/1139/1050
f 1052/1141/1052 1064/1154/1064 1063/1153/1063 1051/1140/1051
f 1053/1142/1053 1065/1155/1065 1064/1154/1064 1052/1141/1052
f 1054/1143/1054 1066/1156/1066 1065/1155/1065 1053/1142/1053
f 1055/1144/1055 1067/1157/1067 1066/1156/1066 1054/1143/1054
f 1056/1133/1056 1068/1146/1068 1067/1157/1067 1055/1144/1055
f 1057/1145/1057 1069/1158/1069 1080/1159/1080 1068/1146/1068
f 1058/1147/1058 1070/1160/1070 1069/1161/1069 1057/1148/1057
f 1059/1149/1059 1071/1162/1071 1070/1160/1070 1058/1147/1058
f 1060/1150/1060 1072/1163/1072 1071/1162/1071 1059/1149/1059
f 1061/1151/1061 1073/1164/1073 1072/1163/1072 1060/1150/1060
f 1062/1152/1062 1074/1165/1074 1073/1164/1073 1061/1151/1061
f 1063/1153/1063 1075/1166/1075 1074/1165/1074 1062/1152/1062
f 1064/1154/1064 1076/1167/1076 1075/1166/1075 1063/1153/1063
f 1065/1155/1065 1077/1168/1077 1076/1167/1076 1064/1154/1064
f 1066/1156/1066 1078/1169/1078 1077/1168/1077 1065/1155/1065
f 1067/1157/1067 1079/1170/1079 1078/1169/1078 1066/1156/1066
f 1068/1146/1068 1080/1159/1080 1079/1170/1079 1067/1157/1067
f 1069/1158/1069 1081/1171/1081 1092/1172/1092 1080/1159/1080
f 1070/1160/1070 1082/1173/1082 1081/1174/1081 1069/1161/1069
f 1071/1162/1071 1083/1175/1083 1082/1173/1082 1070/1160/1070
f 1072/1163/1072 1084/1176/1084 1083/1175/1083 1071/1162/1071
f 1073/1164/1073 1085/1177/1085 1084/1176/1084 1072/1163/1072
f 1074/1165/1074 1086/1178/1086 1085/1177/1085 1073/1164/1073
f 1075/1166/1075 1087/1179/1087 1086/1178/1086 1074/1165/1074
f 1076/1167/1076 1088/1180/1088 1087/1179/1087 1075/1166/1075
f 1077/1168/1077 1089/1181/1089 1088/1180/1088 1076/1167/1076
f 1078/1169/1078 1090/1182/1090 1089/1181/1089 1077/1168/1077
f 1079/1170/1079 1091/1183/1091 1090/1182/1090 1078/1169/1078
f 1080/1159/1080 1092/1172/1092 1091/1183/1091 1079/1170/1079
o ベジエカーブ.003
v -0.071033 0.645254 -3.334293
v -0.050111 0.659766 -3.348233
v -0.021935 0.665078 -3.352766
v 0.005946 0.659766 -3.346675
v 0.026061 0.645254 -3.331594
v 0.033021 0.625430 -3.311563
v 0.024959 0.605606 -3.291949
v 0.004037 0.591094 -3.278009
v -0.024139 0.585782 -3.273477
v -0.052020 0.591094 -3.279567
v -0.072135 0.605606 -3.294649
v -0.079094 0.625430 -3.314680
v -0.068194 0.541242 -3.430178
v -0.047238 0.554502 -3.445268
v -0.019050 0.559394 -3.450185
v 0.008817 0.554609 -3.443611
v 0.028895 0.541428 -3.427309
v 0.035806 0.523383 -3.405646
v 0.027697 0.505309 -3.384427
v 0.006741 0.492049 -3.369337
v -0.021447 0.487157 -3.364420
v -0.049314 0.491942 -3.370994
v -0.069393 0.505124 -3.387296
v -0.076303 0.523169 -3.408959
v -0.065345 0.432953 -3.513222
v -0.044348 0.444650 -3.529500
v -0.016146 0.449020 -3.534814
v 0.011703 0.444891 -3.527742
v 0.031738 0.433369 -3.510177
v 0.038590 0.417543 -3.486827
v 0.030424 0.401651 -3.463948
v 0.009427 0.389954 -3.447670
v -0.018775 0.385584 -3.442356
v -0.046624 0.389713 -3.449429
v -0.066659 0.401235 -3.466993
v -0.073512 0.417062 -3.490344
v -0.062500 0.320492 -3.581749
v -0.041452 0.330210 -3.599221
v -0.013234 0.333916 -3.604934
v 0.014594 0.330619 -3.597360
v 0.034576 0.321201 -3.578527
v 0.041358 0.308186 -3.553481
v 0.033121 0.295061 -3.528934
v 0.012074 0.285343 -3.511463
v -0.016144 0.281636 -3.505749
v -0.043973 0.284934 -3.513323
v -0.063955 0.294352 -3.532156
v -0.070736 0.307367 -3.557202
v -0.059672 0.204027 -3.633969
v -0.038565 0.211280 -3.652531
v -0.010327 0.214162 -3.658610
v 0.017477 0.211900 -3.650578
v 0.037395 0.205100 -3.630586
v 0.044092 0.195585 -3.603991
v 0.035772 0.185903 -3.577919
v 0.014665 0.178650 -3.559357
v -0.013574 0.175768 -3.553278
v -0.041377 0.178030 -3.561311
v -0.061295 0.184830 -3.581303
v -0.067992 0.194345 -3.607898
v -0.056880 0.083812 -3.668011
v -0.035704 0.088108 -3.687397
v -0.007443 0.090000 -3.693752
v 0.020331 0.088980 -3.685373
v 0.040177 0.085322 -3.664506
v 0.046776 0.080007 -3.636741
v 0.038360 0.074457 -3.609519
v 0.017185 0.070161 -3.590134
v -0.011076 0.068269 -3.583779
v -0.038851 0.069288 -3.592158
v -0.058697 0.072946 -3.613025
v -0.065296 0.078262 -3.640789
v -0.054144 -0.039734 -3.681969
v -0.032895 -0.038784 -3.701723
v -0.004609 -0.038013 -3.708201
v 0.023135 -0.037626 -3.699667
v 0.042902 -0.037728 -3.678409
v 0.049395 -0.038291 -3.650122
v 0.040876 -0.039164 -3.622385
v 0.019627 -0.040114 -3.602631
v -0.008659 -0.040886 -3.596153
v -0.036403 -0.041272 -3.604686
v -0.056170 -0.041170 -3.625945
v -0.062664 -0.040607 -3.654232
v -0.051490 -0.165998 -3.674012
v -0.030167 -0.168552 -3.693544
v -0.001856 -0.168953 -3.699948
v 0.025856 -0.167094 -3.691508
v 0.045545 -0.163474 -3.670486
v 0.051934 -0.159061 -3.642515
v 0.043312 -0.155039 -3.615090
v 0.021989 -0.152485 -3.595558
v -0.006322 -0.152083 -3.589155
v -0.034034 -0.153942 -3.597595
v -0.053723 -0.157563 -3.618617
v -0.060112 -0.161975 -3.646587
v -0.048943 -0.294267 -3.642509
v -0.027553 -0.300180 -3.661222
v 0.000780 -0.301706 -3.667352
v 0.028464 -0.298436 -3.659256
v 0.048082 -0.291246 -3.639103
v 0.054376 -0.282063 -3.612295
v 0.045661 -0.273347 -3.586013
v 0.024271 -0.267434 -3.567300
v -0.004062 -0.265908 -3.561170
v -0.031746 -0.269178 -3.569266
v -0.051364 -0.276368 -3.589418
v -0.057659 -0.285551 -3.616227
v -0.046526 -0.423895 -3.586035
v -0.025081 -0.432767 -3.603473
v 0.003270 -0.435283 -3.609175
v 0.030932 -0.430770 -3.601615
v 0.050491 -0.420437 -3.582818
v 0.056707 -0.407052 -3.557821
v 0.047914 -0.394202 -3.533321
v 0.026469 -0.385330 -3.515883
v -0.001883 -0.382813 -3.510181
v -0.029544 -0.387326 -3.517741
v -0.049103 -0.397660 -3.536538
v -0.055319 -0.411045 -3.561535
v -0.044258 -0.554427 -3.503270
v -0.022770 -0.565730 -3.519183
v 0.005596 -0.569060 -3.524375
v 0.033239 -0.563525 -3.517456
v 0.052753 -0.550609 -3.500279
v 0.058909 -0.533772 -3.477448
v 0.050058 -0.517526 -3.455078
v 0.028570 -0.506223 -3.439166
v 0.000204 -0.502892 -3.433974
v -0.027439 -0.508427 -3.440893
v -0.046953 -0.521343 -3.458070
v -0.053109 -0.538181 -3.480901
v -0.042151 -0.685595 -3.392868
v -0.020633 -0.698801 -3.407195
v 0.007743 -0.702768 -3.411856
v 0.035374 -0.696434 -3.405603
v 0.054855 -0.681496 -3.390111
v 0.060968 -0.661957 -3.369531
v 0.052073 -0.643052 -3.349378
v 0.030555 -0.629847 -3.335052
v 0.002179 -0.625880 -3.330390
v -0.025452 -0.632213 -3.336643
v -0.044933 -0.647151 -3.352135
v -0.051046 -0.666690 -3.372715
v -0.040219 -0.817278 -3.253345
v -0.018679 -0.831955 -3.266124
v 0.009704 -0.836415 -3.270267
v 0.037325 -0.829463 -3.264664
v 0.056784 -0.812961 -3.250817
v 0.062865 -0.791332 -3.232436
v 0.053941 -0.770371 -3.214446
v 0.032401 -0.755694 -3.201667
v 0.004018 -0.751234 -3.197525
v -0.023604 -0.758186 -3.203127
v -0.043062 -0.774688 -3.216974
v -0.049144 -0.796317 -3.235355
vn -0.8523 0.3417 -0.3959
vn -0.4790 0.5879 -0.6519
vn 0.0202 0.6779 -0.7348
vn 0.5142 0.5889 -0.6236
vn 0.8729 0.3434 -0.3466
vn 0.9997 0.0054 0.0238
vn 0.8581 -0.3352 0.3889
vn 0.4845 -0.5858 0.6497
vn -0.0206 -0.6781 0.7347
vn -0.5202 -0.5866 0.6208
vn -0.8785 -0.3366 0.3390
vn -0.9994 0.0036 -0.0335
vn -0.8517 0.3239 -0.4120
vn -0.4782 0.5579 -0.6783
vn 0.0212 0.6440 -0.7648
vn 0.5150 0.5599 -0.6491
vn 0.8732 0.3273 -0.3612
vn 0.9997 0.0067 0.0238
vn 0.8582 -0.3169 0.4038
vn 0.4844 -0.5557 0.6757
vn -0.0216 -0.6442 0.7646
vn -0.5216 -0.5575 0.6458
vn -0.8795 -0.3200 0.3523
vn -0.9994 0.0029 -0.0352
vn -0.8500 0.2827 -0.4446
vn -0.4758 0.4887 -0.7313
vn 0.0232 0.5654 -0.8245
vn 0.5161 0.4931 -0.7003
vn 0.8736 0.2902 -0.3907
vn 0.9997 0.0093 0.0241
vn 0.8578 -0.2754 0.4340
vn 0.4831 -0.4866 0.7279
vn -0.0237 -0.5658 0.8242
vn -0.5240 -0.4908 0.6961
vn -0.8810 -0.2827 0.3793
vn -0.9993 0.0007 -0.0386
vn -0.8480 0.2302 -0.4775
vn -0.4730 0.4010 -0.7845
vn 0.0256 0.4659 -0.8845
vn 0.5176 0.4084 -0.7519
vn 0.8741 0.2429 -0.4205
vn 0.9996 0.0121 0.0240
vn 0.8571 -0.2232 0.4642
vn 0.4816 -0.3990 0.7803
vn -0.0263 -0.4664 0.8842
vn -0.5269 -0.4062 0.7466
vn -0.8828 -0.2358 0.4062
vn -0.9991 -0.0025 -0.0423
vn -0.8456 0.1645 -0.5078
vn -0.4697 0.2917 -0.8333
vn 0.0286 0.3421 -0.9392
vn 0.5195 0.3028 -0.7991
vn 0.8749 0.1837 -0.4481
vn 0.9996 0.0151 0.0236
vn 0.8563 -0.1586 0.4915
vn 0.4797 -0.2901 0.8281
vn -0.0293 -0.3426 0.9390
vn -0.5302 -0.3012 0.7926
vn -0.8849 -0.1777 0.4305
vn -0.9989 -0.0070 -0.0461
vn -0.8431 0.0853 -0.5309
vn -0.4660 0.1605 -0.8701
vn 0.0320 0.1935 -0.9806
vn 0.5218 0.1760 -0.8347
vn 0.8760 0.1121 -0.4692
vn 0.9996 0.0181 0.0229
vn 0.8552 -0.0814 0.5118
vn 0.4773 -0.1595 0.8642
vn -0.0328 -0.1940 0.9804
vn -0.5338 -0.1752 0.8273
vn -0.8871 -0.1085 0.4486
vn -0.9987 -0.0130 -0.0493
vn -0.8407 -0.0047 -0.5415
vn -0.4624 0.0120 -0.8866
vn 0.0357 0.0255 -0.9990
vn 0.5245 0.0324 -0.8508
vn 0.8774 0.0308 -0.4788
vn 0.9995 0.0210 0.0222
vn 0.8538 0.0054 0.5206
vn 0.4745 -0.0118 0.8802
vn -0.0366 -0.0258 0.9990
vn -0.5374 -0.0327 0.8427
vn -0.8893 -0.0306 0.4563
vn -0.9985 -0.0203 -0.0511
vn -0.8386 -0.0991 -0.5356
vn -0.4590 -0.1436 -0.8767
vn 0.0394 -0.1504 -0.9878
vn 0.5276 -0.1180 -0.8413
vn 0.8791 -0.0545 -0.4735
vn 0.9995 0.0238 0.0218
vn 0.8519 0.0962 0.5147
vn 0.4713 0.1429 0.8703
vn -0.0403 0.1504 0.9878
vn -0.5406 0.1165 0.8331
vn -0.8911 0.0508 0.4510
vn -0.9983 -0.0282 -0.0508
vn -0.8371 -0.1895 -0.5131
vn -0.4563 -0.2927 -0.8403
vn 0.0428 -0.3190 -0.9468
vn 0.5307 -0.2621 -0.8060
vn 0.8810 -0.1361 -0.4532
vn 0.9994 0.0266 0.0218
vn 0.8499 0.1834 0.4940
vn 0.4681 0.2912 0.8343
vn -0.0436 0.3194 0.9466
vn -0.5432 0.2596 0.7985
vn -0.8924 0.1290 0.4325
vn -0.9982 -0.0355 -0.0483
vn -0.8362 -0.2688 -0.4780
vn -0.4544 -0.4240 -0.7835
vn 0.0456 -0.4676 -0.8828
vn 0.5337 -0.3889 -0.7510
vn 0.8828 -0.2077 -0.4213
vn 0.9993 0.0297 0.0219
vn 0.8479 0.2606 0.4618
vn 0.4650 0.4219 0.7783
vn -0.0463 0.4680 0.8825
vn -0.5449 0.3857 0.7445
vn -0.8931 0.1983 0.4038
vn -0.9982 -0.0415 -0.0443
vn -0.8358 -0.3335 -0.4361
vn -0.4531 -0.5318 -0.7155
vn 0.0477 -0.5898 -0.8061
vn 0.5362 -0.4930 -0.6852
vn 0.8845 -0.2660 -0.3833
vn 0.9992 0.0328 0.0219
vn 0.8460 0.3244 0.4231
vn 0.4625 0.5293 0.7113
vn -0.0484 0.5901 0.8059
vn -0.5460 0.4894 0.6800
vn -0.8934 0.2558 0.3693
vn -0.9982 -0.0458 -0.0397
vn -0.8357 -0.3838 -0.3927
vn -0.4524 -0.6161 -0.6448
vn 0.0493 -0.6854 -0.7265
vn 0.5382 -0.5744 -0.6168
vn 0.8859 -0.3113 -0.3439
vn 0.9991 0.0357 0.0215
vn 0.8444 0.3747 0.3828
vn 0.4604 0.6135 0.6416
vn -0.0499 0.6856 0.7262
vn -0.5465 0.5708 0.6128
vn -0.8935 0.3011 0.3332
vn -0.9982 -0.0487 -0.0352
vn -0.8356 -0.4052 -0.3709
vn -0.4519 -0.6519 -0.6090
vn 0.0499 -0.7260 -0.6859
vn 0.5387 -0.6090 -0.5822
vn 0.8864 -0.3305 -0.3242
vn 0.9991 0.0375 0.0215
vn 0.8432 0.3967 0.3627
vn 0.4588 0.6494 0.6064
vn -0.0504 0.7261 0.6857
vn -0.5460 0.6056 0.5789
vn -0.8930 0.3211 0.3153
vn -0.9982 -0.0494 -0.0329
vt 0.000000 1.000000
vt 0.083333 1.000000
vt 0.083333 0.916667
vt 0.000000 0.916667
vt 0.000000 0.083333
vt 0.083333 0.083333
vt 0.083333 0.000000
vt 0.000000 0.000000
vt 0.000000 0.166667
vt 0.083333 0.166667
vt 0.000000 0.250000
vt 0.083333 0.250000
vt 0.000000 0.333333
vt 0.083333 0.333333
vt 0.000000 0.416667
vt 0.083333 0.416667
vt 0.000000 0.500000
vt 0.083333 0.500000
vt 0.000000 0.583333
vt 0.083333 0.583333
vt 0.000000 0.666667
vt 0.083333 0.666667
vt 0.000000 0.750000
vt 0.083333 0.750000
vt 0.000000 0.833333
vt 0.083333 0.833333
vt 0.166667 1.000000
vt 0.166667 0.916667
vt 0.166667 0.083333
vt 0.166667 0.000000
vt 0.166667 0.166667
vt 0.166667 0.250000
vt 0.166667 0.333333
vt 0.166667 0.416667
vt 0.166667 0.500000
vt 0.166667 0.583333
vt 0.166667 0.666667
vt 0.166667 0.750000
vt 0.166667 0.833333
vt 0.250000 1.000000
vt 0.250000 0.916667
vt 0.250000 0.083333
vt 0.250000 0.000000
vt 0.250000 0.166667
vt 0.250000 0.250000
vt 0.250000 0.333333
vt 0.250000 0.416667
vt 0.250000 0.500000
vt 0.250000 0.583333
vt 0.250000 0.666667
vt 0.250000 0.750000
vt 0.250000 0.833333
vt 0.333333 1.000000
vt 0.333333 0.916667
vt 0.333333 0.083333
vt 0.333333 0.000000
vt 0.333333 0.166667
vt 0.333333 0.250000
vt 0.333333 0.333333
vt 0.333333 0.416667
vt 0.333333 0.500000
vt 0.333333 0.583333
vt 0.333333 0.666667
vt 0.333333 0.750000
vt 0.333333 0.833333
vt 0.416667 1.000000
vt 0.416667 0.916667
vt 0.416667 0.083333
vt 0.416667 0.000000
vt 0.416667 0.166667
vt 0.416667 0.250000
vt 0.416667 0.333333
vt 0.416667 0.416667
vt 0.416667 0.500000
vt 0.416667 0.583333
vt 0.416667 0.666667
vt 0.416667 0.750000
vt 0.416667 0.833333
vt 0.500000 1.000000
vt 0.500000 0.916667
vt 0.500000 0.083333
vt 0.500000 0.000000
vt 0.500000 0.166667
vt 0.500000 0.250000
vt 0.500000 0.333333
vt 0.500000 0.416667
vt 0.500000 0.500000
vt 0.500000 0.583333
vt 0.500000 0.666667
vt 0.500000 0.750000
vt 0.500000 0.833333
vt 0.583333 1.000000
vt 0.583333 0.916667
vt 0.583333 0.083333
vt 0.583333 0.000000
vt 0.583333 0.166667
vt 0.583333 0.250000
vt 0.583333 0.333333
vt 0.583333 0.416667
vt 0.583333 0.500000
vt 0.583333 0.583333
vt 0.583333 0.666667
vt 0.583333 0.750000
vt 0.583333 0.833333
vt 0.666667 1.000000
vt 0.666667 0.916667
vt 0.666667 0.083333
vt 0.666667 0.000000
vt 0.666667 0.166667
vt 0.666667 0.250000
vt 0.666667 0.333333
vt 0.666667 0.416667
vt 0.666667 0.500000
vt 0.666667 0.583333
vt 0.666667 0.666667
vt 0.666667 0.750000
vt 0.666667 0.833333
vt 0.750000 1.000000
vt 0.750000 0.916667
vt 0.750000 0.083333
vt 0.750000 0.000000
vt 0.750000 0.166667
vt 0.750000 0.250000
vt 0.750000 0.333333
vt 0.750000 0.416667
vt 0.750000 0.500000
vt 0.750000 0.583333
vt 0.750000 0.666667
vt 0.750000 0.750000
vt 0.750000 0.833333
vt 0.833333 1.000000
vt 0.833333 0.916667
vt 0.833333 0.083333
vt 0.833333 0.000000
vt 0.833333 0.166667
vt 0.833333 0.250000
vt 0.833333 0.333333
vt 0.833333 0.416667
vt 0.833333 0.500000
vt 0.833333 0.583333
vt 0.833333 0.666667
vt 0.833333 0.750000
vt 0.833333 0.833333
vt 0.916667 1.000000
vt 0.916667 0.916667
vt 0.916667 0.083333
vt 0.916667 0.000000
vt 0.916667 0.166667
vt 0.916667 0.250000
vt 0.916667 0.333333
vt 0.916667 0.416667
vt 0.916667 0.500000
vt 0.916667 0.583333
vt 0.916667 0.666667
vt 0.916667 0.750000
vt 0.916667 0.833333
vt 1.000000 1.000000
vt 1.000000 0.916667
vt 1.000000 0.083333
vt 1.000000 0.000000
vt 1.000000 0.166667
vt 1.000000 0.250000
vt 1.000000 0.333333
vt 1.000000 0.416667
vt 1.000000 0.500000
vt 1.000000 0.583333
vt 1.000000 0.666667
vt 1.000000 0.750000
vt 1.000000 0.833333
s 1
f 1093/1184/1093 1105/1185/1105 1116/1186/1116 1104/1187/1104
f 1094/1188/1094 1106/1189/1106 1105/1190/1105 1093/1191/1093
f 1095/1192/1095 1107/1193/1107 1106/1189/1106 1094/1188/1094
f 1096/1194/1096 1108/1195/1108 1107/1193/1107 1095/1192/1095
f 1097/1196/1097 1109/1197/1109 1108/1195/1108 1096/1194/1096
f 1098/1198/1098 1110/1199/1110 1109/1197/1109 1097/1196/1097
f 1099/1200/1099 1111/1201/1111 1110/1199/1110 1098/1198/1098
f 1100/1202/1100 1112/1203/1112 1111/1201/1111 1099/1200/1099
f 1101/1204/1101 1113/1205/1113 1112/1203/1112 1100/1202/1100
f 1102/1206/1102 1114/1207/1114 1113/1205/1113 1101/1204/1101
f 1103/1208/1103 1115/1209/1115 1114/1207/1114 1102/1206/1102
f 1104/1187/1104 1116/1186/1116 1115/1209/1115 1103/1208/1103
f 1105/1185/1105 1117/1210/1117 1128/1211/1128 1116/1186/1116
f 1106/1189/1106 1118/1212/1118 1117/1213/1117 1105/1190/1105
f 1107/1193/1107 1119/1214/1119 1118/1212/1118 1106/1189/1106
f 1108/1195/1108 1120/1215/1120 1119/1214/1119 1107/1193/1107
f 1109/1197/1109 1121/1216/1121 1120/1215/1120 1108/1195/1108
f 1110/1199/1110 1122/1217/1122 1121/1216/1121 1109/1197/1109
f 1111/1201/1111 1123/1218/1123 1122/1217/1122 1110/1199/1110
f 1112/1203/1112 1124/1219/1124 1123/1218/1123 1111/1201/1111
f 1113/1205/1113 1125/1220/1125 1124/1219/1124 1112/1203/1112
f 1114/1207/1114 1126/1221/1126 1125/1220/1125 1113/1205/1113
f 1115/1209/1115 1127/1222/1127 1126/1221/1126 1114/1207/1114
f 1116/1186/1116 1128/1211/1128 1127/1222/1127 1115/1209/1115
f 1117/1210/1117 1129/1223/1129 1140/1224/1140 1128/1211/1128
f 1118/1212/1118 1130/1225/1130 1129/1226/1129 1117/1213/1117
f 1119/1214/1119 1131/1227/1131 1130/1225/1130 1118/1212/1118
f 1120/1215/1120 1132/1228/1132 1131/1227/1131 1119/1214/1119
f 1121/1216/1121 1133/1229/1133 1132/1228/1132 1120/1215/1120
f 1122/1217/1122 1134/1230/1134 1133/1229/1133 1121/1216/1121
f 1123/1218/1123 1135/1231/1135 1134/1230/1134 1122/1217/1122
f 1124/1219/1124 1136/1232/1136 1135/1231/1135 1123/1218/1123
f 1125/1220/1125 1137/1233/1137 1136/1232/1136 1124/1219/1124
f 1126/1221/1126 1138/1234/1138 1137/1233/1137 1125/1220/1125
f 1127/1222/1127 1139/1235/1139 1138/1234/1138 1126/1221/1126
f 1128/1211/1128 1140/1224/1140 1139/1235/1139 1127/1222/1127
f 1129/1223/1129 1141/1236/1141 1152/1237/1152 1140/1224/1140
f 1130/1225/1130 1142/1238/1142 1141/1239/1141 1129/1226/1129
f 1131/1227/1131 1143/1240/1143 1142/1238/1142 1130/1225/1130
f 1132/1228/1132 1144/1241/1144 1143/1240/1143 1131/1227/1131
f 1133/1229/1133 1145/1242/1145 1144/1241/1144 1132/1228/1132
f 1134/1230/1134 1146/1243/1146 1145/1242/1145 1133/1229/1133
f 1135/1231/1135 1147/1244/1147 1146/1243/1146 1134/1230/1134
f 1136/1232/1136 1148/1245/1148 1147/1244/1147 1135/1231/1135
f 1137/1233/1137 1149/1246/1149 1148/1245/1148 1136/1232/1136
f 1138/1234/1138 1150/1247/1150 1149/1246/1149 1137/1233/1137
f 1139/1235/1139 1151/1248/1151 1150/1247/1150 1138/1234/1138
f 1140/1224/1140 1152/1237/1152 1151/1248/1151 1139/1235/1139
f 1141/1236/1141 1153/1249/1153 1164/1250/1164 1152/1237/1152
f 1142/1238/1142 1154/1251/1154 1153/1252/1153 1141/1239/1141
f 1143/1240/1143 1155/1253/1155 1154/1251/1154 1142/1238/1142
f 1144/1241/1144 1156/1254/1156 1155/1253/1155 1143/1240/1143
f 1145/1242/1145 1157/1255/1157 1156/1254/1156 1144/1241/1144
f 1146/1243/1146 1158/1256/1158 1157/1255/1157 1145/1242/1145
f 1147/1244/1147 1159/1257/1159 1158/1256/1158 1146/1243/1146
f 1148/1245/1148 1160/1258/1160 1159/1257/1159 1147/1244/1147
f 1149/1246/1149 1161/1259/1161 1160/1258/1160 1148/1245/1148
f 1150/1247/1150 1162/1260/1162 1161/1259/1161 1149/1246/1149
f 1151/1248/1151 1163/1261/1163 1162/1260/1162 1150/1247/1150
f 1152/1237/1152 1164/1250/1164 1163/1261/1163 1151/1248/1151
f 1153/1249/1153 1165/1262/1165 1176/1263/1176 1164/1250/1164
f 1154/1251/1154 1166/1264/1166 1165/1265/1165 1153/1252/1153
f 1155/1253/1155 1167/1266/1167 1166/1264/1166 1154/1251/1154
f 1156/1254/1156 1168/1267/1168 1167/1266/1167 1155/1253/1155
f 1157/1255/1157 1169/1268/1169 1168/1267/1168 1156/1254/1156
f 1158/1256/1158 1170/1269/1170 1169/1268/1169 1157/1255/1157
f 1159/1257/1159 1171/1270/1171 1170/1269/1170 1158/1256/1158
f 1160/1258/1160 1172/1271/1172 1171/1270/1171 1159/1257/1159
f 1161/1259/1161 1173/1272/1173 1172/1271/1172 1160/1258/1160
f 1162/1260/1162 1174/1273/1174 1173/1272/1173 1161/1259/1161
f 1163/1261/1163 1175/1274/1175 1174/1273/1174 1162/1260/1162
f 1164/1250/1164 1176/1263/1176 1175/1274/1175 1163/1261/1163
f 1165/1262/1165 1177/1275/1177 1188/1276/1188 1176/1263/1176
f 1166/1264/1166 1178/1277/1178 1177/1278/1177 1165/1265/1165
f 1167/1266/1167 1179/1279/1179 1178/1277/1178 1166/1264/1166
f 1168/1267/1168 1180/1280/1180 1179/1279/1179 1167/1266/1167
f 1169/1268/1169 1181/1281/1181 1180/1280/1180 1168/1267/1168
f 1170/1269/1170 1182/1282/1182 1181/1281/1181 1169/1268/1169
f 1171/1270/1171 1183/1283/1183 1182/1282/1182 1170/1269/1170
f 1172/1271/1172 1184/1284/1184 1183/1283/1183 1171/1270/1171
f 1173/1272/1173 1185/1285/1185 1184/1284/1184 1172/1271/1172
f 1174/1273/1174 1186/1286/1186 1185/1285/1185 1173/1272/1173
f 1175/1274/1175 1187/1287/1187 1186/1286/1186 1174/1273/1174
f 1176/1263/1176 1188/1276/1188 1187/1287/1187 1175/1274/1175
f 1177/1275/1177 1189/1288/1189 1200/1289/1200 1188/1276/1188
f 1178/1277/1178 1190/1290/1190 1189/1291/1189 1177/1278/1177
f 1179/1279/1179 1191/1292/1191 1190/1290/1190 1178/1277/1178
f 1180/1280/1180 1192/1293/1192 1191/1292/1191 1179/1279/1179
f 1181/1281/1181 1193/1294/1193 1192/1293/1192 1180/1280/1180
f 1182/1282/1182 1194/1295/1194 1193/1294/1193 1181/1281/1181
f 1183/1283/1183 1195/1296/1195 1194/1295/1194 1182/1282/1182
f 1184/1284/1184 1196/1297/1196 1195/1296/1195 1183/1283/1183
f 1185/1285/1185 1197/1298/1197 1196/1297/1196 1184/1284/1184
f 1186/1286/1186 1198/1299/1198 1197/1298/1197 1185/1285/1185
f 1187/1287/1187 1199/1300/1199 1198/1299/1198 1186/1286/1186
f 1188/1276/1188 1200/1289/1200 1199/1300/1199 1187/1287/1187
f 1189/1288/1189 1201/1301/1201 1212/1302/1212 1200/1289/1200
f 1190/1290/1190 1202/1303/1202 1201/1304/1201 1189/1291/1189
f 1191/1292/1191 1203/1305/1203 1202/1303/1202 1190/1290/1190
f 1192/1293/1192 1204/1306/1204 1203/1305/1203 1191/1292/1191
f 1193/1294/1193 1205/1307/1205 1204/1306/1204 1192/1293/1192
f 1194/1295/1194 1206/1308/1206 1205/1307/1205 1193/1294/1193
f 1195/1296/1195 1207/1309/1207 1206/1308/1206 1194/1295/1194
f 1196/1297/1196 1208/1310/1208 1207/1309/1207 1195/1296/1195
f 1197/1298/1197 1209/1311/1209 1208/1310/1208 1196/1297/1196
f 1198/1299/1198 1210/1312/1210 1209/1311/1209 1197/1298/1197
f 1199/1300/1199 1211/1313/1211 1210/1312/1210 1198/1299/1198
f 1200/1289/1200 1212/1302/1212 1211/1313/1211 1199/1300/1199
f 1201/1301/1201 1213/1314/1213 1224/1315/1224 1212/1302/1212
f 1202/1303/1202 1214/1316/1214 1213/1317/1213 1201/1304/1201
f 1203/1305/1203 1215/1318/1215 1214/1316/1214 1202/1303/1202
f 1204/1306/1204 1216/1319/1216 1215/1318/1215 1203/1305/1203
f 1205/1307/1205 1217/1320/1217 1216/1319/1216 1204/1306/1204
f 1206/1308/1206 1218/1321/1218 1217/1320/1217 1205/1307/1205
f 1207/1309/1207 1219/1322/1219 1218/1321/1218 1206/1308/1206
f 1208/1310/1208 1220/1323/1220 1219/1322/1219 1207/1309/1207
f 1209/1311/1209 1221/1324/1221 1220/1323/1220 1208/1310/1208
f 1210/1312/1210 1222/1325/1222 1221/1324/1221 1209/1311/1209
f 1211/1313/1211 1223/1326/1223 1222/1325/1222 1210/1312/1210
f 1212/1302/1212 1224/1315/1224 1223/1326/1223 1211/1313/1211
f 1213/1314/1213 1225/1327/1225 1236/1328/1236 1224/1315/1224
f 1214/1316/1214 1226/1329/1226 1225/1330/1225 1213/1317/1213
f 1215/1318/1215 1227/1331/1227 1226/1329/1226 1214/1316/1214
f 1216/1319/1216 1228/1332/1228 1227/1331/1227 1215/1318/1215
f 1217/1320/1217 1229/1333/1229 1228/1332/1228 1216/1319/1216
f 1218/1321/1218 1230/1334/1230 1229/1333/1229 1217/1320/1217
f 1219/1322/1219 1231/1335/1231 1230/1334/1230 1218/1321/1218
f 1220/1323/1220 1232/1336/1232 1231/1335/1231 1219/1322/1219
f 1221/1324/1221 1233/1337/1233 1232/1336/1232 1220/1323/1220
f 1222/1325/1222 1234/1338/1234 1233/1337/1233 1221/1324/1221
f 1223/1326/1223 1235/1339/1235 1234/1338/1234 1222/1325/1222
f 1224/1315/1224 1236/1328/1236 1235/1339/1235 1223/1326/1223
f 1225/1327/1225 1237/1340/1237 1248/1341/1248 1236/1328/1236
f 1226/1329/1226 1238/1342/1238 1237/1343/1237 1225/1330/1225
f 1227/1331/1227 1239/1344/1239 1238/1342/1238 1226/1329/1226
f 1228/1332/1228 1240/1345/1240 1239/1344/1239 1227/1331/1227
f 1229/1333/1229 1241/1346/1241 1240/1345/1240 1228/1332/1228
f 1230/1334/1230 1242/1347/1242 1241/1346/1241 1229/1333/1229
f 1231/1335/1231 1243/1348/1243 1242/1347/1242 1230/1334/1230
f 1232/1336/1232 1244/1349/1244 1243/1348/1243 1231/1335/1231
f 1233/1337/1233 1245/1350/1245 1244/1349/1244 1232/1336/1232
f 1234/1338/1234 1246/1351/1246 1245/1350/1245 1233/1337/1233
f 1235/1339/1235 1247/1352/1247 1246/1351/1246 1234/1338/1234
f 1236/1328/1236 1248/1341/1248 1247/1352/1247 1235/1339/1235
o ベジエカーブ.004
v -0.087032 0.499024 -4.171273
v -0.071321 0.509922 -4.185994
v -0.050163 0.513911 -4.190780
v -0.029226 0.509922 -4.184349
v -0.014121 0.499024 -4.168422
v -0.008896 0.484138 -4.147269
v -0.014949 0.469252 -4.126557
v -0.030660 0.458354 -4.111835
v -0.051818 0.454365 -4.107049
v -0.072755 0.458354 -4.113482
v -0.087859 0.469252 -4.129408
v -0.093085 0.484138 -4.150561
v -0.084900 0.420920 -4.272530
v -0.069163 0.430876 -4.288465
v -0.047996 0.434550 -4.293657
v -0.027071 0.430957 -4.286715
v -0.011993 0.421059 -4.269499
v -0.006804 0.407508 -4.246623
v -0.012893 0.393937 -4.224215
v -0.028630 0.383980 -4.208280
v -0.049797 0.380306 -4.203088
v -0.070722 0.383899 -4.210030
v -0.085800 0.393797 -4.227245
v -0.090989 0.407348 -4.250122
v -0.082760 0.339603 -4.360226
v -0.066993 0.348387 -4.377416
v -0.045816 0.351668 -4.383027
v -0.024903 0.348567 -4.375558
v -0.009859 0.339916 -4.357010
v -0.004713 0.328031 -4.332352
v -0.010845 0.316098 -4.308191
v -0.026613 0.307314 -4.291002
v -0.047790 0.304033 -4.285390
v -0.068703 0.307133 -4.292859
v -0.083747 0.315785 -4.311407
v -0.088893 0.327670 -4.336066
v -0.080624 0.255153 -4.432592
v -0.064819 0.262451 -4.451042
v -0.043629 0.265234 -4.457076
v -0.022732 0.262758 -4.449078
v -0.007727 0.255686 -4.429189
v -0.002635 0.245913 -4.402740
v -0.008820 0.236057 -4.376818
v -0.024625 0.228760 -4.358368
v -0.045814 0.225976 -4.352334
v -0.066711 0.228452 -4.360332
v -0.081716 0.235524 -4.380221
v -0.086809 0.245298 -4.406670
v -0.078500 0.167697 -4.487737
v -0.062651 0.173144 -4.507339
v -0.041446 0.175308 -4.513759
v -0.020568 0.173609 -4.505276
v -0.005611 0.168503 -4.484164
v -0.000582 0.161358 -4.456079
v -0.006830 0.154088 -4.428547
v -0.022679 0.148641 -4.408946
v -0.043884 0.146477 -4.402526
v -0.064762 0.148176 -4.411008
v -0.079719 0.153282 -4.432120
v -0.084748 0.160427 -4.460205
v -0.076404 0.077425 -4.523686
v -0.060503 0.080651 -4.544158
v -0.039281 0.082072 -4.550869
v -0.018424 0.081306 -4.542021
v -0.003522 0.078560 -4.519984
v 0.001434 0.074568 -4.490664
v -0.004886 0.070401 -4.461917
v -0.020787 0.067174 -4.441446
v -0.042009 0.065754 -4.434735
v -0.062865 0.066519 -4.443583
v -0.077768 0.069266 -4.465619
v -0.082723 0.073258 -4.494939
v -0.074350 -0.015348 -4.538425
v -0.058393 -0.014634 -4.559286
v -0.037152 -0.014055 -4.566127
v -0.016319 -0.013765 -4.557116
v -0.001476 -0.013841 -4.534667
v 0.003401 -0.014264 -4.504794
v -0.002997 -0.014920 -4.475504
v -0.018953 -0.015633 -4.454643
v -0.040194 -0.016213 -4.447802
v -0.061027 -0.016503 -4.456814
v -0.075870 -0.016426 -4.479263
v -0.080747 -0.016003 -4.509135
v -0.072357 -0.110162 -4.530024
v -0.056345 -0.112080 -4.550649
v -0.035085 -0.112381 -4.557412
v -0.014276 -0.110986 -4.548499
v 0.000509 -0.108267 -4.526299
v 0.005307 -0.104953 -4.496762
v -0.001167 -0.101933 -4.467800
v -0.017180 -0.100015 -4.447175
v -0.038439 -0.099713 -4.440412
v -0.059249 -0.101109 -4.449325
v -0.074033 -0.103828 -4.471524
v -0.078831 -0.107141 -4.501062
v -0.070444 -0.206482 -4.496756
v -0.054382 -0.210922 -4.516517
v -0.033106 -0.212068 -4.522990
v -0.012317 -0.209612 -4.514440
v 0.002414 -0.204214 -4.493159
v 0.007141 -0.197318 -4.464849
v 0.000596 -0.190773 -4.437094
v -0.015466 -0.186333 -4.417333
v -0.036742 -0.185187 -4.410860
v -0.057530 -0.187642 -4.419409
v -0.072262 -0.193041 -4.440691
v -0.076989 -0.199937 -4.469001
v -0.068629 -0.303823 -4.437118
v -0.052525 -0.310485 -4.455532
v -0.031236 -0.312374 -4.461554
v -0.010464 -0.308985 -4.453570
v 0.004223 -0.301226 -4.433721
v 0.008891 -0.291175 -4.407322
v 0.002288 -0.281525 -4.381450
v -0.013815 -0.274863 -4.363036
v -0.035105 -0.272974 -4.357014
v -0.055876 -0.276363 -4.364998
v -0.070564 -0.284122 -4.384848
v -0.075232 -0.294173 -4.411245
v -0.066925 -0.401842 -4.349717
v -0.050790 -0.410329 -4.366520
v -0.029489 -0.412830 -4.372003
v -0.008731 -0.408674 -4.364697
v 0.005922 -0.398975 -4.346558
v 0.010545 -0.386332 -4.322447
v 0.003898 -0.374132 -4.298825
v -0.012238 -0.365644 -4.282021
v -0.033538 -0.363143 -4.276538
v -0.054296 -0.367299 -4.283845
v -0.068950 -0.376998 -4.301984
v -0.073572 -0.389642 -4.326095
v -0.065344 -0.500339 -4.233130
v -0.049185 -0.510255 -4.248259
v -0.027877 -0.513234 -4.253181
v -0.007129 -0.508478 -4.246578
v 0.007501 -0.497261 -4.230218
v 0.012090 -0.482589 -4.208485
v 0.005411 -0.468392 -4.187203
v -0.010747 -0.458476 -4.172074
v -0.032055 -0.455497 -4.167151
v -0.052804 -0.460253 -4.173755
v -0.067433 -0.471470 -4.190114
v -0.072023 -0.486143 -4.211847
v -0.063893 -0.599222 -4.085790
v -0.047718 -0.610243 -4.099285
v -0.026405 -0.613592 -4.103660
v -0.005663 -0.608372 -4.097743
v 0.008949 -0.595981 -4.083120
v 0.013516 -0.579739 -4.063710
v 0.006814 -0.563999 -4.044712
v -0.009361 -0.552977 -4.031218
v -0.030675 -0.549628 -4.026843
v -0.051416 -0.554849 -4.032759
v -0.066028 -0.567240 -4.047381
v -0.070595 -0.583482 -4.066792
vn -0.8874 0.3558 -0.2931
vn -0.5390 0.6614 -0.5216
vn 0.0236 0.7918 -0.6103
vn 0.5721 0.6552 -0.4934
vn 0.9000 0.3540 -0.2541
vn 0.9998 0.0054 0.0169
vn 0.8922 -0.3484 0.2875
vn 0.5447 -0.6585 0.5193
vn -0.0241 -0.7919 0.6102
vn -0.5781 -0.6520 0.4906
vn -0.9046 -0.3465 0.2482
vn -0.9997 0.0036 -0.0239
vn -0.8898 0.3384 -0.3061
vn -0.5440 0.6347 -0.5488
vn 0.0251 0.7638 -0.6450
vn 0.5787 0.6293 -0.5187
vn 0.9028 0.3384 -0.2655
vn 0.9998 0.0067 0.0170
vn 0.8951 -0.3305 0.2994
vn 0.5505 -0.6316 0.5460
vn -0.0256 -0.7639 0.6448
vn -0.5855 -0.6258 0.5154
vn -0.9078 -0.3303 0.2586
vn -0.9997 0.0029 -0.0251
vn -0.8948 0.2976 -0.3328
vn -0.5548 0.5698 -0.6063
vn 0.0284 0.6939 -0.7195
vn 0.5930 0.5666 -0.5722
vn 0.9085 0.3018 -0.2889
vn 0.9998 0.0093 0.0171
vn 0.9007 -0.2892 0.3241
vn 0.5624 -0.5664 0.6025
vn -0.0291 -0.6942 0.7192
vn -0.6009 -0.5628 0.5676
vn -0.9141 -0.2934 0.2799
vn -0.9996 0.0007 -0.0275
vn -0.9002 0.2444 -0.3604
vn -0.5670 0.4808 -0.6688
vn 0.0327 0.5949 -0.8031
vn 0.6098 0.4811 -0.6299
vn 0.9151 0.2543 -0.3130
vn 0.9998 0.0121 0.0171
vn 0.9068 -0.2361 0.3492
vn 0.5760 -0.4773 0.6636
vn -0.0335 -0.5954 0.8027
vn -0.6190 -0.4773 0.6237
vn -0.9212 -0.2460 0.3014
vn -0.9995 -0.0025 -0.0301
vn -0.9053 0.1761 -0.3866
vn -0.5795 0.3600 -0.7311
vn 0.0381 0.4555 -0.8894
vn 0.6279 0.3660 -0.6868
vn 0.9219 0.1935 -0.3357
vn 0.9997 0.0151 0.0168
vn 0.9125 -0.1690 0.3724
vn 0.5900 -0.3568 0.7243
vn -0.0390 -0.4562 0.8890
vn -0.6385 -0.3627 0.6788
vn -0.9285 -0.1864 0.3212
vn -0.9994 -0.0070 -0.0328
vn -0.9088 0.0919 -0.4069
vn -0.5892 0.2029 -0.7821
vn 0.0442 0.2672 -0.9626
vn 0.6444 0.2173 -0.7331
vn 0.9279 0.1188 -0.3534
vn 0.9997 0.0181 0.0163
vn 0.9166 -0.0873 0.3901
vn 0.6009 -0.2008 0.7737
vn -0.0453 -0.2679 0.9624
vn -0.6562 -0.2153 0.7232
vn -0.9349 -0.1143 0.3361
vn -0.9993 -0.0130 -0.0351
vn -0.9092 -0.0051 -0.4164
vn -0.5913 0.0153 -0.8063
vn 0.0501 0.0358 -0.9981
vn 0.6546 0.0404 -0.7549
vn 0.9318 0.0327 -0.3616
vn 0.9997 0.0210 0.0158
vn 0.9174 0.0058 0.3978
vn 0.6040 -0.0150 0.7968
vn -0.0514 -0.0362 0.9980
vn -0.6671 -0.0405 0.7439
vn -0.9389 -0.0323 0.3426
vn -0.9991 -0.0203 -0.0363
vn -0.9053 -0.1070 -0.4111
vn -0.5830 -0.1823 -0.7918
vn 0.0547 -0.2090 -0.9764
vn 0.6544 -0.1463 -0.7419
vn 0.9323 -0.0578 -0.3571
vn 0.9996 0.0238 0.0155
vn 0.9139 0.1032 0.3926
vn 0.5959 0.1807 0.7825
vn -0.0560 0.2091 0.9763
vn -0.6671 0.1438 0.7310
vn -0.9396 0.0536 0.3381
vn -0.9989 -0.0282 -0.0361
vn -0.8976 -0.2032 -0.3912
vn -0.5656 -0.3628 -0.7406
vn 0.0573 -0.4275 -0.9022
vn 0.6442 -0.3181 -0.6956
vn 0.9294 -0.1436 -0.3400
vn 0.9995 0.0266 0.0155
vn 0.9063 0.1956 0.3746
vn 0.5780 0.3596 0.7326
vn -0.0584 0.4279 0.9019
vn -0.6564 0.3137 0.6861
vn -0.9367 0.1355 0.3228
vn -0.9988 -0.0356 -0.0344
vn -0.8879 -0.2854 -0.3609
vn -0.5444 -0.5080 -0.6675
vn 0.0581 -0.5964 -0.8006
vn 0.6284 -0.4580 -0.6288
vn 0.9243 -0.2174 -0.3137
vn 0.9994 0.0297 0.0156
vn 0.8964 0.2755 0.3472
vn 0.5556 0.5040 0.6612
vn -0.0591 0.5968 0.8002
vn -0.6395 0.4527 0.6214
vn -0.9314 0.2069 0.2994
vn -0.9986 -0.0415 -0.0315
vn -0.8781 -0.3504 -0.3258
vn -0.5243 -0.6153 -0.5887
vn 0.0579 -0.7159 -0.6958
vn 0.6118 -0.5626 -0.5560
vn 0.9185 -0.2762 -0.2830
vn 0.9993 0.0328 0.0155
vn 0.8861 0.3398 0.3152
vn 0.5340 0.6112 0.5841
vn -0.0588 0.7162 0.6954
vn -0.6216 0.5573 0.5505
vn -0.9252 0.2648 0.2719
vn -0.9985 -0.0458 -0.0283
vn -0.8695 -0.3994 -0.2905
vn -0.5076 -0.6912 -0.5144
vn 0.0574 -0.7973 -0.6009
vn 0.5973 -0.6374 -0.4868
vn 0.9130 -0.3208 -0.2521
vn 0.9992 0.0357 0.0153
vn 0.8768 0.3891 0.2826
vn 0.5159 0.6874 0.5112
vn -0.0580 0.7974 0.6006
vn -0.6056 0.6325 0.4829
vn -0.9191 0.3097 0.2437
vn -0.9985 -0.0487 -0.0251
vn -0.8656 -0.4197 -0.2732
vn -0.5000 -0.7213 -0.4792
vn 0.0570 -0.8287 -0.5568
vn 0.5904 -0.6674 -0.4538
vn 0.9104 -0.3394 -0.2367
vn 0.9992 0.0375 0.0153
vn 0.8721 0.4103 0.2667
vn 0.5072 0.7180 0.4767
vn -0.0576 0.8288 0.5566
vn -0.5977 0.6630 0.4507
vn -0.9158 0.3292 0.2299
vn -0.9985 -0.0495 -0.0234
vt 0.000000 1.000000
vt 0.083333 1.000000
vt 0.083333 0.916667
vt 0.000000 0.916667
vt 0.000000 0.083333
vt 0.083333 0.083333
vt 0.083333 0.000000
vt 0.000000 0.000000
vt 0.000000 0.166667
vt 0.083333 0.166667
vt 0.000000 0.250000
vt 0.083333 0.250000
vt 0.000000 0.333333
vt 0.083333 0.333333
vt 0.000000 0.416667
vt 0.083333 0.416667
vt 0.000000 0.500000
vt 0.083333 0.500000
vt 0.000000 0.583333
vt 0.083333 0.583333
vt 0.000000 0.666667
vt 0.083333 0.666667
vt 0.000000 0.750000
vt 0.083333 0.750000
vt 0.000000 0.833333
vt 0.083333 0.833333
vt 0.166667 1.000000
vt 0.166667 0.916667
vt 0.166667 0.083333
vt 0.166667 0.000000
vt 0.166667 0.166667
vt 0.166667 0.250000
vt 0.166667 0.333333
vt 0.166667 0.416667
vt 0.166667 0.500000
vt 0.166667 0.583333
vt 0.166667 0.666667
vt 0.166667 0.750000
vt 0.166667 0.833333
vt 0.250000 1.000000
vt 0.250000 0.916667
vt 0.250000 0.083333
vt 0.250000 0.000000
vt 0.250000 0.166667
vt 0.250000 0.250000
vt 0.250000 0.333333
vt 0.250000 0.416667
vt 0.250000 0.500000
vt 0.250000 0.583333
vt 0.250000 0.666667
vt 0.250000 0.750000
vt 0.250000 0.833333
vt 0.333333 1.000000
vt 0.333333 0.916667
vt 0.333333 0.083333
vt 0.333333 0.000000
vt 0.333333 0.166667
vt 0.333333 0.250000
vt 0.333333 0.333333
vt 0.333333 0.416667
vt 0.333333 0.500000
vt 0.333333 0.583333
vt 0.333333 0.666667
vt 0.333333 0.750000
vt 0.333333 0.833333
vt 0.416667 1.000000
vt 0.416667 0.916667
vt 0.416667 0.083333
vt 0.416667 0.000000
vt 0.416667 0.166667
vt 0.416667 0.250000
vt 0.416667 0.333333
vt 0.416667 0.416667
vt 0.416667 0.500000
vt 0.416667 0.583333
vt 0.416667 0.666667
vt 0.416667 0.750000
vt 0.416667 0.833333
vt 0.500000 1.000000
vt 0.500000 0.916667
vt 0.500000 0.083333
vt 0.500000 0.000000
vt 0.500000 0.166667
vt 0.500000 0.250000
vt 0.500000 0.333333
vt 0.500000 0.416667
vt 0.500000 0.500000
vt 0.500000 0.583333
vt 0.500000 0.666667
vt 0.500000 0.750000
vt 0.500000 0.833333
vt 0.583333 1.000000
vt 0.583333 0.916667
vt 0.583333 0.083333
vt 0.583333 0.000000
vt 0.583333 0.166667
vt 0.583333 0.250000
vt 0.583333 0.333333
vt 0.583333 0.416667
vt 0.583333 0.500000
vt 0.583333 0.583333
vt 0.583333 0.666667
vt 0.583333 0.750000
vt 0.583333 0.833333
vt 0.666667 1.000000
vt 0.666667 0.916667
vt 0.666667 0.083333
vt 0.666667 0.000000
vt 0.666667 0.166667
vt 0.666667 0.250000
vt 0.666667 0.333333
vt 0.666667 0.416667
vt 0.666667 0.500000
vt 0.666667 0.583333
vt 0.666667 0.666667
vt 0.666667 0.750000
vt 0.666667 0.833333
vt 0.750000 1.000000
vt 0.750000 0.916667
vt 0.750000 0.083333
vt 0.750000 0.000000
vt 0.750000 0.166667
vt 0.750000 0.250000
vt 0.750000 0.333333
vt 0.750000 0.416667
vt 0.750000 0.500000
vt 0.750000 0.583333
vt 0.750000 0.666667
vt 0.750000 0.750000
vt 0.750000 0.833333
vt 0.833333 1.000000
vt 0.833333 0.916667
vt 0.833333 0.083333
vt 0.833333 0.000000
vt 0.833333 0.166667
vt 0.833333 0.250000
vt 0.833333 0.333333
vt 0.833333 0.416667
vt 0.833333 0.500000
vt 0.833333 0.583333
vt 0.833333 0.666667
vt 0.833333 0.750000
vt 0.833333 0.833333
vt 0.916667 1.000000
vt 0.916667 0.916667
vt 0.916667 0.083333
vt 0.916667 0.000000
vt 0.916667 0.166667
vt 0.916667 0.250000
vt 0.916667 0.333333
vt 0.916667 0.416667
vt 0.916667 0.500000
vt 0.916667 0.583333
vt 0.916667 0.666667
vt 0.916667 0.750000
vt 0.916667 0.833333
vt 1.000000 1.000000
vt 1.000000 0.916667
vt 1.000000 0.083333
vt 1.000000 0.000000
vt 1.000000 0.166667
vt 1.000000 0.250000
vt 1.000000 0.333333
vt 1.000000 0.416667
vt 1.000000 0.500000
vt 1.000000 0.583333
vt 1.000000 0.666667
vt 1.000000 0.750000
vt 1.000000 0.833333
s 1
f 1249/1353/1249 1261/1354/1261 1272/1355/1272 1260/1356/1260
f 1250/1357/1250 1262/1358/1262 1261/1359/1261 1249/1360/1249
f 1251/1361/1251 1263/1362/1263 1262/1358/1262 1250/1357/1250
f 1252/1363/1252 1264/1364/1264 1263/1362/1263 1251/1361/1251
f 1253/1365/1253 1265/1366/1265 1264/1364/1264 1252/1363/1252
f 1254/1367/1254 1266/1368/1266 1265/1366/1265 1253/1365/1253
f 1255/1369/1255 1267/1370/1267 1266/1368/1266 1254/1367/1254
f 1256/1371/1256 1268/1372/1268 1267/1370/1267 1255/1369/1255
f 1257/1373/1257 1269/1374/1269 1268/1372/1268 1256/1371/1256
f 1258/1375/1258 1270/1376/1270 1269/1374/1269 1257/1373/1257
f 1259/1377/1259 1271/1378/1271 1270/1376/1270 1258/1375/1258
f 1260/1356/1260 1272/1355/1272 1271/1378/1271 1259/1377/1259
f 1261/1354/1261 1273/1379/1273 1284/1380/1284 1272/1355/1272
f 1262/1358/1262 1274/1381/1274 1273/1382/1273 1261/1359/1261
f 1263/1362/1263 1275/1383/1275 1274/1381/1274 1262/1358/1262
f 1264/1364/1264 1276/1384/1276 1275/1383/1275 1263/1362/1263
f 1265/1366/1265 1277/1385/1277 1276/1384/1276 1264/1364/1264
f 1266/1368/1266 1278/1386/1278 1277/1385/1277 1265/1366/1265
f 1267/1370/1267 1279/1387/1279 1278/1386/1278 1266/1368/1266
f 1268/1372/1268 1280/1388/1280 1279/1387/1279 1267/1370/1267
f 1269/1374/1269 1281/1389/1281 1280/1388/1280 1268/1372/1268
f 1270/1376/1270 1282/1390/1282 1281/1389/1281 1269/1374/1269
f 1271/1378/1271 1283/1391/1283 1282/1390/1282 1270/1376/1270
f 1272/1355/1272 1284/1380/1284 1283/1391/1283 1271/1378/1271
f 1273/1379/1273 1285/1392/1285 1296/1393/1296 1284/1380/1284
f 1274/1381/1274 1286/1394/1286 1285/1395/1285 1273/1382/1273
f 1275/1383/1275 1287/1396/1287 1286/1394/1286 1274/1381/1274
f 1276/1384/1276 1288/1397/1288 1287/1396/1287 1275/1383/1275
f 1277/1385/1277 1289/1398/1289 1288/1397/1288 1276/1384/1276
f 1278/1386/1278 1290/1399/1290 1289/1398/1289 1277/1385/1277
f 1279/1387/1279 1291/1400/1291 1290/1399/1290 1278/1386/1278
f 1280/1388/1280 1292/1401/1292 1291/1400/1291 1279/1387/1279
f 1281/1389/1281 1293/1402/1293 1292/1401/1292 1280/1388/1280
f 1282/1390/1282 1294/1403/1294 1293/1402/1293 1281/1389/1281
f 1283/1391/1283 1295/1404/1295 1294/1403/1294 1282/1390/1282
f 1284/1380/1284 1296/1393/1296 1295/1404/1295 1283/1391/1283
f 1285/1392/1285 1297/1405/1297 1308/1406/1308 1296/1393/1296
f 1286/1394/1286 1298/1407/1298 1297/1408/1297 1285/1395/1285
f 1287/1396/1287 1299/1409/1299 1298/1407/1298 1286/1394/1286
f 1288/1397/1288 1300/1410/1300 1299/1409/1299 1287/1396/1287
f 1289/1398/1289 1301/1411/1301 1300/1410/1300 1288/1397/1288
f 1290/1399/1290 1302/1412/1302 1301/1411/1301 1289/1398/1289
f 1291/1400/1291 1303/1413/1303 1302/1412/1302 1290/1399/1290
f 1292/1401/1292 1304/1414/1304 1303/1413/1303 1291/1400/1291
f 1293/1402/1293 1305/1415/1305 1304/1414/1304 1292/1401/1292
f 1294/1403/1294 1306/1416/1306 1305/1415/1305 1293/1402/1293
f 1295/1404/1295 1307/1417/1307 1306/1416/1306 1294/1403/1294
f 1296/1393/1296 1308/1406/1308 1307/1417/1307 1295/1404/1295
f 1297/1405/1297 1309/1418/1309 1320/1419/1320 1308/1406/1308
f 1298/1407/1298 1310/1420/1310 1309/1421/1309 1297/1408/1297
f 1299/1409/1299 1311/1422/1311 1310/1420/1310 1298/1407/1298
f 1300/1410/1300 1312/1423/1312 1311/1422/1311 1299/1409/1299
f 1301/1411/1301 1313/1424/1313 1312/1423/1312 1300/1410/1300
f 1302/1412/1302 1314/1425/1314 1313/1424/1313 1301/1411/1301
f 1303/1413/1303 1315/1426/1315 1314/1425/1314 1302/1412/1302
f 1304/1414/1304 1316/1427/1316 1315/1426/1315 1303/1413/1303
f 1305/1415/1305 1317/1428/1317 1316/1427/1316 1304/1414/1304
f 1306/1416/1306 1318/1429/1318 1317/1428/1317 1305/1415/1305
f 1307/1417/1307 1319/1430/1319 1318/1429/1318 1306/1416/1306
f 1308/1406/1308 1320/1419/1320 1319/1430/1319 1307/1417/1307
f 1309/1418/1309 1321/1431/1321 1332/1432/1332 1320/1419/1320
f 1310/1420/1310 1322/1433/1322 1321/1434/1321 1309/1421/1309
f 1311/1422/1311 1323/1435/1323 1322/1433/1322 1310/1420/1310
f 1312/1423/1312 1324/1436/1324 1323/1435/1323 1311/1422/1311
f 1313/1424/1313 1325/1437/1325 1324/1436/1324 1312/1423/1312
f 1314/1425/1314 1326/1438/1326 1325/1437/1325 1313/1424/1313
f 1315/1426/1315 1327/1439/1327 1326/1438/1326 1314/1425/1314
f 1316/1427/1316 1328/1440/1328 1327/1439/1327 1315/1426/1315
f 1317/1428/1317 1329/1441/1329 1328/1440/1328 1316/1427/1316
f 1318/1429/1318 1330/1442/1330 1329/1441/1329 1317/1428/1317
f 1319/1430/1319 1331/1443/1331 1330/1442/1330 1318/1429/1318
f 1320/1419/1320 1332/1432/1332 1331/1443/1331 1319/1430/1319
f 1321/1431/1321 1333/1444/1333 1344/1445/1344 1332/1432/1332
f 1322/1433/1322 1334/1446/1334 1333/1447/1333 1321/1434/1321
f 1323/1435/1323 1335/1448/1335 1334/1446/1334 1322/1433/1322
f 1324/1436/1324 1336/1449/1336 1335/1448/1335 1323/1435/1323
f 1325/1437/1325 1337/1450/1337 1336/1449/1336 1324/1436/1324
f 1326/1438/1326 1338/1451/1338 1337/1450/1337 1325/1437/1325
f 1327/1439/1327 1339/1452/1339 1338/1451/1338 1326/1438/1326
f 1328/1440/1328 1340/1453/1340 1339/1452/1339 1327/1439/1327
f 1329/1441/1329 1341/1454/1341 1340/1453/1340 1328/1440/1328
f 1330/1442/1330 1342/1455/1342 1341/1454/1341 1329/1441/1329
f 1331/1443/1331 1343/1456/1343 1342/1455/1342 1330/1442/1330
f 1332/1432/1332 1344/1445/1344 1343/1456/1343 1331/1443/1331
f 1333/1444/1333 1345/1457/1345 1356/1458/1356 1344/1445/1344
f 1334/1446/1334 1346/1459/1346 1345/1460/1345 1333/1447/1333
f 1335/1448/1335 1347/1461/1347 1346/1459/1346 1334/1446/1334
f 1336/1449/1336 1348/1462/1348 1347/1461/1347 1335/1448/1335
f 1337/1450/1337 1349/1463/1349 1348/1462/1348 1336/1449/1336
f 1338/1451/1338 1350/1464/1350 1349/1463/1349 1337/1450/1337
f 1339/1452/1339 1351/1465/1351 1350/1464/1350 1338/1451/1338
f 1340/1453/1340 1352/1466/1352 1351/1465/1351 1339/1452/1339
f 1341/1454/1341 1353/1467/1353 1352/1466/1352 1340/1453/1340
f 1342/1455/1342 1354/1468/1354 1353/1467/1353 1341/1454/1341
f 1343/1456/1343 1355/1469/1355 1354/1468/1354 1342/1455/1342
f 1344/1445/1344 1356/1458/1356 1355/1469/1355 1343/1456/1343
f 1345/1457/1345 1357/1470/1357 1368/1471/1368 1356/1458/1356
f 1346/1459/1346 1358/1472/1358 1357/1473/1357 1345/1460/1345
f 1347/1461/1347 1359/1474/1359 1358/1472/1358 1346/1459/1346
f 1348/1462/1348 1360/1475/1360 1359/1474/1359 1347/1461/1347
f 1349/1463/1349 1361/1476/1361 1360/1475/1360 1348/1462/1348
f 1350/1464/1350 1362/1477/1362 1361/1476/1361 1349/1463/1349
f 1351/1465/1351 1363/1478/1363 1362/1477/1362 1350/1464/1350
f 1352/1466/1352 1364/1479/1364 1363/1478/1363 1351/1465/1351
f 1353/1467/1353 1365/1480/1365 1364/1479/1364 1352/1466/1352
f 1354/1468/1354 1366/1481/1366 1365/1480/1365 1353/1467/1353
f 1355/1469/1355 1367/1482/1367 1366/1481/1366 1354/1468/1354
f 1356/1458/1356 1368/1471/1368 1367/1482/1367 1355/1469/1355
f 1357/1470/1357 1369/1483/1369 1380/1484/1380 1368/1471/1368
f 1358/1472/1358 1370/1485/1370 1369/1486/1369 1357/1473/1357
f 1359/1474/1359 1371/1487/1371 1370/1485/1370 1358/1472/1358
f 1360/1475/1360 1372/1488/1372 1371/1487/1371 1359/1474/1359
f 1361/1476/1361 1373/1489/1373 1372/1488/1372 1360/1475/1360
f 1362/1477/1362 1374/1490/1374 1373/1489/1373 1361/1476/1361
f 1363/1478/1363 1375/1491/1375 1374/1490/1374 1362/1477/1362
f 1364/1479/1364 1376/1492/1376 1375/1491/1375 1363/1478/1363
f 1365/1480/1365 1377/1493/1377 1376/1492/1376 1364/1479/1364
f 1366/1481/1366 1378/1494/1378 1377/1493/1377 1365/1480/1365
f 1367/1482/1367 1379/1495/1379 1378/1494/1378 1366/1481/1366
f 1368/1471/1368 1380/1484/1380 1379/1495/1379 1367/1482/1367
f 1369/1483/1369 1381/1496/1381 1392/1497/1392 1380/1484/1380
f 1370/1485/1370 1382/1498/1382 1381/1499/1381 1369/1486/1369
f 1371/1487/1371 1383/1500/1383 1382/1498/1382 1370/1485/1370
f 1372/1488/1372 1384/1501/1384 1383/1500/1383 1371/1487/1371
f 1373/1489/1373 1385/1502/1385 1384/1501/1384 1372/1488/1372
f 1374/1490/1374 1386/1503/1386 1385/1502/1385 1373/1489/1373
f 1375/1491/1375 1387/1504/1387 1386/1503/1386 1374/1490/1374
f 1376/1492/1376 1388/1505/1388 1387/1504/1387 1375/1491/1375
f 1377/1493/1377 1389/1506/1389 1388/1505/1388 1376/1492/1376
f 1378/1494/1378 1390/1507/1390 1389/1506/1389 1377/1493/1377
f 1379/1495/1379 1391/1508/1391 1390/1507/1390 1378/1494/1378
f 1380/1484/1380 1392/1497/1392 1391/1508/1391 1379/1495/1379
f 1381/1496/1381 1393/1509/1393 1404/1510/1404 1392/1497/1392
f 1382/1498/1382 1394/1511/1394 1393/1512/1393 1381/1499/1381
f 1383/1500/1383 1395/1513/1395 1394/1511/1394 1382/1498/1382
f 1384/1501/1384 1396/1514/1396 1395/1513/1395 1383/1500/1383
f 1385/1502/1385 1397/1515/1397 1396/1514/1396 1384/1501/1384
f 1386/1503/1386 1398/1516/1398 1397/1515/1397 1385/1502/1385
f 1387/1504/1387 1399/1517/1399 1398/1516/1398 1386/1503/1386
f 1388/1505/1388 1400/1518/1400 1399/1517/1399 1387/1504/1387
f 1389/1506/1389 1401/1519/1401 1400/1518/1400 1388/1505/1388
f 1390/1507/1390 1402/1520/1402 1401/1519/1401 1389/1506/1389
f 1391/1508/1391 1403/1521/1403 1402/1520/1402 1390/1507/1390
f 1392/1497/1392 1404/1510/1404 1403/1521/1403 1391/1508/1391
o ベジエカーブ.004
v -0.087032 0.499024 -4.171273
v -0.071321 0.509922 -4.185994
v -0.050163 0.513911 -4.190780
v -0.029226 0.509922 -4.184349
v -0.014121 0.499024 -4.168422
v -0.008896 0.484138 -4.147269
v -0.014949 0.469252 -4.126557
v -0.030660 0.458354 -4.111835
v -0.051818 0.454365 -4.107049
v -0.072755 0.458354 -4.113482
v -0.087859 0.469252 -4.129408
v -0.093085 0.484138 -4.150561
v -0.084900 0.420920 -4.272530
v -0.069163 0.430876 -4.288465
v -0.047996 0.434550 -4.293657
v -0.027071 0.430957 -4.286715
v -0.011993 0.421059 -4.269499
v -0.006804 0.407508 -4.246623
v -0.012893 0.393937 -4.224215
v -0.028630 0.383980 -4.208280
v -0.049797 0.380306 -4.203088
v -0.070722 0.383899 -4.210030
v -0.085800 0.393797 -4.227245
v -0.090989 0.407348 -4.250122
v -0.082760 0.339603 -4.360226
v -0.066993 0.348387 -4.377416
v -0.045816 0.351668 -4.383027
v -0.024903 0.348567 -4.375558
v -0.009859 0.339916 -4.357010
v -0.004713 0.328031 -4.332352
v -0.010845 0.316098 -4.308191
v -0.026613 0.307314 -4.291002
v -0.047790 0.304033 -4.285390
v -0.068703 0.307133 -4.292859
v -0.083747 0.315785 -4.311407
v -0.088893 0.327670 -4.336066
v -0.080624 0.255153 -4.432592
v -0.064819 0.262451 -4.451042
v -0.043629 0.265234 -4.457076
v -0.022732 0.262758 -4.449078
v -0.007727 0.255686 -4.429189
v -0.002635 0.245913 -4.402740
v -0.008820 0.236057 -4.376818
v -0.024625 0.228760 -4.358368
v -0.045814 0.225976 -4.352334
v -0.066711 0.228452 -4.360332
v -0.081716 0.235524 -4.380221
v -0.086809 0.245298 -4.406670
v -0.078500 0.167697 -4.487737
v -0.062651 0.173144 -4.507339
v -0.041446 0.175308 -4.513759
v -0.020568 0.173609 -4.505276
v -0.005611 0.168503 -4.484164
v -0.000582 0.161358 -4.456079
v -0.006830 0.154088 -4.428547
v -0.022679 0.148641 -4.408946
v -0.043884 0.146477 -4.402526
v -0.064762 0.148176 -4.411008
v -0.079719 0.153282 -4.432120
v -0.084748 0.160427 -4.460205
v -0.076404 0.077425 -4.523686
v -0.060503 0.080651 -4.544158
v -0.039281 0.082072 -4.550869
v -0.018424 0.081306 -4.542021
v -0.003522 0.078560 -4.519984
v 0.001434 0.074568 -4.490664
v -0.004886 0.070401 -4.461917
v -0.020787 0.067174 -4.441446
v -0.042009 0.065754 -4.434735
v -0.062865 0.066519 -4.443583
v -0.077768 0.069266 -4.465619
v -0.082723 0.073258 -4.494939
v -0.074350 -0.015348 -4.538425
v -0.058393 -0.014634 -4.559286
v -0.037152 -0.014055 -4.566127
v -0.016319 -0.013765 -4.557116
v -0.001476 -0.013841 -4.534667
v 0.003401 -0.014264 -4.504794
v -0.002997 -0.014920 -4.475504
v -0.018953 -0.015633 -4.454643
v -0.040194 -0.016213 -4.447802
v -0.061027 -0.016503 -4.456814
v -0.075870 -0.016426 -4.479263
v -0.080747 -0.016003 -4.509135
v -0.072357 -0.110162 -4.530024
v -0.056345 -0.112080 -4.550649
v -0.035085 -0.112381 -4.557412
v -0.014276 -0.110986 -4.548499
v 0.000509 -0.108267 -4.526299
v 0.005307 -0.104953 -4.496762
v -0.001167 -0.101933 -4.467800
v -0.017180 -0.100015 -4.447175
v -0.038439 -0.099713 -4.440412
v -0.059249 -0.101109 -4.449325
v -0.074033 -0.103828 -4.471524
v -0.078831 -0.107141 -4.501062
v -0.070444 -0.206482 -4.496756
v -0.054382 -0.210922 -4.516517
v -0.033106 -0.212068 -4.522990
v -0.012317 -0.209612 -4.514440
v 0.002414 -0.204214 -4.493159
v 0.007141 -0.197318 -4.464849
v 0.000596 -0.190773 -4.437094
v -0.015466 -0.186333 -4.417333
v -0.036742 -0.185187 -4.410860
v -0.057530 -0.187642 -4.419409
v -0.072262 -0.193041 -4.440691
v -0.076989 -0.199937 -4.469001
v -0.068629 -0.303823 -4.437118
v -0.052525 -0.310485 -4.455532
v -0.031236 -0.312374 -4.461554
v -0.010464 -0.308985 -4.453570
v 0.004223 -0.301226 -4.433721
v 0.008891 -0.291175 -4.407322
v 0.002288 -0.281525 -4.381450
v -0.013815 -0.274863 -4.363036
v -0.035105 -0.272974 -4.357014
v -0.055876 -0.276363 -4.364998
v -0.070564 -0.284122 -4.384848
v -0.075232 -0.294173 -4.411245
v -0.066925 -0.401842 -4.349717
v -0.050790 -0.410329 -4.366520
v -0.029489 -0.412830 -4.372003
v -0.008731 -0.408674 -4.364697
v 0.005922 -0.398975 -4.346558
v 0.010545 -0.386332 -4.322447
v 0.003898 -0.374132 -4.298825
v -0.012238 -0.365644 -4.282021
v -0.033538 -0.363143 -4.276538
v -0.054296 -0.367299 -4.283845
v -0.068950 -0.376998 -4.301984
v -0.073572 -0.389642 -4.326095
v -0.065344 -0.500339 -4.233130
v -0.049185 -0.510255 -4.248259
v -0.027877 -0.513234 -4.253181
v -0.007129 -0.508478 -4.246578
v 0.007501 -0.497261 -4.230218
v 0.012090 -0.482589 -4.208485
v 0.005411 -0.468392 -4.187203
v -0.010747 -0.458476 -4.172074
v -0.032055 -0.455497 -4.167151
v -0.052804 -0.460253 -4.173755
v -0.067433 -0.471470 -4.190114
v -0.072023 -0.486143 -4.211847
v -0.063893 -0.599222 -4.085790
v -0.047718 -0.610243 -4.099285
v -0.026405 -0.613592 -4.103660
v -0.005663 -0.608372 -4.097743
v 0.008949 -0.595981 -4.083120
v 0.013516 -0.579739 -4.063710
v 0.006814 -0.563999 -4.044712
v -0.009361 -0.552977 -4.031218
v -0.030675 -0.549628 -4.026843
v -0.051416 -0.554849 -4.032759
v -0.066028 -0.567240 -4.047381
v -0.070595 -0.583482 -4.066792
vn -0.8874 0.3558 -0.2931
vn -0.5390 0.6614 -0.5216
vn 0.0236 0.7918 -0.6103
vn 0.5721 0.6552 -0.4934
vn 0.9000 0.3540 -0.2541
vn 0.9998 0.0054 0.0169
vn 0.8922 -0.3484 0.2875
vn 0.5447 -0.6585 0.5193
vn -0.0241 -0.7919 0.6102
vn -0.5781 -0.6520 0.4906
vn -0.9046 -0.3465 0.2482
vn -0.9997 0.0036 -0.0239
vn -0.8898 0.3384 -0.3061
vn -0.5440 0.6347 -0.5488
vn 0.0251 0.7638 -0.6450
vn 0.5787 0.6293 -0.5187
vn 0.9028 0.3384 -0.2655
vn 0.9998 0.0067 0.0170
vn 0.8951 -0.3305 0.2994
vn 0.5505 -0.6316 0.5460
vn -0.0256 -0.7639 0.6448
vn -0.5855 -0.6258 0.5154
vn -0.9078 -0.3303 0.2586
vn -0.9997 0.0029 -0.0251
vn -0.8948 0.2976 -0.3328
vn -0.5548 0.5698 -0.6063
vn 0.0284 0.6939 -0.7195
vn 0.5930 0.5666 -0.5722
vn 0.9085 0.3018 -0.2889
vn 0.9998 0.0093 0.0171
vn 0.9007 -0.2892 0.3241
vn 0.5624 -0.5664 0.6025
vn -0.0291 -0.6942 0.7192
vn -0.6009 -0.5628 0.5676
vn -0.9141 -0.2934 0.2799
vn -0.9996 0.0007 -0.0275
vn -0.9002 0.2444 -0.3604
vn -0.5670 0.4808 -0.6688
vn 0.0327 0.5949 -0.8031
vn 0.6098 0.4811 -0.6299
vn 0.9151 0.2543 -0.3130
vn 0.9998 0.0121 0.0171
vn 0.9068 -0.2361 0.3492
vn 0.5760 -0.4773 0.6636
vn -0.0335 -0.5954 0.8027
vn -0.6190 -0.4773 0.6237
vn -0.9212 -0.2460 0.3014
vn -0.9995 -0.0025 -0.0301
vn -0.9053 0.1761 -0.3866
vn -0.5795 0.3600 -0.7311
vn 0.0381 0.4555 -0.8894
vn 0.6279 0.3660 -0.6868
vn 0.9219 0.1935 -0.3357
vn 0.9997 0.0151 0.0168
vn 0.9125 -0.1690 0.3724
vn 0.5900 -0.3568 0.7243
vn -0.0390 -0.4562 0.8890
vn -0.6385 -0.3627 0.6788
vn -0.9285 -0.1864 0.3212
vn -0.9994 -0.0070 -0.0328
vn -0.9088 0.0919 -0.4069
vn -0.5892 0.2029 -0.7821
vn 0.0442 0.2672 -0.9626
vn 0.6444 0.2173 -0.7331
vn 0.9279 0.1188 -0.3534
vn 0.9997 0.0181 0.0163
vn 0.9166 -0.0873 0.3901
vn 0.6009 -0.2008 0.7737
vn -0.0453 -0.2679 0.9624
vn -0.6562 -0.2153 0.7232
vn -0.9349 -0.1143 0.3361
vn -0.9993 -0.0130 -0.0351
vn -0.9092 -0.0051 -0.4164
vn -0.5913 0.0153 -0.8063
vn 0.0501 0.0358 -0.9981
vn 0.6546 0.0404 -0.7549
vn 0.9318 0.0327 -0.3616
vn 0.9997 0.0210 0.0158
vn 0.9174 0.0058 0.3978
vn 0.6040 -0.0150 0.7968
vn -0.0514 -0.0362 0.9980
vn -0.6671 -0.0405 0.7439
vn -0.9389 -0.0323 0.3426
vn -0.9991 -0.0203 -0.0363
vn -0.9053 -0.1070 -0.4111
vn -0.5830 -0.1823 -0.7918
vn 0.0547 -0.2090 -0.9764
vn 0.6544 -0.1463 -0.7419
vn 0.9323 -0.0578 -0.3571
vn 0.9996 0.0238 0.0155
vn 0.9139 0.1032 0.3926
vn 0.5959 0.1807 0.7825
vn -0.0560 0.2091 0.9763
vn -0.6671 0.1438 0.7310
vn -0.9396 0.0536 0.3381
vn -0.9989 -0.0282 -0.0361
vn -0.8976 -0.2032 -0.3912
vn -0.5656 -0.3628 -0.7406
vn 0.0573 -0.4275 -0.9022
vn 0.6442 -0.3181 -0.6956
vn 0.9294 -0.1436 -0.3400
vn 0.9995 0.0266 0.0155
vn 0.9063 0.1956 0.3746
vn 0.5780 0.3596 0.7326
vn -0.0584 0.4279 0.9019
vn -0.6564 0.3137 0.6861
vn -0.9367 0.1355 0.3228
vn -0.9988 -0.0356 -0.0344
vn -0.8879 -0.2854 -0.3609
vn -0.5444 -0.5080 -0.6675
vn 0.0581 -0.5964 -0.8006
vn 0.6284 -0.4580 -0.6288
vn 0.9243 -0.2174 -0.3137
vn 0.9994 0.0297 0.0156
vn 0.8964 0.2755 0.3472
vn 0.5556 0.5040 0.6612
vn -0.0591 0.5968 0.8002
vn -0.6395 0.4527 0.6214
vn -0.9314 0.2069 0.2994
vn -0.9986 -0.0415 -0.0315
vn -0.8781 -0.3504 -0.3258
vn -0.5243 -0.6153 -0.5887
vn 0.0579 -0.7159 -0.6958
vn 0.6118 -0.5626 -0.5560
vn 0.9185 -0.2762 -0.2830
vn 0.9993 0.0328 0.0155
vn 0.8861 0.3398 0.3152
vn 0.5340 0.6112 0.5841
vn -0.0588 0.7162 0.6954
vn -0.6216 0.5573 0.5505
vn -0.9252 0.2648 0.2719
vn -0.9985 -0.0458 -0.0283
vn -0.8695 -0.3994 -0.2905
vn -0.5076 -0.6912 -0.5144
vn 0.0574 -0.7973 -0.6009
vn 0.5973 -0.6374 -0.4868
vn 0.9130 -0.3208 -0.2521
vn 0.9992 0.0357 0.0153
vn 0.8768 0.3891 0.2826
vn 0.5159 0.6874 0.5112
vn -0.0580 0.7974 0.6006
vn -0.6056 0.6325 0.4829
vn -0.9191 0.3097 0.2437
vn -0.9985 -0.0487 -0.0251
vn -0.8656 -0.4197 -0.2732
vn -0.5000 -0.7213 -0.4792
vn 0.0570 -0.8287 -0.5568
vn 0.5904 -0.6674 -0.4538
vn 0.9104 -0.3394 -0.2367
vn 0.9992 0.0375 0.0153
vn 0.8721 0.4103 0.2667
vn 0.5072 0.7180 0.4767
vn -0.0576 0.8288 0.5566
vn -0.5977 0.6630 0.4507
vn -0.9158 0.3292 0.2299
vn -0.9985 -0.0495 -0.0234
vt 0.000000 1.000000
vt 0.083333 1.000000
vt 0.083333 0.916667
vt 0.000000 0.916667
vt 0.000000 0.083333
vt 0.083333 0.083333
vt 0.083333 0.000000
vt 0.000000 0.000000
vt 0.000000 0.166667
vt 0.083333 0.166667
vt 0.000000 0.250000
vt 0.083333 0.250000
vt 0.000000 0.333333
vt 0.083333 0.333333
vt 0.000000 0.416667
vt 0.083333 0.416667
vt 0.000000 0.500000
vt 0.083333 0.500000
vt 0.000000 0.583333
vt 0.083333 0.583333
vt 0.000000 0.666667
vt 0.083333 0.666667
vt 0.000000 0.750000
vt 0.083333 0.750000
vt 0.000000 0.833333
vt 0.083333 0.833333
vt 0.166667 1.000000
vt 0.166667 0.916667
vt 0.166667 0.083333
vt 0.166667 0.000000
vt 0.166667 0.166667
vt 0.166667 0.250000
vt 0.166667 0.333333
vt 0.166667 0.416667
vt 0.166667 0.500000
vt 0.166667 0.583333
vt 0.166667 0.666667
vt 0.166667 0.750000
vt 0.166667 0.833333
vt 0.250000 1.000000
vt 0.250000 0.916667
vt 0.250000 0.083333
vt 0.250000 0.000000
vt 0.250000 0.166667
vt 0.250000 0.250000
vt 0.250000 0.333333
vt 0.250000 0.416667
vt 0.250000 0.500000
vt 0.250000 0.583333
vt 0.250000 0.666667
vt 0.250000 0.750000
vt 0.250000 0.833333
vt 0.333333 1.000000
vt 0.333333 0.916667
vt 0.333333 0.083333
vt 0.333333 0.000000
vt 0.333333 0.166667
vt 0.333333 0.250000
vt 0.333333 0.333333
vt 0.333333 0.416667
vt 0.333333 0.500000
vt 0.333333 0.583333
vt 0.333333 0.666667
vt 0.333333 0.750000
vt 0.333333 0.833333
vt 0.416667 1.000000
vt 0.416667 0.916667
vt 0.416667 0.083333
vt 0.416667 0.000000
vt 0.416667 0.166667
vt 0.416667 0.250000
vt 0.416667 0.333333
vt 0.416667 0.416667
vt 0.416667 0.500000
vt 0.416667 0.583333
vt 0.416667 0.666667
vt 0.416667 0.750000
vt 0.416667 0.833333
vt 0.500000 1.000000
vt 0.500000 0.916667
vt 0.500000 0.083333
vt 0.500000 0.000000
vt 0.500000 0.166667
vt 0.500000 0.250000
vt 0.500000 0.333333
vt 0.500000 0.416667
vt 0.500000 0.500000
vt 0.500000 0.583333
vt 0.500000 0.666667
vt 0.500000 0.750000
vt 0.500000 0.833333
vt 0.583333 1.000000
vt 0.583333 0.916667
vt 0.583333 0.083333
vt 0.583333 0.000000
vt 0.583333 0.166667
vt 0.583333 0.250000
vt 0.583333 0.333333
vt 0.583333 0.416667
vt 0.583333 0.500000
vt 0.583333 0.583333
vt 0.583333 0.666667
vt 0.583333 0.750000
vt 0.583333 0.833333
vt 0.666667 1.000000
vt 0.666667 0.916667
vt 0.666667 0.083333
vt 0.666667 0.000000
vt 0.666667 0.166667
vt 0.666667 0.250000
vt 0.666667 0.333333
vt 0.666667 0.416667
vt 0.666667 0.500000
vt 0.666667 0.583333
vt 0.666667 0.666667
vt 0.666667 0.750000
vt 0.666667 0.833333
vt 0.750000 1.000000
vt 0.750000 0.916667
vt 0.750000 0.083333
vt 0.750000 0.000000
vt 0.750000 0.166667
vt 0.750000 0.250000
vt 0.750000 0.333333
vt 0.750000 0.416667
vt 0.750000 0.500000
vt 0.750000 0.583333
vt 0.750000 0.666667
vt 0.750000 0.750000
vt 0.750000 0.833333
vt 0.833333 1.000000
vt 0.833333 0.916667
vt 0.833333 0.083333
vt 0.833333 0.000000
vt 0.833333 0.166667
vt 0.833333 0.250000
vt 0.833333 0.333333
vt 0.833333 0.416667
vt 0.833333 0.500000
vt 0.833333 0.583333
vt 0.833333 0.666667
vt 0.833333 0.750000
vt 0.833333 0.833333
vt 0.916667 1.000000
vt 0.916667 0.916667
vt 0.916667 0.083333
vt 0.916667 0.000000
vt 0.916667 0.166667
vt 0.916667 0.250000
vt 0.916667 0.333333
vt 0.916667 0.416667
vt 0.916667 0.500000
vt 0.916667 0.583333
vt 0.916667 0.666667
vt 0.916667 0.750000
vt 0.916667 0.833333
vt 1.000000 1.000000
vt 1.000000 0.916667
vt 1.000000 0.083333
vt 1.000000 0.000000
vt 1.000000 0.166667
vt 1.000000 0.250000
vt 1.000000 0.333333
vt 1.000000 0.416667
vt 1.000000 0.500000
vt 1.000000 0.583333
vt 1.000000 0.666667
vt 1.000000 0.750000
vt 1.000000 0.833333
s 1
f 1405/1522/1405 1417/1523/1417 1428/1524/1428 1416/1525/1416
f 1406/1526/1406 1418/1527/1418 1417/1528/1417 1405/1529/1405
f 1407/1530/1407 1419/1531/1419 1418/1527/1418 1406/1526/1406
f 1408/1532/1408 1420/1533/1420 1419/1531/1419 1407/1530/1407
f 1409/1534/1409 1421/1535/1421 1420/1533/1420 1408/1532/1408
f 1410/1536/1410 1422/1537/1422 1421/1535/1421 1409/1534/1409
f 1411/1538/1411 1423/1539/1423 1422/1537/1422 1410/1536/1410
f 1412/1540/1412 1424/1541/1424 1423/1539/1423 1411/1538/1411
f 1413/1542/1413 1425/1543/1425 1424/1541/1424 1412/1540/1412
f 1414/1544/1414 1426/1545/1426 1425/1543/1425 1413/1542/1413
f 1415/1546/1415 1427/1547/1427 1426/1545/1426 1414/1544/1414
f 1416/1525/1416 1428/1524/1428 1427/1547/1427 1415/1546/1415
f 1417/1523/1417 1429/1548/1429 1440/1549/1440 1428/1524/1428
f 1418/1527/1418 1430/1550/1430 1429/1551/1429 1417/1528/1417
f 1419/1531/1419 1431/1552/1431 1430/1550/1430 1418/1527/1418
f 1420/1533/1420 1432/1553/1432 1431/1552/1431 1419/1531/1419
f 1421/1535/1421 1433/1554/1433 1432/1553/1432 1420/1533/1420
f 1422/1537/1422 1434/1555/1434 1433/1554/1433 1421/1535/1421
f 1423/1539/1423 1435/1556/1435 1434/1555/1434 1422/1537/1422
f 1424/1541/1424 1436/1557/1436 1435/1556/1435 1423/1539/1423
f 1425/1543/1425 1437/1558/1437 1436/1557/1436 1424/1541/1424
f 1426/1545/1426 1438/1559/1438 1437/1558/1437 1425/1543/1425
f 1427/1547/1427 1439/1560/1439 1438/1559/1438 1426/1545/1426
f 1428/1524/1428 1440/1549/1440 1439/1560/1439 1427/1547/1427
f 1429/1548/1429 1441/1561/1441 1452/1562/1452 1440/1549/1440
f 1430/1550/1430 1442/1563/1442 1441/1564/1441 1429/1551/1429
f 1431/1552/1431 1443/1565/1443 1442/1563/1442 1430/1550/1430
f 1432/1553/1432 1444/1566/1444 1443/1565/1443 1431/1552/1431
f 1433/1554/1433 1445/1567/1445 1444/1566/1444 1432/1553/1432
f 1434/1555/1434 1446/1568/1446 1445/1567/1445 1433/1554/1433
f 1435/1556/1435 1447/1569/1447 1446/1568/1446 1434/1555/1434
f 1436/1557/1436 1448/1570/1448 1447/1569/1447 1435/1556/1435
f 1437/1558/1437 1449/1571/1449 1448/1570/1448 1436/1557/1436
f 1438/1559/1438 1450/1572/1450 1449/1571/1449 1437/1558/1437
f 1439/1560/1439 1451/1573/1451 1450/1572/1450 1438/1559/1438
f 1440/1549/1440 1452/1562/1452 1451/1573/1451 1439/1560/1439
f 1441/1561/1441 1453/1574/1453 1464/1575/1464 1452/1562/1452
f 1442/1563/1442 1454/1576/1454 1453/1577/1453 1441/1564/1441
f 1443/1565/1443 1455/1578/1455 1454/1576/1454 1442/1563/1442
f 1444/1566/1444 1456/1579/1456 1455/1578/1455 1443/1565/1443
f 1445/1567/1445 1457/1580/1457 1456/1579/1456 1444/1566/1444
f 1446/1568/1446 1458/1581/1458 1457/1580/1457 1445/1567/1445
f 1447/1569/1447 1459/1582/1459 1458/1581/1458 1446/1568/1446
f 1448/1570/1448 1460/1583/1460 1459/1582/1459 1447/1569/1447
f 1449/1571/1449 1461/1584/1461 1460/1583/1460 1448/1570/1448
f 1450/1572/1450 1462/1585/1462 1461/1584/1461 1449/1571/1449
f 1451/1573/1451 1463/1586/1463 1462/1585/1462 1450/1572/1450
f 1452/1562/1452 1464/1575/1464 1463/1586/1463 1451/1573/1451
f 1453/1574/1453 1465/1587/1465 1476/1588/1476 1464/1575/1464
f 1454/1576/1454 1466/1589/1466 1465/1590/1465 1453/1577/1453
f 1455/1578/1455 1467/1591/1467 1466/1589/1466 1454/1576/1454
f 1456/1579/1456 1468/1592/1468 1467/1591/1467 1455/1578/1455
f 1457/1580/1457 1469/1593/1469 1468/1592/1468 1456/1579/1456
f 1458/1581/1458 1470/1594/1470 1469/1593/1469 1457/1580/1457
f 1459/1582/1459 1471/1595/1471 1470/1594/1470 1458/1581/1458
f 1460/1583/1460 1472/1596/1472 1471/1595/1471 1459/1582/1459
f 1461/1584/1461 1473/1597/1473 1472/1596/1472 1460/1583/1460
f 1462/1585/1462 1474/1598/1474 1473/1597/1473 1461/1584/1461
f 1463/1586/1463 1475/1599/1475 1474/1598/1474 1462/1585/1462
f 1464/1575/1464 1476/1588/1476 1475/1599/1475 1463/1586/1463
f 1465/1587/1465 1477/1600/1477 1488/1601/1488 1476/1588/1476
f 1466/1589/1466 1478/1602/1478 1477/1603/1477 1465/1590/1465
f 1467/1591/1467 1479/1604/1479 1478/1602/1478 1466/1589/1466
f 1468/1592/1468 1480/1605/1480 1479/1604/1479 1467/1591/1467
f 1469/1593/1469 1481/1606/1481 1480/1605/1480 1468/1592/1468
f 1470/1594/1470 1482/1607/1482 1481/1606/1481 1469/1593/1469
f 1471/1595/1471 1483/1608/1483 1482/1607/1482 1470/1594/1470
f 1472/1596/1472 1484/1609/1484 1483/1608/1483 1471/1595/1471
f 1473/1597/1473 1485/1610/1485 1484/1609/1484 1472/1596/1472
f 1474/1598/1474 1486/1611/1486 1485/1610/1485 1473/1597/1473
f 1475/1599/1475 1487/1612/1487 1486/1611/1486 1474/1598/1474
f 1476/1588/1476 1488/1601/1488 1487/1612/1487 1475/1599/1475
f 1477/1600/1477 1489/1613/1489 1500/1614/1500 1488/1601/1488
f 1478/1602/1478 1490/1615/1490 1489/1616/1489 1477/1603/1477
f 1479/1604/1479 1491/1617/1491 1490/1615/1490 1478/1602/1478
f 1480/1605/1480 1492/1618/1492 1491/1617/1491 1479/1604/1479
f 1481/1606/1481 1493/1619/1493 1492/1618/1492 1480/1605/1480
f 1482/1607/1482 1494/1620/1494 1493/1619/1493 1481/1606/1481
f 1483/1608/1483 1495/1621/1495 1494/1620/1494 1482/1607/1482
f 1484/1609/1484 1496/1622/1496 1495/1621/1495 1483/1608/1483
f 1485/1610/1485 1497/1623/1497 1496/1622/1496 1484/1609/1484
f 1486/1611/1486 1498/1624/1498 1497/1623/1497 1485/1610/1485
f 1487/1612/1487 1499/1625/1499 1498/1624/1498 1486/1611/1486
f 1488/1601/1488 1500/1614/1500 1499/1625/1499 1487/1612/1487
f 1489/1613/1489 1501/1626/1501 1512/1627/1512 1500/1614/1500
f 1490/1615/1490 1502/1628/1502 1501/1629/1501 1489/1616/1489
f 1491/1617/1491 1503/1630/1503 1502/1628/1502 1490/1615/1490
f 1492/1618/1492 1504/1631/1504 1503/1630/1503 1491/1617/1491
f 1493/1619/1493 1505/1632/1505 1504/1631/1504 1492/1618/1492
f 1494/1620/1494 1506/1633/1506 1505/1632/1505 1493/1619/1493
f 1495/1621/1495 1507/1634/1507 1506/1633/1506 1494/1620/1494
f 1496/1622/1496 1508/1635/1508 1507/1634/1507 1495/1621/1495
f 1497/1623/1497 1509/1636/1509 1508/1635/1508 1496/1622/1496
f 1498/1624/1498 1510/1637/1510 1509/1636/1509 1497/1623/1497
f 1499/1625/1499 1511/1638/1511 1510/1637/1510 1498/1624/1498
f 1500/1614/1500 1512/1627/1512 1511/1638/1511 1499/1625/1499
f 1501/1626/1501 1513/1639/1513 1524/1640/1524 1512/1627/1512
f 1502/1628/1502 1514/1641/1514 1513/1642/1513 1501/1629/1501
f 1503/1630/1503 1515/1643/1515 1514/1641/1514 1502/1628/1502
f 1504/1631/1504 1516/1644/1516 1515/1643/1515 1503/1630/1503
f 1505/1632/1505 1517/1645/1517 1516/1644/1516 1504/1631/1504
f 1506/1633/1506 1518/1646/1518 1517/1645/1517 1505/1632/1505
f 1507/1634/1507 1519/1647/1519 1518/1646/1518 1506/1633/1506
f 1508/1635/1508 1520/1648/1520 1519/1647/1519 1507/1634/1507
f 1509/1636/1509 1521/1649/1521 1520/1648/1520 1508/1635/1508
f 1510/1637/1510 1522/1650/1522 1521/1649/1521 1509/1636/1509
f 1511/1638/1511 1523/1651/1523 1522/1650/1522 1510/1637/1510
f 1512/1627/1512 1524/1640/1524 1523/1651/1523 1511/1638/1511
f 1513/1639/1513 1525/1652/1525 1536/1653/1536 1524/1640/1524
f 1514/1641/1514 1526/1654/1526 1525/1655/1525 1513/1642/1513
f 1515/1643/1515 1527/1656/1527 1526/1654/1526 1514/1641/1514
f 1516/1644/1516 1528/1657/1528 1527/1656/1527 1515/1643/1515
f 1517/1645/1517 1529/1658/1529 1528/1657/1528 1516/1644/1516
f 1518/1646/1518 1530/1659/1530 1529/1658/1529 1517/1645/1517
f 1519/1647/1519 1531/1660/1531 1530/1659/1530 1518/1646/1518
f 1520/1648/1520 1532/1661/1532 1531/1660/1531 1519/1647/1519
f 1521/1649/1521 1533/1662/1533 1532/1661/1532 1520/1648/1520
f 1522/1650/1522 1534/1663/1534 1533/1662/1533 1521/1649/1521
f 1523/1651/1523 1535/1664/1535 1534/1663/1534 1522/1650/1522
f 1524/1640/1524 1536/1653/1536 1535/1664/1535 1523/1651/1523
f 1525/1652/1525 1537/1665/1537 1548/1666/1548 1536/1653/1536
f 1526/1654/1526 1538/1667/1538 1537/1668/1537 1525/1655/1525
f 1527/1656/1527 1539/1669/1539 1538/1667/1538 1526/1654/1526
f 1528/1657/1528 1540/1670/1540 1539/1669/1539 1527/1656/1527
f 1529/1658/1529 1541/1671/1541 1540/1670/1540 1528/1657/1528
f 1530/1659/1530 1542/1672/1542 1541/1671/1541 1529/1658/1529
f 1531/1660/1531 1543/1673/1543 1542/1672/1542 1530/1659/1530
f 1532/1661/1532 1544/1674/1544 1543/1673/1543 1531/1660/1531
f 1533/1662/1533 1545/1675/1545 1544/1674/1544 1532/1661/1532
f 1534/1663/1534 1546/1676/1546 1545/1675/1545 1533/1662/1533
f 1535/1664/1535 1547/1677/1547 1546/1676/1546 1534/1663/1534
f 1536/1653/1536 1548/1666/1548 1547/1677/1547 1535/1664/1535
f 1537/1665/1537 1549/1678/1549 1560/1679/1560 1548/1666/1548
f 1538/1667/1538 1550/1680/1550 1549/1681/1549 1537/1668/1537
f 1539/1669/1539 1551/1682/1551 1550/1680/1550 1538/1667/1538
f 1540/1670/1540 1552/1683/1552 1551/1682/1551 1539/1669/1539
f 1541/1671/1541 1553/1684/1553 1552/1683/1552 1540/1670/1540
f 1542/1672/1542 1554/1685/1554 1553/1684/1553 1541/1671/1541
f 1543/1673/1543 1555/1686/1555 1554/1685/1554 1542/1672/1542
f 1544/1674/1544 1556/1687/1556 1555/1686/1555 1543/1673/1543
f 1545/1675/1545 1557/1688/1557 1556/1687/1556 1544/1674/1544
f 1546/1676/1546 1558/1689/1558 1557/1688/1557 1545/1675/1545
f 1547/1677/1547 1559/1690/1559 1558/1689/1558 1546/1676/1546
f 1548/1666/1548 1560/1679/1560 1559/1690/1559 1547/1677/1547
o 平面
v -0.333539 -0.259578 -4.777383
v -0.333539 0.228108 -4.777383
v -0.333539 -1.000000 -6.777383
v -0.333539 1.000000 -6.777383
v -0.333539 -0.015735 -4.777383
v -0.333539 0.000000 -5.788316
v 0.263512 -1.000000 -6.777383
v 0.263512 -0.259578 -4.777383
v 0.263512 -0.015735 -4.777383
v 0.263512 0.228107 -4.777383
v 0.263512 1.000000 -6.777383
v 0.263512 -0.000000 -5.788316
v -0.182909 -1.239497 -0.137332
v -0.171531 -1.221968 0.236156
v -0.262800 -1.045599 0.044885
v -0.179745 0.237159 1.117208
v -0.262665 0.039818 0.940112
v -0.244420 -0.251813 -0.733494
v -0.324310 -0.057915 -0.551277
v -0.252770 0.121897 -0.747670
v -0.231096 1.159678 0.149557
v -0.242475 1.142149 -0.223931
v -0.314016 0.962336 -0.027538
v 0.239034 -1.230573 -0.150606
v 0.321954 -1.033232 0.026489
v 0.250413 -1.213044 0.222882
v 0.242199 0.246083 1.103934
v -0.266205 0.054544 0.751210
v 0.266205 0.038249 0.838260
v 0.322089 0.052185 0.921716
v 0.177524 -0.242889 -0.746768
v 0.169174 0.130821 -0.760944
v 0.260443 -0.045548 -0.569673
v 0.190847 1.168601 0.136283
v 0.270738 0.974703 -0.045934
v 0.179468 1.151073 -0.237205
v -0.281893 0.197372 0.423596
v -0.282149 0.175815 0.397329
v -0.281893 0.223639 0.445153
v -0.282649 0.159797 0.367361
v -0.282649 0.286124 0.471035
v -0.283377 0.149933 0.334844
v -0.282148 0.253607 0.461171
v -0.284302 0.146602 0.301027
v -0.284302 0.353758 0.471035
v -0.286600 0.159797 0.234694
v -0.286599 0.416243 0.445153
v -0.285390 0.149933 0.267210
v -0.285390 0.386275 0.461171
v -0.287883 0.175815 0.204726
v -0.283376 0.319941 0.474366
v -0.287883 0.442510 0.423596
v -0.289192 0.197372 0.178459
v -0.289191 0.464067 0.397329
v -0.292773 0.286124 0.131020
v -0.291685 0.253607 0.140883
v -0.291684 0.489949 0.334844
v -0.290476 0.223639 0.156902
v -0.290475 0.480085 0.367361
v -0.294425 0.353757 0.131020
v -0.293698 0.489949 0.267210
v -0.295181 0.442510 0.178459
v -0.295182 0.416243 0.156901
v -0.294926 0.386275 0.140883
v -0.294549 0.476138 0.227310
v -0.294926 0.464067 0.204726
v -0.293698 0.319941 0.127689
v -0.294425 0.480085 0.234694
v -0.292772 0.493279 0.301027
v 0.299452 0.197372 0.423596
v 0.298594 0.175815 0.397329
v 0.300056 0.223639 0.445153
v 0.296262 0.149933 0.334844
v 0.300426 0.286124 0.471035
v 0.297517 0.159797 0.367361
v 0.300385 0.253607 0.461171
v 0.293416 0.149933 0.267210
v 0.299647 0.353758 0.471035
v 0.290488 0.175815 0.204726
v 0.297838 0.416243 0.445153
v 0.291934 0.159797 0.234694
v 0.298858 0.386275 0.461171
v 0.294877 0.146602 0.301027
v 0.300177 0.319941 0.474366
v 0.296629 0.442510 0.423596
v 0.287924 0.223639 0.156902
v 0.295275 0.464067 0.397329
v 0.286115 0.286124 0.131020
v 0.292347 0.489949 0.334844
v 0.286905 0.253607 0.140883
v 0.293829 0.480085 0.367361
v 0.285336 0.353757 0.131020
v 0.289500 0.489949 0.267210
v 0.286311 0.442510 0.178459
v 0.285706 0.416243 0.156902
v 0.287440 0.468111 0.212292
v 0.287168 0.464067 0.204726
v 0.285377 0.386275 0.140883
v 0.288245 0.480085 0.234694
v 0.289134 0.197372 0.178459
v 0.285586 0.319941 0.127689
v 0.290885 0.493279 0.301027
v -0.171889 -0.114468 1.130545
v -0.223930 -0.035032 1.021286
v -0.199863 -0.065841 1.071869
v -0.231894 -0.023122 1.001731
v -0.261133 0.012025 0.922851
v -0.237937 -0.452314 0.625649
v -0.266205 0.041223 0.822374
v -0.265659 0.038249 0.838260
v 0.250007 -0.103400 1.117190
v 0.290509 -0.027190 1.008410
v 0.266663 -0.065841 1.071869
v -0.262668 0.013423 0.918342
v -0.262450 0.013224 0.918981
v -0.247823 -0.440431 0.598979
v -0.262722 -0.422522 0.558785
v -0.171440 -0.497270 0.833870
v -0.181902 -0.494834 0.797291
v -0.218493 -0.470023 0.682771
v -0.209143 -0.478539 0.710240
v 0.254228 -0.494834 0.797291
v 0.250502 -0.495967 0.814310
v 0.297121 -0.452314 0.625649
v 0.322085 0.020483 0.895569
v 0.319507 -0.417168 0.546769
v 0.322031 -0.412236 0.538672
v 0.292591 -0.023122 1.001731
v 0.314976 0.012025 0.922851
v 0.275080 -0.478539 0.710240
v 0.144137 -0.106177 1.120541
v -0.263878 0.023470 0.885932
v -0.266205 0.041223 0.822374
v -0.271355 0.060283 0.665044
v -0.268649 0.054544 0.751210
v -0.275512 0.039624 0.508454
v -0.276804 0.014020 0.444046
v -0.273672 0.055245 0.583076
v -0.263211 -0.417168 0.546769
v -0.277499 -0.020583 0.392328
v -0.266343 -0.374449 0.476631
v -0.271907 -0.273093 0.372922
v -0.269279 -0.325801 0.417930
v -0.275849 -0.163675 0.330312
v -0.277569 -0.062855 0.355288
v -0.277012 -0.111171 0.334347
v -0.274126 -0.218349 0.343337
v 0.317964 -0.374449 0.476631
v 0.309794 -0.273093 0.372922
v 0.313652 -0.325801 0.417930
v 0.317255 0.044520 0.804759
v 0.318943 0.038249 0.838260
v 0.304003 -0.163675 0.330312
v 0.301474 -0.062855 0.355288
v 0.301574 -0.020583 0.392328
v 0.302591 0.014020 0.444046
v 0.306535 -0.218349 0.343337
v 0.302294 -0.111171 0.334347
v 0.303199 0.022237 0.464717
v 0.314885 0.054544 0.751210
v 0.307801 0.055245 0.583076
v 0.304840 0.039624 0.508454
v 0.311193 0.060283 0.665044
v 0.000000 -0.062855 0.355288
v -0.056225 -0.111171 0.334347
v -0.037904 -0.111171 0.334347
v -0.081508 -0.020583 0.392328
v -0.007378 -0.020583 0.392328
v -0.015193 0.014020 0.444046
v -0.014941 0.014020 0.444046
v -0.081508 -0.000024 0.423057
v -0.020232 0.027795 0.478698
v -0.025418 0.039624 0.508454
v -0.020232 0.039624 0.508454
v -0.015193 0.027271 0.477380
v -0.005855 0.055245 0.583076
v 0.157007 0.042828 0.523759
v -0.212907 0.059778 0.656838
v -0.075605 0.060283 0.665044
v -0.035984 0.060283 0.665044
v -0.004711 0.055245 0.583076
v -0.075605 0.054544 0.751210
v -0.266205 0.054544 0.751210
v 0.133051 0.054544 0.751210
v 0.244741 0.054007 0.754078
v 0.260816 0.054379 0.752091
v 0.266205 0.054456 0.751679
v 0.038800 0.027574 0.872694
v 0.219920 0.012025 0.922851
v 0.223291 0.031901 0.858738
v 0.266205 0.034126 0.851560
v -0.110345 0.001975 0.945406
v 0.193278 0.012025 0.922851
v -0.132787 -0.010940 0.974390
v -0.032693 -0.023122 1.001731
v -0.037775 -0.023122 1.001731
v 0.217159 -0.061634 1.064963
v 0.168453 -0.036170 1.023153
v 0.193090 -0.065841 1.071869
v 0.145580 -0.094681 1.106670
v 0.170893 -0.065841 1.071870
v 0.194406 -0.066715 1.072925
v 0.175679 -0.080293 1.089308
v 0.140155 -0.445215 0.609715
v 0.197126 -0.442744 0.604170
v 0.197126 -0.447728 0.615357
v 0.014617 -0.417168 0.546769
v 0.021487 -0.417168 0.546769
v -0.082020 -0.375682 0.478655
v -0.002383 -0.374449 0.476631
v 0.001423 -0.374449 0.476631
v -0.186244 -0.382467 0.489795
v -0.175209 -0.387163 0.497505
v -0.003584 -0.349924 0.447037
v -0.050595 -0.325801 0.417930
v 0.054419 -0.273093 0.372922
v 0.116238 -0.306524 0.401469
v 0.111481 -0.325801 0.417930
v 0.139271 -0.254527 0.362889
v -0.009009 -0.218349 0.343337
v -0.007165 -0.218349 0.343337
v 0.142500 -0.273093 0.372922
v -0.010756 -0.163675 0.330312
v -0.009009 -0.163675 0.330312
v -0.146495 -0.122976 0.333440
v 0.266205 0.038249 0.838260
v 0.104801 0.260715 -5.042959
v 0.104801 0.260714 -0.527163
v 0.260842 0.009557 -5.042959
v 0.260842 0.009557 -0.527163
v 0.121354 -0.251157 -5.042959
v 0.121354 -0.251157 -0.527163
v -0.174175 -0.260714 -5.042959
v -0.174175 -0.260715 -0.527163
v -0.330216 -0.009557 -5.042959
v -0.330216 -0.009557 -0.527163
v -0.190728 0.251158 -5.042959
v -0.190729 0.251157 -0.527163
v -0.031970 -0.053853 -1.235200
v 0.130526 0.070282 -1.117141
v -0.094037 0.070282 -1.044175
v -0.232826 0.070283 -1.235200
v -0.094037 0.070282 -1.426225
v 0.130526 0.070282 -1.353259
v 0.030097 0.271140 -1.044175
v -0.194466 0.271140 -1.117141
v -0.194466 0.271140 -1.353259
v 0.030097 0.271140 -1.426225
v 0.168886 0.271139 -1.235200
v -0.031970 0.395275 -1.235200
v -0.068452 -0.020315 -1.122919
v 0.063542 -0.020315 -1.165807
v 0.027061 0.052649 -1.053525
v 0.159055 0.052650 -1.235200
v 0.063542 -0.020315 -1.304593
v -0.150030 -0.020315 -1.235200
v -0.186512 0.052650 -1.122919
v -0.068452 -0.020315 -1.347481
v -0.186512 0.052650 -1.347481
v 0.027061 0.052649 -1.416874
v 0.181603 0.170711 -1.165807
v 0.181603 0.170711 -1.304593
v -0.031970 0.170711 -1.010636
v 0.100025 0.170711 -1.053524
v -0.245543 0.170711 -1.165807
v -0.163965 0.170711 -1.053524
v -0.163965 0.170711 -1.416876
v -0.245543 0.170711 -1.304593
v 0.100025 0.170711 -1.416876
v -0.031970 0.170711 -1.459764
v 0.122572 0.288772 -1.122919
v -0.091001 0.288773 -1.053525
v -0.222995 0.288772 -1.235200
v -0.091001 0.288773 -1.416874
v 0.122572 0.288772 -1.347481
v 0.004512 0.361737 -1.122919
v 0.086090 0.361737 -1.235200
v -0.127482 0.361737 -1.165807
v -0.127482 0.361737 -1.304593
v 0.004512 0.361737 -1.347481
v -0.031970 -0.053853 -2.023708
v 0.130526 0.070282 -1.905649
v -0.094037 0.070282 -1.832683
v -0.232826 0.070283 -2.023708
v -0.094037 0.070282 -2.214733
v 0.130526 0.070282 -2.141767
v 0.030097 0.271140 -1.832683
v -0.194466 0.271140 -1.905649
v -0.194466 0.271140 -2.141767
v 0.030097 0.271140 -2.214733
v 0.168886 0.271139 -2.023708
v -0.031970 0.395275 -2.023708
v -0.068452 -0.020315 -1.911427
v 0.063542 -0.020315 -1.954316
v 0.027061 0.052649 -1.842034
v 0.159055 0.052650 -2.023708
v 0.063542 -0.020315 -2.093101
v -0.150030 -0.020315 -2.023708
v -0.186512 0.052650 -1.911427
v -0.068452 -0.020315 -2.135989
v -0.186512 0.052650 -2.135989
v 0.027061 0.052649 -2.205383
v 0.181603 0.170711 -1.954315
v 0.181603 0.170711 -2.093101
v -0.031970 0.170711 -1.799145
v 0.100025 0.170711 -1.842032
v -0.245543 0.170711 -1.954315
v -0.163965 0.170711 -1.842032
v -0.163965 0.170711 -2.205384
v -0.245543 0.170711 -2.093101
v 0.100025 0.170711 -2.205384
v -0.031970 0.170711 -2.248272
v 0.122572 0.288772 -1.911427
v -0.091001 0.288773 -1.842034
v -0.222995 0.288772 -2.023708
v -0.091001 0.288773 -2.205383
v 0.122572 0.288772 -2.135989
v 0.004512 0.361737 -1.911427
v 0.086090 0.361737 -2.023708
v -0.127482 0.361737 -1.954316
v -0.127482 0.361737 -2.093101
v 0.004512 0.361737 -2.135989
v -0.031970 -0.053853 -2.812200
v 0.130526 0.070282 -2.694141
v -0.094037 0.070282 -2.621175
v -0.232826 0.070283 -2.812200
v -0.094037 0.070282 -3.003225
v 0.130526 0.070282 -2.930259
v 0.030097 0.271140 -2.621175
v -0.194466 0.271140 -2.694141
v -0.194466 0.271140 -2.930259
v 0.030097 0.271140 -3.003225
v 0.168886 0.271139 -2.812200
v -0.031970 0.395275 -2.812200
v -0.068452 -0.020315 -2.699919
v 0.063542 -0.020315 -2.742807
v 0.027061 0.052649 -2.630525
v 0.159055 0.052650 -2.812200
v 0.063542 -0.020315 -2.881593
v -0.150030 -0.020315 -2.812200
v -0.186512 0.052650 -2.699919
v -0.068452 -0.020315 -2.924481
v -0.186512 0.052650 -2.924481
v 0.027061 0.052649 -2.993875
v 0.181603 0.170711 -2.742807
v 0.181603 0.170711 -2.881593
v -0.031970 0.170711 -2.587636
v 0.100025 0.170711 -2.630524
v -0.245543 0.170711 -2.742807
v -0.163965 0.170711 -2.630524
v -0.163965 0.170711 -2.993876
v -0.245543 0.170711 -2.881593
v 0.100025 0.170711 -2.993876
v -0.031970 0.170711 -3.036764
v 0.122572 0.288772 -2.699919
v -0.091001 0.288773 -2.630525
v -0.222995 0.288772 -2.812200
v -0.091001 0.288773 -2.993875
v 0.122572 0.288772 -2.924481
v 0.004512 0.361737 -2.699919
v 0.086090 0.361737 -2.812200
v -0.127482 0.361737 -2.742807
v -0.127482 0.361737 -2.881593
v 0.004512 0.361737 -2.924481
v -0.031970 -0.053853 -3.600700
v 0.130526 0.070282 -3.482641
v -0.094037 0.070282 -3.409675
v -0.232826 0.070283 -3.600700
v -0.094037 0.070282 -3.791725
v 0.130526 0.070282 -3.718759
v 0.030097 0.271140 -3.409675
v -0.194466 0.271140 -3.482641
v -0.194466 0.271140 -3.718759
v 0.030097 0.271140 -3.791725
v 0.168886 0.271139 -3.600700
v -0.031970 0.395275 -3.600700
v -0.068452 -0.020315 -3.488419
v 0.063542 -0.020315 -3.531307
v 0.027061 0.052649 -3.419025
v 0.159055 0.052650 -3.600700
v 0.063542 -0.020315 -3.670093
v -0.150030 -0.020315 -3.600700
v -0.186512 0.052650 -3.488419
v -0.068452 -0.020315 -3.712981
v -0.186512 0.052650 -3.712981
v 0.027061 0.052649 -3.782375
v 0.181603 0.170711 -3.531307
v 0.181603 0.170711 -3.670093
v -0.031970 0.170711 -3.376136
v 0.100025 0.170711 -3.419024
v -0.245543 0.170711 -3.531307
v -0.163965 0.170711 -3.419024
v -0.163965 0.170711 -3.782376
v -0.245543 0.170711 -3.670093
v 0.100025 0.170711 -3.782376
v -0.031970 0.170711 -3.825264
v 0.122572 0.288772 -3.488419
v -0.091001 0.288773 -3.419025
v -0.222995 0.288772 -3.600700
v -0.091001 0.288773 -3.782375
v 0.122572 0.288772 -3.712981
v 0.004512 0.361737 -3.488419
v 0.086090 0.361737 -3.600700
v -0.127482 0.361737 -3.531307
v -0.127482 0.361737 -3.670093
v 0.004512 0.361737 -3.712981
v -0.031970 -0.053853 -4.389200
v 0.130526 0.070282 -4.271142
v -0.094037 0.070282 -4.198175
v -0.232826 0.070283 -4.389200
v -0.094037 0.070282 -4.580225
v 0.130526 0.070282 -4.507259
v 0.030097 0.271140 -4.198175
v -0.194466 0.271140 -4.271142
v -0.194466 0.271140 -4.507259
v 0.030097 0.271140 -4.580225
v 0.168886 0.271139 -4.389200
v -0.031970 0.395275 -4.389200
v -0.068452 -0.020315 -4.276919
v 0.063542 -0.020315 -4.319808
v 0.027061 0.052649 -4.207525
v 0.159055 0.052650 -4.389200
v 0.063542 -0.020315 -4.458593
v -0.150030 -0.020315 -4.389200
v -0.186512 0.052650 -4.276919
v -0.068452 -0.020315 -4.501481
v -0.186512 0.052650 -4.501482
v 0.027061 0.052649 -4.570875
v 0.181603 0.170711 -4.319807
v 0.181603 0.170711 -4.458593
v -0.031970 0.170711 -4.164637
v 0.100025 0.170711 -4.207524
v -0.245543 0.170711 -4.319807
v -0.163965 0.170711 -4.207524
v -0.163965 0.170711 -4.570876
v -0.245543 0.170711 -4.458593
v 0.100025 0.170711 -4.570876
v -0.031970 0.170711 -4.613764
v 0.122572 0.288772 -4.276919
v -0.091001 0.288773 -4.207525
v -0.222995 0.288772 -4.389200
v -0.091001 0.288773 -4.570875
v 0.122572 0.288772 -4.501482
v 0.004512 0.361737 -4.276919
v 0.086090 0.361737 -4.389200
v -0.127482 0.361737 -4.319808
v -0.127482 0.361737 -4.458593
v 0.004512 0.361737 -4.501481
v -0.031970 0.009556 -1.235200
v 0.130526 -0.114579 -1.117141
v -0.094037 -0.114578 -1.044175
v -0.232826 -0.114579 -1.235200
v -0.094037 -0.114578 -1.426225
v 0.130526 -0.114579 -1.353259
v 0.030097 -0.315437 -1.044175
v -0.194466 -0.315437 -1.117141
v -0.194466 -0.315437 -1.353259
v 0.030097 -0.315437 -1.426225
v 0.168886 -0.315436 -1.235200
v -0.031970 -0.439572 -1.235200
v -0.068452 -0.023982 -1.122919
v 0.063542 -0.023982 -1.165807
v 0.027061 -0.096946 -1.053525
v 0.159055 -0.096947 -1.235200
v 0.063542 -0.023982 -1.304593
v -0.150030 -0.023982 -1.235200
v -0.186512 -0.096947 -1.122919
v -0.068452 -0.023982 -1.347481
v -0.186512 -0.096947 -1.347481
v 0.027061 -0.096946 -1.416874
v 0.181603 -0.215008 -1.165807
v 0.181603 -0.215008 -1.304593
v -0.031970 -0.215008 -1.010636
v 0.100025 -0.215008 -1.053524
v -0.245543 -0.215008 -1.165807
v -0.163965 -0.215008 -1.053524
v -0.163965 -0.215008 -1.416876
v -0.245543 -0.215008 -1.304593
v 0.100025 -0.215008 -1.416876
v -0.031970 -0.215008 -1.459764
v 0.122572 -0.333069 -1.122919
v -0.091001 -0.333069 -1.053525
v -0.222995 -0.333069 -1.235200
v -0.091001 -0.333069 -1.416874
v 0.122572 -0.333069 -1.347481
v 0.004512 -0.406034 -1.122919
v 0.086090 -0.406033 -1.235200
v -0.127482 -0.406034 -1.165807
v -0.127482 -0.406034 -1.304593
v 0.004512 -0.406034 -1.347481
v -0.031970 0.009556 -2.023708
v 0.130526 -0.114579 -1.905649
v -0.094037 -0.114578 -1.832683
v -0.232826 -0.114579 -2.023708
v -0.094037 -0.114578 -2.214733
v 0.130526 -0.114579 -2.141767
v 0.030097 -0.315437 -1.832683
v -0.194466 -0.315437 -1.905649
v -0.194466 -0.315437 -2.141767
v 0.030097 -0.315437 -2.214733
v 0.168886 -0.315436 -2.023708
v -0.031970 -0.439572 -2.023708
v -0.068452 -0.023982 -1.911427
v 0.063542 -0.023982 -1.954316
v 0.027061 -0.096946 -1.842034
v 0.159055 -0.096947 -2.023708
v 0.063542 -0.023982 -2.093101
v -0.150030 -0.023982 -2.023708
v -0.186512 -0.096947 -1.911427
v -0.068452 -0.023982 -2.135989
v -0.186512 -0.096947 -2.135989
v 0.027061 -0.096946 -2.205383
v 0.181603 -0.215008 -1.954315
v 0.181603 -0.215008 -2.093101
v -0.031970 -0.215008 -1.799145
v 0.100025 -0.215008 -1.842032
v -0.245543 -0.215008 -1.954315
v -0.163965 -0.215008 -1.842032
v -0.163965 -0.215008 -2.205384
v -0.245543 -0.215008 -2.093101
v 0.100025 -0.215008 -2.205384
v -0.031970 -0.215008 -2.248272
v 0.122572 -0.333069 -1.911427
v -0.091001 -0.333069 -1.842034
v -0.222995 -0.333069 -2.023708
v -0.091001 -0.333069 -2.205383
v 0.122572 -0.333069 -2.135989
v 0.004512 -0.406034 -1.911427
v 0.086090 -0.406033 -2.023708
v -0.127482 -0.406034 -1.954316
v -0.127482 -0.406034 -2.093101
v 0.004512 -0.406034 -2.135989
v -0.031970 0.009556 -2.812200
v 0.130526 -0.114579 -2.694141
v -0.094037 -0.114578 -2.621175
v -0.232826 -0.114579 -2.812200
v -0.094037 -0.114578 -3.003225
v 0.130526 -0.114579 -2.930259
v 0.030097 -0.315437 -2.621175
v -0.194466 -0.315437 -2.694141
v -0.194466 -0.315437 -2.930259
v 0.030097 -0.315437 -3.003225
v 0.168886 -0.315436 -2.812200
v -0.031970 -0.439572 -2.812200
v -0.068452 -0.023982 -2.699919
v 0.063542 -0.023982 -2.742807
v 0.027061 -0.096946 -2.630525
v 0.159055 -0.096947 -2.812200
v 0.063542 -0.023982 -2.881593
v -0.150030 -0.023982 -2.812200
v -0.186512 -0.096947 -2.699919
v -0.068452 -0.023982 -2.924481
v -0.186512 -0.096947 -2.924481
v 0.027061 -0.096946 -2.993875
v 0.181603 -0.215008 -2.742807
v 0.181603 -0.215008 -2.881593
v -0.031970 -0.215008 -2.587636
v 0.100025 -0.215008 -2.630524
v -0.245543 -0.215008 -2.742807
v -0.163965 -0.215008 -2.630524
v -0.163965 -0.215008 -2.993876
v -0.245543 -0.215008 -2.881593
v 0.100025 -0.215008 -2.993876
v -0.031970 -0.215008 -3.036764
v 0.122572 -0.333069 -2.699919
v -0.091001 -0.333069 -2.630525
v -0.222995 -0.333069 -2.812200
v -0.091001 -0.333069 -2.993875
v 0.122572 -0.333069 -2.924481
v 0.004512 -0.406034 -2.699919
v 0.086090 -0.406033 -2.812200
v -0.127482 -0.406034 -2.742807
v -0.127482 -0.406034 -2.881593
v 0.004512 -0.406034 -2.924481
v -0.031970 0.009556 -3.600700
v 0.130526 -0.114579 -3.482641
v -0.094037 -0.114578 -3.409675
v -0.232826 -0.114579 -3.600700
v -0.094037 -0.114578 -3.791725
v 0.130526 -0.114579 -3.718759
v 0.030097 -0.315437 -3.409675
v -0.194466 -0.315437 -3.482641
v -0.194466 -0.315437 -3.718759
v 0.030097 -0.315437 -3.791725
v 0.168886 -0.315436 -3.600700
v -0.031970 -0.439572 -3.600700
v -0.068452 -0.023982 -3.488419
v 0.063542 -0.023982 -3.531307
v 0.027061 -0.096946 -3.419025
v 0.159055 -0.096947 -3.600700
v 0.063542 -0.023982 -3.670093
v -0.150030 -0.023982 -3.600700
v -0.186512 -0.096947 -3.488419
v -0.068452 -0.023982 -3.712981
v -0.186512 -0.096947 -3.712981
v 0.027061 -0.096946 -3.782375
v 0.181603 -0.215008 -3.531307
v 0.181603 -0.215008 -3.670093
v -0.031970 -0.215008 -3.376136
v 0.100025 -0.215008 -3.419024
v -0.245543 -0.215008 -3.531307
v -0.163965 -0.215008 -3.419024
v -0.163965 -0.215008 -3.782376
v -0.245543 -0.215008 -3.670093
v 0.100025 -0.215008 -3.782376
v -0.031970 -0.215008 -3.825264
v 0.122572 -0.333069 -3.488419
v -0.091001 -0.333069 -3.419025
v -0.222995 -0.333069 -3.600700
v -0.091001 -0.333069 -3.782375
v 0.122572 -0.333069 -3.712981
v 0.004512 -0.406034 -3.488419
v 0.086090 -0.406033 -3.600700
v -0.127482 -0.406034 -3.531307
v -0.127482 -0.406034 -3.670093
v 0.004512 -0.406034 -3.712981
v -0.031970 0.009556 -4.389200
v 0.130526 -0.114579 -4.271142
v -0.094037 -0.114578 -4.198175
v -0.232826 -0.114579 -4.389200
v -0.094037 -0.114578 -4.580225
v 0.130526 -0.114579 -4.507259
v 0.030097 -0.315437 -4.198175
v -0.194466 -0.315437 -4.271142
v -0.194466 -0.315437 -4.507259
v 0.030097 -0.315437 -4.580225
v 0.168886 -0.315436 -4.389200
v -0.031970 -0.439572 -4.389200
v -0.068452 -0.023982 -4.276919
v 0.063542 -0.023982 -4.319808
v 0.027061 -0.096946 -4.207525
v 0.159055 -0.096947 -4.389200
v 0.063542 -0.023982 -4.458593
v -0.150030 -0.023982 -4.389200
v -0.186512 -0.096947 -4.276919
v -0.068452 -0.023982 -4.501481
v -0.186512 -0.096947 -4.501482
v 0.027061 -0.096946 -4.570875
v 0.181603 -0.215008 -4.319807
v 0.181603 -0.215008 -4.458593
v -0.031970 -0.215008 -4.164637
v 0.100025 -0.215008 -4.207524
v -0.245543 -0.215008 -4.319807
v -0.163965 -0.215008 -4.207524
v -0.163965 -0.215008 -4.570876
v -0.245543 -0.215008 -4.458593
v 0.100025 -0.215008 -4.570876
v -0.031970 -0.215008 -4.613764
v 0.122572 -0.333069 -4.276919
v -0.091001 -0.333069 -4.207525
v -0.222995 -0.333069 -4.389200
v -0.091001 -0.333069 -4.570875
v 0.122572 -0.333069 -4.501482
v 0.004512 -0.406034 -4.276919
v 0.086090 -0.406033 -4.389200
v -0.127482 -0.406034 -4.319808
v -0.127482 -0.406034 -4.458593
v 0.004512 -0.406034 -4.501481
v 0.007590 -0.698863 -0.908659
v -0.033133 -0.667754 -0.879072
v 0.023145 -0.667754 -0.860786
v 0.057926 -0.667754 -0.908659
v 0.023145 -0.667754 -0.956531
v -0.033133 -0.667754 -0.938245
v -0.007964 -0.617417 -0.860786
v 0.048313 -0.617417 -0.879072
v 0.048313 -0.617417 -0.938245
v -0.007964 -0.617417 -0.956531
v -0.042746 -0.617417 -0.908659
v 0.007590 -0.586308 -0.908659
v 0.016733 -0.690458 -0.880520
v -0.016346 -0.690458 -0.891268
v -0.007203 -0.672173 -0.863129
v -0.040282 -0.672173 -0.908659
v -0.016346 -0.690458 -0.926049
v 0.037177 -0.690458 -0.908659
v 0.046320 -0.672173 -0.880520
v 0.016733 -0.690458 -0.936797
v 0.046320 -0.672173 -0.936797
v -0.007203 -0.672173 -0.954188
v -0.045933 -0.642586 -0.891268
v -0.045933 -0.642586 -0.926049
v 0.007590 -0.642586 -0.852381
v -0.025489 -0.642586 -0.863129
v 0.061113 -0.642586 -0.891268
v 0.040669 -0.642586 -0.863129
v 0.040669 -0.642586 -0.954188
v 0.061113 -0.642586 -0.926049
v -0.025489 -0.642586 -0.954188
v 0.007590 -0.642586 -0.964936
v -0.031139 -0.612998 -0.880520
v 0.022384 -0.612998 -0.863129
v 0.055463 -0.612998 -0.908659
v 0.022384 -0.612998 -0.954188
v -0.031139 -0.612998 -0.936797
v -0.001552 -0.594713 -0.880520
v -0.021997 -0.594713 -0.908659
v 0.031526 -0.594713 -0.891268
v 0.031526 -0.594713 -0.926049
v -0.001552 -0.594713 -0.936797
v -0.021900 0.654964 -0.976707
v 0.018823 0.686074 -0.947120
v -0.037454 0.686074 -0.928834
v -0.072236 0.686074 -0.976707
v -0.037454 0.686074 -1.024579
v 0.018823 0.686074 -1.006293
v -0.006345 0.736410 -0.928834
v -0.062623 0.736410 -0.947120
v -0.062623 0.736410 -1.006293
v -0.006345 0.736410 -1.024579
v 0.028436 0.736410 -0.976707
v -0.021900 0.767520 -0.976707
v -0.031043 0.663369 -0.948568
v 0.002036 0.663369 -0.959316
v -0.007106 0.681655 -0.931177
v 0.025972 0.681655 -0.976707
v 0.002036 0.663369 -0.994097
v -0.051487 0.663369 -0.976707
v -0.060630 0.681655 -0.948568
v -0.031043 0.663369 -1.004845
v -0.060630 0.681655 -1.004845
v -0.007106 0.681655 -1.022236
v 0.031623 0.711242 -0.959316
v 0.031623 0.711242 -0.994097
v -0.021900 0.711242 -0.920429
v 0.011179 0.711242 -0.931177
v -0.075423 0.711242 -0.959316
v -0.054979 0.711242 -0.931177
v -0.054979 0.711242 -1.022236
v -0.075423 0.711242 -0.994097
v 0.011179 0.711242 -1.022236
v -0.021900 0.711242 -1.032984
v 0.016830 0.740829 -0.948568
v -0.036694 0.740829 -0.931177
v -0.069772 0.740829 -0.976707
v -0.036694 0.740829 -1.022236
v 0.016830 0.740829 -1.004845
v -0.012757 0.759115 -0.948568
v 0.007687 0.759115 -0.976707
v -0.045836 0.759115 -0.959316
v -0.045836 0.759115 -0.994097
v -0.012757 0.759115 -1.004845
v -0.054433 -0.885324 -1.639127
v -0.102013 -0.848976 -1.604558
v -0.036259 -0.848976 -1.583194
v 0.004379 -0.848976 -1.639127
v -0.036259 -0.848976 -1.695061
v -0.102013 -0.848976 -1.673696
v -0.072606 -0.790163 -1.583194
v -0.006853 -0.790163 -1.604558
v -0.006853 -0.790163 -1.673696
v -0.072606 -0.790163 -1.695061
v -0.113245 -0.790164 -1.639127
v -0.054433 -0.753816 -1.639127
v -0.043751 -0.875504 -1.606251
v -0.082399 -0.875504 -1.618809
v -0.071717 -0.854139 -1.585931
v -0.110366 -0.854139 -1.639127
v -0.082399 -0.875504 -1.659446
v -0.019864 -0.875504 -1.639127
v -0.009181 -0.854139 -1.606250
v -0.043751 -0.875504 -1.672004
v -0.009181 -0.854139 -1.672004
v -0.071717 -0.854139 -1.692323
v -0.116969 -0.819570 -1.618808
v -0.116969 -0.819570 -1.659446
v -0.054433 -0.819570 -1.573373
v -0.093082 -0.819570 -1.585931
v 0.008103 -0.819570 -1.618808
v -0.015783 -0.819570 -1.585931
v -0.015783 -0.819570 -1.692323
v 0.008103 -0.819570 -1.659446
v -0.093082 -0.819570 -1.692323
v -0.054433 -0.819570 -1.704881
v -0.099684 -0.785001 -1.606250
v -0.037148 -0.785000 -1.585931
v 0.001501 -0.785001 -1.639127
v -0.037148 -0.785000 -1.692323
v -0.099684 -0.785001 -1.672004
v -0.065115 -0.763636 -1.606251
v -0.089002 -0.763636 -1.639127
v -0.026466 -0.763636 -1.618809
v -0.026466 -0.763636 -1.659446
v -0.065115 -0.763636 -1.672004
v -0.088889 0.696470 -1.718634
v -0.041309 0.732817 -1.684065
v -0.107062 0.732817 -1.662700
v -0.147701 0.732818 -1.718634
v -0.107062 0.732817 -1.774567
v -0.041309 0.732817 -1.753202
v -0.070715 0.791630 -1.662700
v -0.136469 0.791630 -1.684065
v -0.136469 0.791630 -1.753202
v -0.070715 0.791630 -1.774567
v -0.030077 0.791630 -1.718634
v -0.088889 0.827978 -1.718634
v -0.099571 0.706290 -1.685757
v -0.060922 0.706290 -1.698315
v -0.071604 0.727654 -1.665438
v -0.032955 0.727655 -1.718634
v -0.060922 0.706290 -1.738953
v -0.123457 0.706290 -1.718634
v -0.134140 0.727655 -1.685757
v -0.099571 0.706290 -1.751511
v -0.134140 0.727655 -1.751511
v -0.071604 0.727654 -1.771830
v -0.026353 0.762224 -1.698315
v -0.026353 0.762224 -1.738953
v -0.088889 0.762224 -1.652880
v -0.050239 0.762224 -1.665438
v -0.151424 0.762224 -1.698315
v -0.127538 0.762224 -1.665438
v -0.127538 0.762224 -1.771830
v -0.151424 0.762224 -1.738953
v -0.050239 0.762224 -1.771830
v -0.088889 0.762224 -1.784388
v -0.043637 0.796793 -1.685757
v -0.106173 0.796793 -1.665438
v -0.144822 0.796793 -1.718634
v -0.106173 0.796793 -1.771830
v -0.043637 0.796793 -1.751511
v -0.078207 0.818158 -1.685757
v -0.054320 0.818158 -1.718634
v -0.116855 0.818158 -1.698315
v -0.116855 0.818158 -1.738953
v -0.078207 0.818158 -1.751511
v 0.003732 -1.045916 -2.367590
v -0.048478 -1.006032 -2.329658
v 0.023674 -1.006032 -2.306213
v 0.068267 -1.006032 -2.367590
v 0.023674 -1.006032 -2.428967
v -0.048478 -1.006032 -2.405522
v -0.016210 -0.941496 -2.306213
v 0.055942 -0.941496 -2.329658
v 0.055942 -0.941496 -2.405522
v -0.016210 -0.941496 -2.428967
v -0.060803 -0.941496 -2.367590
v 0.003732 -0.901611 -2.367590
v 0.015454 -1.035141 -2.331514
v -0.026956 -1.035141 -2.345294
v -0.015234 -1.011697 -2.309218
v -0.057644 -1.011697 -2.367590
v -0.026956 -1.035141 -2.389886
v 0.041665 -1.035141 -2.367590
v 0.053387 -1.011697 -2.331514
v 0.015454 -1.035141 -2.403666
v 0.053387 -1.011697 -2.403666
v -0.015234 -1.011697 -2.425962
v -0.064889 -0.973764 -2.345294
v -0.064889 -0.973764 -2.389886
v 0.003732 -0.973764 -2.295437
v -0.038678 -0.973764 -2.309217
v 0.072354 -0.973764 -2.345294
v 0.046143 -0.973764 -2.309217
v 0.046143 -0.973764 -2.425963
v 0.072354 -0.973764 -2.389886
v -0.038678 -0.973764 -2.425963
v 0.003732 -0.973764 -2.439743
v -0.045922 -0.935831 -2.331514
v 0.022699 -0.935830 -2.309218
v 0.065109 -0.935831 -2.367590
v 0.022699 -0.935830 -2.425962
v -0.045922 -0.935831 -2.403666
v -0.007989 -0.912387 -2.331514
v -0.034200 -0.912387 -2.367590
v 0.034420 -0.912387 -2.345294
v 0.034420 -0.912387 -2.389886
v -0.007989 -0.912387 -2.403666
v -0.034077 0.689802 -2.454833
v 0.018134 0.729687 -2.416901
v -0.054019 0.729687 -2.393457
v -0.098612 0.729687 -2.454833
v -0.054019 0.729687 -2.516210
v 0.018134 0.729687 -2.492766
v -0.014134 0.794223 -2.393457
v -0.086287 0.794223 -2.416901
v -0.086287 0.794223 -2.492766
v -0.014134 0.794223 -2.516210
v 0.030459 0.794223 -2.454833
v -0.034077 0.834108 -2.454833
v -0.045798 0.700578 -2.418757
v -0.003388 0.700578 -2.432537
v -0.015110 0.724022 -2.396461
v 0.027300 0.724022 -2.454833
v -0.003388 0.700578 -2.477129
v -0.072009 0.700578 -2.454833
v -0.083731 0.724022 -2.418757
v -0.045798 0.700578 -2.490909
v -0.083731 0.724022 -2.490909
v -0.015110 0.724022 -2.513206
v 0.034545 0.761955 -2.432537
v 0.034545 0.761955 -2.477129
v -0.034077 0.761955 -2.382681
v 0.008334 0.761955 -2.396461
v -0.102698 0.761955 -2.432537
v -0.076487 0.761955 -2.396461
v -0.076487 0.761955 -2.513206
v -0.102698 0.761955 -2.477129
v 0.008334 0.761955 -2.513206
v -0.034077 0.761955 -2.526986
v 0.015578 0.799888 -2.418757
v -0.053043 0.799888 -2.396461
v -0.095453 0.799888 -2.454833
v -0.053043 0.799888 -2.513206
v 0.015578 0.799888 -2.490909
v -0.022355 0.823332 -2.418757
v 0.003856 0.823332 -2.454833
v -0.064765 0.823332 -2.432537
v -0.064765 0.823332 -2.477129
v -0.022355 0.823332 -2.490909
v 0.008873 -0.837350 -3.254348
v -0.033071 -0.805308 -3.223875
v 0.024894 -0.805308 -3.205041
v 0.060718 -0.805308 -3.254348
v 0.024894 -0.805308 -3.303656
v -0.033071 -0.805308 -3.284822
v -0.007148 -0.753463 -3.205041
v 0.050817 -0.753463 -3.223875
v 0.050817 -0.753463 -3.284822
v -0.007148 -0.753463 -3.303656
v -0.042972 -0.753463 -3.254348
v 0.008873 -0.721421 -3.254348
v 0.018290 -0.828693 -3.225366
v -0.015781 -0.828693 -3.236437
v -0.006364 -0.809860 -3.207454
v -0.040434 -0.809860 -3.254348
v -0.015781 -0.828693 -3.272260
v 0.039347 -0.828693 -3.254348
v 0.048764 -0.809860 -3.225366
v 0.018290 -0.828693 -3.283330
v 0.048764 -0.809860 -3.283330
v -0.006364 -0.809860 -3.301242
v -0.046255 -0.779386 -3.236437
v -0.046255 -0.779386 -3.272260
v 0.008873 -0.779386 -3.196384
v -0.025198 -0.779386 -3.207454
v 0.064001 -0.779386 -3.236437
v 0.042944 -0.779386 -3.207454
v 0.042944 -0.779386 -3.301243
v 0.064001 -0.779386 -3.272260
v -0.025198 -0.779386 -3.301243
v 0.008873 -0.779386 -3.312313
v -0.031018 -0.748911 -3.225366
v 0.024110 -0.748911 -3.207454
v 0.058180 -0.748911 -3.254348
v 0.024110 -0.748911 -3.301242
v -0.031018 -0.748911 -3.283330
v -0.000544 -0.730078 -3.225366
v -0.021601 -0.730078 -3.254348
v 0.033527 -0.730078 -3.236437
v 0.033527 -0.730078 -3.272260
v -0.000544 -0.730078 -3.283330
v -0.021501 0.557058 -3.324436
v 0.020442 0.589099 -3.293963
v -0.037522 0.589099 -3.275129
v -0.073346 0.589100 -3.324436
v -0.037522 0.589099 -3.373744
v 0.020442 0.589099 -3.354909
v -0.005480 0.640945 -3.275129
v -0.063445 0.640945 -3.293963
v -0.063445 0.640945 -3.354909
v -0.005480 0.640945 -3.373744
v 0.030344 0.640945 -3.324436
v -0.021501 0.672987 -3.324436
v -0.030918 0.565714 -3.295454
v 0.003152 0.565714 -3.306524
v -0.006264 0.584548 -3.277542
v 0.027806 0.584548 -3.324436
v 0.003152 0.565714 -3.342348
v -0.051975 0.565715 -3.324436
v -0.061392 0.584548 -3.295454
v -0.030918 0.565714 -3.353418
v -0.061392 0.584548 -3.353418
v -0.006264 0.584548 -3.371330
v 0.033626 0.615022 -3.306524
v 0.033626 0.615022 -3.342348
v -0.021501 0.615022 -3.266472
v 0.012570 0.615022 -3.277542
v -0.076629 0.615022 -3.306524
v -0.055572 0.615022 -3.277542
v -0.055572 0.615022 -3.371330
v -0.076629 0.615022 -3.342348
v 0.012570 0.615022 -3.371330
v -0.021501 0.615022 -3.382401
v 0.018389 0.645496 -3.295454
v -0.036738 0.645496 -3.277542
v -0.070809 0.645496 -3.324436
v -0.036738 0.645496 -3.371330
v 0.018389 0.645496 -3.353418
v -0.012084 0.664330 -3.295454
v 0.008973 0.664330 -3.324436
v -0.046155 0.664330 -3.306524
v -0.046155 0.664330 -3.342348
v -0.012084 0.664330 -3.353418
v -0.027028 -0.614295 -4.086850
v -0.058525 -0.590234 -4.054669
v -0.014998 -0.590234 -4.034780
v 0.011903 -0.590234 -4.086850
v -0.014998 -0.590234 -4.138919
v -0.058525 -0.590234 -4.119030
v -0.039059 -0.551302 -4.034780
v 0.004468 -0.551302 -4.054669
v 0.004468 -0.551302 -4.119030
v -0.039059 -0.551302 -4.138919
v -0.065960 -0.551302 -4.086850
v -0.027028 -0.527241 -4.086850
v -0.019957 -0.607794 -4.056244
v -0.045541 -0.607794 -4.067935
v -0.038470 -0.593652 -4.037329
v -0.064054 -0.593652 -4.086850
v -0.045541 -0.607794 -4.105765
v -0.004145 -0.607794 -4.086850
v 0.002926 -0.593652 -4.056244
v -0.019957 -0.607794 -4.117455
v 0.002926 -0.593652 -4.117455
v -0.038470 -0.593652 -4.136371
v -0.068425 -0.570768 -4.067935
v -0.068425 -0.570768 -4.105765
v -0.027028 -0.570768 -4.025638
v -0.052613 -0.570768 -4.037328
v 0.014368 -0.570768 -4.067935
v -0.001444 -0.570768 -4.037328
v -0.001444 -0.570768 -4.136371
v 0.014368 -0.570768 -4.105765
v -0.052613 -0.570768 -4.136371
v -0.027028 -0.570768 -4.148061
v -0.056983 -0.547884 -4.056244
v -0.015587 -0.547884 -4.037329
v 0.009998 -0.547884 -4.086850
v -0.015587 -0.547884 -4.136371
v -0.056983 -0.547884 -4.117455
v -0.034100 -0.533742 -4.056244
v -0.049912 -0.533742 -4.086850
v -0.008515 -0.533742 -4.067935
v -0.008515 -0.533742 -4.105765
v -0.034100 -0.533742 -4.117455
v -0.049837 0.432796 -4.160864
v -0.018341 0.456856 -4.128683
v -0.061867 0.456856 -4.108794
v -0.088768 0.456857 -4.160864
v -0.061867 0.456856 -4.212934
v -0.018341 0.456856 -4.193045
v -0.037807 0.495788 -4.108794
v -0.081333 0.495788 -4.128683
v -0.081333 0.495788 -4.193045
v -0.037807 0.495788 -4.212934
v -0.010905 0.495788 -4.160864
v -0.049837 0.519849 -4.160864
v -0.056908 0.439296 -4.130258
v -0.031324 0.439296 -4.141949
v -0.038395 0.453439 -4.111343
v -0.012811 0.453439 -4.160864
v -0.031324 0.439296 -4.179779
v -0.072720 0.439296 -4.160864
v -0.079792 0.453439 -4.130258
v -0.056908 0.439296 -4.191469
v -0.079792 0.453439 -4.191470
v -0.038395 0.453439 -4.210385
v -0.008440 0.476322 -4.141949
v -0.008440 0.476322 -4.179779
v -0.049837 0.476322 -4.099652
v -0.024253 0.476322 -4.111342
v -0.091234 0.476322 -4.141949
v -0.075421 0.476322 -4.111342
v -0.075421 0.476322 -4.210385
v -0.091234 0.476322 -4.179779
v -0.024253 0.476322 -4.210385
v -0.049837 0.476322 -4.222075
v -0.019882 0.499206 -4.130258
v -0.061279 0.499206 -4.111343
v -0.086863 0.499206 -4.160864
v -0.061279 0.499206 -4.210385
v -0.019882 0.499206 -4.191470
v -0.042766 0.513349 -4.130258
v -0.026954 0.513349 -4.160864
v -0.068350 0.513349 -4.141949
v -0.068350 0.513349 -4.179779
v -0.042766 0.513349 -4.191469
vn 1.0000 -0.0000 -0.0000
vn -1.0000 -0.0000 -0.0000
vn -0.0000 -0.9329 -0.3601
vn -0.0000 0.9378 -0.3472
vn -0.0000 0.7032 0.7110
vn -0.0000 -0.7032 0.7110
vn -0.0000 -0.0000 -1.0000
vn -0.2652 -0.8640 -0.4280
vn -0.2545 -0.8561 0.4498
vn -0.9728 -0.2302 0.0245
vn -0.9039 -0.0040 0.4277
vn -0.2671 0.3819 0.8848
vn -0.9082 -0.0165 0.4182
vn -0.3164 -0.2981 -0.9006
vn -0.9843 -0.0296 -0.1739
vn -0.3254 0.2053 -0.9230
vn -0.2872 0.8850 0.3664
vn -0.2966 0.8087 -0.5080
vn -0.9830 0.1837 0.0032
vn 0.2724 -0.8297 -0.4873
vn 0.9833 -0.1742 -0.0521
vn 0.3059 -0.8550 0.4189
vn 0.2980 0.4197 0.8574
vn 0.2149 0.0418 0.9757
vn 0.9284 0.0348 0.3700
vn 0.2752 -0.2640 -0.9244
vn 0.2666 0.2210 -0.9381
vn 0.9663 0.0150 -0.2569
vn 0.2737 0.9079 0.3175
vn 0.9732 0.2187 -0.0711
vn 0.2454 0.8053 -0.5397
vn -0.9699 -0.0117 0.2432
vn -0.9435 -0.2108 0.2558
vn -0.9435 -0.2109 0.2558
vn 0.9657 -0.1654 0.2004
vn 0.9834 0.0339 0.1782
vn 0.9657 -0.1654 0.2003
vn -0.1713 0.0335 0.9846
vn 0.0306 0.0386 0.9988
vn -0.9993 -0.0244 0.0298
vn -0.9997 -0.0163 0.0198
vn -0.9993 -0.0244 0.0297
vn 0.2473 -0.6165 0.7475
vn -0.1946 -0.6241 0.7567
vn 0.9984 0.0359 -0.0436
vn 0.9990 0.0134 -0.0422
vn 0.9990 0.0115 -0.0420
vn 0.9990 0.0115 -0.0421
vn -0.0000 0.0980 0.9952
vn -0.0000 0.2903 0.9569
vn -0.0000 0.4714 0.8819
vn -0.0000 0.6344 0.7730
vn -0.0000 0.7730 0.6344
vn -0.0000 0.8819 0.4714
vn -0.0000 0.9569 0.2903
vn -0.0000 0.9952 0.0980
vn -0.0000 0.9952 -0.0980
vn -0.0000 0.9569 -0.2903
vn -0.0000 0.8819 -0.4714
vn -0.0000 0.7730 -0.6344
vn -0.0000 0.6344 -0.7730
vn -0.0000 0.4714 -0.8819
vn -0.0000 0.2903 -0.9569
vn -0.0000 0.0980 -0.9952
vn -0.0000 -0.0980 -0.9952
vn -0.0000 -0.2903 -0.9569
vn -0.0000 -0.4714 -0.8819
vn -0.0000 -0.6344 -0.7730
vn -0.0000 -0.7730 -0.6344
vn -0.0000 -0.8819 -0.4714
vn -0.0000 -0.9569 -0.2903
vn -0.0000 -0.9952 -0.0980
vn -0.0000 -0.9952 0.0980
vn -0.0000 -0.9569 0.2903
vn -0.0000 -0.8819 0.4714
vn -0.0000 -0.7730 0.6344
vn -0.0000 -0.6344 0.7730
vn -0.0000 -0.4714 0.8819
vn -0.0000 -0.2903 0.9569
vn -0.0000 -0.0980 0.9952
vn -0.0000 -0.9551 -0.2961
vn -0.0000 -0.0000 1.0000
vn -0.0000 -0.7700 -0.6381
vn -0.0000 -0.3977 0.9175
vn -0.0000 -0.6590 0.7521
vn -0.0000 -0.9981 0.0613
vn -0.0000 -0.9829 -0.1842
vn -0.0000 -0.9829 -0.1840
vn 0.0003 -0.9551 -0.2961
vn -0.0000 -0.8541 -0.5202
vn -0.0000 0.9978 0.0665
vn -0.0000 0.9829 0.1840
vn -0.0000 0.9134 0.4070
vn -0.0000 0.4754 0.8797
vn 0.8494 0.5277 -0.0000
vn 0.8817 -0.4717 -0.0000
vn 0.0323 -0.9995 -0.0000
vn -0.8494 -0.5277 -0.0000
vn -0.8817 0.4717 -0.0000
vn -0.0323 0.9995 -0.0000
vn 0.0045 -1.0000 -0.0000
vn 0.3336 -0.8833 0.3295
vn -0.1050 -0.8540 0.5096
vn 0.6731 -0.4814 0.5614
vn 0.8154 -0.5789 -0.0000
vn -0.4525 -0.8918 -0.0000
vn -0.1050 -0.8540 -0.5096
vn 0.3336 -0.8833 -0.3295
vn 0.9404 0.0038 0.3402
vn -0.2056 -0.4467 0.8707
vn 0.1940 -0.5415 0.8180
vn -0.8748 -0.4844 -0.0000
vn -0.6275 -0.5708 0.5296
vn -0.9404 -0.0038 0.3402
vn -0.2056 -0.4467 -0.8707
vn -0.6275 -0.5708 -0.5296
vn -0.5061 0.0109 -0.8624
vn 0.6731 -0.4814 -0.5614
vn 0.1940 -0.5415 -0.8180
vn 0.5061 -0.0109 -0.8624
vn 0.5061 -0.0109 0.8624
vn -0.5061 0.0109 0.8624
vn -0.9404 -0.0038 -0.3402
vn 0.9404 0.0038 -0.3401
vn 0.2056 0.4467 0.8707
vn 0.6275 0.5708 0.5296
vn 0.1050 0.8540 0.5096
vn -0.6731 0.4814 0.5614
vn -0.1940 0.5415 0.8180
vn -0.3336 0.8833 0.3295
vn -0.6731 0.4814 -0.5614
vn -0.8154 0.5789 -0.0000
vn -0.3336 0.8833 -0.3295
vn 0.2056 0.4467 -0.8707
vn -0.1940 0.5415 -0.8180
vn 0.1050 0.8540 -0.5096
vn 0.8748 0.4844 -0.0000
vn 0.6275 0.5708 -0.5296
vn 0.4525 0.8918 -0.0000
vn -0.0045 1.0000 -0.0000
vn 0.9404 0.0038 -0.3402
vn -0.0045 -1.0000 -0.0000
vn -0.3336 -0.8833 -0.3295
vn 0.1050 -0.8540 -0.5096
vn -0.6731 -0.4814 -0.5614
vn -0.8154 -0.5789 -0.0000
vn 0.4525 -0.8918 -0.0000
vn 0.1050 -0.8540 0.5096
vn -0.3336 -0.8833 0.3295
vn -0.9404 0.0038 -0.3402
vn 0.2056 -0.4467 -0.8707
vn -0.1940 -0.5415 -0.8180
vn 0.8748 -0.4844 -0.0000
vn 0.6275 -0.5708 -0.5296
vn 0.9404 -0.0038 -0.3402
vn 0.2056 -0.4467 0.8707
vn 0.6275 -0.5708 0.5296
vn 0.5061 0.0109 0.8624
vn -0.6731 -0.4814 0.5614
vn -0.1940 -0.5415 0.8180
vn -0.5061 -0.0109 0.8624
vn -0.5061 -0.0109 -0.8624
vn 0.5061 0.0109 -0.8624
vn 0.9404 -0.0038 0.3402
vn -0.9404 0.0038 0.3401
vn -0.2056 0.4467 -0.8707
vn -0.6275 0.5708 -0.5296
vn -0.1050 0.8540 -0.5096
vn 0.6731 0.4814 -0.5614
vn 0.1940 0.5415 -0.8180
vn 0.3336 0.8833 -0.3295
vn 0.6731 0.4814 0.5614
vn 0.8154 0.5789 -0.0000
vn 0.3336 0.8833 0.3295
vn -0.2056 0.4467 0.8707
vn 0.1940 0.5415 0.8180
vn -0.1050 0.8540 0.5096
vn -0.8748 0.4844 -0.0000
vn -0.6275 0.5708 0.5296
vn -0.4525 0.8918 -0.0000
vn 0.0045 1.0000 -0.0000
vn -0.9404 0.0038 0.3402
vn 0.1024 0.9435 -0.3151
vn 0.7002 0.6617 -0.2680
vn -0.2680 0.9435 -0.1947
vn -0.2680 0.9435 0.1947
vn 0.1024 0.9435 0.3151
vn 0.9050 0.3304 -0.2680
vn 0.0248 0.3304 -0.9435
vn -0.8897 0.3304 -0.3151
vn -0.5746 0.3304 0.7488
vn 0.5346 0.3304 0.7779
vn 0.8026 0.1256 -0.5831
vn -0.3066 0.1256 -0.9435
vn -0.9921 0.1256 -0.0000
vn -0.3066 0.1256 0.9435
vn 0.8026 0.1256 0.5831
vn 0.4090 -0.6617 -0.6284
vn -0.4713 -0.6617 -0.5831
vn -0.7002 -0.6617 0.2680
vn 0.0385 -0.6617 0.7488
vn 0.7240 -0.6617 0.1947
vn 0.2680 -0.9435 0.1947
vn 0.4911 -0.7947 0.3568
vn 0.4090 -0.6617 0.6284
vn -0.1024 -0.9435 0.3151
vn -0.1876 -0.7947 0.5773
vn -0.4713 -0.6617 0.5831
vn -0.3313 -0.9435 -0.0000
vn -0.6071 -0.7947 -0.0000
vn -0.7002 -0.6617 -0.2680
vn -0.1024 -0.9435 -0.3151
vn -0.1876 -0.7947 -0.5773
vn 0.0385 -0.6617 -0.7488
vn 0.2680 -0.9435 -0.1947
vn 0.4911 -0.7947 -0.3568
vn 0.7241 -0.6617 -0.1947
vn 0.8897 -0.3304 0.3151
vn 0.7946 -0.1876 0.5774
vn 0.5746 -0.3304 0.7488
vn -0.0248 -0.3304 0.9435
vn -0.3035 -0.1876 0.9342
vn -0.5346 -0.3304 0.7779
vn -0.9050 -0.3304 0.2680
vn -0.9822 -0.1876 -0.0000
vn -0.9050 -0.3304 -0.2680
vn -0.5346 -0.3304 -0.7779
vn -0.3035 -0.1876 -0.9342
vn -0.0248 -0.3304 -0.9435
vn 0.5746 -0.3304 -0.7488
vn 0.7947 -0.1876 -0.5773
vn 0.8897 -0.3304 -0.3151
vn 0.3066 -0.1256 0.9435
vn 0.3035 0.1876 0.9342
vn 0.0248 0.3304 0.9435
vn -0.8026 -0.1256 0.5831
vn -0.7946 0.1876 0.5774
vn -0.8897 0.3304 0.3151
vn -0.8026 -0.1256 -0.5831
vn -0.7947 0.1876 -0.5773
vn -0.5746 0.3304 -0.7488
vn 0.3066 -0.1256 -0.9435
vn 0.3035 0.1876 -0.9342
vn 0.5346 0.3304 -0.7779
vn 0.9921 -0.1256 -0.0000
vn 0.9822 0.1876 -0.0000
vn 0.9050 0.3304 0.2680
vn 0.4713 0.6617 0.5831
vn 0.1876 0.7947 0.5773
vn -0.0385 0.6617 0.7488
vn -0.4090 0.6617 0.6284
vn -0.4911 0.7947 0.3568
vn -0.7240 0.6617 0.1947
vn -0.7241 0.6617 -0.1947
vn -0.4911 0.7947 -0.3568
vn -0.4090 0.6617 -0.6284
vn 0.7002 0.6617 0.2680
vn 0.6071 0.7947 -0.0000
vn 0.3313 0.9435 -0.0000
vn -0.0385 0.6617 -0.7488
vn 0.1876 0.7947 -0.5773
vn 0.4713 0.6617 -0.5831
vn 0.1024 -0.9435 0.3151
vn 0.7002 -0.6617 0.2680
vn -0.2680 -0.9435 0.1947
vn -0.2680 -0.9435 -0.1947
vn 0.1024 -0.9435 -0.3151
vn 0.9050 -0.3304 0.2680
vn 0.0247 -0.3304 0.9435
vn -0.8897 -0.3304 0.3151
vn -0.5746 -0.3304 -0.7488
vn 0.5346 -0.3304 -0.7779
vn 0.8026 -0.1256 0.5831
vn -0.3066 -0.1256 0.9435
vn -0.9921 -0.1256 -0.0000
vn -0.3066 -0.1256 -0.9435
vn 0.8026 -0.1256 -0.5831
vn 0.4089 0.6617 0.6284
vn -0.4713 0.6617 0.5831
vn -0.7002 0.6617 -0.2680
vn 0.0386 0.6617 -0.7488
vn 0.7240 0.6617 -0.1947
vn 0.2680 0.9435 -0.1947
vn 0.4911 0.7947 -0.3568
vn 0.4089 0.6617 -0.6284
vn -0.1024 0.9435 -0.3151
vn -0.1876 0.7947 -0.5773
vn -0.4713 0.6617 -0.5831
vn -0.3313 0.9435 -0.0000
vn -0.6071 0.7947 -0.0000
vn -0.7002 0.6617 0.2680
vn -0.1024 0.9435 0.3151
vn -0.1876 0.7947 0.5773
vn 0.0385 0.6617 0.7488
vn 0.2680 0.9435 0.1947
vn 0.4911 0.7947 0.3568
vn 0.7240 0.6617 0.1947
vn 0.8897 0.3304 -0.3151
vn 0.7947 0.1876 -0.5773
vn 0.5746 0.3304 -0.7488
vn -0.0247 0.3304 -0.9435
vn -0.3035 0.1876 -0.9342
vn -0.5346 0.3304 -0.7779
vn -0.9050 0.3304 -0.2680
vn -0.9822 0.1876 -0.0000
vn -0.9050 0.3304 0.2680
vn -0.5346 0.3304 0.7779
vn -0.3035 0.1876 0.9342
vn -0.0247 0.3304 0.9435
vn 0.5746 0.3304 0.7488
vn 0.7946 0.1876 0.5774
vn 0.8897 0.3304 0.3151
vn 0.3066 0.1256 -0.9435
vn 0.3035 -0.1876 -0.9342
vn 0.0247 -0.3304 -0.9435
vn -0.8026 0.1256 -0.5831
vn -0.7947 -0.1876 -0.5773
vn -0.8897 -0.3304 -0.3151
vn -0.8026 0.1256 0.5831
vn -0.7946 -0.1876 0.5774
vn -0.5746 -0.3304 0.7488
vn 0.3066 0.1256 0.9435
vn 0.3035 -0.1876 0.9342
vn 0.5346 -0.3304 0.7779
vn 0.9921 0.1256 -0.0000
vn 0.9822 -0.1876 -0.0000
vn 0.9050 -0.3304 -0.2680
vn 0.4713 -0.6617 -0.5831
vn 0.1876 -0.7947 -0.5773
vn -0.0386 -0.6617 -0.7488
vn -0.4089 -0.6617 -0.6284
vn -0.4911 -0.7947 -0.3568
vn -0.7240 -0.6617 -0.1947
vn -0.7240 -0.6617 0.1947
vn -0.4911 -0.7946 0.3568
vn -0.4089 -0.6617 0.6284
vn 0.7002 -0.6617 -0.2680
vn 0.6071 -0.7947 -0.0000
vn 0.3313 -0.9435 -0.0000
vn -0.0386 -0.6617 0.7488
vn 0.1876 -0.7947 0.5773
vn 0.4713 -0.6617 0.5831
vn 0.0247 0.3304 -0.9435
vn 0.4089 -0.6617 -0.6284
vn 0.4089 -0.6617 0.6284
vn -0.6071 -0.7946 -0.0000
vn 0.7240 -0.6617 -0.1947
vn 0.7947 -0.1876 0.5774
vn -0.0247 -0.3304 0.9435
vn -0.0247 -0.3304 -0.9435
vn 0.7946 -0.1876 -0.5774
vn 0.0247 0.3304 0.9435
vn -0.7947 0.1876 0.5773
vn -0.7946 0.1876 -0.5774
vn -0.4089 0.6617 0.6284
vn -0.7240 0.6617 -0.1947
vn -0.4089 0.6617 -0.6284
vn 0.6071 0.7946 -0.0000
vn 0.0385 0.6617 -0.7488
vn 0.4090 0.6617 -0.6284
vn 0.7947 0.1876 0.5773
vn -0.7947 -0.1876 0.5773
vn -0.0385 -0.6617 -0.7488
vn -0.4090 -0.6617 -0.6284
vn -0.4911 -0.7947 0.3568
vn -0.0385 -0.6617 0.7488
vn 0.7947 -0.1876 -0.5774
vn -0.7947 0.1876 0.5774
vn -0.7947 0.1876 -0.5774
vn 0.0248 -0.3304 0.9435
vn 0.4090 0.6617 0.6284
vn -0.0248 0.3304 0.9435
vn 0.7947 0.1876 0.5774
vn -0.7947 -0.1876 0.5774
vn -0.4090 -0.6617 0.6284
vn 0.1050 0.9676 -0.2298
vn 0.7130 0.6738 -0.1941
vn -0.2706 0.9525 -0.1398
vn -0.2706 0.9525 0.1398
vn 0.1050 0.9676 0.2298
vn 0.9215 0.3364 -0.1941
vn 0.0331 0.4415 -0.8966
vn -0.9124 0.3388 -0.2298
vn -0.6759 0.3886 0.6263
vn 0.6385 0.3946 0.6607
vn 0.8800 0.1377 -0.4546
vn -0.4097 0.1679 -0.8966
vn -0.4097 0.1679 0.8966
vn 0.8800 0.1377 0.4546
vn 0.4559 -0.7376 -0.4981
vn -0.5167 -0.7255 -0.4546
vn -0.7130 -0.6738 0.1941
vn 0.0453 -0.7783 0.6263
vn 0.7309 -0.6680 0.1398
vn 0.2706 -0.9525 0.1398
vn 0.5073 -0.8209 0.2621
vn 0.4559 -0.7376 0.4981
vn -0.1050 -0.9676 0.2298
vn -0.2053 -0.8695 0.4492
vn -0.5167 -0.7255 0.4546
vn -0.7130 -0.6738 -0.1941
vn -0.1050 -0.9676 -0.2298
vn -0.2053 -0.8695 -0.4492
vn 0.0453 -0.7783 -0.6263
vn 0.2706 -0.9525 -0.1398
vn 0.5073 -0.8209 -0.2621
vn 0.7309 -0.6680 -0.1398
vn 0.9124 -0.3388 0.2298
vn 0.8695 -0.2053 0.4492
vn 0.6759 -0.3886 0.6263
vn -0.0331 -0.4415 0.8966
vn -0.4025 -0.2488 0.8810
vn -0.6385 -0.3946 0.6607
vn -0.9215 -0.3364 0.1941
vn -0.9215 -0.3364 -0.1941
vn -0.6385 -0.3946 -0.6607
vn -0.4025 -0.2488 -0.8810
vn -0.0331 -0.4415 -0.8966
vn 0.6759 -0.3886 -0.6263
vn 0.8695 -0.2053 -0.4492
vn 0.9124 -0.3388 -0.2298
vn 0.4097 -0.1679 0.8966
vn 0.4025 0.2488 0.8810
vn 0.0331 0.4415 0.8966
vn -0.8800 -0.1377 0.4546
vn -0.8695 0.2053 0.4492
vn -0.9124 0.3388 0.2298
vn -0.8800 -0.1377 -0.4546
vn -0.8695 0.2053 -0.4492
vn -0.6759 0.3886 -0.6263
vn 0.4097 -0.1679 -0.8966
vn 0.4025 0.2488 -0.8810
vn 0.6385 0.3946 -0.6607
vn 0.9215 0.3364 0.1941
vn 0.5167 0.7255 0.4546
vn 0.2053 0.8695 0.4492
vn -0.0453 0.7783 0.6263
vn -0.4559 0.7376 0.4981
vn -0.5073 0.8209 0.2621
vn -0.7309 0.6680 0.1398
vn -0.7309 0.6680 -0.1398
vn -0.5073 0.8209 -0.2621
vn -0.4559 0.7376 -0.4981
vn 0.7130 0.6738 0.1941
vn -0.0453 0.7783 -0.6263
vn 0.2053 0.8695 -0.4492
vn 0.5167 0.7255 -0.4546
vn 0.1050 -0.9676 0.2298
vn 0.7130 -0.6738 0.1941
vn -0.2706 -0.9525 0.1398
vn -0.2706 -0.9525 -0.1398
vn 0.1050 -0.9676 -0.2298
vn 0.9215 -0.3364 0.1941
vn 0.0331 -0.4415 0.8966
vn -0.9124 -0.3388 0.2298
vn -0.6759 -0.3886 -0.6263
vn 0.6385 -0.3946 -0.6607
vn 0.8800 -0.1377 0.4546
vn -0.4097 -0.1679 0.8966
vn -0.4097 -0.1679 -0.8966
vn 0.8800 -0.1377 -0.4546
vn 0.4559 0.7376 0.4981
vn -0.5167 0.7255 0.4546
vn -0.7130 0.6738 -0.1941
vn 0.0453 0.7783 -0.6263
vn 0.7309 0.6680 -0.1398
vn 0.2706 0.9525 -0.1398
vn 0.5073 0.8209 -0.2621
vn 0.4559 0.7376 -0.4981
vn -0.1050 0.9676 -0.2298
vn -0.2053 0.8695 -0.4492
vn -0.5167 0.7255 -0.4546
vn -0.7130 0.6738 0.1941
vn -0.1050 0.9676 0.2298
vn -0.2053 0.8695 0.4492
vn 0.0453 0.7783 0.6263
vn 0.2706 0.9525 0.1398
vn 0.5073 0.8209 0.2621
vn 0.7309 0.6680 0.1398
vn 0.9124 0.3388 -0.2298
vn 0.8695 0.2053 -0.4492
vn 0.6758 0.3886 -0.6263
vn -0.0331 0.4415 -0.8966
vn -0.4025 0.2488 -0.8810
vn -0.6385 0.3946 -0.6607
vn -0.9215 0.3364 -0.1941
vn -0.9215 0.3364 0.1941
vn -0.6385 0.3946 0.6607
vn -0.4025 0.2488 0.8809
vn -0.0331 0.4415 0.8966
vn 0.6759 0.3886 0.6263
vn 0.8695 0.2053 0.4492
vn 0.9124 0.3388 0.2298
vn 0.4097 0.1679 -0.8966
vn 0.4025 -0.2488 -0.8810
vn 0.0331 -0.4415 -0.8966
vn -0.8800 0.1377 -0.4546
vn -0.8695 -0.2053 -0.4492
vn -0.9124 -0.3388 -0.2298
vn -0.8800 0.1377 0.4546
vn -0.8695 -0.2053 0.4492
vn -0.6759 -0.3886 0.6263
vn 0.4097 0.1679 0.8966
vn 0.4025 -0.2488 0.8809
vn 0.6385 -0.3946 0.6607
vn 0.9215 -0.3364 -0.1941
vn 0.5167 -0.7255 -0.4546
vn 0.2053 -0.8695 -0.4492
vn -0.0453 -0.7783 -0.6263
vn -0.4559 -0.7376 -0.4981
vn -0.5073 -0.8209 -0.2621
vn -0.7309 -0.6680 -0.1398
vn -0.7309 -0.6680 0.1398
vn -0.5073 -0.8209 0.2621
vn -0.4559 -0.7376 0.4981
vn 0.7130 -0.6738 -0.1941
vn -0.0453 -0.7783 0.6263
vn 0.2053 -0.8695 0.4492
vn 0.5167 -0.7255 0.4546
vn 0.9324 0.0229 0.3606
vn -0.9881 -0.0978 0.1187
vn -0.9764 -0.1372 0.1665
vn 0.9928 -0.0762 0.0922
vn 0.9979 -0.0417 0.0505
vn -0.9984 -0.0216 0.0521
vn -0.9986 -0.0256 0.0460
vn -0.9982 -0.0197 0.0561
vn -0.9985 -0.0146 0.0536
vn -0.9986 -0.0184 0.0496
vn -0.9979 -0.0254 0.0591
vn -0.9987 -0.0133 0.0488
vn -0.9986 -0.0094 0.0515
vn 0.9987 0.0313 -0.0405
vn 0.9993 0.0324 -0.0189
vn 0.9992 0.0290 -0.0283
vn 0.9989 0.0194 -0.0416
vn 0.9992 0.0266 -0.0284
vn 0.9991 0.0247 -0.0353
vn 0.9993 0.0219 -0.0317
vn 0.9990 0.0196 -0.0408
vn 0.9990 0.0214 -0.0397
vn 0.9992 0.0167 -0.0351
vn 0.9990 0.0156 -0.0415
vn 0.9992 0.0130 -0.0387
vn 0.9990 0.0120 -0.0420
vn 0.9990 0.0125 -0.0424
vn -0.0000 -0.9552 -0.2961
vn -0.0000 -0.9134 -0.4070
vn -0.0000 -0.9997 -0.0247
vn -0.0000 -0.8311 0.5561
vn -0.0000 -0.9293 0.3694
vn -0.0000 -0.9788 0.2049
vn -0.0000 -0.9978 -0.0665
vn -0.0000 -0.9995 -0.0329
vn -0.0000 -0.7699 -0.6381
vn -0.0000 0.9978 0.0664
vn -0.0000 0.8540 0.5202
vn -0.0000 0.8541 0.5202
vn -0.0000 0.7700 0.6381
vn -0.0000 0.6494 0.7605
vn -0.0000 0.2317 0.9728
vn -0.0000 -0.0766 0.9971
vt 0.500000 1.000000
vt 1.000000 0.000000
vt 0.500000 0.000000
vt 0.000000 0.000000
vt 0.000000 1.000000
vt 1.000000 1.000000
vt 0.159803 0.715197
vt 0.159803 0.750000
vt 0.125000 0.715197
vt 0.591725 0.012244
vt 0.625000 0.034803
vt 0.590197 0.020033
vt 0.159803 0.534803
vt 0.125000 0.534803
vt 0.159803 0.500000
vt 0.625000 0.238399
vt 0.590197 0.276102
vt 0.590197 0.215197
vt 0.340197 0.715197
vt 0.401102 0.715197
vt 0.375000 0.767402
vt 0.642402 0.750000
vt 0.593581 0.782547
vt 0.593012 0.768824
vt 0.340197 0.534803
vt 0.375000 0.482598
vt 0.401102 0.534803
vt 0.642402 0.500000
vt 0.590197 0.526102
vt 0.590197 0.465197
vt 0.590197 0.034803
vt 0.586071 0.034218
vt 0.589619 0.023069
vt 0.519666 0.017939
vt 0.516365 0.025353
vt 0.409803 0.000000
vt 0.409803 0.284803
vt 0.509445 0.740308
vt 0.511769 0.758390
vt 0.590197 0.723898
vt 0.589982 0.748997
vt 0.586170 0.729724
vt 0.625000 0.965197
vt 0.592254 0.965197
vt 0.593248 0.828381
vt 0.580585 0.124436
vt 0.579030 0.047932
vt 0.580284 0.045916
vt 0.409803 0.965197
vt 0.517169 0.778898
vt 0.530246 0.965197
vt 0.840197 0.534803
vt 0.580464 0.714916
vt 0.577679 0.710224
vt 0.580712 0.629040
vt 0.580287 0.623940
vt 0.968750 0.623950
vt 1.000000 0.872955
vt 1.000000 0.623552
vt 0.937500 0.624419
vt 0.968750 0.873183
vt 0.906250 0.624939
vt 0.937500 0.873523
vt 0.875000 0.625492
vt 0.906250 0.873962
vt 0.843750 0.626055
vt 0.875000 0.874483
vt 0.812500 0.626608
vt 0.843750 0.875066
vt 0.781250 0.627129
vt 0.812500 0.875688
vt 0.750000 0.627597
vt 0.781250 0.876327
vt 0.718750 0.627996
vt 0.750000 0.876956
vt 0.687500 0.628309
vt 0.718750 0.877552
vt 0.656250 0.628524
vt 0.687500 0.878092
vt 0.625000 0.628634
vt 0.656250 0.878556
vt 0.593750 0.628634
vt 0.625000 0.878925
vt 0.562500 0.628525
vt 0.593750 0.879186
vt 0.531250 0.879345
vt 0.531250 0.628309
vt 0.500000 0.879237
vt 0.500000 0.627996
vt 0.468750 0.879009
vt 0.468750 0.627597
vt 0.437500 0.878669
vt 0.437500 0.627129
vt 0.406250 0.878231
vt 0.406250 0.626608
vt 0.375000 0.877710
vt 0.375000 0.626056
vt 0.343750 0.877127
vt 0.343750 0.625492
vt 0.312500 0.876504
vt 0.312500 0.624940
vt 0.281250 0.875866
vt 0.281250 0.624419
vt 0.250000 0.875237
vt 0.250000 0.623950
vt 0.218750 0.874641
vt 0.218750 0.623552
vt 0.187500 0.874100
vt 0.156250 0.623023
vt 0.156250 0.873637
vt 0.164140 0.873754
vt 0.125000 0.873268
vt 0.125000 0.622913
vt 0.093750 0.873007
vt 0.093750 0.622913
vt 0.062500 0.872866
vt 0.031250 0.623239
vt 0.031250 0.872848
vt 0.000000 0.623552
vt 0.000000 0.872955
vt 0.718750 0.995237
vt 0.720180 0.996474
vt 0.737279 0.713562
vt 0.718750 0.543467
vt 0.718750 0.568487
vt 0.687500 0.967778
vt 0.687500 0.780703
vt 0.687500 0.785475
vt 0.656250 0.589509
vt 0.637722 0.613279
vt 0.656250 0.937697
vt 0.485388 0.296822
vt 0.489158 0.258545
vt 0.990000 0.250000
vt 0.985413 0.296569
vt 0.968750 0.910306
vt 1.000000 0.771891
vt 0.968750 0.750000
vt 0.937500 0.754261
vt 0.937500 0.910266
vt 0.937500 0.797074
vt 0.906250 0.909864
vt 0.906250 0.758629
vt 0.906250 0.758775
vt 0.875000 0.909118
vt 0.875000 0.761685
vt 0.875000 0.764679
vt 0.843750 0.908055
vt 0.843750 0.752721
vt 0.815628 0.872961
vt 0.812500 0.906717
vt 0.812500 0.770782
vt 0.812500 0.793665
vt 0.781250 0.673158
vt 0.781250 0.568143
vt 0.781081 0.596257
vt 0.781250 0.905154
vt 0.781250 0.903743
vt 0.755703 0.903742
vt 0.732389 0.902399
vt 0.720180 0.901574
vt 0.720416 0.901700
vt 0.718750 0.568090
vt 0.718750 0.638375
vt 0.718750 0.622988
vt 0.687500 0.581018
vt 0.687500 0.771816
vt 0.687500 0.768881
vt 0.677956 0.652713
vt 0.646966 0.648539
vt 0.655688 0.637724
vt 0.656250 0.595992
vt 0.287423 0.605326
vt 0.281250 0.855055
vt 0.294516 0.849013
vt 0.250000 0.591132
vt 0.250000 0.870788
vt 0.210240 0.636153
vt 0.187500 0.737590
vt 0.212437 0.669055
vt 0.187500 0.902014
vt 0.187500 0.741558
vt 0.156250 0.903822
vt 0.156250 0.749178
vt 0.156250 0.751376
vt 0.093750 0.718571
vt 0.093750 0.667701
vt 0.093750 0.907036
vt 0.083152 0.669566
vt 0.062500 0.754138
vt 0.062500 0.908317
vt 0.062500 0.755203
vt 0.000000 0.909984
vt 0.000000 0.782472
vt 0.000000 0.771891
vt 0.833333 0.500000
vt 1.000000 0.500000
vt 0.833333 1.000000
vt 0.666667 0.500000
vt 0.666667 1.000000
vt 0.500000 0.500000
vt 0.500000 1.000000
vt 0.333333 0.500000
vt 0.042154 0.130000
vt 0.250000 0.010000
vt 0.457846 0.130000
vt 0.333333 1.000000
vt 0.166667 0.500000
vt 0.166667 1.000000
vt -0.000000 0.500000
vt 0.542154 0.130000
vt 0.542154 0.370000
vt 0.957846 0.370000
vt 0.181819 0.000000
vt 0.227273 0.078731
vt 0.136365 0.078731
vt 0.272728 0.157461
vt 0.318182 0.078731
vt 0.363637 0.157461
vt 0.909091 0.000000
vt 0.954545 0.078731
vt 0.863636 0.078731
vt 0.727273 0.000000
vt 0.772727 0.078731
vt 0.681818 0.078731
vt 0.545455 0.000000
vt 0.590909 0.078731
vt 0.500000 0.078731
vt 0.318182 0.236191
vt 0.090910 0.157461
vt 0.181819 0.157461
vt 0.136365 0.236191
vt 0.818182 0.157461
vt 0.909091 0.157461
vt 0.863636 0.236191
vt 0.636364 0.157461
vt 0.727273 0.157461
vt 0.681818 0.236191
vt 0.454546 0.157461
vt 0.545455 0.157461
vt 0.500000 0.236191
vt 0.227273 0.236191
vt 0.045455 0.236191
vt 0.772727 0.236191
vt 0.590909 0.236191
vt 0.409092 0.236191
vt 0.181819 0.314921
vt 0.272728 0.314921
vt 0.227273 0.393651
vt 0.000000 0.314921
vt 0.090910 0.314921
vt 0.045455 0.393651
vt 0.727273 0.314921
vt 0.818182 0.314921
vt 0.772727 0.393651
vt 0.545455 0.314921
vt 0.636364 0.314921
vt 0.590909 0.393651
vt 0.363637 0.314921
vt 0.454546 0.314921
vt 0.409092 0.393651
vt 0.500000 0.393651
vt 0.454546 0.472382
vt 0.681818 0.393651
vt 0.636364 0.472382
vt 0.863636 0.393651
vt 0.818182 0.472382
vt 0.909091 0.314921
vt 0.136365 0.393651
vt 0.090910 0.472382
vt 0.318182 0.393651
vt 0.272728 0.472382
vt 0.954545 0.236191
vt 1.000000 0.157461
vt 0.409092 0.078731
vt 0.363637 0.000000
vt 0.592254 0.002057
vt 0.590197 0.750783
vt 0.585810 0.034803
vt 0.585847 0.034720
vt 0.515165 0.029122
vt 0.513357 0.034803
vt 0.409803 0.034803
vt 0.530246 0.000000
vt 0.527292 0.003988
vt 0.521253 0.014374
vt 0.409803 0.215197
vt 0.516040 0.775761
vt 0.509129 0.722200
vt 0.509288 0.720175
vt 0.584674 0.723644
vt 0.563546 0.150141
vt 0.564769 0.149542
vt 0.569316 0.146368
vt 0.569032 0.107045
vt 0.564681 0.105656
vt 0.572877 0.109268
vt 0.573260 0.142591
vt 0.576454 0.138349
vt 0.576069 0.112239
vt 0.578480 0.115847
vt 0.578786 0.133798
vt 0.580176 0.129104
vt 0.580009 0.119963
vt 0.583574 0.039300
vt 0.559985 0.105160
vt 0.556916 0.075962
vt 0.555108 0.105587
vt 0.547949 0.083160
vt 0.573343 0.057024
vt 0.565478 0.067147
vt 0.550221 0.106939
vt 0.545487 0.109181
vt 0.538932 0.088455
vt 0.541072 0.112243
vt 0.537131 0.116018
vt 0.530296 0.091574
vt 0.533813 0.120364
vt 0.522484 0.092301
vt 0.559794 0.151987
vt 0.539797 0.152881
vt 0.507467 0.079733
vt 0.532654 0.147777
vt 0.530378 0.144054
vt 0.512525 0.036741
vt 0.508588 0.049163
vt 0.554593 0.153604
vt 0.549380 0.154315
vt 0.506399 0.060749
vt 0.505994 0.071093
vt 0.544377 0.154077
vt 0.510803 0.086301
vt 0.535835 0.150757
vt 0.515883 0.090537
vt 0.529557 0.130059
vt 0.528820 0.135005
vt 0.529089 0.139736
vt 0.531251 0.125109
vt 0.840197 0.715197
vt 0.505612 0.708591
vt 0.504294 0.676588
vt 0.538077 0.598807
vt 0.533936 0.601176
vt 0.560294 0.599977
vt 0.558977 0.599330
vt 0.553541 0.597692
vt 0.503236 0.696390
vt 0.502774 0.685576
vt 0.548093 0.597042
vt 0.542864 0.597415
vt 0.507771 0.669789
vt 0.513079 0.665443
vt 0.527370 0.623424
vt 0.530611 0.604436
vt 0.528233 0.608462
vt 0.526884 0.613097
vt 0.526601 0.618153
vt 0.519983 0.663703
vt 0.529136 0.628696
vt 0.528157 0.664605
vt 0.535275 0.638399
vt 0.531811 0.633755
vt 0.537198 0.668069
vt 0.539390 0.642446
vt 0.540242 0.669948
vt 0.548947 0.648169
vt 0.546645 0.673913
vt 0.544002 0.645742
vt 0.556039 0.681855
vt 0.559152 0.650116
vt 0.565003 0.691580
vt 0.564062 0.649584
vt 0.554055 0.649642
vt 0.573230 0.702731
vt 0.564177 0.601885
vt 0.568614 0.648074
vt 0.572638 0.645646
vt 0.568931 0.605252
vt 0.573055 0.609304
vt 0.575980 0.642395
vt 0.578505 0.638442
vt 0.576395 0.613885
vt 0.578833 0.618825
vt 0.580107 0.633935
vt 0.562500 0.879327
vt 0.187500 0.623239
vt 0.179801 0.623186
vt 0.062500 0.623023
vt 0.732389 0.997815
vt 0.750000 0.999488
vt 0.750000 0.500000
vt 0.745087 0.500000
vt 0.742435 0.540301
vt 0.698332 0.874704
vt 0.709814 0.853628
vt 0.677955 0.591802
vt 0.656250 0.568664
vt 0.659327 0.546060
vt 0.678787 0.960299
vt 0.630336 0.614634
vt 0.625000 0.911412
vt 0.655688 0.567428
vt 0.646965 0.585014
vt 0.989275 0.242639
vt 1.000000 0.909984
vt 0.918933 0.797074
vt 0.889437 0.761685
vt 0.890077 0.758775
vt 0.868591 0.659323
vt 0.843750 0.753381
vt 0.781250 0.793665
vt 0.762027 0.566774
vt 0.750000 0.565799
vt 0.750000 0.596257
vt 0.780933 0.599369
vt 0.780220 0.608653
vt 0.737279 0.727592
vt 0.728829 0.563984
vt 0.745087 0.596257
vt 0.742435 0.621041
vt 0.709814 0.813728
vt 0.698332 0.826689
vt 0.656250 0.651303
vt 0.656250 0.638483
vt 0.659327 0.624583
vt 0.684524 0.582221
vt 0.632124 0.605612
vt 0.630339 0.666756
vt 0.637724 0.665922
vt 0.281250 0.603174
vt 0.192260 0.901731
vt 0.208184 0.893127
vt 0.214672 0.636153
vt 0.157152 0.797369
vt 0.162116 0.857562
vt 0.165551 0.851189
vt 0.140496 0.752070
vt 0.125000 0.779221
vt 0.125000 0.685616
vt 0.125000 0.905518
vt 0.113571 0.682869
vt 0.031250 0.755203
vt 0.031250 0.909313
vt 0.031250 0.756212
vt 0.007026 0.834606
vt 0.457846 0.370000
vt 0.250000 0.490000
vt 0.042154 0.370000
vt -0.000000 1.000000
vt 0.750000 0.490000
vt 0.957846 0.130000
vt 0.750000 0.010000
s 0
f 1566/1691/1561 1562/1692/1561 1565/1693/1561
f 1561/1694/1561 1566/1691/1561 1565/1693/1561
f 1570/1692/1562 1572/1691/1562 1569/1693/1562
f 1568/1694/1562 1572/1691/1562 1567/1695/1562
f 1564/1696/1563 1570/1692/1563 1562/1692/1563
f 1563/1695/1564 1568/1694/1564 1567/1695/1564
f 1566/1691/1565 1571/1696/1565 1564/1696/1565
f 1563/1695/1566 1572/1691/1566 1566/1691/1566
f 1565/1693/1567 1570/1692/1567 1569/1693/1567
f 1561/1694/1567 1569/1693/1567 1568/1694/1567
s 1
f 1573/1697/1568 1574/1698/1569 1575/1699/1570
f 1665/1700/1571 1576/1701/1572 1664/1702/1573
f 1578/1703/1574 1579/1704/1575 1580/1705/1576
f 1581/1706/1577 1582/1707/1578 1583/1708/1579
f 1584/1709/1580 1585/1710/1581 1586/1711/1582
f 1587/1712/1583 1671/1713/1584 1673/1714/1585
f 1591/1715/1586 1592/1716/1587 1593/1717/1588
f 1594/1718/1589 1595/1719/1590 1596/1720/1591
f 1578/1703/1574 1575/1699/1570 1579/1704/1575
f 1577/1721/1592 1667/1722/1593 1666/1723/1594
f 1680/1724/1593 1668/1725/1593 1574/1726/1569
f 1576/1701/1572 1583/1708/1579 1577/1721/1592
f 1580/1727/1576 1583/1708/1579 1582/1707/1578
f 1591/1715/1586 1580/1705/1576 1592/1716/1587
f 1594/1718/1589 1582/1707/1578 1581/1706/1577
f 1595/1719/1590 1592/1716/1587 1596/1720/1591
f 1591/1715/1586 1585/1710/1581 1584/1709/1580
f 1587/1712/1583 1595/1719/1590 1594/1718/1589
f 1586/1711/1582 1684/1728/1595 1690/1729/1595
f 1590/1730/1596 1688/1731/1597 1689/1732/1595
f 1573/1697/1568 1586/1711/1582 1574/1698/1569
f 1576/1733/1572 1663/1734/1598 1691/1735/1599
f 1578/1703/1574 1584/1709/1580 1573/1697/1568
f 1577/1721/1592 1583/1708/1579 1612/1736/1600
f 1693/1737/1601 1669/1737/1562 1670/1738/1602
f 1574/1739/1569 1683/1740/1603 1678/1741/1604
f 1581/1742/1577 1587/1712/1583 1594/1718/1589
f 1582/1707/1578 1592/1716/1587 1580/1727/1576
f 1712/1743/1605 1711/1744/1606 1590/1730/1596
f 1645/1745/1607 1647/1746/1608 1595/1719/1590
s 0
f 1615/1747/1609 1661/1748/1609 1627/1749/1609
f 1616/1750/1610 1648/1751/1610 1615/1747/1610
f 1618/1752/1611 1650/1753/1611 1616/1750/1611
f 1613/1754/1612 1646/1755/1612 1618/1752/1612
f 1610/1756/1613 1660/1757/1613 1613/1754/1613
f 1606/1758/1614 1639/1759/1614 1610/1756/1614
f 1608/1760/1615 1641/1761/1615 1606/1758/1615
f 1604/1762/1616 1637/1763/1616 1608/1760/1616
f 1602/1764/1617 1643/1765/1617 1604/1762/1617
f 1600/1766/1618 1633/1767/1618 1602/1764/1618
f 1598/1768/1619 1635/1769/1619 1600/1766/1619
f 1597/1770/1620 1631/1771/1620 1598/1768/1620
f 1599/1772/1621 1630/1773/1621 1597/1770/1621
f 1603/1774/1622 1632/1775/1622 1599/1772/1622
f 1634/1776/1623 1603/1774/1623 1601/1777/1623
f 1644/1778/1624 1601/1777/1624 1611/1779/1624
f 1638/1780/1625 1611/1779/1625 1605/1781/1625
f 1605/1781/1626 1642/1782/1626 1638/1780/1626
f 1609/1783/1627 1640/1784/1627 1642/1782/1627
f 1607/1785/1628 1645/1786/1628 1640/1784/1628
f 1612/1787/1629 1647/1788/1629 1645/1786/1629
f 1614/1789/1630 1651/1790/1630 1647/1788/1630
f 1619/1791/1631 1649/1792/1631 1651/1790/1631
f 1617/1793/1632 1662/1794/1632 1649/1792/1632
f 1629/1795/1633 1653/1796/1633 1662/1794/1633
f 1621/1797/1634 1659/1798/1634 1653/1796/1634
f 1626/1799/1635 1657/1800/1635 1656/1801/1635
f 1626/1799/1636 1654/1802/1636 1657/1800/1636
f 1622/1803/1637 1655/1804/1637 1654/1802/1637
f 1623/1805/1638 1658/1806/1638 1655/1804/1638
f 1658/1806/1639 1620/1807/1639 1652/1808/1639
f 1652/1808/1640 1627/1809/1640 1661/1810/1640
f 1667/1811/1641 1675/1812/1641 1748/1813/1641
f 1667/1811/1567 1749/1814/1567 1753/1815/1567
f 1666/1816/1642 1755/1817/1642 1756/1818/1642
f 1761/1819/1643 1760/1820/1643 1665/1821/1643
f 1588/1822/1562 1693/1823/1562 1743/1822/1562
f 1786/1824/1562 1589/1824/1562 1747/1825/1562
f 1705/1826/1644 1726/1827/1644 1724/1828/1644
f 1705/1826/1645 1728/1829/1645 1700/1830/1645
f 1700/1830/1642 1728/1829/1642 1727/1831/1642
f 1697/1832/1642 1730/1833/1642 1729/1834/1642
f 1696/1835/1567 1734/1836/1567 1733/1837/1567
f 1698/1838/1646 1741/1839/1646 1738/1840/1646
f 1694/1841/1642 1740/1842/1642 1739/1843/1642
f 1744/1844/1647 1720/1845/1647 1747/1846/1647
f 1695/1847/1648 1743/1848/1648 1693/1849/1648
f 1692/1850/1649 1675/1851/1649 1674/1852/1649
f 1689/1853/1642 1753/1854/1642 1749/1855/1642
f 1688/1856/1642 1756/1857/1642 1755/1858/1642
f 1758/1859/1650 1756/1857/1650 1688/1856/1650
f 1763/1860/1643 1762/1861/1643 1673/1862/1643
f 1683/1863/1651 1679/1864/1651 1678/1865/1651
f 1679/1864/1652 1690/1866/1652 1681/1867/1652
f 1765/1868/1653 1768/1869/1653 1764/1870/1653
f 1699/1871/1642 1768/1869/1642 1767/1872/1642
f 1701/1873/1642 1771/1874/1642 1770/1875/1642
f 1776/1876/1562 1782/1877/1562 1702/1878/1562
f 1782/1877/1654 1779/1879/1654 1781/1880/1654
f 1707/1881/1642 1781/1880/1642 1780/1882/1642
f 1706/1883/1642 1725/1884/1642 1726/1885/1642
f 1788/1696/1655 1789/1886/1655 1787/1887/1655
f 1790/1888/1656 1791/1889/1656 1789/1886/1656
f 1792/1890/1657 1793/1891/1657 1791/1889/1657
f 1794/1892/1658 1795/1893/1658 1793/1891/1658
f 1796/1894/1642 1794/1895/1642 1792/1896/1642
f 1796/1897/1659 1797/1898/1659 1795/1893/1659
f 1798/1899/1660 1787/1900/1660 1797/1898/1660
f 1795/1901/1567 1797/1902/1567 1789/1903/1567
s 1
f 1799/1904/1661 1812/1905/1662 1811/1906/1663
f 1800/1907/1664 1812/1908/1662 1814/1909/1665
f 1799/1910/1661 1811/1911/1663 1816/1912/1666
f 1799/1913/1661 1816/1914/1666 1818/1915/1667
f 1799/1916/1661 1818/1917/1667 1815/1918/1668
f 1800/1907/1664 1814/1909/1665 1821/1919/1669
f 1801/1920/1670 1813/1921/1671 1823/1922/1642
f 1802/1923/1672 1817/1924/1673 1825/1925/1674
f 1803/1926/1675 1819/1927/1676 1827/1928/1677
f 1804/1929/1678 1820/1930/1679 1829/1931/1680
f 1800/1907/1664 1821/1919/1669 1824/1932/1681
f 1801/1920/1670 1823/1922/1642 1826/1933/1682
f 1802/1923/1672 1825/1925/1674 1828/1934/1683
f 1803/1926/1675 1827/1928/1677 1830/1935/1567
f 1804/1929/1678 1829/1931/1680 1822/1936/1684
f 1805/1937/1685 1831/1938/1686 1836/1939/1687
f 1806/1940/1688 1832/1941/1689 1838/1942/1690
f 1807/1943/1691 1833/1944/1692 1839/1945/1693
f 1808/1946/1694 1834/1947/1695 1840/1948/1696
f 1809/1949/1697 1835/1950/1698 1837/1951/1699
f 1837/1951/1699 1840/1952/1696 1810/1953/1700
f 1837/1951/1699 1835/1950/1698 1840/1952/1696
f 1835/1950/1698 1808/1946/1694 1840/1952/1696
f 1840/1948/1696 1839/1954/1693 1810/1955/1700
f 1840/1948/1696 1834/1947/1695 1839/1954/1693
f 1834/1947/1695 1807/1943/1691 1839/1954/1693
f 1839/1945/1693 1838/1956/1690 1810/1957/1700
f 1839/1945/1693 1833/1944/1692 1838/1956/1690
f 1833/1944/1692 1806/1958/1688 1838/1956/1690
f 1838/1942/1690 1836/1959/1687 1810/1960/1700
f 1838/1942/1690 1832/1941/1689 1836/1959/1687
f 1832/1941/1689 1805/1937/1685 1836/1959/1687
f 1836/1939/1687 1837/1961/1699 1810/1962/1700
f 1836/1939/1687 1831/1938/1686 1837/1961/1699
f 1831/1938/1686 1809/1949/1697 1837/1961/1699
f 1822/1936/1684 1835/1950/1698 1809/1949/1697
f 1822/1936/1684 1829/1931/1680 1835/1950/1698
f 1829/1931/1680 1808/1946/1694 1835/1950/1698
f 1830/1935/1567 1834/1947/1695 1808/1946/1694
f 1830/1935/1567 1827/1928/1677 1834/1947/1695
f 1827/1928/1677 1807/1943/1691 1834/1947/1695
f 1828/1934/1683 1833/1944/1692 1807/1943/1691
f 1828/1934/1683 1825/1925/1674 1833/1944/1692
f 1825/1925/1674 1806/1958/1688 1833/1944/1692
f 1826/1933/1682 1832/1941/1689 1806/1940/1688
f 1826/1933/1682 1823/1922/1642 1832/1941/1689
f 1823/1922/1642 1805/1937/1685 1832/1941/1689
f 1824/1932/1681 1831/1938/1686 1805/1937/1685
f 1824/1932/1681 1821/1919/1669 1831/1938/1686
f 1821/1919/1669 1809/1949/1697 1831/1938/1686
f 1829/1931/1680 1830/1935/1567 1808/1946/1694
f 1829/1931/1680 1820/1930/1679 1830/1935/1567
f 1820/1930/1679 1803/1926/1675 1830/1935/1567
f 1827/1928/1677 1828/1934/1683 1807/1943/1691
f 1827/1928/1677 1819/1927/1676 1828/1934/1683
f 1819/1927/1676 1802/1923/1672 1828/1934/1683
f 1825/1925/1674 1826/1963/1682 1806/1958/1688
f 1825/1925/1674 1817/1924/1673 1826/1963/1682
f 1817/1924/1673 1801/1964/1670 1826/1963/1682
f 1823/1922/1642 1824/1932/1681 1805/1937/1685
f 1823/1922/1642 1813/1921/1671 1824/1932/1681
f 1813/1921/1671 1800/1907/1664 1824/1932/1681
f 1821/1919/1669 1822/1936/1684 1809/1949/1697
f 1821/1919/1669 1814/1909/1665 1822/1936/1684
f 1814/1909/1665 1804/1929/1678 1822/1936/1684
f 1815/1918/1668 1820/1930/1679 1804/1929/1678
f 1815/1918/1668 1818/1917/1667 1820/1930/1679
f 1818/1917/1667 1803/1926/1675 1820/1930/1679
f 1818/1915/1667 1819/1927/1676 1803/1926/1675
f 1818/1915/1667 1816/1914/1666 1819/1927/1676
f 1816/1914/1666 1802/1923/1672 1819/1927/1676
f 1816/1912/1666 1817/1924/1673 1802/1923/1672
f 1816/1912/1666 1811/1911/1663 1817/1924/1673
f 1811/1911/1663 1801/1964/1670 1817/1924/1673
f 1814/1909/1665 1815/1965/1668 1804/1929/1678
f 1814/1909/1665 1812/1908/1662 1815/1965/1668
f 1812/1908/1662 1799/1966/1661 1815/1965/1668
f 1811/1906/1663 1813/1921/1671 1801/1920/1670
f 1811/1906/1663 1812/1905/1662 1813/1921/1671
f 1812/1905/1662 1800/1907/1664 1813/1921/1671
f 1841/1904/1661 1854/1905/1662 1853/1906/1663
f 1842/1907/1664 1854/1908/1662 1856/1909/1665
f 1841/1910/1661 1853/1911/1663 1858/1912/1666
f 1841/1913/1661 1858/1914/1666 1860/1915/1667
f 1841/1916/1661 1860/1917/1667 1857/1918/1668
f 1842/1907/1664 1856/1909/1665 1863/1919/1669
f 1843/1920/1670 1855/1921/1671 1865/1922/1642
f 1844/1923/1672 1859/1924/1673 1867/1925/1674
f 1845/1926/1675 1861/1927/1676 1869/1928/1677
f 1846/1929/1678 1862/1930/1679 1871/1931/1680
f 1842/1907/1664 1863/1919/1669 1866/1932/1681
f 1843/1920/1670 1865/1922/1642 1868/1933/1682
f 1844/1923/1672 1867/1925/1674 1870/1934/1683
f 1845/1926/1675 1869/1928/1677 1872/1935/1567
f 1846/1929/1678 1871/1931/1680 1864/1936/1701
f 1847/1937/1685 1873/1938/1686 1878/1939/1687
f 1848/1940/1688 1874/1941/1689 1880/1942/1690
f 1849/1943/1691 1875/1944/1692 1881/1945/1693
f 1850/1946/1694 1876/1947/1695 1882/1948/1696
f 1851/1949/1697 1877/1950/1698 1879/1951/1699
f 1879/1951/1699 1882/1952/1696 1852/1953/1700
f 1879/1951/1699 1877/1950/1698 1882/1952/1696
f 1877/1950/1698 1850/1946/1694 1882/1952/1696
f 1882/1948/1696 1881/1954/1693 1852/1955/1700
f 1882/1948/1696 1876/1947/1695 1881/1954/1693
f 1876/1947/1695 1849/1943/1691 1881/1954/1693
f 1881/1945/1693 1880/1956/1690 1852/1957/1700
f 1881/1945/1693 1875/1944/1692 1880/1956/1690
f 1875/1944/1692 1848/1958/1688 1880/1956/1690
f 1880/1942/1690 1878/1959/1687 1852/1960/1700
f 1880/1942/1690 1874/1941/1689 1878/1959/1687
f 1874/1941/1689 1847/1937/1685 1878/1959/1687
f 1878/1939/1687 1879/1961/1699 1852/1962/1700
f 1878/1939/1687 1873/1938/1686 1879/1961/1699
f 1873/1938/1686 1851/1949/1697 1879/1961/1699
f 1864/1936/1701 1877/1950/1698 1851/1949/1697
f 1864/1936/1701 1871/1931/1680 1877/1950/1698
f 1871/1931/1680 1850/1946/1694 1877/1950/1698
f 1872/1935/1567 1876/1947/1695 1850/1946/1694
f 1872/1935/1567 1869/1928/1677 1876/1947/1695
f 1869/1928/1677 1849/1943/1691 1876/1947/1695
f 1870/1934/1683 1875/1944/1692 1849/1943/1691
f 1870/1934/1683 1867/1925/1674 1875/1944/1692
f 1867/1925/1674 1848/1958/1688 1875/1944/1692
f 1868/1933/1682 1874/1941/1689 1848/1940/1688
f 1868/1933/1682 1865/1922/1642 1874/1941/1689
f 1865/1922/1642 1847/1937/1685 1874/1941/1689
f 1866/1932/1681 1873/1938/1686 1847/1937/1685
f 1866/1932/1681 1863/1919/1669 1873/1938/1686
f 1863/1919/1669 1851/1949/1697 1873/1938/1686
f 1871/1931/1680 1872/1935/1567 1850/1946/1694
f 1871/1931/1680 1862/1930/1679 1872/1935/1567
f 1862/1930/1679 1845/1926/1675 1872/1935/1567
f 1869/1928/1677 1870/1934/1683 1849/1943/1691
f 1869/1928/1677 1861/1927/1676 1870/1934/1683
f 1861/1927/1676 1844/1923/1672 1870/1934/1683
f 1867/1925/1674 1868/1963/1682 1848/1958/1688
f 1867/1925/1674 1859/1924/1673 1868/1963/1682
f 1859/1924/1673 1843/1964/1670 1868/1963/1682
f 1865/1922/1642 1866/1932/1681 1847/1937/1685
f 1865/1922/1642 1855/1921/1671 1866/1932/1681
f 1855/1921/1671 1842/1907/1664 1866/1932/1681
f 1863/1919/1669 1864/1936/1701 1851/1949/1697
f 1863/1919/1669 1856/1909/1665 1864/1936/1701
f 1856/1909/1665 1846/1929/1678 1864/1936/1701
f 1857/1918/1668 1862/1930/1679 1846/1929/1678
f 1857/1918/1668 1860/1917/1667 1862/1930/1679
f 1860/1917/1667 1845/1926/1675 1862/1930/1679
f 1860/1915/1667 1861/1927/1676 1845/1926/1675
f 1860/1915/1667 1858/1914/1666 1861/1927/1676
f 1858/1914/1666 1844/1923/1672 1861/1927/1676
f 1858/1912/1666 1859/1924/1673 1844/1923/1672
f 1858/1912/1666 1853/1911/1663 1859/1924/1673
f 1853/1911/1663 1843/1964/1670 1859/1924/1673
f 1856/1909/1665 1857/1965/1668 1846/1929/1678
f 1856/1909/1665 1854/1908/1662 1857/1965/1668
f 1854/1908/1662 1841/1966/1661 1857/1965/1668
f 1853/1906/1663 1855/1921/1671 1843/1920/1670
f 1853/1906/1663 1854/1905/1662 1855/1921/1671
f 1854/1905/1662 1842/1907/1664 1855/1921/1671
f 1883/1904/1661 1896/1905/1662 1895/1906/1663
f 1884/1907/1664 1896/1908/1662 1898/1909/1665
f 1883/1910/1661 1895/1911/1663 1900/1912/1666
f 1883/1913/1661 1900/1914/1666 1902/1915/1667
f 1883/1916/1661 1902/1917/1667 1899/1918/1668
f 1884/1907/1664 1898/1909/1665 1905/1919/1669
f 1885/1920/1670 1897/1921/1671 1907/1922/1642
f 1886/1923/1672 1901/1924/1673 1909/1925/1674
f 1887/1926/1675 1903/1927/1676 1911/1928/1677
f 1888/1929/1678 1904/1930/1679 1913/1931/1680
f 1884/1907/1664 1905/1919/1669 1908/1932/1681
f 1885/1920/1670 1907/1922/1642 1910/1933/1682
f 1886/1923/1672 1909/1925/1674 1912/1934/1683
f 1887/1926/1675 1911/1928/1677 1914/1935/1567
f 1888/1929/1678 1913/1931/1680 1906/1936/1701
f 1889/1937/1685 1915/1938/1686 1920/1939/1687
f 1890/1940/1688 1916/1941/1689 1922/1942/1690
f 1891/1943/1691 1917/1944/1692 1923/1945/1693
f 1892/1946/1694 1918/1947/1695 1924/1948/1696
f 1893/1949/1697 1919/1950/1698 1921/1951/1699
f 1921/1951/1699 1924/1952/1696 1894/1953/1700
f 1921/1951/1699 1919/1950/1698 1924/1952/1696
f 1919/1950/1698 1892/1946/1694 1924/1952/1696
f 1924/1948/1696 1923/1954/1693 1894/1955/1700
f 1924/1948/1696 1918/1947/1695 1923/1954/1693
f 1918/1947/1695 1891/1943/1691 1923/1954/1693
f 1923/1945/1693 1922/1956/1690 1894/1957/1700
f 1923/1945/1693 1917/1944/1692 1922/1956/1690
f 1917/1944/1692 1890/1958/1688 1922/1956/1690
f 1922/1942/1690 1920/1959/1687 1894/1960/1700
f 1922/1942/1690 1916/1941/1689 1920/1959/1687
f 1916/1941/1689 1889/1937/1685 1920/1959/1687
f 1920/1939/1687 1921/1961/1699 1894/1962/1700
f 1920/1939/1687 1915/1938/1686 1921/1961/1699
f 1915/1938/1686 1893/1949/1697 1921/1961/1699
f 1906/1936/1701 1919/1950/1698 1893/1949/1697
f 1906/1936/1701 1913/1931/1680 1919/1950/1698
f 1913/1931/1680 1892/1946/1694 1919/1950/1698
f 1914/1935/1567 1918/1947/1695 1892/1946/1694
f 1914/1935/1567 1911/1928/1677 1918/1947/1695
f 1911/1928/1677 1891/1943/1691 1918/1947/1695
f 1912/1934/1683 1917/1944/1692 1891/1943/1691
f 1912/1934/1683 1909/1925/1674 1917/1944/1692
f 1909/1925/1674 1890/1958/1688 1917/1944/1692
f 1910/1933/1682 1916/1941/1689 1890/1940/1688
f 1910/1933/1682 1907/1922/1642 1916/1941/1689
f 1907/1922/1642 1889/1937/1685 1916/1941/1689
f 1908/1932/1681 1915/1938/1686 1889/1937/1685
f 1908/1932/1681 1905/1919/1669 1915/1938/1686
f 1905/1919/1669 1893/1949/1697 1915/1938/1686
f 1913/1931/1680 1914/1935/1567 1892/1946/1694
f 1913/1931/1680 1904/1930/1679 1914/1935/1567
f 1904/1930/1679 1887/1926/1675 1914/1935/1567
f 1911/1928/1677 1912/1934/1683 1891/1943/1691
f 1911/1928/1677 1903/1927/1676 1912/1934/1683
f 1903/1927/1676 1886/1923/1672 1912/1934/1683
f 1909/1925/1674 1910/1963/1682 1890/1958/1688
f 1909/1925/1674 1901/1924/1673 1910/1963/1682
f 1901/1924/1673 1885/1964/1670 1910/1963/1682
f 1907/1922/1642 1908/1932/1681 1889/1937/1685
f 1907/1922/1642 1897/1921/1671 1908/1932/1681
f 1897/1921/1671 1884/1907/1664 1908/1932/1681
f 1905/1919/1669 1906/1936/1701 1893/1949/1697
f 1905/1919/1669 1898/1909/1665 1906/1936/1701
f 1898/1909/1665 1888/1929/1678 1906/1936/1701
f 1899/1918/1668 1904/1930/1679 1888/1929/1678
f 1899/1918/1668 1902/1917/1667 1904/1930/1679
f 1902/1917/1667 1887/1926/1675 1904/1930/1679
f 1902/1915/1667 1903/1927/1676 1887/1926/1675
f 1902/1915/1667 1900/1914/1666 1903/1927/1676
f 1900/1914/1666 1886/1923/1672 1903/1927/1676
f 1900/1912/1666 1901/1924/1673 1886/1923/1672
f 1900/1912/1666 1895/1911/1663 1901/1924/1673
f 1895/1911/1663 1885/1964/1670 1901/1924/1673
f 1898/1909/1665 1899/1965/1668 1888/1929/1678
f 1898/1909/1665 1896/1908/1662 1899/1965/1668
f 1896/1908/1662 1883/1966/1661 1899/1965/1668
f 1895/1906/1663 1897/1921/1671 1885/1920/1670
f 1895/1906/1663 1896/1905/1662 1897/1921/1671
f 1896/1905/1662 1884/1907/1664 1897/1921/1671
f 1925/1904/1661 1938/1905/1662 1937/1906/1663
f 1926/1907/1664 1938/1908/1662 1940/1909/1665
f 1925/1910/1661 1937/1911/1663 1942/1912/1666
f 1925/1913/1661 1942/1914/1666 1944/1915/1667
f 1925/1916/1661 1944/1917/1667 1941/1918/1668
f 1926/1907/1664 1940/1909/1665 1947/1919/1669
f 1927/1920/1670 1939/1921/1671 1949/1922/1642
f 1928/1923/1672 1943/1924/1673 1951/1925/1674
f 1929/1926/1675 1945/1927/1676 1953/1928/1677
f 1930/1929/1678 1946/1930/1679 1955/1931/1680
f 1926/1907/1664 1947/1919/1669 1950/1932/1681
f 1927/1920/1670 1949/1922/1642 1952/1933/1682
f 1928/1923/1672 1951/1925/1674 1954/1934/1683
f 1929/1926/1675 1953/1928/1677 1956/1935/1567
f 1930/1929/1678 1955/1931/1680 1948/1936/1701
f 1931/1937/1685 1957/1938/1686 1962/1939/1687
f 1932/1940/1688 1958/1941/1689 1964/1942/1690
f 1933/1943/1691 1959/1944/1692 1965/1945/1693
f 1934/1946/1694 1960/1947/1695 1966/1948/1696
f 1935/1949/1697 1961/1950/1698 1963/1951/1699
f 1963/1951/1699 1966/1952/1696 1936/1953/1700
f 1963/1951/1699 1961/1950/1698 1966/1952/1696
f 1961/1950/1698 1934/1946/1694 1966/1952/1696
f 1966/1948/1696 1965/1954/1693 1936/1955/1700
f 1966/1948/1696 1960/1947/1695 1965/1954/1693
f 1960/1947/1695 1933/1943/1691 1965/1954/1693
f 1965/1945/1693 1964/1956/1690 1936/1957/1700
f 1965/1945/1693 1959/1944/1692 1964/1956/1690
f 1959/1944/1692 1932/1958/1688 1964/1956/1690
f 1964/1942/1690 1962/1959/1687 1936/1960/1700
f 1964/1942/1690 1958/1941/1689 1962/1959/1687
f 1958/1941/1689 1931/1937/1685 1962/1959/1687
f 1962/1939/1687 1963/1961/1699 1936/1962/1700
f 1962/1939/1687 1957/1938/1686 1963/1961/1699
f 1957/1938/1686 1935/1949/1697 1963/1961/1699
f 1948/1936/1701 1961/1950/1698 1935/1949/1697
f 1948/1936/1701 1955/1931/1680 1961/1950/1698
f 1955/1931/1680 1934/1946/1694 1961/1950/1698
f 1956/1935/1567 1960/1947/1695 1934/1946/1694
f 1956/1935/1567 1953/1928/1677 1960/1947/1695
f 1953/1928/1677 1933/1943/1691 1960/1947/1695
f 1954/1934/1683 1959/1944/1692 1933/1943/1691
f 1954/1934/1683 1951/1925/1674 1959/1944/1692
f 1951/1925/1674 1932/1958/1688 1959/1944/1692
f 1952/1933/1682 1958/1941/1689 1932/1940/1688
f 1952/1933/1682 1949/1922/1642 1958/1941/1689
f 1949/1922/1642 1931/1937/1685 1958/1941/1689
f 1950/1932/1681 1957/1938/1686 1931/1937/1685
f 1950/1932/1681 1947/1919/1669 1957/1938/1686
f 1947/1919/1669 1935/1949/1697 1957/1938/1686
f 1955/1931/1680 1956/1935/1567 1934/1946/1694
f 1955/1931/1680 1946/1930/1679 1956/1935/1567
f 1946/1930/1679 1929/1926/1675 1956/1935/1567
f 1953/1928/1677 1954/1934/1683 1933/1943/1691
f 1953/1928/1677 1945/1927/1676 1954/1934/1683
f 1945/1927/1676 1928/1923/1672 1954/1934/1683
f 1951/1925/1674 1952/1963/1682 1932/1958/1688
f 1951/1925/1674 1943/1924/1673 1952/1963/1682
f 1943/1924/1673 1927/1964/1670 1952/1963/1682
f 1949/1922/1642 1950/1932/1681 1931/1937/1685
f 1949/1922/1642 1939/1921/1671 1950/1932/1681
f 1939/1921/1671 1926/1907/1664 1950/1932/1681
f 1947/1919/1669 1948/1936/1701 1935/1949/1697
f 1947/1919/1669 1940/1909/1665 1948/1936/1701
f 1940/1909/1665 1930/1929/1678 1948/1936/1701
f 1941/1918/1668 1946/1930/1679 1930/1929/1678
f 1941/1918/1668 1944/1917/1667 1946/1930/1679
f 1944/1917/1667 1929/1926/1675 1946/1930/1679
f 1944/1915/1667 1945/1927/1676 1929/1926/1675
f 1944/1915/1667 1942/1914/1666 1945/1927/1676
f 1942/1914/1666 1928/1923/1672 1945/1927/1676
f 1942/1912/1666 1943/1924/1673 1928/1923/1672
f 1942/1912/1666 1937/1911/1663 1943/1924/1673
f 1937/1911/1663 1927/1964/1670 1943/1924/1673
f 1940/1909/1665 1941/1965/1668 1930/1929/1678
f 1940/1909/1665 1938/1908/1662 1941/1965/1668
f 1938/1908/1662 1925/1966/1661 1941/1965/1668
f 1937/1906/1663 1939/1921/1671 1927/1920/1670
f 1937/1906/1663 1938/1905/1662 1939/1921/1671
f 1938/1905/1662 1926/1907/1664 1939/1921/1671
f 1967/1904/1661 1980/1905/1662 1979/1906/1663
f 1968/1907/1664 1980/1908/1662 1982/1909/1665
f 1967/1910/1661 1979/1911/1663 1984/1912/1666
f 1967/1913/1661 1984/1914/1666 1986/1915/1667
f 1967/1916/1661 1986/1917/1667 1983/1918/1668
f 1968/1907/1664 1982/1909/1665 1989/1919/1669
f 1969/1920/1670 1981/1921/1671 1991/1922/1642
f 1970/1923/1672 1985/1924/1673 1993/1925/1674
f 1971/1926/1675 1987/1927/1676 1995/1928/1677
f 1972/1929/1678 1988/1930/1679 1997/1931/1680
f 1968/1907/1664 1989/1919/1669 1992/1932/1681
f 1969/1920/1670 1991/1922/1642 1994/1933/1682
f 1970/1923/1672 1993/1925/1674 1996/1934/1683
f 1971/1926/1675 1995/1928/1677 1998/1935/1567
f 1972/1929/1678 1997/1931/1680 1990/1936/1701
f 1973/1937/1685 1999/1938/1686 2004/1939/1687
f 1974/1940/1688 2000/1941/1689 2006/1942/1690
f 1975/1943/1691 2001/1944/1692 2007/1945/1693
f 1976/1946/1694 2002/1947/1695 2008/1948/1696
f 1977/1949/1697 2003/1950/1698 2005/1951/1699
f 2005/1951/1699 2008/1952/1696 1978/1953/1700
f 2005/1951/1699 2003/1950/1698 2008/1952/1696
f 2003/1950/1698 1976/1946/1694 2008/1952/1696
f 2008/1948/1696 2007/1954/1693 1978/1955/1700
f 2008/1948/1696 2002/1947/1695 2007/1954/1693
f 2002/1947/1695 1975/1943/1691 2007/1954/1693
f 2007/1945/1693 2006/1956/1690 1978/1957/1700
f 2007/1945/1693 2001/1944/1692 2006/1956/1690
f 2001/1944/1692 1974/1958/1688 2006/1956/1690
f 2006/1942/1690 2004/1959/1687 1978/1960/1700
f 2006/1942/1690 2000/1941/1689 2004/1959/1687
f 2000/1941/1689 1973/1937/1685 2004/1959/1687
f 2004/1939/1687 2005/1961/1699 1978/1962/1700
f 2004/1939/1687 1999/1938/1686 2005/1961/1699
f 1999/1938/1686 1977/1949/1697 2005/1961/1699
f 1990/1936/1701 2003/1950/1698 1977/1949/1697
f 1990/1936/1701 1997/1931/1680 2003/1950/1698
f 1997/1931/1680 1976/1946/1694 2003/1950/1698
f 1998/1935/1567 2002/1947/1695 1976/1946/1694
f 1998/1935/1567 1995/1928/1677 2002/1947/1695
f 1995/1928/1677 1975/1943/1691 2002/1947/1695
f 1996/1934/1683 2001/1944/1692 1975/1943/1691
f 1996/1934/1683 1993/1925/1674 2001/1944/1692
f 1993/1925/1674 1974/1958/1688 2001/1944/1692
f 1994/1933/1682 2000/1941/1689 1974/1940/1688
f 1994/1933/1682 1991/1922/1642 2000/1941/1689
f 1991/1922/1642 1973/1937/1685 2000/1941/1689
f 1992/1932/1681 1999/1938/1686 1973/1937/1685
f 1992/1932/1681 1989/1919/1669 1999/1938/1686
f 1989/1919/1669 1977/1949/1697 1999/1938/1686
f 1997/1931/1680 1998/1935/1567 1976/1946/1694
f 1997/1931/1680 1988/1930/1679 1998/1935/1567
f 1988/1930/1679 1971/1926/1675 1998/1935/1567
f 1995/1928/1677 1996/1934/1683 1975/1943/1691
f 1995/1928/1677 1987/1927/1676 1996/1934/1683
f 1987/1927/1676 1970/1923/1672 1996/1934/1683
f 1993/1925/1674 1994/1963/1682 1974/1958/1688
f 1993/1925/1674 1985/1924/1673 1994/1963/1682
f 1985/1924/1673 1969/1964/1670 1994/1963/1682
f 1991/1922/1642 1992/1932/1681 1973/1937/1685
f 1991/1922/1642 1981/1921/1671 1992/1932/1681
f 1981/1921/1671 1968/1907/1664 1992/1932/1681
f 1989/1919/1669 1990/1936/1701 1977/1949/1697
f 1989/1919/1669 1982/1909/1665 1990/1936/1701
f 1982/1909/1665 1972/1929/1678 1990/1936/1701
f 1983/1918/1668 1988/1930/1679 1972/1929/1678
f 1983/1918/1668 1986/1917/1667 1988/1930/1679
f 1986/1917/1667 1971/1926/1675 1988/1930/1679
f 1986/1915/1667 1987/1927/1676 1971/1926/1675
f 1986/1915/1667 1984/1914/1666 1987/1927/1676
f 1984/1914/1666 1970/1923/1672 1987/1927/1676
f 1984/1912/1666 1985/1924/1673 1970/1923/1672
f 1984/1912/1666 1979/1911/1663 1985/1924/1673
f 1979/1911/1663 1969/1964/1670 1985/1924/1673
f 1982/1909/1665 1983/1965/1668 1972/1929/1678
f 1982/1909/1665 1980/1908/1662 1983/1965/1668
f 1980/1908/1662 1967/1966/1661 1983/1965/1668
f 1979/1906/1663 1981/1921/1671 1969/1920/1670
f 1979/1906/1663 1980/1905/1662 1981/1921/1671
f 1980/1905/1662 1968/1907/1664 1981/1921/1671
f 2009/1904/1702 2022/1905/1703 2021/1906/1704
f 2010/1907/1705 2022/1908/1703 2024/1909/1706
f 2009/1910/1702 2021/1911/1704 2026/1912/1707
f 2009/1913/1702 2026/1914/1707 2028/1915/1708
f 2009/1916/1702 2028/1917/1708 2025/1918/1709
f 2010/1907/1705 2024/1909/1706 2031/1919/1710
f 2011/1920/1711 2023/1921/1712 2033/1922/1567
f 2012/1923/1713 2027/1924/1714 2035/1925/1715
f 2013/1926/1716 2029/1927/1717 2037/1928/1718
f 2014/1929/1719 2030/1930/1720 2039/1931/1721
f 2010/1907/1705 2031/1919/1710 2034/1932/1722
f 2011/1920/1711 2033/1922/1567 2036/1933/1723
f 2012/1923/1713 2035/1925/1715 2038/1934/1724
f 2013/1926/1716 2037/1928/1718 2040/1935/1642
f 2014/1929/1719 2039/1931/1721 2032/1936/1725
f 2015/1937/1726 2041/1938/1727 2046/1939/1728
f 2016/1940/1729 2042/1941/1730 2048/1942/1731
f 2017/1943/1732 2043/1944/1733 2049/1945/1734
f 2018/1946/1735 2044/1947/1736 2050/1948/1737
f 2019/1949/1738 2045/1950/1739 2047/1951/1740
f 2047/1951/1740 2050/1952/1737 2020/1953/1741
f 2047/1951/1740 2045/1950/1739 2050/1952/1737
f 2045/1950/1739 2018/1946/1735 2050/1952/1737
f 2050/1948/1737 2049/1954/1734 2020/1955/1741
f 2050/1948/1737 2044/1947/1736 2049/1954/1734
f 2044/1947/1736 2017/1943/1732 2049/1954/1734
f 2049/1945/1734 2048/1956/1731 2020/1957/1741
f 2049/1945/1734 2043/1944/1733 2048/1956/1731
f 2043/1944/1733 2016/1958/1729 2048/1956/1731
f 2048/1942/1731 2046/1959/1728 2020/1960/1741
f 2048/1942/1731 2042/1941/1730 2046/1959/1728
f 2042/1941/1730 2015/1937/1726 2046/1959/1728
f 2046/1939/1728 2047/1961/1740 2020/1962/1741
f 2046/1939/1728 2041/1938/1727 2047/1961/1740
f 2041/1938/1727 2019/1949/1738 2047/1961/1740
f 2032/1936/1725 2045/1950/1739 2019/1949/1738
f 2032/1936/1725 2039/1931/1721 2045/1950/1739
f 2039/1931/1721 2018/1946/1735 2045/1950/1739
f 2040/1935/1642 2044/1947/1736 2018/1946/1735
f 2040/1935/1642 2037/1928/1718 2044/1947/1736
f 2037/1928/1718 2017/1943/1732 2044/1947/1736
f 2038/1934/1724 2043/1944/1733 2017/1943/1732
f 2038/1934/1724 2035/1925/1715 2043/1944/1733
f 2035/1925/1715 2016/1958/1729 2043/1944/1733
f 2036/1933/1723 2042/1941/1730 2016/1940/1729
f 2036/1933/1723 2033/1922/1567 2042/1941/1730
f 2033/1922/1567 2015/1937/1726 2042/1941/1730
f 2034/1932/1722 2041/1938/1727 2015/1937/1726
f 2034/1932/1722 2031/1919/1710 2041/1938/1727
f 2031/1919/1710 2019/1949/1738 2041/1938/1727
f 2039/1931/1721 2040/1935/1642 2018/1946/1735
f 2039/1931/1721 2030/1930/1720 2040/1935/1642
f 2030/1930/1720 2013/1926/1716 2040/1935/1642
f 2037/1928/1718 2038/1934/1724 2017/1943/1732
f 2037/1928/1718 2029/1927/1717 2038/1934/1724
f 2029/1927/1717 2012/1923/1713 2038/1934/1724
f 2035/1925/1715 2036/1963/1723 2016/1958/1729
f 2035/1925/1715 2027/1924/1714 2036/1963/1723
f 2027/1924/1714 2011/1964/1711 2036/1963/1723
f 2033/1922/1567 2034/1932/1722 2015/1937/1726
f 2033/1922/1567 2023/1921/1712 2034/1932/1722
f 2023/1921/1712 2010/1907/1705 2034/1932/1722
f 2031/1919/1710 2032/1936/1725 2019/1949/1738
f 2031/1919/1710 2024/1909/1706 2032/1936/1725
f 2024/1909/1706 2014/1929/1719 2032/1936/1725
f 2025/1918/1709 2030/1930/1720 2014/1929/1719
f 2025/1918/1709 2028/1917/1708 2030/1930/1720
f 2028/1917/1708 2013/1926/1716 2030/1930/1720
f 2028/1915/1708 2029/1927/1717 2013/1926/1716
f 2028/1915/1708 2026/1914/1707 2029/1927/1717
f 2026/1914/1707 2012/1923/1713 2029/1927/1717
f 2026/1912/1707 2027/1924/1714 2012/1923/1713
f 2026/1912/1707 2021/1911/1704 2027/1924/1714
f 2021/1911/1704 2011/1964/1711 2027/1924/1714
f 2024/1909/1706 2025/1965/1709 2014/1929/1719
f 2024/1909/1706 2022/1908/1703 2025/1965/1709
f 2022/1908/1703 2009/1966/1702 2025/1965/1709
f 2021/1906/1704 2023/1921/1712 2011/1920/1711
f 2021/1906/1704 2022/1905/1703 2023/1921/1712
f 2022/1905/1703 2010/1907/1705 2023/1921/1712
f 2051/1904/1702 2064/1905/1703 2063/1906/1704
f 2052/1907/1705 2064/1908/1703 2066/1909/1706
f 2051/1910/1702 2063/1911/1704 2068/1912/1707
f 2051/1913/1702 2068/1914/1707 2070/1915/1708
f 2051/1916/1702 2070/1917/1708 2067/1918/1709
f 2052/1907/1705 2066/1909/1706 2073/1919/1710
f 2053/1920/1711 2065/1921/1712 2075/1922/1567
f 2054/1923/1713 2069/1924/1714 2077/1925/1715
f 2055/1926/1716 2071/1927/1717 2079/1928/1718
f 2056/1929/1719 2072/1930/1720 2081/1931/1721
f 2052/1907/1705 2073/1919/1710 2076/1932/1722
f 2053/1920/1711 2075/1922/1567 2078/1933/1723
f 2054/1923/1713 2077/1925/1715 2080/1934/1724
f 2055/1926/1716 2079/1928/1718 2082/1935/1642
f 2056/1929/1719 2081/1931/1721 2074/1936/1742
f 2057/1937/1726 2083/1938/1727 2088/1939/1728
f 2058/1940/1729 2084/1941/1730 2090/1942/1731
f 2059/1943/1732 2085/1944/1733 2091/1945/1734
f 2060/1946/1735 2086/1947/1736 2092/1948/1737
f 2061/1949/1738 2087/1950/1739 2089/1951/1740
f 2089/1951/1740 2092/1952/1737 2062/1953/1741
f 2089/1951/1740 2087/1950/1739 2092/1952/1737
f 2087/1950/1739 2060/1946/1735 2092/1952/1737
f 2092/1948/1737 2091/1954/1734 2062/1955/1741
f 2092/1948/1737 2086/1947/1736 2091/1954/1734
f 2086/1947/1736 2059/1943/1732 2091/1954/1734
f 2091/1945/1734 2090/1956/1731 2062/1957/1741
f 2091/1945/1734 2085/1944/1733 2090/1956/1731
f 2085/1944/1733 2058/1958/1729 2090/1956/1731
f 2090/1942/1731 2088/1959/1728 2062/1960/1741
f 2090/1942/1731 2084/1941/1730 2088/1959/1728
f 2084/1941/1730 2057/1937/1726 2088/1959/1728
f 2088/1939/1728 2089/1961/1740 2062/1962/1741
f 2088/1939/1728 2083/1938/1727 2089/1961/1740
f 2083/1938/1727 2061/1949/1738 2089/1961/1740
f 2074/1936/1742 2087/1950/1739 2061/1949/1738
f 2074/1936/1742 2081/1931/1721 2087/1950/1739
f 2081/1931/1721 2060/1946/1735 2087/1950/1739
f 2082/1935/1642 2086/1947/1736 2060/1946/1735
f 2082/1935/1642 2079/1928/1718 2086/1947/1736
f 2079/1928/1718 2059/1943/1732 2086/1947/1736
f 2080/1934/1724 2085/1944/1733 2059/1943/1732
f 2080/1934/1724 2077/1925/1715 2085/1944/1733
f 2077/1925/1715 2058/1958/1729 2085/1944/1733
f 2078/1933/1723 2084/1941/1730 2058/1940/1729
f 2078/1933/1723 2075/1922/1567 2084/1941/1730
f 2075/1922/1567 2057/1937/1726 2084/1941/1730
f 2076/1932/1722 2083/1938/1727 2057/1937/1726
f 2076/1932/1722 2073/1919/1710 2083/1938/1727
f 2073/1919/1710 2061/1949/1738 2083/1938/1727
f 2081/1931/1721 2082/1935/1642 2060/1946/1735
f 2081/1931/1721 2072/1930/1720 2082/1935/1642
f 2072/1930/1720 2055/1926/1716 2082/1935/1642
f 2079/1928/1718 2080/1934/1724 2059/1943/1732
f 2079/1928/1718 2071/1927/1717 2080/1934/1724
f 2071/1927/1717 2054/1923/1713 2080/1934/1724
f 2077/1925/1715 2078/1963/1723 2058/1958/1729
f 2077/1925/1715 2069/1924/1714 2078/1963/1723
f 2069/1924/1714 2053/1964/1711 2078/1963/1723
f 2075/1922/1567 2076/1932/1722 2057/1937/1726
f 2075/1922/1567 2065/1921/1712 2076/1932/1722
f 2065/1921/1712 2052/1907/1705 2076/1932/1722
f 2073/1919/1710 2074/1936/1742 2061/1949/1738
f 2073/1919/1710 2066/1909/1706 2074/1936/1742
f 2066/1909/1706 2056/1929/1719 2074/1936/1742
f 2067/1918/1709 2072/1930/1720 2056/1929/1719
f 2067/1918/1709 2070/1917/1708 2072/1930/1720
f 2070/1917/1708 2055/1926/1716 2072/1930/1720
f 2070/1915/1708 2071/1927/1717 2055/1926/1716
f 2070/1915/1708 2068/1914/1707 2071/1927/1717
f 2068/1914/1707 2054/1923/1713 2071/1927/1717
f 2068/1912/1707 2069/1924/1714 2054/1923/1713
f 2068/1912/1707 2063/1911/1704 2069/1924/1714
f 2063/1911/1704 2053/1964/1711 2069/1924/1714
f 2066/1909/1706 2067/1965/1709 2056/1929/1719
f 2066/1909/1706 2064/1908/1703 2067/1965/1709
f 2064/1908/1703 2051/1966/1702 2067/1965/1709
f 2063/1906/1704 2065/1921/1712 2053/1920/1711
f 2063/1906/1704 2064/1905/1703 2065/1921/1712
f 2064/1905/1703 2052/1907/1705 2065/1921/1712
f 2093/1904/1702 2106/1905/1703 2105/1906/1704
f 2094/1907/1705 2106/1908/1703 2108/1909/1706
f 2093/1910/1702 2105/1911/1704 2110/1912/1707
f 2093/1913/1702 2110/1914/1707 2112/1915/1708
f 2093/1916/1702 2112/1917/1708 2109/1918/1709
f 2094/1907/1705 2108/1909/1706 2115/1919/1710
f 2095/1920/1711 2107/1921/1712 2117/1922/1567
f 2096/1923/1713 2111/1924/1714 2119/1925/1715
f 2097/1926/1716 2113/1927/1717 2121/1928/1718
f 2098/1929/1719 2114/1930/1720 2123/1931/1721
f 2094/1907/1705 2115/1919/1710 2118/1932/1722
f 2095/1920/1711 2117/1922/1567 2120/1933/1723
f 2096/1923/1713 2119/1925/1715 2122/1934/1724
f 2097/1926/1716 2121/1928/1718 2124/1935/1642
f 2098/1929/1719 2123/1931/1721 2116/1936/1742
f 2099/1937/1726 2125/1938/1727 2130/1939/1728
f 2100/1940/1729 2126/1941/1730 2132/1942/1731
f 2101/1943/1732 2127/1944/1733 2133/1945/1734
f 2102/1946/1735 2128/1947/1736 2134/1948/1737
f 2103/1949/1738 2129/1950/1739 2131/1951/1740
f 2131/1951/1740 2134/1952/1737 2104/1953/1741
f 2131/1951/1740 2129/1950/1739 2134/1952/1737
f 2129/1950/1739 2102/1946/1735 2134/1952/1737
f 2134/1948/1737 2133/1954/1734 2104/1955/1741
f 2134/1948/1737 2128/1947/1736 2133/1954/1734
f 2128/1947/1736 2101/1943/1732 2133/1954/1734
f 2133/1945/1734 2132/1956/1731 2104/1957/1741
f 2133/1945/1734 2127/1944/1733 2132/1956/1731
f 2127/1944/1733 2100/1958/1729 2132/1956/1731
f 2132/1942/1731 2130/1959/1728 2104/1960/1741
f 2132/1942/1731 2126/1941/1730 2130/1959/1728
f 2126/1941/1730 2099/1937/1726 2130/1959/1728
f 2130/1939/1728 2131/1961/1740 2104/1962/1741
f 2130/1939/1728 2125/1938/1727 2131/1961/1740
f 2125/1938/1727 2103/1949/1738 2131/1961/1740
f 2116/1936/1742 2129/1950/1739 2103/1949/1738
f 2116/1936/1742 2123/1931/1721 2129/1950/1739
f 2123/1931/1721 2102/1946/1735 2129/1950/1739
f 2124/1935/1642 2128/1947/1736 2102/1946/1735
f 2124/1935/1642 2121/1928/1718 2128/1947/1736
f 2121/1928/1718 2101/1943/1732 2128/1947/1736
f 2122/1934/1724 2127/1944/1733 2101/1943/1732
f 2122/1934/1724 2119/1925/1715 2127/1944/1733
f 2119/1925/1715 2100/1958/1729 2127/1944/1733
f 2120/1933/1723 2126/1941/1730 2100/1940/1729
f 2120/1933/1723 2117/1922/1567 2126/1941/1730
f 2117/1922/1567 2099/1937/1726 2126/1941/1730
f 2118/1932/1722 2125/1938/1727 2099/1937/1726
f 2118/1932/1722 2115/1919/1710 2125/1938/1727
f 2115/1919/1710 2103/1949/1738 2125/1938/1727
f 2123/1931/1721 2124/1935/1642 2102/1946/1735
f 2123/1931/1721 2114/1930/1720 2124/1935/1642
f 2114/1930/1720 2097/1926/1716 2124/1935/1642
f 2121/1928/1718 2122/1934/1724 2101/1943/1732
f 2121/1928/1718 2113/1927/1717 2122/1934/1724
f 2113/1927/1717 2096/1923/1713 2122/1934/1724
f 2119/1925/1715 2120/1963/1723 2100/1958/1729
f 2119/1925/1715 2111/1924/1714 2120/1963/1723
f 2111/1924/1714 2095/1964/1711 2120/1963/1723
f 2117/1922/1567 2118/1932/1722 2099/1937/1726
f 2117/1922/1567 2107/1921/1712 2118/1932/1722
f 2107/1921/1712 2094/1907/1705 2118/1932/1722
f 2115/1919/1710 2116/1936/1742 2103/1949/1738
f 2115/1919/1710 2108/1909/1706 2116/1936/1742
f 2108/1909/1706 2098/1929/1719 2116/1936/1742
f 2109/1918/1709 2114/1930/1720 2098/1929/1719
f 2109/1918/1709 2112/1917/1708 2114/1930/1720
f 2112/1917/1708 2097/1926/1716 2114/1930/1720
f 2112/1915/1708 2113/1927/1717 2097/1926/1716
f 2112/1915/1708 2110/1914/1707 2113/1927/1717
f 2110/1914/1707 2096/1923/1713 2113/1927/1717
f 2110/1912/1707 2111/1924/1714 2096/1923/1713
f 2110/1912/1707 2105/1911/1704 2111/1924/1714
f 2105/1911/1704 2095/1964/1711 2111/1924/1714
f 2108/1909/1706 2109/1965/1709 2098/1929/1719
f 2108/1909/1706 2106/1908/1703 2109/1965/1709
f 2106/1908/1703 2093/1966/1702 2109/1965/1709
f 2105/1906/1704 2107/1921/1712 2095/1920/1711
f 2105/1906/1704 2106/1905/1703 2107/1921/1712
f 2106/1905/1703 2094/1907/1705 2107/1921/1712
f 2135/1904/1702 2148/1905/1703 2147/1906/1704
f 2136/1907/1705 2148/1908/1703 2150/1909/1706
f 2135/1910/1702 2147/1911/1704 2152/1912/1707
f 2135/1913/1702 2152/1914/1707 2154/1915/1708
f 2135/1916/1702 2154/1917/1708 2151/1918/1709
f 2136/1907/1705 2150/1909/1706 2157/1919/1710
f 2137/1920/1711 2149/1921/1712 2159/1922/1567
f 2138/1923/1713 2153/1924/1714 2161/1925/1715
f 2139/1926/1716 2155/1927/1717 2163/1928/1718
f 2140/1929/1719 2156/1930/1720 2165/1931/1721
f 2136/1907/1705 2157/1919/1710 2160/1932/1722
f 2137/1920/1711 2159/1922/1567 2162/1933/1723
f 2138/1923/1713 2161/1925/1715 2164/1934/1724
f 2139/1926/1716 2163/1928/1718 2166/1935/1642
f 2140/1929/1719 2165/1931/1721 2158/1936/1742
f 2141/1937/1726 2167/1938/1727 2172/1939/1728
f 2142/1940/1729 2168/1941/1730 2174/1942/1731
f 2143/1943/1732 2169/1944/1733 2175/1945/1734
f 2144/1946/1735 2170/1947/1736 2176/1948/1737
f 2145/1949/1738 2171/1950/1739 2173/1951/1740
f 2173/1951/1740 2176/1952/1737 2146/1953/1741
f 2173/1951/1740 2171/1950/1739 2176/1952/1737
f 2171/1950/1739 2144/1946/1735 2176/1952/1737
f 2176/1948/1737 2175/1954/1734 2146/1955/1741
f 2176/1948/1737 2170/1947/1736 2175/1954/1734
f 2170/1947/1736 2143/1943/1732 2175/1954/1734
f 2175/1945/1734 2174/1956/1731 2146/1957/1741
f 2175/1945/1734 2169/1944/1733 2174/1956/1731
f 2169/1944/1733 2142/1958/1729 2174/1956/1731
f 2174/1942/1731 2172/1959/1728 2146/1960/1741
f 2174/1942/1731 2168/1941/1730 2172/1959/1728
f 2168/1941/1730 2141/1937/1726 2172/1959/1728
f 2172/1939/1728 2173/1961/1740 2146/1962/1741
f 2172/1939/1728 2167/1938/1727 2173/1961/1740
f 2167/1938/1727 2145/1949/1738 2173/1961/1740
f 2158/1936/1742 2171/1950/1739 2145/1949/1738
f 2158/1936/1742 2165/1931/1721 2171/1950/1739
f 2165/1931/1721 2144/1946/1735 2171/1950/1739
f 2166/1935/1642 2170/1947/1736 2144/1946/1735
f 2166/1935/1642 2163/1928/1718 2170/1947/1736
f 2163/1928/1718 2143/1943/1732 2170/1947/1736
f 2164/1934/1724 2169/1944/1733 2143/1943/1732
f 2164/1934/1724 2161/1925/1715 2169/1944/1733
f 2161/1925/1715 2142/1958/1729 2169/1944/1733
f 2162/1933/1723 2168/1941/1730 2142/1940/1729
f 2162/1933/1723 2159/1922/1567 2168/1941/1730
f 2159/1922/1567 2141/1937/1726 2168/1941/1730
f 2160/1932/1722 2167/1938/1727 2141/1937/1726
f 2160/1932/1722 2157/1919/1710 2167/1938/1727
f 2157/1919/1710 2145/1949/1738 2167/1938/1727
f 2165/1931/1721 2166/1935/1642 2144/1946/1735
f 2165/1931/1721 2156/1930/1720 2166/1935/1642
f 2156/1930/1720 2139/1926/1716 2166/1935/1642
f 2163/1928/1718 2164/1934/1724 2143/1943/1732
f 2163/1928/1718 2155/1927/1717 2164/1934/1724
f 2155/1927/1717 2138/1923/1713 2164/1934/1724
f 2161/1925/1715 2162/1963/1723 2142/1958/1729
f 2161/1925/1715 2153/1924/1714 2162/1963/1723
f 2153/1924/1714 2137/1964/1711 2162/1963/1723
f 2159/1922/1567 2160/1932/1722 2141/1937/1726
f 2159/1922/1567 2149/1921/1712 2160/1932/1722
f 2149/1921/1712 2136/1907/1705 2160/1932/1722
f 2157/1919/1710 2158/1936/1742 2145/1949/1738
f 2157/1919/1710 2150/1909/1706 2158/1936/1742
f 2150/1909/1706 2140/1929/1719 2158/1936/1742
f 2151/1918/1709 2156/1930/1720 2140/1929/1719
f 2151/1918/1709 2154/1917/1708 2156/1930/1720
f 2154/1917/1708 2139/1926/1716 2156/1930/1720
f 2154/1915/1708 2155/1927/1717 2139/1926/1716
f 2154/1915/1708 2152/1914/1707 2155/1927/1717
f 2152/1914/1707 2138/1923/1713 2155/1927/1717
f 2152/1912/1707 2153/1924/1714 2138/1923/1713
f 2152/1912/1707 2147/1911/1704 2153/1924/1714
f 2147/1911/1704 2137/1964/1711 2153/1924/1714
f 2150/1909/1706 2151/1965/1709 2140/1929/1719
f 2150/1909/1706 2148/1908/1703 2151/1965/1709
f 2148/1908/1703 2135/1966/1702 2151/1965/1709
f 2147/1906/1704 2149/1921/1712 2137/1920/1711
f 2147/1906/1704 2148/1905/1703 2149/1921/1712
f 2148/1905/1703 2136/1907/1705 2149/1921/1712
f 2177/1904/1702 2190/1905/1703 2189/1906/1704
f 2178/1907/1705 2190/1908/1703 2192/1909/1706
f 2177/1910/1702 2189/1911/1704 2194/1912/1707
f 2177/1913/1702 2194/1914/1707 2196/1915/1708
f 2177/1916/1702 2196/1917/1708 2193/1918/1709
f 2178/1907/1705 2192/1909/1706 2199/1919/1710
f 2179/1920/1711 2191/1921/1712 2201/1922/1567
f 2180/1923/1713 2195/1924/1714 2203/1925/1715
f 2181/1926/1716 2197/1927/1717 2205/1928/1718
f 2182/1929/1719 2198/1930/1720 2207/1931/1721
f 2178/1907/1705 2199/1919/1710 2202/1932/1722
f 2179/1920/1711 2201/1922/1567 2204/1933/1723
f 2180/1923/1713 2203/1925/1715 2206/1934/1724
f 2181/1926/1716 2205/1928/1718 2208/1935/1642
f 2182/1929/1719 2207/1931/1721 2200/1936/1742
f 2183/1937/1726 2209/1938/1727 2214/1939/1728
f 2184/1940/1729 2210/1941/1730 2216/1942/1731
f 2185/1943/1732 2211/1944/1733 2217/1945/1734
f 2186/1946/1735 2212/1947/1736 2218/1948/1737
f 2187/1949/1738 2213/1950/1739 2215/1951/1740
f 2215/1951/1740 2218/1952/1737 2188/1953/1741
f 2215/1951/1740 2213/1950/1739 2218/1952/1737
f 2213/1950/1739 2186/1946/1735 2218/1952/1737
f 2218/1948/1737 2217/1954/1734 2188/1955/1741
f 2218/1948/1737 2212/1947/1736 2217/1954/1734
f 2212/1947/1736 2185/1943/1732 2217/1954/1734
f 2217/1945/1734 2216/1956/1731 2188/1957/1741
f 2217/1945/1734 2211/1944/1733 2216/1956/1731
f 2211/1944/1733 2184/1958/1729 2216/1956/1731
f 2216/1942/1731 2214/1959/1728 2188/1960/1741
f 2216/1942/1731 2210/1941/1730 2214/1959/1728
f 2210/1941/1730 2183/1937/1726 2214/1959/1728
f 2214/1939/1728 2215/1961/1740 2188/1962/1741
f 2214/1939/1728 2209/1938/1727 2215/1961/1740
f 2209/1938/1727 2187/1949/1738 2215/1961/1740
f 2200/1936/1742 2213/1950/1739 2187/1949/1738
f 2200/1936/1742 2207/1931/1721 2213/1950/1739
f 2207/1931/1721 2186/1946/1735 2213/1950/1739
f 2208/1935/1642 2212/1947/1736 2186/1946/1735
f 2208/1935/1642 2205/1928/1718 2212/1947/1736
f 2205/1928/1718 2185/1943/1732 2212/1947/1736
f 2206/1934/1724 2211/1944/1733 2185/1943/1732
f 2206/1934/1724 2203/1925/1715 2211/1944/1733
f 2203/1925/1715 2184/1958/1729 2211/1944/1733
f 2204/1933/1723 2210/1941/1730 2184/1940/1729
f 2204/1933/1723 2201/1922/1567 2210/1941/1730
f 2201/1922/1567 2183/1937/1726 2210/1941/1730
f 2202/1932/1722 2209/1938/1727 2183/1937/1726
f 2202/1932/1722 2199/1919/1710 2209/1938/1727
f 2199/1919/1710 2187/1949/1738 2209/1938/1727
f 2207/1931/1721 2208/1935/1642 2186/1946/1735
f 2207/1931/1721 2198/1930/1720 2208/1935/1642
f 2198/1930/1720 2181/1926/1716 2208/1935/1642
f 2205/1928/1718 2206/1934/1724 2185/1943/1732
f 2205/1928/1718 2197/1927/1717 2206/1934/1724
f 2197/1927/1717 2180/1923/1713 2206/1934/1724
f 2203/1925/1715 2204/1963/1723 2184/1958/1729
f 2203/1925/1715 2195/1924/1714 2204/1963/1723
f 2195/1924/1714 2179/1964/1711 2204/1963/1723
f 2201/1922/1567 2202/1932/1722 2183/1937/1726
f 2201/1922/1567 2191/1921/1712 2202/1932/1722
f 2191/1921/1712 2178/1907/1705 2202/1932/1722
f 2199/1919/1710 2200/1936/1742 2187/1949/1738
f 2199/1919/1710 2192/1909/1706 2200/1936/1742
f 2192/1909/1706 2182/1929/1719 2200/1936/1742
f 2193/1918/1709 2198/1930/1720 2182/1929/1719
f 2193/1918/1709 2196/1917/1708 2198/1930/1720
f 2196/1917/1708 2181/1926/1716 2198/1930/1720
f 2196/1915/1708 2197/1927/1717 2181/1926/1716
f 2196/1915/1708 2194/1914/1707 2197/1927/1717
f 2194/1914/1707 2180/1923/1713 2197/1927/1717
f 2194/1912/1707 2195/1924/1714 2180/1923/1713
f 2194/1912/1707 2189/1911/1704 2195/1924/1714
f 2189/1911/1704 2179/1964/1711 2195/1924/1714
f 2192/1909/1706 2193/1965/1709 2182/1929/1719
f 2192/1909/1706 2190/1908/1703 2193/1965/1709
f 2190/1908/1703 2177/1966/1702 2193/1965/1709
f 2189/1906/1704 2191/1921/1712 2179/1920/1711
f 2189/1906/1704 2190/1905/1703 2191/1921/1712
f 2190/1905/1703 2178/1907/1705 2191/1921/1712
s 0
f 2219/1904/1743 2232/1905/1743 2231/1906/1743
f 2220/1907/1744 2232/1908/1744 2234/1909/1744
f 2219/1910/1745 2231/1911/1745 2236/1912/1745
f 2219/1913/1746 2236/1914/1746 2238/1915/1746
f 2219/1916/1747 2238/1917/1747 2235/1918/1747
f 2220/1907/1748 2234/1909/1748 2241/1919/1748
f 2221/1920/1749 2233/1921/1749 2243/1922/1749
f 2222/1923/1750 2237/1924/1750 2245/1925/1750
f 2223/1926/1751 2239/1927/1751 2247/1928/1751
f 2224/1929/1752 2240/1930/1752 2249/1931/1752
f 2220/1907/1753 2241/1919/1753 2244/1932/1753
f 2221/1920/1754 2243/1922/1754 2246/1933/1754
f 2222/1923/1755 2245/1925/1755 2248/1934/1755
f 2223/1926/1756 2247/1928/1756 2250/1935/1756
f 2224/1929/1757 2249/1931/1757 2242/1936/1757
f 2225/1937/1758 2251/1938/1758 2256/1939/1758
f 2226/1940/1759 2252/1941/1759 2258/1942/1759
f 2227/1943/1760 2253/1944/1760 2259/1945/1760
f 2228/1946/1761 2254/1947/1761 2260/1948/1761
f 2229/1949/1762 2255/1950/1762 2257/1951/1762
f 2257/1951/1763 2260/1952/1763 2230/1953/1763
f 2257/1951/1764 2255/1950/1764 2260/1952/1764
f 2255/1950/1765 2228/1946/1765 2260/1952/1765
f 2260/1948/1766 2259/1954/1766 2230/1955/1766
f 2260/1948/1767 2254/1947/1767 2259/1954/1767
f 2254/1947/1768 2227/1943/1768 2259/1954/1768
f 2259/1945/1769 2258/1956/1769 2230/1957/1769
f 2259/1945/1770 2253/1944/1770 2258/1956/1770
f 2253/1944/1771 2226/1958/1771 2258/1956/1771
f 2258/1942/1772 2256/1959/1772 2230/1960/1772
f 2258/1942/1773 2252/1941/1773 2256/1959/1773
f 2252/1941/1774 2225/1937/1774 2256/1959/1774
f 2256/1939/1775 2257/1961/1775 2230/1962/1775
f 2256/1939/1776 2251/1938/1776 2257/1961/1776
f 2251/1938/1777 2229/1949/1777 2257/1961/1777
f 2242/1936/1778 2255/1950/1778 2229/1949/1778
f 2242/1936/1779 2249/1931/1779 2255/1950/1779
f 2249/1931/1780 2228/1946/1780 2255/1950/1780
f 2250/1935/1781 2254/1947/1781 2228/1946/1781
f 2250/1935/1782 2247/1928/1782 2254/1947/1782
f 2247/1928/1783 2227/1943/1783 2254/1947/1783
f 2248/1934/1784 2253/1944/1784 2227/1943/1784
f 2248/1934/1785 2245/1925/1785 2253/1944/1785
f 2245/1925/1786 2226/1958/1786 2253/1944/1786
f 2246/1933/1787 2252/1941/1787 2226/1940/1787
f 2246/1933/1788 2243/1922/1788 2252/1941/1788
f 2243/1922/1789 2225/1937/1789 2252/1941/1789
f 2244/1932/1790 2251/1938/1790 2225/1937/1790
f 2244/1932/1791 2241/1919/1791 2251/1938/1791
f 2241/1919/1792 2229/1949/1792 2251/1938/1792
f 2249/1931/1793 2250/1935/1793 2228/1946/1793
f 2249/1931/1794 2240/1930/1794 2250/1935/1794
f 2240/1930/1795 2223/1926/1795 2250/1935/1795
f 2247/1928/1796 2248/1934/1796 2227/1943/1796
f 2247/1928/1797 2239/1927/1797 2248/1934/1797
f 2239/1927/1798 2222/1923/1798 2248/1934/1798
f 2245/1925/1799 2246/1963/1799 2226/1958/1799
f 2245/1925/1800 2237/1924/1800 2246/1963/1800
f 2237/1924/1801 2221/1964/1801 2246/1963/1801
f 2243/1922/1802 2244/1932/1802 2225/1937/1802
f 2243/1922/1803 2233/1921/1803 2244/1932/1803
f 2233/1921/1804 2220/1907/1804 2244/1932/1804
f 2241/1919/1805 2242/1936/1805 2229/1949/1805
f 2241/1919/1806 2234/1909/1806 2242/1936/1806
f 2234/1909/1807 2224/1929/1807 2242/1936/1807
f 2235/1918/1808 2240/1930/1808 2224/1929/1808
f 2235/1918/1809 2238/1917/1809 2240/1930/1809
f 2238/1917/1810 2223/1926/1810 2240/1930/1810
f 2238/1915/1811 2239/1927/1811 2223/1926/1811
f 2238/1915/1812 2236/1914/1812 2239/1927/1812
f 2236/1914/1813 2222/1923/1813 2239/1927/1813
f 2236/1912/1814 2237/1924/1814 2222/1923/1814
f 2236/1912/1815 2231/1911/1815 2237/1924/1815
f 2231/1911/1816 2221/1964/1816 2237/1924/1816
f 2234/1909/1817 2235/1965/1817 2224/1929/1817
f 2234/1909/1818 2232/1908/1818 2235/1965/1818
f 2232/1908/1819 2219/1966/1819 2235/1965/1819
f 2231/1906/1820 2233/1921/1820 2221/1920/1820
f 2231/1906/1821 2232/1905/1821 2233/1921/1821
f 2232/1905/1822 2220/1907/1822 2233/1921/1822
f 2261/1904/1823 2274/1905/1823 2273/1906/1823
f 2262/1907/1824 2274/1908/1824 2276/1909/1824
f 2261/1910/1825 2273/1911/1825 2278/1912/1825
f 2261/1913/1826 2278/1914/1826 2280/1915/1826
f 2261/1916/1827 2280/1917/1827 2277/1918/1827
f 2262/1907/1828 2276/1909/1828 2283/1919/1828
f 2263/1920/1829 2275/1921/1829 2285/1922/1829
f 2264/1923/1830 2279/1924/1830 2287/1925/1830
f 2265/1926/1831 2281/1927/1831 2289/1928/1831
f 2266/1929/1832 2282/1930/1832 2291/1931/1832
f 2262/1907/1833 2283/1919/1833 2286/1932/1833
f 2263/1920/1834 2285/1922/1834 2288/1933/1834
f 2264/1923/1835 2287/1925/1835 2290/1934/1835
f 2265/1926/1836 2289/1928/1836 2292/1935/1836
f 2266/1929/1837 2291/1931/1837 2284/1936/1837
f 2267/1937/1838 2293/1938/1838 2298/1939/1838
f 2268/1940/1839 2294/1941/1839 2300/1942/1839
f 2269/1943/1840 2295/1944/1840 2301/1945/1840
f 2270/1946/1841 2296/1947/1841 2302/1948/1841
f 2271/1949/1842 2297/1950/1842 2299/1951/1842
f 2299/1951/1843 2302/1952/1843 2272/1953/1843
f 2299/1951/1844 2297/1950/1844 2302/1952/1844
f 2297/1950/1845 2270/1946/1845 2302/1952/1845
f 2302/1948/1846 2301/1954/1846 2272/1955/1846
f 2302/1948/1847 2296/1947/1847 2301/1954/1847
f 2296/1947/1848 2269/1943/1848 2301/1954/1848
f 2301/1945/1849 2300/1956/1849 2272/1957/1849
f 2301/1945/1850 2295/1944/1850 2300/1956/1850
f 2295/1944/1851 2268/1958/1851 2300/1956/1851
f 2300/1942/1852 2298/1959/1852 2272/1960/1852
f 2300/1942/1853 2294/1941/1853 2298/1959/1853
f 2294/1941/1854 2267/1937/1854 2298/1959/1854
f 2298/1939/1855 2299/1961/1855 2272/1962/1855
f 2298/1939/1856 2293/1938/1856 2299/1961/1856
f 2293/1938/1857 2271/1949/1857 2299/1961/1857
f 2284/1936/1858 2297/1950/1858 2271/1949/1858
f 2284/1936/1859 2291/1931/1859 2297/1950/1859
f 2291/1931/1860 2270/1946/1860 2297/1950/1860
f 2292/1935/1861 2296/1947/1861 2270/1946/1861
f 2292/1935/1862 2289/1928/1862 2296/1947/1862
f 2289/1928/1863 2269/1943/1863 2296/1947/1863
f 2290/1934/1864 2295/1944/1864 2269/1943/1864
f 2290/1934/1865 2287/1925/1865 2295/1944/1865
f 2287/1925/1866 2268/1958/1866 2295/1944/1866
f 2288/1933/1867 2294/1941/1867 2268/1940/1867
f 2288/1933/1868 2285/1922/1868 2294/1941/1868
f 2285/1922/1869 2267/1937/1869 2294/1941/1869
f 2286/1932/1870 2293/1938/1870 2267/1937/1870
f 2286/1932/1871 2283/1919/1871 2293/1938/1871
f 2283/1919/1872 2271/1949/1872 2293/1938/1872
f 2291/1931/1873 2292/1935/1873 2270/1946/1873
f 2291/1931/1874 2282/1930/1874 2292/1935/1874
f 2282/1930/1875 2265/1926/1875 2292/1935/1875
f 2289/1928/1876 2290/1934/1876 2269/1943/1876
f 2289/1928/1877 2281/1927/1877 2290/1934/1877
f 2281/1927/1878 2264/1923/1878 2290/1934/1878
f 2287/1925/1879 2288/1963/1879 2268/1958/1879
f 2287/1925/1880 2279/1924/1880 2288/1963/1880
f 2279/1924/1881 2263/1964/1881 2288/1963/1881
f 2285/1922/1882 2286/1932/1882 2267/1937/1882
f 2285/1922/1883 2275/1921/1883 2286/1932/1883
f 2275/1921/1884 2262/1907/1884 2286/1932/1884
f 2283/1919/1885 2284/1936/1885 2271/1949/1885
f 2283/1919/1886 2276/1909/1886 2284/1936/1886
f 2276/1909/1887 2266/1929/1887 2284/1936/1887
f 2277/1918/1888 2282/1930/1888 2266/1929/1888
f 2277/1918/1889 2280/1917/1889 2282/1930/1889
f 2280/1917/1890 2265/1926/1890 2282/1930/1890
f 2280/1915/1891 2281/1927/1891 2265/1926/1891
f 2280/1915/1892 2278/1914/1892 2281/1927/1892
f 2278/1914/1893 2264/1923/1893 2281/1927/1893
f 2278/1912/1894 2279/1924/1894 2264/1923/1894
f 2278/1912/1895 2273/1911/1895 2279/1924/1895
f 2273/1911/1896 2263/1964/1896 2279/1924/1896
f 2276/1909/1897 2277/1965/1897 2266/1929/1897
f 2276/1909/1898 2274/1908/1898 2277/1965/1898
f 2274/1908/1899 2261/1966/1899 2277/1965/1899
f 2273/1906/1900 2275/1921/1900 2263/1920/1900
f 2273/1906/1901 2274/1905/1901 2275/1921/1901
f 2274/1905/1902 2262/1907/1902 2275/1921/1902
f 2303/1904/1743 2316/1905/1743 2315/1906/1743
f 2304/1907/1744 2316/1908/1744 2318/1909/1744
f 2303/1910/1745 2315/1911/1745 2320/1912/1745
f 2303/1913/1746 2320/1914/1746 2322/1915/1746
f 2303/1916/1747 2322/1917/1747 2319/1918/1747
f 2304/1907/1748 2318/1909/1748 2325/1919/1748
f 2305/1920/1903 2317/1921/1903 2327/1922/1903
f 2306/1923/1750 2321/1924/1750 2329/1925/1750
f 2307/1926/1751 2323/1927/1751 2331/1928/1751
f 2308/1929/1752 2324/1930/1752 2333/1931/1752
f 2304/1907/1753 2325/1919/1753 2328/1932/1753
f 2305/1920/1754 2327/1922/1754 2330/1933/1754
f 2306/1923/1755 2329/1925/1755 2332/1934/1755
f 2307/1926/1756 2331/1928/1756 2334/1935/1756
f 2308/1929/1757 2333/1931/1757 2326/1936/1757
f 2309/1937/1904 2335/1938/1904 2340/1939/1904
f 2310/1940/1759 2336/1941/1759 2342/1942/1759
f 2311/1943/1760 2337/1944/1760 2343/1945/1760
f 2312/1946/1761 2338/1947/1761 2344/1948/1761
f 2313/1949/1762 2339/1950/1762 2341/1951/1762
f 2341/1951/1763 2344/1952/1763 2314/1953/1763
f 2341/1951/1764 2339/1950/1764 2344/1952/1764
f 2339/1950/1905 2312/1946/1905 2344/1952/1905
f 2344/1948/1766 2343/1954/1766 2314/1955/1766
f 2344/1948/1767 2338/1947/1767 2343/1954/1767
f 2338/1947/1768 2311/1943/1768 2343/1954/1768
f 2343/1945/1769 2342/1956/1769 2314/1957/1769
f 2343/1945/1906 2337/1944/1906 2342/1956/1906
f 2337/1944/1771 2310/1958/1771 2342/1956/1771
f 2342/1942/1772 2340/1959/1772 2314/1960/1772
f 2342/1942/1773 2336/1941/1773 2340/1959/1773
f 2336/1941/1774 2309/1937/1774 2340/1959/1774
f 2340/1939/1775 2341/1961/1775 2314/1962/1775
f 2340/1939/1776 2335/1938/1776 2341/1961/1776
f 2335/1938/1907 2313/1949/1907 2341/1961/1907
f 2326/1936/1778 2339/1950/1778 2313/1949/1778
f 2326/1936/1908 2333/1931/1908 2339/1950/1908
f 2333/1931/1780 2312/1946/1780 2339/1950/1780
f 2334/1935/1909 2338/1947/1909 2312/1946/1909
f 2334/1935/1782 2331/1928/1782 2338/1947/1782
f 2331/1928/1783 2311/1943/1783 2338/1947/1783
f 2332/1934/1784 2337/1944/1784 2311/1943/1784
f 2332/1934/1785 2329/1925/1785 2337/1944/1785
f 2329/1925/1786 2310/1958/1786 2337/1944/1786
f 2330/1933/1787 2336/1941/1787 2310/1940/1787
f 2330/1933/1788 2327/1922/1788 2336/1941/1788
f 2327/1922/1910 2309/1937/1910 2336/1941/1910
f 2328/1932/1790 2335/1938/1790 2309/1937/1790
f 2328/1932/1911 2325/1919/1911 2335/1938/1911
f 2325/1919/1792 2313/1949/1792 2335/1938/1792
f 2333/1931/1793 2334/1935/1793 2312/1946/1793
f 2333/1931/1794 2324/1930/1794 2334/1935/1794
f 2324/1930/1912 2307/1926/1912 2334/1935/1912
f 2331/1928/1796 2332/1934/1796 2311/1943/1796
f 2331/1928/1913 2323/1927/1913 2332/1934/1913
f 2323/1927/1798 2306/1923/1798 2332/1934/1798
f 2329/1925/1799 2330/1963/1799 2310/1958/1799
f 2329/1925/1914 2321/1924/1914 2330/1963/1914
f 2321/1924/1801 2305/1964/1801 2330/1963/1801
f 2327/1922/1802 2328/1932/1802 2309/1937/1802
f 2327/1922/1803 2317/1921/1803 2328/1932/1803
f 2317/1921/1804 2304/1907/1804 2328/1932/1804
f 2325/1919/1805 2326/1936/1805 2313/1949/1805
f 2325/1919/1806 2318/1909/1806 2326/1936/1806
f 2318/1909/1807 2308/1929/1807 2326/1936/1807
f 2319/1918/1808 2324/1930/1808 2308/1929/1808
f 2319/1918/1809 2322/1917/1809 2324/1930/1809
f 2322/1917/1810 2307/1926/1810 2324/1930/1810
f 2322/1915/1915 2323/1927/1915 2307/1926/1915
f 2322/1915/1812 2320/1914/1812 2323/1927/1812
f 2320/1914/1813 2306/1923/1813 2323/1927/1813
f 2320/1912/1916 2321/1924/1916 2306/1923/1916
f 2320/1912/1815 2315/1911/1815 2321/1924/1815
f 2315/1911/1917 2305/1964/1917 2321/1924/1917
f 2318/1909/1817 2319/1965/1817 2308/1929/1817
f 2318/1909/1918 2316/1908/1918 2319/1965/1918
f 2316/1908/1819 2303/1966/1819 2319/1965/1819
f 2315/1906/1820 2317/1921/1820 2305/1920/1820
f 2315/1906/1821 2316/1905/1821 2317/1921/1821
f 2316/1905/1822 2304/1907/1822 2317/1921/1822
f 2345/1904/1823 2358/1905/1823 2357/1906/1823
f 2346/1907/1824 2358/1908/1824 2360/1909/1824
f 2345/1910/1825 2357/1911/1825 2362/1912/1825
f 2345/1913/1826 2362/1914/1826 2364/1915/1826
f 2345/1916/1827 2364/1917/1827 2361/1918/1827
f 2346/1907/1828 2360/1909/1828 2367/1919/1828
f 2347/1920/1829 2359/1921/1829 2369/1922/1829
f 2348/1923/1830 2363/1924/1830 2371/1925/1830
f 2349/1926/1831 2365/1927/1831 2373/1928/1831
f 2350/1929/1832 2366/1930/1832 2375/1931/1832
f 2346/1907/1833 2367/1919/1833 2370/1932/1833
f 2347/1920/1834 2369/1922/1834 2372/1933/1834
f 2348/1923/1835 2371/1925/1835 2374/1934/1835
f 2349/1926/1836 2373/1928/1836 2376/1935/1836
f 2350/1929/1837 2375/1931/1837 2368/1936/1837
f 2351/1937/1838 2377/1938/1838 2382/1939/1838
f 2352/1940/1839 2378/1941/1839 2384/1942/1839
f 2353/1943/1840 2379/1944/1840 2385/1945/1840
f 2354/1946/1919 2380/1947/1919 2386/1948/1919
f 2355/1949/1842 2381/1950/1842 2383/1951/1842
f 2383/1951/1843 2386/1952/1843 2356/1953/1843
f 2383/1951/1844 2381/1950/1844 2386/1952/1844
f 2381/1950/1920 2354/1946/1920 2386/1952/1920
f 2386/1948/1846 2385/1954/1846 2356/1955/1846
f 2386/1948/1847 2380/1947/1847 2385/1954/1847
f 2380/1947/1848 2353/1943/1848 2385/1954/1848
f 2385/1945/1849 2384/1956/1849 2356/1957/1849
f 2385/1945/1850 2379/1944/1850 2384/1956/1850
f 2379/1944/1851 2352/1958/1851 2384/1956/1851
f 2384/1942/1852 2382/1959/1852 2356/1960/1852
f 2384/1942/1853 2378/1941/1853 2382/1959/1853
f 2378/1941/1854 2351/1937/1854 2382/1959/1854
f 2382/1939/1855 2383/1961/1855 2356/1962/1855
f 2382/1939/1856 2377/1938/1856 2383/1961/1856
f 2377/1938/1857 2355/1949/1857 2383/1961/1857
f 2368/1936/1858 2381/1950/1858 2355/1949/1858
f 2368/1936/1859 2375/1931/1859 2381/1950/1859
f 2375/1931/1860 2354/1946/1860 2381/1950/1860
f 2376/1935/1861 2380/1947/1861 2354/1946/1861
f 2376/1935/1862 2373/1928/1862 2380/1947/1862
f 2373/1928/1863 2353/1943/1863 2380/1947/1863
f 2374/1934/1864 2379/1944/1864 2353/1943/1864
f 2374/1934/1865 2371/1925/1865 2379/1944/1865
f 2371/1925/1866 2352/1958/1866 2379/1944/1866
f 2372/1933/1867 2378/1941/1867 2352/1940/1867
f 2372/1933/1868 2369/1922/1868 2378/1941/1868
f 2369/1922/1869 2351/1937/1869 2378/1941/1869
f 2370/1932/1870 2377/1938/1870 2351/1937/1870
f 2370/1932/1921 2367/1919/1921 2377/1938/1921
f 2367/1919/1872 2355/1949/1872 2377/1938/1872
f 2375/1931/1873 2376/1935/1873 2354/1946/1873
f 2375/1931/1874 2366/1930/1874 2376/1935/1874
f 2366/1930/1875 2349/1926/1875 2376/1935/1875
f 2373/1928/1876 2374/1934/1876 2353/1943/1876
f 2373/1928/1877 2365/1927/1877 2374/1934/1877
f 2365/1927/1878 2348/1923/1878 2374/1934/1878
f 2371/1925/1879 2372/1963/1879 2352/1958/1879
f 2371/1925/1922 2363/1924/1922 2372/1963/1922
f 2363/1924/1881 2347/1964/1881 2372/1963/1881
f 2369/1922/1882 2370/1932/1882 2351/1937/1882
f 2369/1922/1883 2359/1921/1883 2370/1932/1883
f 2359/1921/1884 2346/1907/1884 2370/1932/1884
f 2367/1919/1885 2368/1936/1885 2355/1949/1885
f 2367/1919/1886 2360/1909/1886 2368/1936/1886
f 2360/1909/1887 2350/1929/1887 2368/1936/1887
f 2361/1918/1888 2366/1930/1888 2350/1929/1888
f 2361/1918/1889 2364/1917/1889 2366/1930/1889
f 2364/1917/1923 2349/1926/1923 2366/1930/1923
f 2364/1915/1924 2365/1927/1924 2349/1926/1924
f 2364/1915/1892 2362/1914/1892 2365/1927/1892
f 2362/1914/1893 2348/1923/1893 2365/1927/1893
f 2362/1912/1894 2363/1924/1894 2348/1923/1894
f 2362/1912/1925 2357/1911/1925 2363/1924/1925
f 2357/1911/1896 2347/1964/1896 2363/1924/1896
f 2360/1909/1897 2361/1965/1897 2350/1929/1897
f 2360/1909/1898 2358/1908/1898 2361/1965/1898
f 2358/1908/1899 2345/1966/1899 2361/1965/1899
f 2357/1906/1926 2359/1921/1926 2347/1920/1926
f 2357/1906/1901 2358/1905/1901 2359/1921/1901
f 2358/1905/1902 2346/1907/1902 2359/1921/1902
f 2387/1904/1743 2400/1905/1743 2399/1906/1743
f 2388/1907/1744 2400/1908/1744 2402/1909/1744
f 2387/1910/1745 2399/1911/1745 2404/1912/1745
f 2387/1913/1746 2404/1914/1746 2406/1915/1746
f 2387/1916/1747 2406/1917/1747 2403/1918/1747
f 2388/1907/1748 2402/1909/1748 2409/1919/1748
f 2389/1920/1749 2401/1921/1749 2411/1922/1749
f 2390/1923/1750 2405/1924/1750 2413/1925/1750
f 2391/1926/1751 2407/1927/1751 2415/1928/1751
f 2392/1929/1752 2408/1930/1752 2417/1931/1752
f 2388/1907/1753 2409/1919/1753 2412/1932/1753
f 2389/1920/1754 2411/1922/1754 2414/1933/1754
f 2390/1923/1755 2413/1925/1755 2416/1934/1755
f 2391/1926/1756 2415/1928/1756 2418/1935/1756
f 2392/1929/1757 2417/1931/1757 2410/1936/1757
f 2393/1937/1904 2419/1938/1904 2424/1939/1904
f 2394/1940/1759 2420/1941/1759 2426/1942/1759
f 2395/1943/1760 2421/1944/1760 2427/1945/1760
f 2396/1946/1761 2422/1947/1761 2428/1948/1761
f 2397/1949/1762 2423/1950/1762 2425/1951/1762
f 2425/1951/1763 2428/1952/1763 2398/1953/1763
f 2425/1951/1764 2423/1950/1764 2428/1952/1764
f 2423/1950/1905 2396/1946/1905 2428/1952/1905
f 2428/1948/1766 2427/1954/1766 2398/1955/1766
f 2428/1948/1767 2422/1947/1767 2427/1954/1767
f 2422/1947/1768 2395/1943/1768 2427/1954/1768
f 2427/1945/1769 2426/1956/1769 2398/1957/1769
f 2427/1945/1770 2421/1944/1770 2426/1956/1770
f 2421/1944/1771 2394/1958/1771 2426/1956/1771
f 2426/1942/1772 2424/1959/1772 2398/1960/1772
f 2426/1942/1773 2420/1941/1773 2424/1959/1773
f 2420/1941/1774 2393/1937/1774 2424/1959/1774
f 2424/1939/1775 2425/1961/1775 2398/1962/1775
f 2424/1939/1776 2419/1938/1776 2425/1961/1776
f 2419/1938/1907 2397/1949/1907 2425/1961/1907
f 2410/1936/1778 2423/1950/1778 2397/1949/1778
f 2410/1936/1908 2417/1931/1908 2423/1950/1908
f 2417/1931/1780 2396/1946/1780 2423/1950/1780
f 2418/1935/1781 2422/1947/1781 2396/1946/1781
f 2418/1935/1782 2415/1928/1782 2422/1947/1782
f 2415/1928/1783 2395/1943/1783 2422/1947/1783
f 2416/1934/1784 2421/1944/1784 2395/1943/1784
f 2416/1934/1785 2413/1925/1785 2421/1944/1785
f 2413/1925/1786 2394/1958/1786 2421/1944/1786
f 2414/1933/1787 2420/1941/1787 2394/1940/1787
f 2414/1933/1788 2411/1922/1788 2420/1941/1788
f 2411/1922/1789 2393/1937/1789 2420/1941/1789
f 2412/1932/1790 2419/1938/1790 2393/1937/1790
f 2412/1932/1927 2409/1919/1927 2419/1938/1927
f 2409/1919/1792 2397/1949/1792 2419/1938/1792
f 2417/1931/1793 2418/1935/1793 2396/1946/1793
f 2417/1931/1794 2408/1930/1794 2418/1935/1794
f 2408/1930/1912 2391/1926/1912 2418/1935/1912
f 2415/1928/1796 2416/1934/1796 2395/1943/1796
f 2415/1928/1913 2407/1927/1913 2416/1934/1913
f 2407/1927/1798 2390/1923/1798 2416/1934/1798
f 2413/1925/1799 2414/1963/1799 2394/1958/1799
f 2413/1925/1800 2405/1924/1800 2414/1963/1800
f 2405/1924/1801 2389/1964/1801 2414/1963/1801
f 2411/1922/1802 2412/1932/1802 2393/1937/1802
f 2411/1922/1803 2401/1921/1803 2412/1932/1803
f 2401/1921/1804 2388/1907/1804 2412/1932/1804
f 2409/1919/1805 2410/1936/1805 2397/1949/1805
f 2409/1919/1806 2402/1909/1806 2410/1936/1806
f 2402/1909/1807 2392/1929/1807 2410/1936/1807
f 2403/1918/1808 2408/1930/1808 2392/1929/1808
f 2403/1918/1809 2406/1917/1809 2408/1930/1809
f 2406/1917/1810 2391/1926/1810 2408/1930/1810
f 2406/1915/1915 2407/1927/1915 2391/1926/1915
f 2406/1915/1812 2404/1914/1812 2407/1927/1812
f 2404/1914/1813 2390/1923/1813 2407/1927/1813
f 2404/1912/1916 2405/1924/1916 2390/1923/1916
f 2404/1912/1815 2399/1911/1815 2405/1924/1815
f 2399/1911/1917 2389/1964/1917 2405/1924/1917
f 2402/1909/1817 2403/1965/1817 2392/1929/1817
f 2402/1909/1818 2400/1908/1818 2403/1965/1818
f 2400/1908/1819 2387/1966/1819 2403/1965/1819
f 2399/1906/1820 2401/1921/1820 2389/1920/1820
f 2399/1906/1821 2400/1905/1821 2401/1921/1821
f 2400/1905/1822 2388/1907/1822 2401/1921/1822
f 2429/1904/1823 2442/1905/1823 2441/1906/1823
f 2430/1907/1824 2442/1908/1824 2444/1909/1824
f 2429/1910/1825 2441/1911/1825 2446/1912/1825
f 2429/1913/1826 2446/1914/1826 2448/1915/1826
f 2429/1916/1827 2448/1917/1827 2445/1918/1827
f 2430/1907/1828 2444/1909/1828 2451/1919/1828
f 2431/1920/1829 2443/1921/1829 2453/1922/1829
f 2432/1923/1830 2447/1924/1830 2455/1925/1830
f 2433/1926/1831 2449/1927/1831 2457/1928/1831
f 2434/1929/1832 2450/1930/1832 2459/1931/1832
f 2430/1907/1833 2451/1919/1833 2454/1932/1833
f 2431/1920/1834 2453/1922/1834 2456/1933/1834
f 2432/1923/1835 2455/1925/1835 2458/1934/1835
f 2433/1926/1836 2457/1928/1836 2460/1935/1836
f 2434/1929/1837 2459/1931/1837 2452/1936/1837
f 2435/1937/1838 2461/1938/1838 2466/1939/1838
f 2436/1940/1839 2462/1941/1839 2468/1942/1839
f 2437/1943/1840 2463/1944/1840 2469/1945/1840
f 2438/1946/1919 2464/1947/1919 2470/1948/1919
f 2439/1949/1842 2465/1950/1842 2467/1951/1842
f 2467/1951/1843 2470/1952/1843 2440/1953/1843
f 2467/1951/1844 2465/1950/1844 2470/1952/1844
f 2465/1950/1920 2438/1946/1920 2470/1952/1920
f 2470/1948/1846 2469/1954/1846 2440/1955/1846
f 2470/1948/1847 2464/1947/1847 2469/1954/1847
f 2464/1947/1848 2437/1943/1848 2469/1954/1848
f 2469/1945/1849 2468/1956/1849 2440/1957/1849
f 2469/1945/1850 2463/1944/1850 2468/1956/1850
f 2463/1944/1851 2436/1958/1851 2468/1956/1851
f 2468/1942/1852 2466/1959/1852 2440/1960/1852
f 2468/1942/1853 2462/1941/1853 2466/1959/1853
f 2462/1941/1854 2435/1937/1854 2466/1959/1854
f 2466/1939/1855 2467/1961/1855 2440/1962/1855
f 2466/1939/1856 2461/1938/1856 2467/1961/1856
f 2461/1938/1857 2439/1949/1857 2467/1961/1857
f 2452/1936/1858 2465/1950/1858 2439/1949/1858
f 2452/1936/1859 2459/1931/1859 2465/1950/1859
f 2459/1931/1860 2438/1946/1860 2465/1950/1860
f 2460/1935/1861 2464/1947/1861 2438/1946/1861
f 2460/1935/1862 2457/1928/1862 2464/1947/1862
f 2457/1928/1863 2437/1943/1863 2464/1947/1863
f 2458/1934/1864 2463/1944/1864 2437/1943/1864
f 2458/1934/1865 2455/1925/1865 2463/1944/1865
f 2455/1925/1866 2436/1958/1866 2463/1944/1866
f 2456/1933/1867 2462/1941/1867 2436/1940/1867
f 2456/1933/1868 2453/1922/1868 2462/1941/1868
f 2453/1922/1869 2435/1937/1869 2462/1941/1869
f 2454/1932/1870 2461/1938/1870 2435/1937/1870
f 2454/1932/1921 2451/1919/1921 2461/1938/1921
f 2451/1919/1872 2439/1949/1872 2461/1938/1872
f 2459/1931/1873 2460/1935/1873 2438/1946/1873
f 2459/1931/1874 2450/1930/1874 2460/1935/1874
f 2450/1930/1875 2433/1926/1875 2460/1935/1875
f 2457/1928/1876 2458/1934/1876 2437/1943/1876
f 2457/1928/1877 2449/1927/1877 2458/1934/1877
f 2449/1927/1878 2432/1923/1878 2458/1934/1878
f 2455/1925/1879 2456/1963/1879 2436/1958/1879
f 2455/1925/1922 2447/1924/1922 2456/1963/1922
f 2447/1924/1881 2431/1964/1881 2456/1963/1881
f 2453/1922/1882 2454/1932/1882 2435/1937/1882
f 2453/1922/1883 2443/1921/1883 2454/1932/1883
f 2443/1921/1884 2430/1907/1884 2454/1932/1884
f 2451/1919/1885 2452/1936/1885 2439/1949/1885
f 2451/1919/1886 2444/1909/1886 2452/1936/1886
f 2444/1909/1887 2434/1929/1887 2452/1936/1887
f 2445/1918/1888 2450/1930/1888 2434/1929/1888
f 2445/1918/1889 2448/1917/1889 2450/1930/1889
f 2448/1917/1923 2433/1926/1923 2450/1930/1923
f 2448/1915/1924 2449/1927/1924 2433/1926/1924
f 2448/1915/1892 2446/1914/1892 2449/1927/1892
f 2446/1914/1893 2432/1923/1893 2449/1927/1893
f 2446/1912/1894 2447/1924/1894 2432/1923/1894
f 2446/1912/1925 2441/1911/1925 2447/1924/1925
f 2441/1911/1896 2431/1964/1896 2447/1924/1896
f 2444/1909/1897 2445/1965/1897 2434/1929/1897
f 2444/1909/1898 2442/1908/1898 2445/1965/1898
f 2442/1908/1899 2429/1966/1899 2445/1965/1899
f 2441/1906/1926 2443/1921/1926 2431/1920/1926
f 2441/1906/1901 2442/1905/1901 2443/1921/1901
f 2442/1905/1902 2430/1907/1902 2443/1921/1902
f 2471/1904/1743 2484/1905/1743 2483/1906/1743
f 2472/1907/1744 2484/1908/1744 2486/1909/1744
f 2471/1910/1745 2483/1911/1745 2488/1912/1745
f 2471/1913/1746 2488/1914/1746 2490/1915/1746
f 2471/1916/1747 2490/1917/1747 2487/1918/1747
f 2472/1907/1748 2486/1909/1748 2493/1919/1748
f 2473/1920/1749 2485/1921/1749 2495/1922/1749
f 2474/1923/1750 2489/1924/1750 2497/1925/1750
f 2475/1926/1751 2491/1927/1751 2499/1928/1751
f 2476/1929/1752 2492/1930/1752 2501/1931/1752
f 2472/1907/1753 2493/1919/1753 2496/1932/1753
f 2473/1920/1754 2495/1922/1754 2498/1933/1754
f 2474/1923/1755 2497/1925/1755 2500/1934/1755
f 2475/1926/1756 2499/1928/1756 2502/1935/1756
f 2476/1929/1757 2501/1931/1757 2494/1936/1757
f 2477/1937/1904 2503/1938/1904 2508/1939/1904
f 2478/1940/1759 2504/1941/1759 2510/1942/1759
f 2479/1943/1760 2505/1944/1760 2511/1945/1760
f 2480/1946/1761 2506/1947/1761 2512/1948/1761
f 2481/1949/1762 2507/1950/1762 2509/1951/1762
f 2509/1951/1763 2512/1952/1763 2482/1953/1763
f 2509/1951/1764 2507/1950/1764 2512/1952/1764
f 2507/1950/1905 2480/1946/1905 2512/1952/1905
f 2512/1948/1766 2511/1954/1766 2482/1955/1766
f 2512/1948/1767 2506/1947/1767 2511/1954/1767
f 2506/1947/1768 2479/1943/1768 2511/1954/1768
f 2511/1945/1769 2510/1956/1769 2482/1957/1769
f 2511/1945/1770 2505/1944/1770 2510/1956/1770
f 2505/1944/1771 2478/1958/1771 2510/1956/1771
f 2510/1942/1772 2508/1959/1772 2482/1960/1772
f 2510/1942/1773 2504/1941/1773 2508/1959/1773
f 2504/1941/1774 2477/1937/1774 2508/1959/1774
f 2508/1939/1775 2509/1961/1775 2482/1962/1775
f 2508/1939/1776 2503/1938/1776 2509/1961/1776
f 2503/1938/1907 2481/1949/1907 2509/1961/1907
f 2494/1936/1778 2507/1950/1778 2481/1949/1778
f 2494/1936/1908 2501/1931/1908 2507/1950/1908
f 2501/1931/1780 2480/1946/1780 2507/1950/1780
f 2502/1935/1781 2506/1947/1781 2480/1946/1781
f 2502/1935/1782 2499/1928/1782 2506/1947/1782
f 2499/1928/1783 2479/1943/1783 2506/1947/1783
f 2500/1934/1784 2505/1944/1784 2479/1943/1784
f 2500/1934/1785 2497/1925/1785 2505/1944/1785
f 2497/1925/1786 2478/1958/1786 2505/1944/1786
f 2498/1933/1787 2504/1941/1787 2478/1940/1787
f 2498/1933/1788 2495/1922/1788 2504/1941/1788
f 2495/1922/1789 2477/1937/1789 2504/1941/1789
f 2496/1932/1790 2503/1938/1790 2477/1937/1790
f 2496/1932/1927 2493/1919/1927 2503/1938/1927
f 2493/1919/1792 2481/1949/1792 2503/1938/1792
f 2501/1931/1793 2502/1935/1793 2480/1946/1793
f 2501/1931/1794 2492/1930/1794 2502/1935/1794
f 2492/1930/1795 2475/1926/1795 2502/1935/1795
f 2499/1928/1796 2500/1934/1796 2479/1943/1796
f 2499/1928/1928 2491/1927/1928 2500/1934/1928
f 2491/1927/1798 2474/1923/1798 2500/1934/1798
f 2497/1925/1799 2498/1963/1799 2478/1958/1799
f 2497/1925/1929 2489/1924/1929 2498/1963/1929
f 2489/1924/1801 2473/1964/1801 2498/1963/1801
f 2495/1922/1802 2496/1932/1802 2477/1937/1802
f 2495/1922/1803 2485/1921/1803 2496/1932/1803
f 2485/1921/1804 2472/1907/1804 2496/1932/1804
f 2493/1919/1805 2494/1936/1805 2481/1949/1805
f 2493/1919/1806 2486/1909/1806 2494/1936/1806
f 2486/1909/1807 2476/1929/1807 2494/1936/1807
f 2487/1918/1808 2492/1930/1808 2476/1929/1808
f 2487/1918/1809 2490/1917/1809 2492/1930/1809
f 2490/1917/1810 2475/1926/1810 2492/1930/1810
f 2490/1915/1915 2491/1927/1915 2475/1926/1915
f 2490/1915/1812 2488/1914/1812 2491/1927/1812
f 2488/1914/1813 2474/1923/1813 2491/1927/1813
f 2488/1912/1916 2489/1924/1916 2474/1923/1916
f 2488/1912/1815 2483/1911/1815 2489/1924/1815
f 2483/1911/1917 2473/1964/1917 2489/1924/1917
f 2486/1909/1817 2487/1965/1817 2476/1929/1817
f 2486/1909/1818 2484/1908/1818 2487/1965/1818
f 2484/1908/1819 2471/1966/1819 2487/1965/1819
f 2483/1906/1820 2485/1921/1820 2473/1920/1820
f 2483/1906/1821 2484/1905/1821 2485/1921/1821
f 2484/1905/1822 2472/1907/1822 2485/1921/1822
f 2513/1904/1823 2526/1905/1823 2525/1906/1823
f 2514/1907/1824 2526/1908/1824 2528/1909/1824
f 2513/1910/1825 2525/1911/1825 2530/1912/1825
f 2513/1913/1826 2530/1914/1826 2532/1915/1826
f 2513/1916/1827 2532/1917/1827 2529/1918/1827
f 2514/1907/1828 2528/1909/1828 2535/1919/1828
f 2515/1920/1930 2527/1921/1930 2537/1922/1930
f 2516/1923/1830 2531/1924/1830 2539/1925/1830
f 2517/1926/1831 2533/1927/1831 2541/1928/1831
f 2518/1929/1832 2534/1930/1832 2543/1931/1832
f 2514/1907/1833 2535/1919/1833 2538/1932/1833
f 2515/1920/1834 2537/1922/1834 2540/1933/1834
f 2516/1923/1835 2539/1925/1835 2542/1934/1835
f 2517/1926/1836 2541/1928/1836 2544/1935/1836
f 2518/1929/1837 2543/1931/1837 2536/1936/1837
f 2519/1937/1931 2545/1938/1931 2550/1939/1931
f 2520/1940/1839 2546/1941/1839 2552/1942/1839
f 2521/1943/1840 2547/1944/1840 2553/1945/1840
f 2522/1946/1919 2548/1947/1919 2554/1948/1919
f 2523/1949/1842 2549/1950/1842 2551/1951/1842
f 2551/1951/1843 2554/1952/1843 2524/1953/1843
f 2551/1951/1844 2549/1950/1844 2554/1952/1844
f 2549/1950/1845 2522/1946/1845 2554/1952/1845
f 2554/1948/1846 2553/1954/1846 2524/1955/1846
f 2554/1948/1847 2548/1947/1847 2553/1954/1847
f 2548/1947/1848 2521/1943/1848 2553/1954/1848
f 2553/1945/1849 2552/1956/1849 2524/1957/1849
f 2553/1945/1850 2547/1944/1850 2552/1956/1850
f 2547/1944/1851 2520/1958/1851 2552/1956/1851
f 2552/1942/1852 2550/1959/1852 2524/1960/1852
f 2552/1942/1853 2546/1941/1853 2550/1959/1853
f 2546/1941/1854 2519/1937/1854 2550/1959/1854
f 2550/1939/1855 2551/1961/1855 2524/1962/1855
f 2550/1939/1856 2545/1938/1856 2551/1961/1856
f 2545/1938/1857 2523/1949/1857 2551/1961/1857
f 2536/1936/1858 2549/1950/1858 2523/1949/1858
f 2536/1936/1859 2543/1931/1859 2549/1950/1859
f 2543/1931/1860 2522/1946/1860 2549/1950/1860
f 2544/1935/1861 2548/1947/1861 2522/1946/1861
f 2544/1935/1862 2541/1928/1862 2548/1947/1862
f 2541/1928/1863 2521/1943/1863 2548/1947/1863
f 2542/1934/1864 2547/1944/1864 2521/1943/1864
f 2542/1934/1865 2539/1925/1865 2547/1944/1865
f 2539/1925/1866 2520/1958/1866 2547/1944/1866
f 2540/1933/1867 2546/1941/1867 2520/1940/1867
f 2540/1933/1868 2537/1922/1868 2546/1941/1868
f 2537/1922/1932 2519/1937/1932 2546/1941/1932
f 2538/1932/1870 2545/1938/1870 2519/1937/1870
f 2538/1932/1933 2535/1919/1933 2545/1938/1933
f 2535/1919/1872 2523/1949/1872 2545/1938/1872
f 2543/1931/1873 2544/1935/1873 2522/1946/1873
f 2543/1931/1874 2534/1930/1874 2544/1935/1874
f 2534/1930/1875 2517/1926/1875 2544/1935/1875
f 2541/1928/1876 2542/1934/1876 2521/1943/1876
f 2541/1928/1877 2533/1927/1877 2542/1934/1877
f 2533/1927/1878 2516/1923/1878 2542/1934/1878
f 2539/1925/1879 2540/1963/1879 2520/1958/1879
f 2539/1925/1934 2531/1924/1934 2540/1963/1934
f 2531/1924/1881 2515/1964/1881 2540/1963/1881
f 2537/1922/1882 2538/1932/1882 2519/1937/1882
f 2537/1922/1883 2527/1921/1883 2538/1932/1883
f 2527/1921/1884 2514/1907/1884 2538/1932/1884
f 2535/1919/1885 2536/1936/1885 2523/1949/1885
f 2535/1919/1886 2528/1909/1886 2536/1936/1886
f 2528/1909/1887 2518/1929/1887 2536/1936/1887
f 2529/1918/1888 2534/1930/1888 2518/1929/1888
f 2529/1918/1889 2532/1917/1889 2534/1930/1889
f 2532/1917/1923 2517/1926/1923 2534/1930/1923
f 2532/1915/1891 2533/1927/1891 2517/1926/1891
f 2532/1915/1892 2530/1914/1892 2533/1927/1892
f 2530/1914/1893 2516/1923/1893 2533/1927/1893
f 2530/1912/1894 2531/1924/1894 2516/1923/1894
f 2530/1912/1925 2525/1911/1925 2531/1924/1925
f 2525/1911/1935 2515/1964/1935 2531/1924/1935
f 2528/1909/1897 2529/1965/1897 2518/1929/1897
f 2528/1909/1898 2526/1908/1898 2529/1965/1898
f 2526/1908/1899 2513/1966/1899 2529/1965/1899
f 2525/1906/1926 2527/1921/1926 2515/1920/1926
f 2525/1906/1901 2526/1905/1901 2527/1921/1901
f 2526/1905/1902 2514/1907/1902 2527/1921/1902
f 2555/1904/1936 2568/1905/1936 2567/1906/1936
f 2556/1907/1937 2568/1908/1937 2570/1909/1937
f 2555/1910/1938 2567/1911/1938 2572/1912/1938
f 2555/1913/1939 2572/1914/1939 2574/1915/1939
f 2555/1916/1940 2574/1917/1940 2571/1918/1940
f 2556/1907/1941 2570/1909/1941 2577/1919/1941
f 2557/1920/1942 2569/1921/1942 2579/1922/1942
f 2558/1923/1943 2573/1924/1943 2581/1925/1943
f 2559/1926/1944 2575/1927/1944 2583/1928/1944
f 2560/1929/1945 2576/1930/1945 2585/1931/1945
f 2556/1907/1946 2577/1919/1946 2580/1932/1946
f 2557/1920/1947 2579/1922/1947 2582/1933/1947
f 2558/1923/1755 2581/1925/1755 2584/1934/1755
f 2559/1926/1948 2583/1928/1948 2586/1935/1948
f 2560/1929/1949 2585/1931/1949 2578/1936/1949
f 2561/1937/1950 2587/1938/1950 2592/1939/1950
f 2562/1940/1951 2588/1941/1951 2594/1942/1951
f 2563/1943/1952 2589/1944/1952 2595/1945/1952
f 2564/1946/1953 2590/1947/1953 2596/1948/1953
f 2565/1949/1954 2591/1950/1954 2593/1951/1954
f 2593/1951/1955 2596/1952/1955 2566/1953/1955
f 2593/1951/1956 2591/1950/1956 2596/1952/1956
f 2591/1950/1957 2564/1946/1957 2596/1952/1957
f 2596/1948/1958 2595/1954/1958 2566/1955/1958
f 2596/1948/1959 2590/1947/1959 2595/1954/1959
f 2590/1947/1960 2563/1943/1960 2595/1954/1960
f 2595/1945/1769 2594/1956/1769 2566/1957/1769
f 2595/1945/1770 2589/1944/1770 2594/1956/1770
f 2589/1944/1961 2562/1958/1961 2594/1956/1961
f 2594/1942/1962 2592/1959/1962 2566/1960/1962
f 2594/1942/1963 2588/1941/1963 2592/1959/1963
f 2588/1941/1964 2561/1937/1964 2592/1959/1964
f 2592/1939/1965 2593/1961/1965 2566/1962/1965
f 2592/1939/1966 2587/1938/1966 2593/1961/1966
f 2587/1938/1967 2565/1949/1967 2593/1961/1967
f 2578/1936/1968 2591/1950/1968 2565/1949/1968
f 2578/1936/1969 2585/1931/1969 2591/1950/1969
f 2585/1931/1970 2564/1946/1970 2591/1950/1970
f 2586/1935/1971 2590/1947/1971 2564/1946/1971
f 2586/1935/1972 2583/1928/1972 2590/1947/1972
f 2583/1928/1973 2563/1943/1973 2590/1947/1973
f 2584/1934/1974 2589/1944/1974 2563/1943/1974
f 2584/1934/1785 2581/1925/1785 2589/1944/1785
f 2581/1925/1975 2562/1958/1975 2589/1944/1975
f 2582/1933/1976 2588/1941/1976 2562/1940/1976
f 2582/1933/1977 2579/1922/1977 2588/1941/1977
f 2579/1922/1978 2561/1937/1978 2588/1941/1978
f 2580/1932/1979 2587/1938/1979 2561/1937/1979
f 2580/1932/1980 2577/1919/1980 2587/1938/1980
f 2577/1919/1981 2565/1949/1981 2587/1938/1981
f 2585/1931/1982 2586/1935/1982 2564/1946/1982
f 2585/1931/1983 2576/1930/1983 2586/1935/1983
f 2576/1930/1984 2559/1926/1984 2586/1935/1984
f 2583/1928/1985 2584/1934/1985 2563/1943/1985
f 2583/1928/1986 2575/1927/1986 2584/1934/1986
f 2575/1927/1987 2558/1923/1987 2584/1934/1987
f 2581/1925/1988 2582/1963/1988 2562/1958/1988
f 2581/1925/1989 2573/1924/1989 2582/1963/1989
f 2573/1924/1990 2557/1964/1990 2582/1963/1990
f 2579/1922/1991 2580/1932/1991 2561/1937/1991
f 2579/1922/1992 2569/1921/1992 2580/1932/1992
f 2569/1921/1993 2556/1907/1993 2580/1932/1993
f 2577/1919/1805 2578/1936/1805 2565/1949/1805
f 2577/1919/1806 2570/1909/1806 2578/1936/1806
f 2570/1909/1994 2560/1929/1994 2578/1936/1994
f 2571/1918/1995 2576/1930/1995 2560/1929/1995
f 2571/1918/1996 2574/1917/1996 2576/1930/1996
f 2574/1917/1997 2559/1926/1997 2576/1930/1997
f 2574/1915/1998 2575/1927/1998 2559/1926/1998
f 2574/1915/1999 2572/1914/1999 2575/1927/1999
f 2572/1914/2000 2558/1923/2000 2575/1927/2000
f 2572/1912/2001 2573/1924/2001 2558/1923/2001
f 2572/1912/2002 2567/1911/2002 2573/1924/2002
f 2567/1911/2003 2557/1964/2003 2573/1924/2003
f 2570/1909/2004 2571/1965/2004 2560/1929/2004
f 2570/1909/1818 2568/1908/1818 2571/1965/1818
f 2568/1908/1819 2555/1966/1819 2571/1965/1819
f 2567/1906/2005 2569/1921/2005 2557/1920/2005
f 2567/1906/2006 2568/1905/2006 2569/1921/2006
f 2568/1905/2007 2556/1907/2007 2569/1921/2007
f 2597/1904/2008 2610/1905/2008 2609/1906/2008
f 2598/1907/2009 2610/1908/2009 2612/1909/2009
f 2597/1910/2010 2609/1911/2010 2614/1912/2010
f 2597/1913/2011 2614/1914/2011 2616/1915/2011
f 2597/1916/2012 2616/1917/2012 2613/1918/2012
f 2598/1907/2013 2612/1909/2013 2619/1919/2013
f 2599/1920/2014 2611/1921/2014 2621/1922/2014
f 2600/1923/2015 2615/1924/2015 2623/1925/2015
f 2601/1926/2016 2617/1927/2016 2625/1928/2016
f 2602/1929/2017 2618/1930/2017 2627/1931/2017
f 2598/1907/2018 2619/1919/2018 2622/1932/2018
f 2599/1920/2019 2621/1922/2019 2624/1933/2019
f 2600/1923/1835 2623/1925/1835 2626/1934/1835
f 2601/1926/2020 2625/1928/2020 2628/1935/2020
f 2602/1929/2021 2627/1931/2021 2620/1936/2021
f 2603/1937/2022 2629/1938/2022 2634/1939/2022
f 2604/1940/2023 2630/1941/2023 2636/1942/2023
f 2605/1943/2024 2631/1944/2024 2637/1945/2024
f 2606/1946/2025 2632/1947/2025 2638/1948/2025
f 2607/1949/2026 2633/1950/2026 2635/1951/2026
f 2635/1951/2027 2638/1952/2027 2608/1953/2027
f 2635/1951/2028 2633/1950/2028 2638/1952/2028
f 2633/1950/2029 2606/1946/2029 2638/1952/2029
f 2638/1948/2030 2637/1954/2030 2608/1955/2030
f 2638/1948/2031 2632/1947/2031 2637/1954/2031
f 2632/1947/2032 2605/1943/2032 2637/1954/2032
f 2637/1945/1849 2636/1956/1849 2608/1957/1849
f 2637/1945/1850 2631/1944/1850 2636/1956/1850
f 2631/1944/2033 2604/1958/2033 2636/1956/2033
f 2636/1942/2034 2634/1959/2034 2608/1960/2034
f 2636/1942/2035 2630/1941/2035 2634/1959/2035
f 2630/1941/2036 2603/1937/2036 2634/1959/2036
f 2634/1939/2037 2635/1961/2037 2608/1962/2037
f 2634/1939/2038 2629/1938/2038 2635/1961/2038
f 2629/1938/2039 2607/1949/2039 2635/1961/2039
f 2620/1936/2040 2633/1950/2040 2607/1949/2040
f 2620/1936/2041 2627/1931/2041 2633/1950/2041
f 2627/1931/2042 2606/1946/2042 2633/1950/2042
f 2628/1935/2043 2632/1947/2043 2606/1946/2043
f 2628/1935/2044 2625/1928/2044 2632/1947/2044
f 2625/1928/2045 2605/1943/2045 2632/1947/2045
f 2626/1934/2046 2631/1944/2046 2605/1943/2046
f 2626/1934/1865 2623/1925/1865 2631/1944/1865
f 2623/1925/2047 2604/1958/2047 2631/1944/2047
f 2624/1933/2048 2630/1941/2048 2604/1940/2048
f 2624/1933/2049 2621/1922/2049 2630/1941/2049
f 2621/1922/2050 2603/1937/2050 2630/1941/2050
f 2622/1932/2051 2629/1938/2051 2603/1937/2051
f 2622/1932/2052 2619/1919/2052 2629/1938/2052
f 2619/1919/2053 2607/1949/2053 2629/1938/2053
f 2627/1931/2054 2628/1935/2054 2606/1946/2054
f 2627/1931/2055 2618/1930/2055 2628/1935/2055
f 2618/1930/2056 2601/1926/2056 2628/1935/2056
f 2625/1928/2057 2626/1934/2057 2605/1943/2057
f 2625/1928/2058 2617/1927/2058 2626/1934/2058
f 2617/1927/2059 2600/1923/2059 2626/1934/2059
f 2623/1925/2060 2624/1963/2060 2604/1958/2060
f 2623/1925/2061 2615/1924/2061 2624/1963/2061
f 2615/1924/2062 2599/1964/2062 2624/1963/2062
f 2621/1922/2063 2622/1932/2063 2603/1937/2063
f 2621/1922/2064 2611/1921/2064 2622/1932/2064
f 2611/1921/2065 2598/1907/2065 2622/1932/2065
f 2619/1919/1885 2620/1936/1885 2607/1949/1885
f 2619/1919/1886 2612/1909/1886 2620/1936/1886
f 2612/1909/2066 2602/1929/2066 2620/1936/2066
f 2613/1918/2067 2618/1930/2067 2602/1929/2067
f 2613/1918/2068 2616/1917/2068 2618/1930/2068
f 2616/1917/2069 2601/1926/2069 2618/1930/2069
f 2616/1915/2070 2617/1927/2070 2601/1926/2070
f 2616/1915/2071 2614/1914/2071 2617/1927/2071
f 2614/1914/2072 2600/1923/2072 2617/1927/2072
f 2614/1912/2073 2615/1924/2073 2600/1923/2073
f 2614/1912/2074 2609/1911/2074 2615/1924/2074
f 2609/1911/2075 2599/1964/2075 2615/1924/2075
f 2612/1909/2076 2613/1965/2076 2602/1929/2076
f 2612/1909/1898 2610/1908/1898 2613/1965/1898
f 2610/1908/1899 2597/1966/1899 2613/1965/1899
f 2609/1906/2077 2611/1921/2077 2599/1920/2077
f 2609/1906/2078 2610/1905/2078 2611/1921/2078
f 2610/1905/2079 2598/1907/2079 2611/1921/2079
f 1566/1691/1561 1564/1696/1561 1562/1692/1561
f 1561/1694/1561 1563/1695/1561 1566/1691/1561
f 1570/1692/1562 1571/1696/1562 1572/1691/1562
f 1568/1694/1562 1569/1693/1562 1572/1691/1562
f 1564/1696/1563 1571/1696/1563 1570/1692/1563
f 1563/1695/1564 1561/1694/1564 1568/1694/1564
f 1566/1691/1565 1572/1691/1565 1571/1696/1565
f 1563/1695/1566 1567/1695/1566 1572/1691/1566
f 1565/1693/1567 1562/1692/1567 1570/1692/1567
f 1561/1694/1567 1565/1693/1567 1569/1693/1567
s 1
f 1665/1700/1571 1663/1967/1598 1576/1701/1572
f 1576/1701/1572 1577/1721/1592 1664/1702/1573
f 1673/1714/1585 1672/1968/2080 1587/1712/1583
f 1672/1968/2080 1590/1730/1596 1587/1712/1583
f 1578/1703/1574 1573/1697/1568 1575/1699/1570
f 1577/1721/1592 1674/1969/2081 1675/1970/1593
f 1577/1721/1592 1675/1970/1593 1667/1722/1593
f 1666/1723/1594 1664/1702/1573 1577/1721/1592
f 1676/1971/1593 1677/1972/2082 1575/1973/1570
f 1575/1973/1570 1574/1726/1569 1676/1971/1593
f 1574/1726/1569 1678/1974/1604 1679/1975/1593
f 1574/1726/1569 1679/1975/1593 1681/1976/1593
f 1668/1725/1593 1676/1971/1593 1574/1726/1569
f 1681/1976/1593 1680/1724/1593 1574/1726/1569
f 1576/1701/1572 1581/1706/1577 1583/1708/1579
f 1580/1727/1576 1579/1977/1575 1583/1708/1579
f 1591/1715/1586 1578/1703/1574 1580/1705/1576
f 1594/1718/1589 1596/1720/1591 1582/1707/1578
f 1595/1719/1590 1593/1717/1588 1592/1716/1587
f 1591/1715/1586 1593/1717/1588 1585/1710/1581
f 1587/1712/1583 1590/1730/1596 1595/1719/1590
f 1682/1978/1597 1683/1740/1603 1586/1711/1582
f 1586/1711/1582 1585/1710/1581 1686/1979/1595
f 1585/1710/1581 1687/1980/2083 1686/1979/1595
f 1690/1729/1595 1682/1978/1597 1586/1711/1582
f 1586/1711/1582 1686/1979/1595 1684/1728/1595
f 1689/1732/1595 1685/1981/2084 1590/1730/1596
f 1590/1730/1596 1672/1968/2080 1688/1731/1597
f 1573/1697/1568 1584/1709/1580 1586/1711/1582
f 1691/1735/1599 1671/1713/1584 1587/1712/1583
f 1587/1712/1583 1576/1733/1572 1691/1735/1599
f 1578/1703/1574 1591/1715/1586 1584/1709/1580
f 1583/1708/1579 1625/1982/1600 1628/1983/1600
f 1583/1708/1579 1628/1983/1600 1621/1984/1600
f 1601/1985/1600 1603/1986/1600 1577/1721/1592
f 1611/1987/1600 1601/1985/1600 1577/1721/1592
f 1583/1708/1579 1621/1984/1600 1629/1988/1600
f 1583/1708/1579 1629/1988/1600 1617/1989/1600
f 1605/1990/1600 1611/1987/1600 1577/1721/1592
f 1609/1991/1600 1605/1990/1600 1577/1721/1592
f 1583/1708/1579 1617/1989/1600 1619/1992/1600
f 1583/1708/1579 1619/1992/1600 1614/1993/1600
f 1607/1994/1600 1609/1991/1600 1577/1721/1592
f 1583/1708/1579 1614/1993/1600 1612/1736/1600
f 1612/1736/1600 1607/1994/1600 1577/1721/1592
f 1692/1995/1600 1674/1969/2081 1577/1721/1592
f 1577/1721/1592 1603/1986/1600 1693/1737/1601
f 1603/1986/1600 1599/1996/1600 1698/1997/1600
f 1577/1721/1592 1693/1737/1601 1670/1738/1602
f 1599/1996/1600 1597/1998/1600 1696/1999/1600
f 1670/1738/1602 1692/1995/1600 1577/1721/1592
f 1693/1737/1601 1603/1986/1600 1695/2000/1600
f 1695/2000/1600 1603/1986/1600 1694/2001/1600
f 1597/1998/1600 1598/2002/1600 1696/1999/1600
f 1694/2001/1600 1603/1986/1600 1698/1997/1600
f 1598/2002/1600 1600/2003/1600 1697/2004/1600
f 1600/2003/1600 1602/2005/1600 1697/2004/1600
f 1698/1997/1600 1599/1996/1600 1696/1999/1600
f 1602/2005/1600 1604/2006/1600 1700/2007/1600
f 1604/2006/1600 1608/2008/1600 1705/2009/1600
f 1626/2010/1600 1625/1982/1600 1583/1708/1579
f 1583/1708/1579 1579/1977/1575 1620/2011/2085
f 1579/1977/1575 1575/1973/1570 1707/2012/2086
f 1615/2013/2087 1579/1977/1575 1616/2014/2088
f 1575/1973/1570 1677/1972/2082 1699/2015/1600
f 1575/1973/1570 1699/2015/1600 1701/2016/1600
f 1622/2017/1600 1626/2010/1600 1583/1708/1579
f 1623/2018/1600 1622/2017/1600 1583/1708/1579
f 1575/1973/1570 1701/2016/1600 1703/2019/1600
f 1575/1973/1570 1703/2019/1600 1702/2020/1600
f 1624/2021/1600 1623/2018/1600 1583/1708/1579
f 1620/2011/2085 1624/2021/1600 1583/1708/1579
f 1575/1973/1570 1702/2020/1600 1707/2012/2086
f 1707/2012/2086 1704/2022/2089 1579/1977/1575
f 1627/2023/2090 1620/2011/2085 1579/1977/1575
f 1615/2013/2087 1627/2023/2090 1579/1977/1575
f 1704/2022/2089 1706/2024/1600 1610/2025/1600
f 1579/1977/1575 1704/2022/2089 1613/2026/2091
f 1616/2014/2088 1579/1977/1575 1618/2027/2092
f 1613/2026/2091 1704/2022/2089 1610/2025/1600
f 1618/2027/2092 1579/1977/1575 1613/2026/2091
f 1706/2024/1600 1705/2009/1600 1606/2028/1600
f 1610/2025/1600 1706/2024/1600 1606/2028/1600
f 1705/2009/1600 1700/2007/1600 1604/2006/1600
f 1606/2028/1600 1705/2009/1600 1608/2008/1600
f 1700/2007/1600 1697/2004/1600 1602/2005/1600
f 1697/2004/1600 1696/1999/1600 1598/2002/1600
f 1574/1739/1569 1586/1711/1582 1683/1740/1603
f 1581/1742/1577 1576/2029/1572 1587/1712/1583
f 1582/1707/1578 1596/1720/1591 1592/1716/1587
f 1708/2030/1605 1687/1980/2083 1585/1710/1581
f 1585/1710/1581 1593/1717/1588 1717/2031/1605
f 1593/1717/1588 1595/1719/1590 1652/2032/1607
f 1661/2033/1607 1593/1717/1588 1652/2032/1607
f 1595/1719/1590 1656/2034/1607 1657/2035/1607
f 1595/1719/1590 1657/2035/1607 1654/2036/1608
f 1710/2037/1605 1708/2030/1605 1585/1710/1581
f 1709/2038/1605 1710/2037/1605 1585/1710/1581
f 1595/1719/1590 1654/2036/1608 1655/2039/1607
f 1595/1719/1590 1655/2039/1607 1658/2040/1608
f 1717/2031/1605 1709/2038/1605 1585/1710/1581
f 1713/2041/2093 1717/2031/1605 1593/1717/1588
f 1595/1719/1590 1658/2040/1608 1652/2032/1607
f 1718/2042/2094 1713/2041/2093 1639/2043/2095
f 1593/1717/1588 1661/2033/1607 1648/2044/1607
f 1593/1717/1588 1648/2044/1607 1650/2045/1607
f 1593/1717/1588 1650/2045/1607 1646/2046/1607
f 1593/1717/1588 1646/2046/1607 1660/2047/2096
f 1713/2041/2093 1660/2047/2096 1639/2043/2095
f 1713/2041/2093 1593/1717/1588 1660/2047/2096
f 1714/2048/2097 1718/2042/2094 1641/2049/2098
f 1718/2042/2094 1639/2043/2095 1641/2049/2098
f 1715/2050/2099 1714/2048/2097 1643/2051/2100
f 1714/2048/2097 1641/2049/2098 1637/2052/2101
f 1716/2053/2102 1715/2050/2099 1633/2054/2103
f 1714/2048/2097 1637/2052/2101 1643/2051/2100
f 1719/2055/2104 1716/2053/2102 1631/2056/2105
f 1715/2050/2099 1643/2051/2100 1633/2054/2103
f 1722/2057/1607 1719/2055/2104 1631/2056/2105
f 1716/2053/2102 1633/2054/2103 1635/2058/2106
f 1716/2053/2102 1635/2058/2106 1631/2056/2105
f 1721/2059/1607 1722/2057/1607 1632/2060/1607
f 1723/2061/1607 1721/2059/1607 1636/2062/1607
f 1722/2057/1607 1631/2056/2105 1630/2063/1607
f 1722/2057/1607 1630/2063/1607 1632/2060/1607
f 1720/2064/1607 1723/2061/1607 1636/2062/1607
f 1721/2059/1607 1632/2060/1607 1636/2062/1607
f 1711/1744/1606 1720/2064/1607 1590/1730/1596
f 1636/2062/1607 1590/1730/1596 1720/2064/1607
f 1590/1730/1596 1685/1981/2084 1712/1743/1605
f 1659/2065/1607 1656/2034/1607 1595/1719/1590
f 1590/1730/1596 1636/2062/1607 1634/2066/1607
f 1590/1730/1596 1634/2066/1607 1644/2067/1607
f 1653/2068/1608 1659/2065/1607 1595/1719/1590
f 1662/2069/1607 1653/2068/1608 1595/1719/1590
f 1590/1730/1596 1644/2067/1607 1638/2070/1607
f 1590/1730/1596 1638/2070/1607 1642/2071/1607
f 1649/2072/1607 1662/2069/1607 1595/1719/1590
f 1651/2073/1608 1649/2072/1607 1595/1719/1590
f 1590/1730/1596 1642/2071/1607 1640/2074/1607
f 1590/1730/1596 1640/2074/1607 1645/1745/1607
f 1647/1746/1608 1651/2073/1608 1595/1719/1590
f 1590/1730/1596 1645/1745/1607 1595/1719/1590
s 0
f 1615/1747/1609 1648/1751/1609 1661/1748/1609
f 1616/1750/1610 1650/1753/1610 1648/1751/1610
f 1618/1752/1611 1646/1755/1611 1650/1753/1611
f 1613/1754/1612 1660/1757/1612 1646/1755/1612
f 1610/1756/1613 1639/1759/1613 1660/1757/1613
f 1606/1758/1614 1641/1761/1614 1639/1759/1614
f 1608/1760/1615 1637/1763/1615 1641/1761/1615
f 1604/1762/1616 1643/1765/1616 1637/1763/1616
f 1602/1764/1617 1633/1767/1617 1643/1765/1617
f 1600/1766/1618 1635/1769/1618 1633/1767/1618
f 1598/1768/1619 1631/1771/1619 1635/1769/1619
f 1597/1770/1620 1630/1773/1620 1631/1771/1620
f 1599/1772/1621 1632/1775/1621 1630/1773/1621
f 1603/1774/1622 1636/2075/1622 1632/1775/1622
f 1634/1776/1623 1636/2075/1623 1603/1774/1623
f 1644/1778/1624 1634/1776/1624 1601/1777/1624
f 1638/1780/1625 1644/1778/1625 1611/1779/1625
f 1605/1781/1626 1609/1783/1626 1642/1782/1626
f 1609/1783/1627 1607/1785/1627 1640/1784/1627
f 1607/1785/1628 1612/1787/1628 1645/1786/1628
f 1612/1787/1629 1614/1789/1629 1647/1788/1629
f 1614/1789/1630 1619/1791/1630 1651/1790/1630
f 1619/1791/1631 1617/1793/1631 1649/1792/1631
f 1617/1793/1632 1629/1795/1632 1662/1794/1632
f 1629/1795/1633 1621/1797/1633 1653/1796/1633
f 1621/1797/1634 1628/2076/1634 1659/1798/1634
f 1656/1801/1635 1659/1798/1635 1625/2077/1635
f 1659/1798/1635 1628/2076/1635 1625/2077/1635
f 1625/2077/1635 1626/1799/1635 1656/1801/1635
f 1626/1799/1636 1622/1803/1636 1654/1802/1636
f 1622/1803/1637 1623/1805/1637 1655/1804/1637
f 1623/1805/1638 1624/2078/1638 1658/1806/1638
f 1658/1806/1639 1624/2078/1639 1620/1807/1639
f 1652/1808/1640 1620/1807/1640 1627/1809/1640
f 1748/1813/2107 1692/2079/2107 1670/2080/2107
f 1670/2080/2107 1589/2081/2107 1748/1813/2107
f 1589/2081/2107 1751/2082/2107 1750/2083/2107
f 1750/2083/2107 1749/1814/2107 1748/1813/2107
f 1749/1814/2107 1667/1811/2107 1748/1813/2107
f 1589/2081/2107 1750/2083/2107 1748/1813/2107
f 1754/2084/2108 1755/1817/2108 1666/1816/2108
f 1752/2085/2108 1754/2084/2108 1667/1811/2108
f 1754/2084/2108 1666/1816/2108 1667/1811/2108
f 1753/1815/2108 1752/2085/2108 1667/1811/2108
f 1756/1818/1650 1758/2086/1650 1759/2087/1650
f 1758/2086/1650 1757/2088/1650 1759/2087/1650
f 1759/2087/1650 1665/1821/1650 1756/1818/1650
f 1665/1821/1650 1664/2089/1650 1756/1818/1650
f 1664/2089/1650 1666/1816/1650 1756/1818/1650
f 1760/1820/1643 1691/2090/1643 1663/2091/1643
f 1665/1821/2109 1759/2087/2109 1761/1819/2109
f 1761/1819/1643 1762/2092/1643 1763/2093/1643
f 1763/2093/1643 1760/1820/1643 1761/1819/1643
f 1760/1820/1643 1663/2091/1643 1665/1821/1643
f 1588/1822/1562 1669/1823/1562 1693/1823/1562
f 1786/1824/1562 1751/2094/1562 1589/1824/1562
f 1705/1826/1644 1706/2095/1644 1726/1827/1644
f 1705/1826/1645 1724/1828/1645 1728/1829/1645
f 1731/2096/2110 1730/1833/2110 1697/1832/2110
f 1727/1831/2110 1731/2096/2110 1700/1830/2110
f 1731/2096/2110 1697/1832/2110 1700/1830/2110
f 1734/1836/2111 1696/1835/2111 1732/2097/2111
f 1696/1835/2111 1697/1832/2111 1732/2097/2111
f 1729/1834/2111 1735/2098/2111 1732/2097/2111
f 1729/1834/2111 1732/2097/2111 1697/1832/2111
f 1733/1837/2112 1737/2099/2112 1736/2100/2112
f 1736/2100/1562 1741/1839/1562 1698/1838/1562
f 1733/1837/2112 1736/2100/2112 1698/1838/2112
f 1733/1837/2112 1698/1838/2112 1696/1835/2112
f 1738/1840/1646 1740/1842/1646 1694/1841/1646
f 1694/1841/1646 1698/1838/1646 1738/1840/1646
f 1739/1843/2113 1742/2101/2113 1695/1847/2113
f 1739/1843/2113 1695/1847/2113 1694/1841/2113
f 1711/2102/1648 1712/2103/1648 1786/2104/1648
f 1711/2102/1648 1786/2104/1648 1747/1846/1648
f 1746/2105/1648 1745/2106/1648 1744/1844/1648
f 1720/1845/1648 1711/2102/1648 1747/1846/1648
f 1747/1846/1648 1746/2105/1648 1744/1844/1648
f 1695/1847/1567 1742/2101/1567 1743/1848/1567
f 1692/1850/2107 1748/2107/2107 1675/1851/2107
f 1712/2103/2107 1685/2108/2107 1751/2109/2107
f 1685/2108/2107 1689/1853/2107 1749/1855/2107
f 1751/2109/2107 1685/2108/2107 1750/2110/2107
f 1786/2104/2107 1712/2103/2107 1751/2109/2107
f 1749/1855/2107 1750/2110/2107 1685/2108/2107
f 1752/2111/2108 1753/1854/2108 1755/1858/2108
f 1753/1854/2108 1689/1853/2108 1688/1856/2108
f 1755/1858/2108 1754/2112/2108 1752/2111/2108
f 1753/1854/2108 1688/1856/2108 1755/1858/2108
f 1673/1862/2114 1761/2113/2114 1759/2114/2114
f 1673/1862/1650 1759/2114/1650 1757/2115/1650
f 1688/1856/1650 1672/2116/1650 1758/1859/1650
f 1672/2116/1650 1673/1862/1650 1757/2115/1650
f 1758/1859/1650 1672/2116/1650 1757/2115/1650
f 1762/1861/2115 1761/2113/2115 1673/1862/2115
f 1673/1862/1643 1671/2117/1643 1763/1860/1643
f 1671/2117/1643 1691/2118/1643 1760/2119/1643
f 1763/1860/1643 1671/2117/1643 1760/2119/1643
f 1683/1863/2116 1682/2120/2116 1679/1864/2116
f 1679/1864/1652 1682/2120/1652 1690/1866/1652
f 1768/1869/1653 1699/1871/1653 1677/2121/1653
f 1677/2121/1653 1676/2122/1653 1768/1869/1653
f 1676/2122/1653 1764/1870/1653 1768/1869/1653
f 1764/1870/1653 1766/2123/1653 1765/1868/1653
f 1769/2124/2117 1771/1874/2117 1701/1873/2117
f 1772/2125/2118 1769/2124/2118 1701/1873/2118
f 1773/2126/2118 1772/2125/2118 1701/1873/2118
f 1767/1872/2118 1773/2126/2118 1699/1871/2118
f 1773/2126/2118 1701/1873/2118 1699/1871/2118
f 1770/1875/2119 1774/2127/2119 1701/1873/2119
f 1774/2127/2119 1775/2128/2119 1701/1873/2119
f 1775/2128/1642 1778/2129/1642 1703/2130/1642
f 1775/2128/2119 1703/2130/2119 1701/1873/2119
f 1702/1878/2120 1703/2130/2120 1776/1876/2120
f 1703/2130/2120 1778/2129/2120 1776/1876/2120
f 1778/2129/2120 1777/2131/2120 1776/1876/2120
f 1707/1881/1654 1702/1878/1654 1781/1880/1654
f 1702/1878/1654 1782/1877/1654 1781/1880/1654
f 1780/1882/2121 1784/2132/2121 1707/1881/2121
f 1784/2132/2121 1704/2133/2121 1707/1881/2121
f 1704/2133/1567 1784/2132/1567 1783/2134/1567
f 1704/2133/2122 1783/2134/2122 1785/2135/2122
f 1706/1883/2122 1704/2133/2122 1785/2135/2122
f 1706/1883/2122 1785/2135/2122 1725/1884/2122
f 1788/1696/1655 1790/1888/1655 1789/1886/1655
f 1790/1888/1656 1792/1890/1656 1791/1889/1656
f 1792/1890/1657 1794/1892/1657 1793/1891/1657
f 1794/1892/1658 1796/1897/1658 1795/1893/1658
f 1792/1896/1642 1790/2136/1642 1796/1894/1642
f 1790/2136/1642 1788/2137/1642 1798/2138/1642
f 1796/1894/1642 1790/2136/1642 1798/2138/1642
f 1796/1897/1659 1798/1899/1659 1797/1898/1659
f 1798/1899/1660 1788/2139/1660 1787/1900/1660
f 1797/1902/1567 1787/2140/1567 1789/1903/1567
f 1789/1903/1567 1791/2141/1567 1795/1901/1567
f 1791/2141/1567 1793/2142/1567 1795/1901/1567
